district,price_sar,area_sqm,raw_info,link,price_clean,area_clean,sar_per_sqm,price_per_sqm
Riyadh General,145000,300.0,"Villa for Rent in Riyadh King Khalid International Airport§145,000/annually300m²452for rent ║ brand-new villa ┊ roshn sedra ┊ zone l
area: 300 m²

4 bedrooms (1 master bedroom)
3 living rooms
majlis
fitted kitchen
maid's suite
laundry room
6 bathrooms

private yard & spacious terrace
2 entrances
2 parking spacesKing Khalid International Airport, Riyadh",https://sa.aqar.fm/en/villa-for-rent/riyadh/north-of-riyadh/king-khalid-international-airport/villa-for-rent-6896439,145000,300.0,483.3333333333333,483.3333333333333
Riyadh General,45000,140.0,"Apartment for Rent in Riyadh Qurtubah§45,000/annually140m²321apartment for rent in qurtuba district
3 bedrooms, living room, and 2 bathrooms
residential building
third floor (no elevator)
installed split air conditioners and installed kitchen
independent electricity meterQurtubah, Riyadh",https://sa.aqar.fm/en/apartment-for-rent/riyadh/east-of-riyadh/qurtubah/apartment-for-rent-6853049,45000,140.0,321.42857142857144,321.42857142857144
Riyadh General,70000,96.0,"Floor for Rent in Riyadh Ar Rimal§70,000/annually96m²3a distinctive floor in al-babtain kalma project
three bedrooms, a living room, and three bathrooms with a terrace
smart entry, elevator available with a private covered parking space
independent water tank and independent meterAr Rimal, Riyadh",https://sa.aqar.fm/en/big-flat-for-rent/riyadh/east-of-riyadh/ar-rimal/big-flat-for-rent-6812630,70000,96.0,729.1666666666666,729.1666666666666
Riyadh General,110000,174.0,"Floor for Rent in Riyadh Al Mathar Ash Shamali§110,000/annually174m²331for rent – a distinguished residential opportunity

🏡 property type: floor
📍 district: al ma'athar
📐 area: 156 sqm – second floor

the floor consists of:
- three bedrooms.
- three bathrooms.
- kitchen (with installed kitchen cabinets).
- open living room.
- front rooftop terrace.
- rear rooftop terrace.
- private parking space.
- installed air conditioning units.

features:
- the floor is located within a villa.
- independent electricity and water meters for each floor.
- modern elevators available with a private entrance for each floor.
- the floor comes with insurance and warranties of up to twenty-five years.Al Mathar Ash Shamali, Riyadh",https://sa.aqar.fm/en/big-flat-for-rent/riyadh/north-of-riyadh/al-mathar-ash-shamali/big-flat-for-rent-6891946,110000,174.0,632.183908045977,632.183908045977
Riyadh General,37000,322.0,"Apartment for Rent in Riyadh Ad Dhubbat§37,000/annually322m²211for rent: a clean two-bedroom apartment with a living room, bathroom, and kitchen — al-dhabat district

prime location, close to multiple destinations
split-unit air conditioners
elevator
surveillance cameras
smart entry system for the building
on-site security guard
location as shown on aqar is accurate

✅ two-bedroom apartment with a living room, bathroom, and kitchen
✅ rent: 37,000 sar per year, payable in two installments
✅ photos and video available in the listing

water fee: 1,000 sar
security deposit: 1,500 sar

🔵 apartments designated for families only
🔵 annual contract (two installments) — no monthly payments
🔵 viewings available from 4:00 pm to 11:00 pm
🔵 contact available via phone call or whatsappAd Dhubbat, Riyadh",https://sa.aqar.fm/en/apartment-for-rent/riyadh/center-of-riyadh/ad-dhubbat/apartment-for-rent-6875411,37000,322.0,114.90683229813665,114.90683229813665
Riyadh General,35000,130.0,"Apartment for Rent in Riyadh Dhahrat Laban§35,000/annually130m²321a 3-bedroom apartment is available for rent, consisting of 3 rooms, a living room, a kitchen, and 2 bathrooms, located next to the palace of embassies in dhahrat laban, riyadh. engineers are preferred, not exceeding 4 persons.Dhahrat Laban, Riyadh",https://sa.aqar.fm/en/apartment-for-rent/riyadh/west-of-riyadh/dhahrat-laban/apartment-for-rent-6857594,35000,130.0,269.2307692307692,269.2307692307692
Riyadh General,80000,143.0,"Apartment for Rent in Riyadh An Narjis§80,000/annually143m²431for rent: luxury apartment in ishraqah project

a distinctive opportunity to reside in a modern, fully-serviced project.

apartment details:
* ground floor with an area of 143 sqm
* three bedrooms, one of which is a master bedroom
* spacious living room
* fully equipped fitted kitchen with appliances
* maid's room
* central air conditioning for the living room and master bedroom
* private parking space
* central vacuum system
* free access to swimming pool and clubAn Narjis, Riyadh",https://sa.aqar.fm/en/apartment-for-rent/riyadh/north-of-riyadh/an-narjis/apartment-for-rent-6847107,80000,143.0,559.4405594405595,559.4405594405595
Riyadh General,115000,126.0,"Apartment for Rent in Riyadh Qurtubah§115,000/annually126m²331furnished apartment in al-qurtuba district - bayat complex (spacious)

living room, two bedrooms, kitchen, office room, and three bathrooms

furniture is newQurtubah, Riyadh",https://sa.aqar.fm/en/apartment-for-rent/riyadh/east-of-riyadh/qurtubah/apartment-for-rent-6896163,115000,126.0,912.6984126984127,912.6984126984127
Riyadh General,90000,479.0,"Warehouse for Rent in Riyadh Al Qirawan§90,000/annually479m²🏡 fenced land for rent

an excellent rental opportunity — a fully fenced land of 1,100 m², suitable for multiple uses.

📐 area: 1,100 square meters
✅ fully fenced land
✅ spacious and easy to utilize
✅ suitable for companies and institutions
✅ suitable for storage or permitted uses
✅ easy access in and out

📞 for contact and inquiries:
((number appears upon pressing call))

mohammed khaled sati al-su'air real estate officeAl Qirawan, Riyadh",https://sa.aqar.fm/en/warehouse-for-rent/riyadh/north-of-riyadh/al-qirawan/warehouse-for-rent-6878142,90000,479.0,187.89144050104383,187.89144050104383
Riyadh General,65000,139.0,"Apartment for Rent in Riyadh Ar Rimal§65,000/annually139m²4✨ distinctive ground floor apartment for rent | al-ramal district – tunayl 🏡

a wonderful residential opportunity for families — a spacious, fully equipped apartment in a strategic location close to all services.

🔹 3 bedrooms – one of which is a master bedroom
🔹 2 spacious living rooms
🔹 3 bathrooms
🔹 kitchen
🔹 air conditioners
🔹 electrical appliances
🔹 storage room
🔹 private parking space 🚘
🔹 upper and lower water tanks
🔹 independent electricity meter ⚡
🔹 ground floor apartment

📍 al-ramal district – tunayl
💰 rent: 70,000 sar per year
💳 payable in two installmentsAr Rimal, Riyadh",https://sa.aqar.fm/en/apartment-for-rent/riyadh/east-of-riyadh/ar-rimal/apartment-for-rent-6855341,65000,139.0,467.62589928057554,467.62589928057554
Riyadh General,90000,203.0,"Apartment for Rent in Riyadh Al Malqa§90,000/annually203m²453**families only (price is negotiable)**
**spacious duplex apartment for rent in al malqa district – 240 m²**

a duplex apartment with a spacious design and a prime location, consisting of two floors:

**ground floor:**
- large living room
- spacious sitting room (majlis)
- semi-new kitchen
- storage room
- bathroom

**second floor:**
- 3 large bedrooms, each with a private bathroom
- a laundry room that can be used as a maid's room, with plumbing provisions for a bathroom

**property features:**
- total area: 240 m²
- installed decorations and curtains
- apartment is rented unfurnished
- spacious areas with a practical layout
- prime location in al malqa district
- split air conditioners installed
- very close to all services
- easy access to anas ibn malik road and king fahd road intersection

suitable for families looking for space and privacy in one of the best neighborhoods in northern riyadh.Al Malqa, Riyadh",https://sa.aqar.fm/en/apartment-for-rent/riyadh/north-of-riyadh/al-malqa/apartment-for-rent-6832941,90000,203.0,443.3497536945813,443.3497536945813
Riyadh General,90000,385.0,"Apartment for Rent in Riyadh Al Yarmouk§90,000/annually385m²421a new furnished apartment
consisting of two bedrooms, a living room, a sitting room, a fully equipped kitchen, and two bathrooms with smart entry.

it also includes:
- automatic washing machine
- microwave
- electric oven
- 19-cubic-foot refrigerator
- 55-inch television
- vacuum cleaner
- iron
- espresso machine
- dining table for 6 peopleAl Yarmouk, Riyadh",https://sa.aqar.fm/en/apartment-for-rent/riyadh/east-of-riyadh/al-yarmouk/apartment-for-rent-6869173,90000,385.0,233.76623376623377,233.76623376623377
Riyadh General,53500,1265.0,"Apartment for Rent in Riyadh As Sahafah§53,500/annually1,265m²3apartment for rent in al sahafa district

a distinctive apartment in al sahafa district, located close to services, commercial facilities, and shops, consisting of:

* two bedrooms
* independent sitting room (majlis)
* living room
* built-in kitchen
* built-in air conditioners
* two bathrooms
* security deposit: 2,000 sar

a prime location, close to shops and commercial services, providing easy access to all daily needs.As Sahafah, Riyadh",https://sa.aqar.fm/en/apartment-for-rent/riyadh/north-of-riyadh/as-sahafah/apartment-for-rent-6848399,53500,1265.0,42.29249011857708,42.29249011857708
Riyadh General,120000,287.0,"Floor for Rent in Riyadh An Narjis§120,000/annually287m²652whole super deluxe ground floor (land area: 450 square meters)
(same villa components)

🛌 3 large bedrooms (2 master bedrooms)

🛋️ large modern lounge + reception entrance

modern marble washbasins

🍽️ large dining lounge

🛋️ two large modern living rooms open to each other

🪟 fully fitted kitchen with italian appliances (elba)
(ceramic oven + electric grill + large microwave)

11 installed lg air conditioners (dual inverter)

external annex room with bathroom

maid's room + bathroom

kitchen storage room

laundry room

modern carport with car entrance

spacious outdoor courtyardAn Narjis, Riyadh",https://sa.aqar.fm/en/big-flat-for-rent/riyadh/north-of-riyadh/an-narjis/big-flat-for-rent-6728783,120000,287.0,418.1184668989547,418.1184668989547
Riyadh General,72000,130.0,"Apartment for Rent in Riyadh Qurtubah§72,000/annually130m²332apartment in a modern and fully equipped villa in the qurtubah district – riyadh, situated in a quiet and distinguished location, overlooking a garden directly in front of the property.

apartment property details:

* 3 bedrooms
* 2 living rooms
* 3 modern bathrooms
* fully equipped kitchen
* brand-new refrigerator, oven, microwave, and gas stove
* washing machine and dishwasher
* all air conditioning units are brand new
* storage and wardrobe closet
* for those interested, a separate driver's room is available at sar 15,000 per year, including electricity and water ‼️

nearby locations:

* king khalid international airport – approximately 15 minutes
* roshn front / riyadh front – approximately 10 minutes
* cinema – approximately 5 minutes
* international schools – approximately 3 minutes

the apartment is clean, modern, fully equipped, and ready to move in.

note: the apartment is preferred for non-smokers. 🚭Qurtubah, RiyadhPromoted",https://sa.aqar.fm/en/apartment-for-rent/riyadh/east-of-riyadh/qurtubah/apartment-for-rent-6870704,72000,130.0,553.8461538461538,553.8461538461538
Riyadh General,150000,181.0,"Apartment for Rent in Riyadh Ar Rimal§150,000/annually181m²331luxury apartment for rent - al ramz compound, tal al rimal 2 | 181 sqm

fully furnished apartment inside a high-end closed compound with a smart control system.

specifications:
- 3 bedrooms (master + 2 bedrooms)
- 3 bathrooms
- spacious living room
- fitted kitchen
- installed ac units
- laundry room or storage
- smart access and control system

compound facilities:
- gym
- swimming pool
- children's play area
- business and guests lounge
- dedicated underground parking
- daily cleaning services

prime location, close to universities, schools, the airport, and various services

150,000 annual rent
5,000 security deposit

owners' association fees are to be paid by the tenant.Ar Rimal, Riyadh",https://sa.aqar.fm/en/apartment-for-rent/riyadh/east-of-riyadh/ar-rimal/apartment-for-rent-6714074,150000,181.0,828.7292817679559,828.7292817679559
Riyadh General,90000,100.0,"Apartment for Rent in Riyadh Ash Shuhada§90,000/annually100m²221📌 please do not contact regarding real estate marketing 📌

a brand-new ground-floor rear apartment for rent in the distinguished rkm11 re new project – al shohada district, riyadh | brand-new ground-floor rear apartment for rent in rkm11 re new project – al shohada, riyadh

📐 indoor + outdoor area: 150 m² | area indoor + outdoor: 150 m²
✨ brand new, never occupied | brand new, never occupied
🛏️ 2 bedrooms
🛋️ spacious living room
🚿 2 bathrooms
🌿 private yard on two sides
🍳 fully fitted kitchen
🔥 oven + cooktop + extractor hood
❄️ 3 installed split a/c units
🚗 private parking with remote-controlled barrier
🏢 only 14 apartments in the building

📍 prime and vibrant location in al shohada district | prime location in al shohada
🚇 5 min from granada metro
🛍️ 5 min from granada mall
🛣️ quick access to eastern ring road & dammam road
✈️ convenient access to king khalid airport
🚨 5 min from al mouwasat hospital
🌳 5 min from al shohada park
💳 annual or 6-month lease availableAsh Shuhada, Riyadh",https://sa.aqar.fm/en/apartment-for-rent/riyadh/east-of-riyadh/ash-shuhada/apartment-for-rent-6889594,90000,100.0,900.0,900.0
Riyadh General,350000,735.0,"Villa for Rent in Riyadh Al Malqa§350,000/annually735m²342quarter | a residence with a different lifestyle

located in the malqa – al-ajlan district, featuring a modern design and open spaces that provide natural lighting and ventilation.

it includes 3 bedrooms, 3 walk-in closets, 4 bathrooms, a living room, a dining area, an open kitchen and a closed kitchen, a maid's room, and a laundry room.

in addition to a private entrance, a private parking space, and an independent driver's room.Al Malqa, Riyadh",https://sa.aqar.fm/en/villa-for-rent/riyadh/north-of-riyadh/al-malqa/villa-for-rent-6827023,350000,735.0,476.1904761904762,476.1904761904762
Riyadh General,62000,122.0,"Apartment for Rent in Riyadh Ar Rimal§62,000/annually122m²331**luxury apartment for rent – al ramz 16 project**

**(the apartment will be available as of 15/9/2026)**

a distinguished apartment with a modern design and a strategic location near dammam road and prince mohammed bin salman road, within a fully-serviced residential complex.

**details:**
- area: 122.99 m²
- floor: ground floor
- 3 bedrooms (one master bedroom)
- 3 bathrooms

**apartment features:**
- luxury finishes
- spacious open-plan living room connected to the kitchen
- private open terrace overlooking the living room
- smart home system
- central vacuum system
- private parking space

**complex amenities:**
- residents' lounge
- swimming pool
- gym
- nursery/daycare
- wide walkways

an apartment that combines luxury and comfort within a residential complex offering a complete living environment suitable for families.

i am the owner and do not wish to market it through real estate offices.
**price: 62,000**
**homeowners association fee: 5,000**Ar Rimal, Riyadh",https://sa.aqar.fm/en/apartment-for-rent/riyadh/east-of-riyadh/ar-rimal/apartment-for-rent-6588792,62000,122.0,508.1967213114754,508.1967213114754
Riyadh General,130000,185.0,"Apartment for Rent in Riyadh As Sahafah§130,000/annually185m²331* fully furnished duplex apartment (two floors)
* contact via whatsapp onlyAs Sahafah, Riyadh",https://sa.aqar.fm/en/apartment-for-rent/riyadh/north-of-riyadh/as-sahafah/apartment-for-rent-6863457,130000,185.0,702.7027027027027,702.7027027027027
Riyadh General,140000,141.0,"Apartment for Rent in Riyadh As Sahafah§140,000/annually141m²341## for rent | luxury apartment at rafal jw marriott tower

a luxurious apartment located within the owner-occupied residences on the 49th floor, featuring breathtaking panoramic north-east views of riyadh and combining an exceptional location with refined furnishings and practical living spaces.

**unit specifications:**

* floor: 49
* area: 141 sqm
* two master bedrooms, each with an en-suite bathroom and panoramic north-east views
* maid's room with a private bathroom
* spacious living area, ideal for entertaining and relaxation
* separate kitchen with an elegant partition door opening to the living area
* guest bathroom
* fully furnished with high-end furniture
* elegant wooden décor and refined finishes
* flexible rental period and payment options

**notes:**

* a security deposit is required
* real estate brokerage commission applies

a perfect choice for those seeking luxury, distinctive views, and residence in an exceptional location in the heart of riyadh.

for inquiries and rental details, please contact via direct message.As Sahafah, Riyadh",https://sa.aqar.fm/en/apartment-for-rent/riyadh/north-of-riyadh/as-sahafah/apartment-for-rent-6818359,140000,141.0,992.9078014184397,992.9078014184397
Riyadh General,110000,136.0,"Apartment for Rent in Riyadh Ar Rayan§110,000/annually136m²331**elegant fully furnished apartment for rent within shahiqah compound**

an exceptional residential opportunity within a upscale environment that offers privacy, security, and a complete lifestyle.

📐 **area:** 138 sqm
🛏 **3 bedrooms** (master bedroom with private bathroom)
🛁 **3 bathrooms**
🛋 **spacious living room with distinctive lighting**
🍽 **fully equipped kitchen**
🧺 **independent laundry room**

✨ elegantly furnished and ready for immediate occupancy
✨ practical layout providing comfort and privacy for the family

🚗 **private dedicated parking space in the basement**

🌟 **shahiqah compound features:**
🎬 cinema hall within the compound
🧑‍🤝‍🧑 separate lounges for men and women
🏋️ sports clubs for men and women
🎠 safe play and entertainment areas for children
🔐 organized and secure residential environment

📍 **strategic location close to:**
- model education schools
- al-hilal football academy
- sulaiman al-habib hospital
- mohammed bin abdulaziz hospital
- all daily services

a residence that combines comfort, luxury, and a modern lifestyle within an integrated community.

📞 viewing is available — contact via whatsapp at the numberAr Rayan, Riyadh",https://sa.aqar.fm/en/apartment-for-rent/riyadh/east-of-riyadh/ar-rayan/apartment-for-rent-6601293,110000,136.0,808.8235294117648,808.8235294117648
Riyadh General,115000,131.0,"Apartment for Rent in Riyadh Hittin§115,000/annually131m²431a new, modern apartment furnished with luxurious furniture and natural wood decor adorned with led lighting, consisting of 3 bedrooms (including a master bedroom), three bathrooms, a majlis (sitting room), a kitchen, and a modern dining area. self-controlled central air conditioning and fully smart entry (smart home). two parking spaces, one in the basement and the other outside directly in front of the door, and all parking is fully shaded. there are three balconies with views of hotels and the boulevard square street. the apartment is 500 meters from boulevard world, boulevard city, and the sports track, and a 10-minute drive from the kafd financial center. it is located in the middle of a fully serviced area with cafes, restaurants, and entertainment venues. the building is new with an elegant, modern design. internet, electricity, water, and owners' association fees are included in the monthly rent. the building entrances are modern and decorated with artificial trees along the length of the staircase. monthly rental is available. the monthly rental price is 14,000 riyals. there is a video showing the apartment before the bed linens and dining table were installed. the apartment is available from 22/10/2026.Hittin, Riyadh",https://sa.aqar.fm/en/apartment-for-rent/riyadh/north-of-riyadh/hittin/apartment-for-rent-6572410,115000,131.0,877.8625954198474,877.8625954198474
Riyadh General,42000,50.0,"Apartment for Rent in Riyadh Al Malaz§42,000/annually50m²11furnished apartment consisting of one room, a kitchen, and a bathroom. monthly rent: 3,500. for contact: ((the number appears when you click call)).Al Malaz, Riyadh",https://sa.aqar.fm/en/apartment-for-rent/riyadh/east-of-riyadh/al-malaz/apartment-for-rent-6902987,42000,50.0,840.0,840.0
Riyadh General,78000,138.0,"Apartment for Rent in Riyadh Al Qirawan§78,000/annually138m²331apartment in al-majidiyah project (flats 3)

three bedrooms
one master unit
three bathrooms
large living room
fitted kitchen (without appliances)
storage room (maid's room)
smart entry
private parking
area: 138 sqm
five fitted air conditioners
(direct contact with the owner)Al Qirawan, Riyadh",https://sa.aqar.fm/en/apartment-for-rent/riyadh/north-of-riyadh/al-qirawan/apartment-for-rent-6854098,78000,138.0,565.2173913043479,565.2173913043479
Riyadh General,90000,90.0,"Floor for Rent in Riyadh An Narjis§90,000/annually90m²331floors for rent ✨

we have two new and beautiful floors available for rent, strategically located in north riyadh.

🔶 floors 1b3 & 2b3:
🔹 two master bedrooms, one room with a shared bathroom, a balcony, and a private rooftop.
🔹 private parking with an ev charging outlet.
🔹 installed air conditioners in all rooms.
🔹 storage room / maid's room.
🔹 fully equipped kitchen with appliances.
🔹 25 minutes to kafd and 15 minutes to riyadh airport (ruh).
🔹 10 minutes to sab metro station.
🔹 3 minutes to king salman road.
🔹 smart access to the building and apartment.
🔹 a facilities management and cleaning company is available.

🔶 annual rent: 90,000 sar.
🔶 payment method: annual or 95,000 sar semi-annual.
🔶 security deposit: 5,000 sar.An Narjis, Riyadh",https://sa.aqar.fm/en/big-flat-for-rent/riyadh/north-of-riyadh/an-narjis/big-flat-for-rent-6811307,90000,90.0,1000.0,1000.0
Riyadh General,68000,125.0,"Apartment for Rent in Riyadh Al Malqa§68,000/annually125m²211apartment for rent in al malqa district - riyadh

(fully serviced)

the apartment includes:
- 2 bedrooms
- living room
- kitchen
- bathroom

apartment features:
- private parking space
- price includes electricity, water, and internet – no additional fees
- prime location close to all services and essential amenities
- installed air conditioners
- full smart home system
- fully smart lighting
- smart entry system

the apartment is ready to move inAl Malqa, Riyadh",https://sa.aqar.fm/en/apartment-for-rent/riyadh/north-of-riyadh/al-malqa/apartment-for-rent-6900545,68000,125.0,544.0,544.0
Riyadh General,92000,609.0,"Apartment for Rent in Riyadh Umm Al Hamam Al Gharbi§92,000/annually609m²531full-floor luxury apartment for rent – prime location in umm al hammam al gharbi

a fantastic opportunity to live in one of riyadh's most prestigious neighborhoods, with a strategic location close to major landmarks and services.

📍 location:
umm al hammam al gharbi – ain reem street
• 5 minutes from the diplomatic quarter
• 5 minutes from laysen valley
• 5 minutes from king khaled eye specialist hospital
• close to king khalid road
• easy access to main roads and vital areas

🏠 property specifications:
• 5 spacious rooms
• large living room
• 3 bathrooms
• fitted kitchen
• large courtyard

✨ features:
• suitable spaces for families
• quiet and desirable neighborhood
• close to schools, hospitals, restaurants and services
• privacy and comfort for family livingUmm Al Hamam Al Gharbi, RiyadhDistrict Broker",https://sa.aqar.fm/en/apartment-for-rent/riyadh/west-of-riyadh/umm-al-hamam-al-gharbi/apartment-for-rent-6724690,92000,609.0,151.06732348111657,151.06732348111657
Riyadh General,124000,249.0,"Villa for Rent in Riyadh King Khalid International Airport§124,000/annually249m²342FOR RENT — Fully Furnished 3-Bedroom Duplex | Sedra Community | Zone C

SAR 124,000/year

Available For Viewing and Move-in: 7th of September 

Experience comfortable family living in one of Sedra’s most desirable neighborhoods. This beautifully furnished duplex is move-in ready and finished to a high standard.

Property Features
• 3 Spacious Bedrooms
• 3 Modern Bathrooms
• Bright Family Living Area
• Dining Area
• Fully Equipped Kitchen
• High-Quality Contemporary Furniture
• Built-in Wardrobes
• Premium Lighting & Window Treatments
• Private Parking
• Ready for Immediate Move-In

Annual Rent: SAR 124,000

Includes
• Emergency maintenance as per the tenancy agreement

Excludes
• Water & Electricity
• Rental Commission

For viewings and enquiries:
WhatsApp: ((الرقم يظهر عند الضغط على اتصال))King Khalid International Airport, Riyadh",https://sa.aqar.fm/en/villa-for-rent/riyadh/north-of-riyadh/king-khalid-international-airport/villa-for-rent-6792674,124000,249.0,497.99196787148594,497.99196787148594
Riyadh General,110000,156.0,"Apartment for Rent in Riyadh Al Wadi§110,000/annually156m²431(price is negotiable)

apartment for rent in al-majidiya complex 152
the apartment consists of:
- private underground parking
- fully furnished reception hall
- fitted kitchen, furnished with dishwasher, microwave, washing machine, refrigerator...etc
- three bedrooms: bedroom [1] master, furnished, bedroom [2] and bedroom [3] all fully furnished
- the complex is quiet and all services are available including cleaning and waste removal services...etcAl Wadi, Riyadh",https://sa.aqar.fm/en/apartment-for-rent/riyadh/north-of-riyadh/al-wadi/apartment-for-rent-6864107,110000,156.0,705.1282051282051,705.1282051282051
Riyadh General,75000,113.0,"Apartment for Rent in Riyadh An Narjis§75,000/annually113m²331🏡 luxury apartment for rent | al majdiah compound – al narjis district

✨ an elegant apartment with a modern design and high-quality finishes, within a fully-serviced residential compound in north riyadh.

📐 area: 113 m²
🏢 floor: first floor
🛋️ open sitting room connected to the living room
🛏️ 3 bedrooms – including a master bedroom
🚿 3 bathrooms
🧺 laundry room
🍳 fitted kitchen
❄️ installed air conditioners
🚗 private parking space in the basement

⭐ compound features:
🏠 smart home system
🔐 smart access to the building and apartment
🏋🏻 gym
🌳 green spaces and gardens
☕ residents' lounge
🧸 children's nursery
❄️ air-conditioned corridors
📞 intercom
⚡ independent electricity meter

💰 annual rent: 75,000 sar

📍 al majdiah compound – al narjis district – north riyadh

✨ an elegant apartment within a fully-serviced residential compound.An Narjis, RiyadhPromoted",https://sa.aqar.fm/en/apartment-for-rent/riyadh/north-of-riyadh/an-narjis/apartment-for-rent-6880881,75000,113.0,663.7168141592921,663.7168141592921
Riyadh General,110000,86.0,"Building for Rent in Riyadh Skirinah§110,000/annually86m²10m**for rent – brand new building (first occupant)**

**location: new manfouha**
📍 prime location near al-shira'a restaurant – al-furayan street

suitable for companies, institutions, and staff accommodation.

✅ **property specifications:**

* 8 apartments
* total rooms: 8 rooms
* 7 bathrooms (western toilet + rain shower)
* 7 open kitchens
* large rooftop
* high-end and modern finishing
* concealed lighting
* marble staircase
* double-glazed aluminum windows
* brand new building (first occupant)

💰 **price:**

* 110,000

⭐ a great opportunity for companies and institutions looking for staff accommodation with modern specifications and a prime location.Skirinah, Riyadh",https://sa.aqar.fm/en/building-for-rent/riyadh/center-of-riyadh/skirinah/building-for-rent-6720540,110000,86.0,1279.0697674418604,1279.0697674418604
Riyadh General,75000,188.0,"Floor for Rent in Riyadh Al Arid§75,000/annually188m²332first floor (188 sqm)

consists of:

- living room
- hall
- 3 bedrooms (one master bedroom with a balcony and private bathroom)
- fully equipped kitchen with appliances (plus a maid's room with a bathroom)
- 4 bathrooms
- elevator
- air conditioning
- 3 balconies (one private for the master bedroom)

features:

- private parking
- elevator
- smart home control + smart entry system
- air-conditioned maid's room with a separate bathroom inside the kitchen
- kitchen with appliances
- air conditioning throughout the entire unit
- rooms with good spaces
- 3 balconies (one private for the master bedroom)
- rain shower

the property is brand new and has never been previously occupied. rental is directly from the owner.
for contact:Al Arid, Riyadh",https://sa.aqar.fm/en/big-flat-for-rent/riyadh/north-of-riyadh/al-arid/big-flat-for-rent-6550608,75000,188.0,398.93617021276594,398.93617021276594
Riyadh General,35000,145.0,"Apartment for Rent in Riyadh Al Qadisiyah§35,000/annually145m²321apartment in a villa with a private parking space for the carAl Qadisiyah, Riyadh",https://sa.aqar.fm/en/apartment-for-rent/riyadh/east-of-riyadh/al-qadisiyah/apartment-for-rent-6901342,35000,145.0,241.3793103448276,241.3793103448276
Riyadh General,80000,496.0,"Apartment for Rent in Riyadh Al Aqiq§80,000/annually496m²211for monthly rent, a modern furnished apartment in al-aqiq neighborhood in a residential building
first floor
two bedrooms, living room, and fully equipped kitchen with new appliances
close to all services (supermarket / laundry / restaurants / pharmacy)
5 minutes from king abdullah financial district, overlooking king fahd road
ready for immediate occupancyAl Aqiq, Riyadh",https://sa.aqar.fm/en/apartment-for-rent/riyadh/north-of-riyadh/al-aqiq/apartment-for-rent-6628045,80000,496.0,161.29032258064515,161.29032258064515
Riyadh General,63600,139.0,"Apartment for Rent in Riyadh An Narjis§63,600/annually139m²331No descriptionAn Narjis, Riyadh",https://sa.aqar.fm/en/apartment-for-rent/riyadh/north-of-riyadh/an-narjis/apartment-for-rent-6873422,63600,139.0,457.55395683453236,457.55395683453236
Riyadh General,70000,177.0,"Floor for Rent in Riyadh Al Arid§70,000/annually177m²331luxurious floor for rent – al-arid district

area: 177 m²

features:

• private entrance
• elevator
• 3 bedrooms
• kitchen
• 3 bathrooms
• private rooftop

rent:

• 70,000 sar (one payment)
• 75,000 sar (two payments)

for contact and inquiries:
please contact the attached numberAl Arid, Riyadh",https://sa.aqar.fm/en/big-flat-for-rent/riyadh/north-of-riyadh/al-arid/big-flat-for-rent-6791644,70000,177.0,395.48022598870057,395.48022598870057
Riyadh General,129000,242.0,"Apartment for Rent in Riyadh Al Malqa§129,000/annually242m²552furnished apartment listing
size: 242 sqm
details:
5 bedrooms (3 of them are master)
spacious living room
majlis
fitted kitchen
5 bathrooms
private basement parking
appliances & entertainment:
all air conditioners are lg
3 distributed tv screens
billiards (pool table)
electric oven and microwave
refrigerator and freezer
additional small refrigerator
clothes washer and dryer
compound facilities:
gym
swimming pool
supermarket
laundry
barber
number of retail shops
location: 2 minutes from boulevard.Al Malqa, Riyadh",https://sa.aqar.fm/en/apartment-for-rent/riyadh/north-of-riyadh/al-malqa/apartment-for-rent-6755514,129000,242.0,533.0578512396694,533.0578512396694
Riyadh General,80000,98.0,"Apartment for Rent in Riyadh Irqah§80,000/annually98m²321**for rent: luxury apartment in safa 57 complex – arqa district**

a modern apartment of 100m² with hotel-quality finishes and a smart design, located on one of the most prestigious streets in arqa district (mane al-muraidhi street), fully equipped to provide the utmost comfort.

**interior specifications:**
- **room layout:** 3 bedrooms (including a master bedroom with a luxuriously finished en-suite bathroom) + a spacious living room + 2 bathrooms.
- **kitchen:** german kitchen (10-year warranty), fully equipped with high-quality italian appliances (refrigerator, dishwasher, oven, microwave, ceramic hob).
- **fixtures:** ducted air conditioning in all rooms + smart access system.

**building services & location:**
- private covered parking space.
- motorized roller shutters on windows, sound and dust insulated.
- includes maintenance and cleaning services for common areas throughout the year.
- **location:** mane al-muraidhi street – next to misk city and its schools, and minutes away from (the sports track, diriyah gate, and lisson valley).
- walking distance to services (supermarket, cafés, mosque).

**annual rent:** sar 90,000 – inclusive of water, cleaning, and maintenance of common areas.
**security deposit:** sar 7,000Irqah, Riyadh",https://sa.aqar.fm/en/apartment-for-rent/riyadh/west-of-riyadh/irqah/apartment-for-rent-6706624,80000,98.0,816.3265306122449,816.3265306122449
Riyadh General,75000,337.0,"Floor for Rent in Riyadh Al Yasmin§75,000/annually337m²431🏡 for rent | upper floor in al yasmin district

a distinctive upper floor with a practical layout, suitable for families, in a prime location in al yasmin district.

✨ it consists of:
• majlis
• spacious living room
• kitchen
• 3 bedrooms
• 3 bathrooms
• newly installed split ac units

📍 al yasmin district – riyadh

📞 for inquiries and contact:
abdullah al-oraini
0546008664Al Yasmin, Riyadh",https://sa.aqar.fm/en/big-flat-for-rent/riyadh/north-of-riyadh/al-yasmin/big-flat-for-rent-6853892,75000,337.0,222.55192878338278,222.55192878338278
Riyadh General,85000,800.0,"Apartment for Rent in Riyadh Ar Rawdah§85,000/annually800m²111enjoy a stay that combines luxury, comfort, and a prime location, where this hotel apartment has been carefully designed to make you feel at home while offering a level of service befitting the finest hotels.

✨ the apartment features a sleek modern design, spacious layouts, luxurious furniture, and fully equipped amenities to meet all your needs — whether you're on a business trip, a family vacation, or a short visit.

you will enjoy a peaceful atmosphere, exceptional cleanliness, and easy access to the most prominent landmarks, restaurants, cafés, and shopping centers, making every moment of your stay an unforgettable experience.

stay highlights:

* 🛏️ comfortable bedrooms with luxurious hotel-quality beds.
* 🛋️ elegant lounge area for relaxation and work.
* 🍽️ fully equipped kitchen.
* 📶 high-speed wi-fi internet.
* 📺 smart screens and entertainment services.
* 🚗 parking spaces.
* 🧹 exceptional cleanliness and sanitization standards.Ar Rawdah, Riyadh",https://sa.aqar.fm/en/apartment-for-rent/riyadh/east-of-riyadh/ar-rawdah/apartment-for-rent-6775631,85000,800.0,106.25,106.25
Riyadh General,85000,325.0,"Floor for Rent in Riyadh Al Qirawan§85,000/annually325m²552for contact via whatsapp (the number appears when you press call).
a new upper-floor apartment near king fahd road in al qairawan district (20th street), close to all services, with a beautiful design and luxurious, elegant finishes, featuring natural and concealed lighting. it consists of 4 bedrooms, 5 bathrooms, a majlis, a distinctive kitchen, a fully equipped private section, a dining room, and a storage room.Al Qirawan, Riyadh",https://sa.aqar.fm/en/big-flat-for-rent/riyadh/north-of-riyadh/al-qirawan/big-flat-for-rent-6868563,85000,325.0,261.53846153846155,261.53846153846155
Riyadh General,75000,337.0,"Apartment for Rent in Riyadh Al Yasmin§75,000/annually337m²431🏠 for rent | upper floor apartment in al yasmin district

a distinguished apartment with a practical and family-friendly layout, in a prime location in al yasmin district.

✨ apartment specifications:
• majlis
• spacious living room
• kitchen
• 3 bedrooms
• 3 bathrooms
• newly installed split air conditioning

📍 location: al yasmin district – riyadh

📞 for inquiries:
abdullah al-oraini
0546008664Al Yasmin, Riyadh",https://sa.aqar.fm/en/apartment-for-rent/riyadh/north-of-riyadh/al-yasmin/apartment-for-rent-6880660,75000,337.0,222.55192878338278,222.55192878338278
Riyadh General,2000000,2500.0,"Land for Rent in Riyadh As Sulimaniyah§2,000,000/annually2,500m²15mdirectly from the owner and for the end investor only – brokers are not permitted

a rare investment opportunity for developers – office | hotel | residential | 2,500 m² on 3 streets – al-sulaymāniyyah

a 2,500 m² commercial plot on 3 streets, directly on makkah al-mukarramah road and in the heart of al-sulaymāniyyah, with specifications that grant the developer high flexibility in planning, development, and leasing.

• 3 frontages – 50 m per frontage
• multiple entrances and ease of access
• strong commercial visibility for tenants and brands
• flexibility in distributing activities and units
• suitable for a multi-tenant project or a flagship brand
• ideal for drive-throughs, restaurants, and commercial ventures
• long-term investment – development is at the investor's discretion

an area, location, and frontages rarely found together in al-sulaymāniyyahAs Sulimaniyah, Riyadh",https://sa.aqar.fm/en/land-for-rent/riyadh/north-of-riyadh/as-sulimaniyah/land-for-rent-6888831,2000000,2500.0,800.0,800.0
Riyadh General,28000,80.0,"Apartment for Rent in Riyadh Al Munsiyah§28,000/annually80m²111an apartment consisting of a room, a living room, a bathroom, and a kitchen, located on the second floor of a villa, fully renovated. shared electricity meter. monthly payment.Al Munsiyah, Riyadh",https://sa.aqar.fm/en/apartment-for-rent/riyadh/east-of-riyadh/al-munsiyah/apartment-for-rent-6893294,28000,80.0,350.0,350.0
Riyadh General,180000,1050.0,"Warehouse for Rent in Riyadh An Nadhim§180,000/annually1,050m²two warehouses for rent in subdivision 4028, al-nazim district, block no. 33, plot no. 349 and plot no. 351

land area per warehouse: 1,050 sqm
built-up area per warehouse: 603 sqm
wall height: 10m
ceiling height: 11.5m
high storage capacity
high hazard ⚠️
administrative office 🖥️ 🪑
restroom 🚾
electricity ⚡️
water 💧
sewage 🕳️
security guards for the subdivision 🔐
building completion certificate 📜

the first warehouse has been rented, one remaining

available for sale for those interested in purchasingAn Nadhim, Riyadh",https://sa.aqar.fm/en/warehouse-for-rent/riyadh/east-of-riyadh/an-nadhim/warehouse-for-rent-6791846,180000,1050.0,171.42857142857142,171.42857142857142
Riyadh General,89000,200.0,"Apartment for Rent in Riyadh Ar Rimal§89,000/annually200m²431for rent – fully furnished and equipped luxury apartment within an upscale residential complex

a distinguished opportunity to live in a fully-serviced complex that offers the highest levels of comfort and privacy, featuring:
• men's sports club
• women's sports club
• children's play area
• private basement parking

apartment specifications:
● 3 bedrooms
● including a master bedroom with a walk-in closet; the other two rooms each contain 2 single beds and are fully furnished (one of the rooms is designed on two levels to accommodate a seating area on the upper level)
● sitting room (majlis)
● family lounge and dining table
● luxury open-plan kitchen
● large courtyard
● maid's room
● laundry room
● private basement parking space

the apartment is fully furnished and equipped, ready for immediate occupancy, and includes:
● televisions
● complete set of electrical appliances
● full kitchen appliances
● washing machine
● complete furniture set
● all essential household necessities

suitable for families seeking comfort and luxury in a safe and fully-serviced residential environment.

for inquiries and communication, whatsapp only due to high demand.
((the number appears when you press ""call""))Ar Rimal, Riyadh",https://sa.aqar.fm/en/apartment-for-rent/riyadh/east-of-riyadh/ar-rimal/apartment-for-rent-6738381,89000,200.0,445.0,445.0
Riyadh General,93500,97.0,"Apartment for Rent in Riyadh Al Muruj§93,500/annually97m²321for rent – premium residential opportunities
sawaed al murooj

🏡 property type: apartment
📍 district: al murooj

the apartment consists of:
- 3 bedrooms
- living room
- closed kitchen
- 3 bathrooms
- kitchen and air conditioners included ✅
- private parking space

⚪️ location highlights:
- 5 minutes from riyadh metro station
- close to markets and restaurantsAl Muruj, Riyadh",https://sa.aqar.fm/en/apartment-for-rent/riyadh/north-of-riyadh/al-muruj/apartment-for-rent-6799791,93500,97.0,963.9175257731958,963.9175257731958
Riyadh General,70000,160.0,"Floor for Rent in Riyadh Ar Rimal§70,000/annually160m²3🛏️ 3 bedrooms
🚿 3 bathrooms
🛋️ spacious living room
🍳 fitted kitchen
📦 storage room
❄️ installed ac
⚡ independent electricity meter
🚗 private parking
🛗 elevatorAr Rimal, Riyadh",https://sa.aqar.fm/en/big-flat-for-rent/riyadh/east-of-riyadh/ar-rimal/big-flat-for-rent-6824867,70000,160.0,437.5,437.5
Riyadh General,69000,120.0,"Apartment for Rent in Riyadh An Narjis§69,000/annually120m²331🏢 property no.: 4038
🔺 apartments for rent – al narjis district | north riyadh 🔺
🏡 residential apartments with a practical layout suitable for families, consisting of 3 bedrooms, a living room, and a kitchen, with built-in air conditioners, a fitted kitchen, and parking spaces.

🏠 property details:

* 3 bedrooms
* living room
* fitted kitchen
* built-in air conditioners
* parking spaces

📍 location:

* al narjis district – north riyadh
* property located on ziyad bin subaih street
* close to prince saud bin abdullah bin jalawi street
* easy access to king salman road
* close to abu bakr al-siddiq road
* close to uthman bin affan road
* close to al-thamama road
* near princess nourah bint abdulrahman university
* close to imam muhammad bin saud islamic university
* easy access to king khalid international airport
* close to schools and mosques
* close to markets, restaurants, cafes, and daily services

the location is distinguished by its proximity to the main road network in north riyadh, providing easy access and mobility to various parts of the city.

📍 location link:
https://maps.app.goo.gl/pp5bjfokyjm9up649

🏢 ghazara real estate company

advertising license: 7201110235An Narjis, Riyadh",https://sa.aqar.fm/en/apartment-for-rent/riyadh/north-of-riyadh/an-narjis/apartment-for-rent-6849476,69000,120.0,575.0,575.0
Riyadh General,42000,60.0,"Apartment for Rent in Riyadh Hittin§42,000/annually60m²111annual rental apartment in hittin neighborhood, families only, first occupant, excellent strategic location near boulevard, close to all services, fully clean and renovated, newly installed split air conditioners, gypsum board installed, kitchen installed, water heater installed, exhaust fans installed, modern ultra super luxury finishing.
one bedroom, living room, bathroom, and open american kitchen.Hittin, Riyadh",https://sa.aqar.fm/en/apartment-for-rent/riyadh/north-of-riyadh/hittin/apartment-for-rent-6889213,42000,60.0,700.0,700.0
Riyadh General,35000,50.0,"Apartment for Rent in Riyadh Al Qirawan§35,000/annually50m²111we have apartments in the most prestigious areas of riyadh, in al-qairawan neighborhood, near all services.Al Qirawan, Riyadh",https://sa.aqar.fm/en/apartment-for-rent/riyadh/north-of-riyadh/al-qirawan/apartment-for-rent-6876070,35000,50.0,700.0,700.0
Riyadh General,100000,127.0,"Apartment for Rent in Riyadh Qurtubah§100,000/annually127m²3🛏️ 3 Bedrooms
🛋️ Spacious Living Room
🍳 Fully Equipped Kitchen
🧹 Maid’s Room
🚿 3 Bathrooms
❄️ Installed Air Conditioning
🛗 Elevator
🔐 Smart Access
🚗 Private Shaded Parking
🛋️ Fully Furnished & Ready to Move InQurtubah, Riyadh",https://sa.aqar.fm/en/apartment-for-rent/riyadh/east-of-riyadh/qurtubah/apartment-for-rent-6834150,100000,127.0,787.4015748031496,787.4015748031496
Riyadh General,55000,180.0,"Floor for Rent in Riyadh Ar Rimal§55,000/annually180m²4a floor of 200 sqm on the first floor, with a shared entrance + a shared courtyard with only one other apartment + elevator with a shared rooftop, independent water tank + independent electricity meter.

1- independent men's reception (majlis) with a large area and a bathroom
2- large internal living room
3- side kitchen
4- two master bedrooms
5- two facing bedrooms with a shared bathroom between them
total bathrooms: 4

the neighborhood is quiet and upscale.

- 13 minutes away from king khalid international airport
- 19 minutes away from princess nourah university
- 21 minutes away from imam mohammad ibn saud islamic university
- conveniently close to public services and a mosque.Ar Rimal, Riyadh",https://sa.aqar.fm/en/big-flat-for-rent/riyadh/east-of-riyadh/ar-rimal/big-flat-for-rent-6843574,55000,180.0,305.55555555555554,305.55555555555554
Riyadh General,85000,100.0,"Apartment for Rent in Riyadh Al Malqa§85,000/annually100m²231property type: residential building:-
🔸apartment consisting of 2 bedrooms, a living room, 3 bathrooms, and a kitchen.

neighborhood: al-malqa

building features:
🔹equipped with external security cameras.
🔹located close to vital areas.
🔹easy access to required services (laundry - supermarket - etc.).
🔹external parking spaces.
🔹furnished.
🔹smart entry system.

🛣️ 2 minutes via anas bin malik road.
🛣️ 3 minutes via king fahd road.
🍎 4 minutes from tamimi markets.
🎡 10 minutes from boulevard world.
🎓 15 minutes from imam muhammad bin saud islamic university.
✈️ 20 minutes from king khalid international airport.

📞 for inquiries, please contact us at:
(((the number appears when pressing call)))

💬 (please contact us via whatsapp) 💬
please be mindful of contact hours.

📍 our location is in al-malqa neighborhood, north of riyadh.Al Malqa, Riyadh",https://sa.aqar.fm/en/apartment-for-rent/riyadh/north-of-riyadh/al-malqa/apartment-for-rent-6873813,85000,100.0,850.0,850.0
Riyadh General,42000,60.0,"Apartment for Rent in Riyadh Hittin§42,000/annually60m²111annual rental apartment in hittin neighborhood, families only, first occupant, excellent strategic location near boulevard, close to all services, fully clean and renovated, newly installed split air conditioners, gypsum board installed, kitchen installed, water heater installed, exhaust fans installed, modern ultra super luxury finishing.
one bedroom, living room, bathroom, and open american kitchen.Hittin, Riyadh",https://sa.aqar.fm/en/apartment-for-rent/riyadh/north-of-riyadh/hittin/apartment-for-rent-6889213,42000,60.0,700.0,700.0
Riyadh General,69000,120.0,"Apartment for Rent in Riyadh An Narjis§69,000/annually120m²331🏢 property no.: 4038
🔺 apartments for rent – al narjis district | north riyadh 🔺
🏡 residential apartments with a practical layout suitable for families, consisting of 3 bedrooms, a living room, and a kitchen, with built-in air conditioners, a fitted kitchen, and parking spaces.

🏠 property details:

* 3 bedrooms
* living room
* fitted kitchen
* built-in air conditioners
* parking spaces

📍 location:

* al narjis district – north riyadh
* property located on ziyad bin subaih street
* close to prince saud bin abdullah bin jalawi street
* easy access to king salman road
* close to abu bakr al-siddiq road
* close to uthman bin affan road
* close to al-thamama road
* near princess nourah bint abdulrahman university
* close to imam muhammad bin saud islamic university
* easy access to king khalid international airport
* close to schools and mosques
* close to markets, restaurants, cafes, and daily services

the location is distinguished by its proximity to the main road network in north riyadh, providing easy access and mobility to various parts of the city.

📍 location link:
https://maps.app.goo.gl/pp5bjfokyjm9up649

🏢 ghazara real estate company

advertising license: 7201110235An Narjis, Riyadh",https://sa.aqar.fm/en/apartment-for-rent/riyadh/north-of-riyadh/an-narjis/apartment-for-rent-6849476,69000,120.0,575.0,575.0
Riyadh General,82000,100.0,"Apartment for Rent in Riyadh Al Malqa§82,000/annually100m²231property type: residential building
apartment consisting of 2 bedrooms, 1 living room, 1 laundry room, 3 bathrooms, and a kitchen.

neighborhood: al-malqa

building features:
- equipped with external security cameras.
- close to vital areas.
- easy access to required services (laundry, supermarket, etc.).
- external parking spaces.
- furnished.
- elevators.

- 2 minutes via anas bin malik road.
- 3 minutes via king fahd road.
- 4 minutes from tamimi markets.
- 10 minutes from boulevard world.
- 15 minutes from imam muhammad bin saud islamic university.
- 20 minutes from king khalid international airport.

for inquiries, please contact us at:
(((number appears upon pressing call)))

(please contact us via whatsapp)
please be considerate of contact hours.

our location is in al-malqa neighborhood, north of riyadh, near the avenues mall.Al Malqa, Riyadh",https://sa.aqar.fm/en/apartment-for-rent/riyadh/north-of-riyadh/al-malqa/apartment-for-rent-6877830,82000,100.0,820.0,820.0
Riyadh General,4200,60.0,"Apartment for Rent in Riyadh Ad Dhubbat§4,200/annually60m²21furnished apartments
in central riyadh, close to prince sultan military city and near king fahd medical city, 250m away from the social security metro station.
consisting of one bedroom, living room, bathroom, and kitchen.
fully furnished with all appliances and household items.
🅿️ private parking space for 40 sar monthly
🛜 free high-speed internet
average rent 4200 monthly (rent varies according to duration and apartment)
rent includes all services (water, electricity, and internet)Ad Dhubbat, Riyadh",https://sa.aqar.fm/en/apartment-for-rent/riyadh/center-of-riyadh/ad-dhubbat/apartment-for-rent-6650623,4200,60.0,70.0,70.0
Riyadh General,2800,50.0,"Apartment for Rent in Riyadh As Sulay§2,800/annually50m²21🚨 only one unit left

move-in-ready workforce accommodation with flexible monthly leasing and utilities included.

🏠 private porta cabin unit
🛏️ 2 rooms + kitchen + private bathroom
👥 accommodates up to 8 people
📅 flexible monthly lease — no annual commitment
💡 electricity, water & sewage included
📍 convenient and easily accessible location
✅ ready for immediate occupancy

ideal for companies and project teams looking for ready workforce accommodation with clear costs and flexible terms.

📞 leasing & inquiries exclusively through:

saad: (number appears when you tap call)
ali: (number appears when you tap call)

please do not use the platform's call button, as this account is used for marketing purposes only.As Sulay, Riyadh",https://sa.aqar.fm/en/apartment-for-rent/riyadh/south-of-riyadh/as-sulay/apartment-for-rent-6868480,2800,50.0,56.0,56.0
Riyadh General,45000,1284.0,"Apartment for Rent in Riyadh Al Malaz§45,000/annually1,284m²221contact via whatsapp only

oleifera residence
📍 al-jami'ah road (university road)

**first floor**
2 bedrooms & living room | 2 bathrooms | kitchen | air conditioners
101 — 47,000 sar
107 — 45,000 sar

**second floor**
2 bedrooms & living room | 2 bathrooms | kitchen | air conditioners
201 — 47,000 sar
202 — 45,000 sar
204 — 47,000 sar
207 — 45,000 sar
208 — 45,000 sar

**third floor**
2 bedrooms & living room | 2 bathrooms | kitchen | air conditioners
301 — 47,000 sar
302 — 45,000 sar
303 — 45,000 sar
304 — 47,000 sar
306 — 47,000 sar
307 — 45,000 sar
308 — 45,000 sar
309 — 47,000 sar

**fourth floor**
2 bedrooms & living room | 2 bathrooms | kitchen | air conditioners
410 — 49,000 sar

**sixth floor | units with private rooftop**
2 bedrooms & living room | 2 bathrooms | kitchen | air conditioners
601 — 55,000 sar
602 — 60,000 sar
603 — 60,000 sar
604 — 55,000 sar

**terms:** families only | hijri year contract (355 days) | two installments | water: 1,000 sar/year | refundable security deposit: 2,000 sar via ejar | commission: 2.5% | independent electricity meter | prices are final

📍 location
https://maps.app.goo.gl/e2rkxwhxelsuht1r7?g_st=ic

📞 caretaker: ((number appears when clicking call))

🌐 photos, visits & leasing: rentech.saAl Malaz, Riyadh",https://sa.aqar.fm/en/apartment-for-rent/riyadh/east-of-riyadh/al-malaz/apartment-for-rent-6828468,45000,1284.0,35.046728971962615,35.046728971962615
Riyadh General,35000,50.0,"Apartment for Rent in Riyadh Al Qirawan§35,000/annually50m²111a one-bedroom and living room apartment close to all services and main roads, enjoying its proximity to the new murabba project.Al Qirawan, Riyadh",https://sa.aqar.fm/en/apartment-for-rent/riyadh/north-of-riyadh/al-qirawan/apartment-for-rent-6870207,35000,50.0,700.0,700.0
Riyadh General,29000,50.0,"Apartment for Rent in Riyadh Al Yarmouk§29,000/annually50m²111a special offer in one of riyadh's finest neighborhoods — al yarmouk district. available: a room, living room, fitted kitchen, bathroom, and installed split air conditioners. close to main roads and services. payment is annual or semi-annual. we also have other offers available.Al Yarmouk, Riyadh",https://sa.aqar.fm/en/apartment-for-rent/riyadh/east-of-riyadh/al-yarmouk/apartment-for-rent-6879808,29000,50.0,580.0,580.0
Riyadh General,105000,127.0,"Apartment for Rent in Riyadh Qurtubah§105,000/annually127m²3furnished apartment in diyar 21 project

consisting of three bedrooms, a living room, and a fully equipped kitchenQurtubah, Riyadh",https://sa.aqar.fm/en/apartment-for-rent/riyadh/east-of-riyadh/qurtubah/apartment-for-rent-6812612,105000,127.0,826.7716535433071,826.7716535433071
Riyadh General,120000,146.0,"Apartment for Rent in Riyadh Al Yasmin§120,000/annually146m²4🏡 distinctive apartment for rent | al yasmin district – riyadh

a spacious and distinctive apartment with a practical and comfortable layout, located in al yasmin district, suitable for those seeking premium family accommodation.

✨ apartment features:
🛏️ 3 bedrooms
🛋️ spacious living room
☕ majlis
🍽️ fully equipped kitchen with all appliances

📍 location: al yasmin districtAl Yasmin, Riyadh",https://sa.aqar.fm/en/apartment-for-rent/riyadh/north-of-riyadh/al-yasmin/apartment-for-rent-6834009,120000,146.0,821.917808219178,821.917808219178
Riyadh General,90000,170.0,"Floor for Rent in Riyadh An Narjis§90,000/annually170m²341first floor apartment, brand new, with an area of 190 m², combining comfort, luxury, and privacy, featuring a practical design and premium finishes, in a quiet and sought-after location in northern riyadh.

**features**

* passenger elevator
* private parking
* fully fitted and equipped kitchen
* concealed and wall-mounted split air conditioning
* cctv surveillance
* smart entry system for the unit

**floor details**

* semi-detached sitting room with a restroom
* spacious family lounge with panoramic views
* modern, fully equipped kitchen
* maid's room
* 3 bedrooms, including a master bedroom

**location**

strategic location in al narjis district, close to all amenities and main roads:

* approximately 450 meters from king salman road
* approximately 150 meters from abu bakr al-siddiq road
* close to international schools
* approximately 15 minutes from king khalid international airport
* approximately 20 minutes from princess nourah and imam universities
* approximately 20 minutes from king abdullah financial district (kafd)

an ideal choice for those seeking a home that combines quality living, privacy, and a prime location in one of the most in-demand neighborhoods in northern riyadh.An Narjis, RiyadhPromoted",https://sa.aqar.fm/en/big-flat-for-rent/riyadh/north-of-riyadh/an-narjis/big-flat-for-rent-6836969,90000,170.0,529.4117647058823,529.4117647058823
Riyadh General,110000,145.0,"Shop for Rent in Riyadh Ar Rawdah§110,000/annually145m²30ma great opportunity for anyone looking for a ready-to-operate shop in a prime location in al rawdah district, close to the ring road.

the shop currently operates as a café and is equipped with distinctive finishes and décor, with the possibility of changing the business activity according to the tenant's wishes, in line with the requirements and licensing of the activity.

details:

* area: approximately 145 m²
* number of storefronts: two commercial frontages
* location: al rawdah district – riyadh
* close to the ring road and easy to access
* fully ready shop
* indoor and outdoor seating
* existing finishes and décor
* suitable for cafés or other commercial activities
* annual rent: sar 110,000
* payment: one payment annually
* key money (taqbeel) value: disclosed upon contact

reason for transfer: ""unable to dedicate time to the business""Ar Rawdah, Riyadh",https://sa.aqar.fm/en/store-for-rent/riyadh/east-of-riyadh/ar-rawdah/store-for-rent-6902796,110000,145.0,758.6206896551724,758.6206896551724
Riyadh General,55500,56.0,"Apartment for Rent in Riyadh Al Malaz§55,500/annually56m²221🏠 apartments for rent – sawaed al malaz 120

✨ apartments ranging from 55–70 m², featuring:
• 2 bedrooms
• living room
• kitchen
• 2 bathrooms

🚗 private parking space for each apartment
💧 water costs are covered by the landlord

📍 prime location with high-quality finishes, ideal for comfortable living
🌴 close to king abdullah park
🚄 close to the metro stationAl Malaz, Riyadh",https://sa.aqar.fm/en/apartment-for-rent/riyadh/east-of-riyadh/al-malaz/apartment-for-rent-6799805,55500,56.0,991.0714285714286,991.0714285714286
Riyadh General,55500,56.0,"Apartment for Rent in Riyadh Al Malaz§55,500/annually56m²221🏠 apartments for rent – sawaed al malaz 120

✨ apartments ranging from 55–70 m², featuring:
• 2 bedrooms
• living room
• kitchen
• 2 bathrooms

🚗 private parking space for each apartment
💧 water costs are covered by the landlord

📍 prime location with high-quality finishes, ideal for comfortable living
🌴 close to king abdullah park
🚄 close to the metro stationAl Malaz, Riyadh",https://sa.aqar.fm/en/apartment-for-rent/riyadh/east-of-riyadh/al-malaz/apartment-for-rent-6799805,55500,56.0,991.0714285714286,991.0714285714286
Riyadh General,108000,128.0,"Apartment for Rent in Riyadh Qurtubah§108,000/annually128m²3Spacious Apartment for Rent in a Premium Residential Compound

Apartment D3 is located in a well-appointed residential compound offering a fully integrated living experience with top-notch amenities for families.
The compound includes:
	•	Ladies’ Club featuring a beauty salon, a small lounge, a kitchen, and relaxing seating areas
	•	Men’s Club with a sauna and jacuzzi in a peaceful atmosphere
	•	Private Lounge for Events available by reservation, accommodating up to 25 guests, with a fully equipped kitchen and complete hospitality essentials
	•	Smart Laundry Service operated via mobile application for added convenience
	•	Children’s Playground equipped with safe and fun outdoor play structures
	•	Electric Car Charging Station available for residents’ use

Apartment Features:
	•	3 bedrooms, including a master bedroom with an en-suite bathroom
	•	Spacious open-plan living and dining area
	•	Dedicated maid’s room
	•	3 bathrooms in total
	•	Fully equipped kitchen including:
	•	Refrigerator
	•	Washing machine
	•	Stove
	•	Built-in oven
	•	Range hood
	•	All essential appliances and kitchenware
	•	High-quality Gree air conditioning units throughout
	•	Private backyard (rear patio)
	•	Small front yard near the bedrooms

This apartment offers the perfect blend of privacy, comfort, and access to premium shared facilities, making it an ideal home for families seeking quality and convenience.Qurtubah, Riyadh",https://sa.aqar.fm/en/apartment-for-rent/riyadh/east-of-riyadh/qurtubah/apartment-for-rent-6812619,108000,128.0,843.75,843.75
Riyadh General,140000,250.0,"Villa for Rent in Riyadh Al Munsiyah§140,000/annually250m²461brand-new villa for rent in sidra district – riyadh

a great opportunity to live in a new villa located in the modern and well-planned sidra district, offering a practical layout and comfortable spaces for families.

**villa details:**
• land area: 250 sqm
• built-up area: 273 sqm
• 4 bedrooms
• 6 bathrooms
• living room and majlis
• maid's room
• separate guest entrance
• separate family entrance
• 2 private parking spaces
• independent electricity and water meters
• outdoor areas suitable for landscaping

**location highlights:**
• close to king khalid international airport
• close to sar train station
• close to princess nourah university
• quiet and modern residential neighborhood, ideal for families

📍 location available upon request.
📞 for inquiries: (number visible upon clicking call)Al Munsiyah, Riyadh",https://sa.aqar.fm/en/villa-for-rent/riyadh/east-of-riyadh/al-munsiyah/villa-for-rent-6864754,140000,250.0,560.0,560.0
Riyadh General,78000,38.0,"Shop for Rent in Riyadh As Sulay§78,000/annually38m²60m📍 istanbul road – al sulai district

a location known for its vitality and high commercial activity.

a fully finished commercial shop, ready for immediate operation.

• full curtain wall glass frontage
• open and flexible interior space
• ready for handover and immediate operation
• one or more units can be leased based on business requirements
• suitable for showrooms, retail stores, brands, and various commercial activities

shop advantage: a strong commercial location with complete finishing, saving time and cost of site preparation.As Sulay, Riyadh",https://sa.aqar.fm/en/store-for-rent/riyadh/south-of-riyadh/as-sulay/store-for-rent-6868490,78000,38.0,2052.6315789473683,2052.6315789473683
Riyadh General,36500,55.0,"Apartment for Rent in Riyadh As Sulay§36,500/annually55m²211🚨 luxury modern apartment – ready for immediate occupancy

a private apartment with a luxury modern design, fully equipped and ready for immediate occupancy.

🏠 luxury modern private apartment
🛏️ 2 bedrooms
🛋️ living room
🍳 private kitchen
🚿 private bathroom
👥 accommodates up to 8 people
✅ ready for immediate occupancy

ideal for companies and work teams looking for premium, private, move-in-ready accommodation with high privacy.As Sulay, Riyadh",https://sa.aqar.fm/en/apartment-for-rent/riyadh/south-of-riyadh/as-sulay/apartment-for-rent-6868489,36500,55.0,663.6363636363636,663.6363636363636
Riyadh General,1450,20.0,"Room for Rent in Riyadh As Sulay§1,450/annually20m²move-in-ready workforce accommodation with flexible monthly leasing and utilities included.

🏠 private room
👥 accommodates up to 4 people
🚿 shared bathroom facilities
🍳 shared kitchen
📅 flexible monthly lease — no annual commitment
💡 electricity, water & sewage included
📍 convenient and easily accessible location
✅ ready for immediate occupancy

ideal for companies and work teams looking for practical, ready-to-use workforce accommodation with clear costs and flexible terms.

📞 leasing & inquiries exclusively through:
saad: ((((number appears when you press call))))
ali: ((((number appears when you press call))))

please do not use the platform's call button, as this account is used for marketing purposes only.As Sulay, Riyadh",https://sa.aqar.fm/en/room-for-rent/riyadh/south-of-riyadh/as-sulay/room-for-rent-6868486,1450,20.0,72.5,72.5
Riyadh General,60000,90.0,"Apartment for Rent in Riyadh Al Munsiyah§60,000/annually90m²211fully furnished apartment, ready for immediate occupancy

the apartment features a prime location, close to all services

• complete furniture
• smart entry
• surveillance cameras
• air conditioners
• prime and easily accessible location
• close to services and amenities
• electricity included
• water included

the apartment is move-in ready and suitable for those looking for comfort, privacy, and a fully equipped residenceAl Munsiyah, Riyadh",https://sa.aqar.fm/en/apartment-for-rent/riyadh/east-of-riyadh/al-munsiyah/apartment-for-rent-6879719,60000,90.0,666.6666666666666,666.6666666666666
Riyadh General,47000,75.0,"Apartment for Rent in Riyadh As Sulay§47,000/annually75m²211rented, praise be to allah ✅
only the last apartment remaining at 38,000 sar per year.

🚨 luxury modern apartment – ready for immediate occupancy

a private apartment with a luxury modern design, fully equipped and ready for immediate occupancy.

🏠 private luxury modern apartment
🛏️ 2 bedrooms
🛋️ living room
🍳 private kitchen
🚿 private bathroom
👥 accommodates up to 8 people
✅ ready for immediate occupancy

ideal for companies and work teams looking for premium, private, move-in-ready accommodation with greater privacy.As Sulay, Riyadh",https://sa.aqar.fm/en/apartment-for-rent/riyadh/south-of-riyadh/as-sulay/apartment-for-rent-6868498,47000,75.0,626.6666666666666,626.6666666666666
Riyadh General,1250000,1300.0,"Floor for Rent in Riyadh Ar Rabwah§1,250,000/annually1,300m²855wadi al suli real estate company announces the availability of the last remaining floor for lease at its distinguished project:

""rabwa hills""

a premium strip mall destination spanning over 4,000 sqm, located at the intersection of omar bin abdulaziz road and mutaib bin abdulaziz road, at the heart of al rabwah district and its active commercial scene.

the project is home to first-class strategic tenants, including care hospital, kfc, and mcdonald's.

currently available: the last remaining floor, approximately 1,300 sqm, offered in full to a single tenant.

flexible use and business activities, in line with the identity of the project.Ar Rabwah, Riyadh",https://sa.aqar.fm/en/big-flat-for-rent/riyadh/center-of-riyadh/ar-rabwah/big-flat-for-rent-6868478,1250000,1300.0,961.5384615384615,961.5384615384615
Riyadh General,95000,590.0,"Floor for Rent in Riyadh An Narjis§95,000/annually590m²4a distinctive ground floor apartment on two streets for rent inside masharif hills compound in al-narjis district.

a driver's room and a maid's room are available.

it consists of:

- 3 bedrooms and a maid's room
- sitting room (majlis)
- living room
- dining area
- built-in kitchen

- car entrance
- facing two streets: a guests' entrance and a family entrance
- pre-installed ev charger foundation
- inside masharif hills compound

for rent:
- single payment: 105,000
- two payments: 108,000

note: air conditioner installation is the tenant's responsibility.An Narjis, Riyadh",https://sa.aqar.fm/en/big-flat-for-rent/riyadh/north-of-riyadh/an-narjis/big-flat-for-rent-6862243,95000,590.0,161.01694915254237,161.01694915254237
Riyadh General,170000,250.0,"Villa for Rent in Riyadh King Khalid International Airport§170,000/annually250m²332🏡 Villa for Rent | Roshn – Sedra Community

✨ Features:

* 🛏️ 3 Bedrooms
* 🛋️ Spacious Living Room
* 🏛️ Majlis
* 🍽️ Fully Equipped Kitchen
* 🪑 Fully Furnished
* 🏠 External Multi-Purpose Room
* 🚗 Private Parking
* 📍 Prime Location in Roshn – Sedra
* 🌿 Peaceful & Family-Friendly Community

One time payment 170000SAR 
Two time payment 180000 SARKing Khalid International Airport, Riyadh",https://sa.aqar.fm/en/villa-for-rent/riyadh/north-of-riyadh/king-khalid-international-airport/villa-for-rent-6755820,170000,250.0,680.0,680.0
Riyadh General,3800,35.0,"Apartment for Rent in Riyadh Al Yarmouk§3,800/annually35m²1111 bedroom apartment for monthly rent

🏡 fully furnished 1-bedroom apartment for monthly rent

an elegant, fully furnished apartment, ready to move in immediately, in a prime location close to all services.

✨ monthly rent includes:
⚡ electricity
💧 water
🌐 high-speed fiber optic internet
🛋️ full furniture

📍 prime location, close to restaurants, markets, and services
✅ ready to move in
✅ monthly rent
✅ utilities included

malath al sharq real estateAl Yarmouk, RiyadhPromoted",https://sa.aqar.fm/en/apartment-for-rent/riyadh/east-of-riyadh/al-yarmouk/apartment-for-rent-6825320,3800,35.0,108.57142857142857,108.57142857142857
Riyadh General,46000,1284.0,"Apartment for Rent in Riyadh Al Malaz§46,000/annually1,284m²221contact via whatsapp only

oleifera residence
📍 al-jami'ah road (university road)

**first floor**
2 bedrooms & living room | 2 bathrooms | kitchen | air conditioners
101 — 47,000 sar
107 — 45,000 sar

**second floor**
2 bedrooms & living room | 2 bathrooms | kitchen | air conditioners
201 — 47,000 sar
202 — 45,000 sar
204 — 47,000 sar
207 — 45,000 sar
208 — 45,000 sar

**third floor**
2 bedrooms & living room | 2 bathrooms | kitchen | air conditioners
301 — 47,000 sar
302 — 45,000 sar
303 — 45,000 sar
304 — 47,000 sar
306 — 47,000 sar
307 — 45,000 sar
308 — 45,000 sar
309 — 47,000 sar

**fourth floor**
2 bedrooms & living room | 2 bathrooms | kitchen | air conditioners
410 — 49,000 sar

**sixth floor | units with private rooftop**
2 bedrooms & living room | 2 bathrooms | kitchen | air conditioners
601 — 55,000 sar
602 — 60,000 sar
603 — 60,000 sar
604 — 55,000 sar

**terms:** families only | hijri year contract (355 days) | two installments | water: 1,000 sar/year | refundable security deposit: 2,000 sar via ejar | commission: 2.5% | independent electricity meter | prices are final

📍 location
https://maps.app.goo.gl/e2rkxwhxelsuht1r7?g_st=ic

📞 caretaker: ((number appears when clicking call))

🌐 photos, visits & leasing: rentech.saAl Malaz, Riyadh",https://sa.aqar.fm/en/apartment-for-rent/riyadh/east-of-riyadh/al-malaz/apartment-for-rent-6828471,46000,1284.0,35.82554517133956,35.82554517133956
Riyadh General,3550,28.0,"Commercial Office for Rent in Riyadh Ar Rawdah§3,550/annually28m²🏢 furnished office for monthly rent – ready to use

a fully furnished office suitable for businesses and companies, ready for handover and immediate start of work.

💰 monthly rent: 3,600 sar

rent includes:
⚡ electricity
💧 water
🌐 internet
🧹 cleaning
🪑 office furniture

✅ ready to use
✅ no additional service costs
✅ suitable for companies and entrepreneurs

malath al-sharq real estateAr Rawdah, RiyadhPromoted",https://sa.aqar.fm/en/office-for-rent/riyadh/east-of-riyadh/ar-rawdah/office-for-rent-6825168,3550,28.0,126.78571428571429,126.78571428571429
Riyadh General,78000,38.0,"Shop for Rent in Riyadh As Sulay§78,000/annually38m²60m📍 istanbul road – al sulai district

a location known for its vitality and high commercial activity.

a fully finished commercial shop, ready for immediate operation.

• full curtain wall glass frontage
• open and flexible interior space
• ready for handover and immediate operation
• one or more units can be leased based on business requirements
• suitable for showrooms, retail stores, brands, and various commercial activities

shop advantage: a strong commercial location with complete finishing, saving time and cost of site preparation.As Sulay, Riyadh",https://sa.aqar.fm/en/store-for-rent/riyadh/south-of-riyadh/as-sulay/store-for-rent-6868490,78000,38.0,2052.6315789473683,2052.6315789473683
Riyadh General,108000,128.0,"Apartment for Rent in Riyadh Qurtubah§108,000/annually128m²3Spacious Apartment for Rent in a Premium Residential Compound

Apartment D3 is located in a well-appointed residential compound offering a fully integrated living experience with top-notch amenities for families.
The compound includes:
	•	Ladies’ Club featuring a beauty salon, a small lounge, a kitchen, and relaxing seating areas
	•	Men’s Club with a sauna and jacuzzi in a peaceful atmosphere
	•	Private Lounge for Events available by reservation, accommodating up to 25 guests, with a fully equipped kitchen and complete hospitality essentials
	•	Smart Laundry Service operated via mobile application for added convenience
	•	Children’s Playground equipped with safe and fun outdoor play structures
	•	Electric Car Charging Station available for residents’ use

Apartment Features:
	•	3 bedrooms, including a master bedroom with an en-suite bathroom
	•	Spacious open-plan living and dining area
	•	Dedicated maid’s room
	•	3 bathrooms in total
	•	Fully equipped kitchen including:
	•	Refrigerator
	•	Washing machine
	•	Stove
	•	Built-in oven
	•	Range hood
	•	All essential appliances and kitchenware
	•	High-quality Gree air conditioning units throughout
	•	Private backyard (rear patio)
	•	Small front yard near the bedrooms

This apartment offers the perfect blend of privacy, comfort, and access to premium shared facilities, making it an ideal home for families seeking quality and convenience.Qurtubah, Riyadh",https://sa.aqar.fm/en/apartment-for-rent/riyadh/east-of-riyadh/qurtubah/apartment-for-rent-6812619,108000,128.0,843.75,843.75
Riyadh General,140000,250.0,"Villa for Rent in Riyadh Al Munsiyah§140,000/annually250m²461brand-new villa for rent in sidra district – riyadh

a great opportunity to live in a new villa located in the modern and well-planned sidra district, offering a practical layout and comfortable spaces for families.

**villa details:**
• land area: 250 sqm
• built-up area: 273 sqm
• 4 bedrooms
• 6 bathrooms
• living room and majlis
• maid's room
• separate guest entrance
• separate family entrance
• 2 private parking spaces
• independent electricity and water meters
• outdoor areas suitable for landscaping

**location highlights:**
• close to king khalid international airport
• close to sar train station
• close to princess nourah university
• quiet and modern residential neighborhood, ideal for families

📍 location available upon request.
📞 for inquiries: (number visible upon clicking call)Al Munsiyah, Riyadh",https://sa.aqar.fm/en/villa-for-rent/riyadh/east-of-riyadh/al-munsiyah/villa-for-rent-6864754,140000,250.0,560.0,560.0
Riyadh General,1250000,1300.0,"Commercial Office for Rent in Riyadh Ar Rabwah§1,250,000/annually1,300m²wadi al suli real estate company announces the availability of the last remaining floor for lease at its distinguished project:

""rabwa hills""

a premium strip mall destination spanning over 4,000 sqm, located at the intersection of omar bin abdulaziz road and mutaib bin abdulaziz road, at the heart of al rabwah district and its active commercial scene.

the project is home to first-class strategic tenants, including care hospital, kfc, and mcdonald's.

currently available: the last remaining floor, approximately 1,300 sqm, offered in full to a single tenant.

flexible use and business activities, in line with the identity of the project.Ar Rabwah, Riyadh",https://sa.aqar.fm/en/office-for-rent/riyadh/center-of-riyadh/ar-rabwah/office-for-rent-6868475,1250000,1300.0,961.5384615384615,961.5384615384615
Riyadh General,46000,1284.0,"Apartment for Rent in Riyadh Al Malaz§46,000/annually1,284m²221contact via whatsapp only

oleifera residence
📍 al-jami'ah road (university road)

**first floor**
2 bedrooms & living room | 2 bathrooms | kitchen | air conditioners
101 — 47,000 sar
107 — 45,000 sar

**second floor**
2 bedrooms & living room | 2 bathrooms | kitchen | air conditioners
201 — 47,000 sar
202 — 45,000 sar
204 — 47,000 sar
207 — 45,000 sar
208 — 45,000 sar

**third floor**
2 bedrooms & living room | 2 bathrooms | kitchen | air conditioners
301 — 47,000 sar
302 — 45,000 sar
303 — 45,000 sar
304 — 47,000 sar
306 — 47,000 sar
307 — 45,000 sar
308 — 45,000 sar
309 — 47,000 sar

**fourth floor**
2 bedrooms & living room | 2 bathrooms | kitchen | air conditioners
410 — 49,000 sar

**sixth floor | units with private rooftop**
2 bedrooms & living room | 2 bathrooms | kitchen | air conditioners
601 — 55,000 sar
602 — 60,000 sar
603 — 60,000 sar
604 — 55,000 sar

**terms:** families only | hijri year contract (355 days) | two installments | water: 1,000 sar/year | refundable security deposit: 2,000 sar via ejar | commission: 2.5% | independent electricity meter | prices are final

📍 location
https://maps.app.goo.gl/e2rkxwhxelsuht1r7?g_st=ic

📞 caretaker: ((number appears when clicking call))

🌐 photos, visits & leasing: rentech.saAl Malaz, Riyadh",https://sa.aqar.fm/en/apartment-for-rent/riyadh/east-of-riyadh/al-malaz/apartment-for-rent-6828471,46000,1284.0,35.82554517133956,35.82554517133956
Riyadh General,3550,28.0,"Commercial Office for Rent in Riyadh Ar Rawdah§3,550/annually28m²🏢 furnished office for monthly rent – ready to use

a fully furnished office suitable for businesses and companies, ready for handover and immediate start of work.

💰 monthly rent: 3,600 sar

rent includes:
⚡ electricity
💧 water
🌐 internet
🧹 cleaning
🪑 office furniture

✅ ready to use
✅ no additional service costs
✅ suitable for companies and entrepreneurs

malath al-sharq real estateAr Rawdah, RiyadhPromoted",https://sa.aqar.fm/en/office-for-rent/riyadh/east-of-riyadh/ar-rawdah/office-for-rent-6825168,3550,28.0,126.78571428571429,126.78571428571429
Riyadh General,47000,75.0,"Apartment for Rent in Riyadh As Sulay§47,000/annually75m²211rented, praise be to allah ✅
only the last apartment remaining at 38,000 sar per year.

🚨 luxury modern apartment – ready for immediate occupancy

a private apartment with a luxury modern design, fully equipped and ready for immediate occupancy.

🏠 private luxury modern apartment
🛏️ 2 bedrooms
🛋️ living room
🍳 private kitchen
🚿 private bathroom
👥 accommodates up to 8 people
✅ ready for immediate occupancy

ideal for companies and work teams looking for premium, private, move-in-ready accommodation with greater privacy.As Sulay, Riyadh",https://sa.aqar.fm/en/apartment-for-rent/riyadh/south-of-riyadh/as-sulay/apartment-for-rent-6868498,47000,75.0,626.6666666666666,626.6666666666666
Riyadh General,36500,55.0,"Apartment for Rent in Riyadh As Sulay§36,500/annually55m²211🚨 luxury modern apartment – ready for immediate occupancy

a private apartment with a luxury modern design, fully equipped and ready for immediate occupancy.

🏠 luxury modern private apartment
🛏️ 2 bedrooms
🛋️ living room
🍳 private kitchen
🚿 private bathroom
👥 accommodates up to 8 people
✅ ready for immediate occupancy

ideal for companies and work teams looking for premium, private, move-in-ready accommodation with high privacy.As Sulay, Riyadh",https://sa.aqar.fm/en/apartment-for-rent/riyadh/south-of-riyadh/as-sulay/apartment-for-rent-6868489,36500,55.0,663.6363636363636,663.6363636363636
Riyadh General,1450,20.0,"Room for Rent in Riyadh As Sulay§1,450/annually20m²move-in-ready workforce accommodation with flexible monthly leasing and utilities included.

🏠 private room
👥 accommodates up to 4 people
🚿 shared bathroom facilities
🍳 shared kitchen
📅 flexible monthly lease — no annual commitment
💡 electricity, water & sewage included
📍 convenient and easily accessible location
✅ ready for immediate occupancy

ideal for companies and work teams looking for practical, ready-to-use workforce accommodation with clear costs and flexible terms.

📞 leasing & inquiries exclusively through:
saad: ((((number appears when you press call))))
ali: ((((number appears when you press call))))

please do not use the platform's call button, as this account is used for marketing purposes only.As Sulay, Riyadh",https://sa.aqar.fm/en/room-for-rent/riyadh/south-of-riyadh/as-sulay/room-for-rent-6868486,1450,20.0,72.5,72.5
Riyadh General,60000,90.0,"Apartment for Rent in Riyadh Al Munsiyah§60,000/annually90m²211fully furnished apartment, ready for immediate occupancy

the apartment features a prime location, close to all services

• complete furniture
• smart entry
• surveillance cameras
• air conditioners
• prime and easily accessible location
• close to services and amenities
• electricity included
• water included

the apartment is move-in ready and suitable for those looking for comfort, privacy, and a fully equipped residenceAl Munsiyah, Riyadh",https://sa.aqar.fm/en/apartment-for-rent/riyadh/east-of-riyadh/al-munsiyah/apartment-for-rent-6879719,60000,90.0,666.6666666666666,666.6666666666666
Riyadh General,48000,70.0,"Apartment for Rent in Riyadh An Narjis§48,000/annually70m²21🏠 available for rent – al narjis district
🛋 fully furnished with luxury furniture – super lux finishing
bedroom and living room
bathroom
kitchen
💰 4,500 sar per month

💡 prices include water, electricity, and internet

📄 documentation and payment electronically via the ejar platform

📞 to contact:
((number appears when you press call))
((number appears when you press call))

fiber opticAn Narjis, Riyadh",https://sa.aqar.fm/en/apartment-for-rent/riyadh/north-of-riyadh/an-narjis/apartment-for-rent-6869706,48000,70.0,685.7142857142857,685.7142857142857
Riyadh General,83000,119.0,"Apartment for Rent in Riyadh Al Malqa§83,000/annually119m²3apartment in a prime location for rent ✨
modern design with practical layout, perfect for families 👌

🔹 3 bedrooms 🛏️
🔹 spacious living room 🛋️
🔹 fitted kitchen 🍽️
🔹 installed ac units ❄️
🔹 smart home system 🏠📱
🔹 built-in sound system 🔊
🔹 side yard 🌿
🔹 two separate entrances 🚪
🔹 shaded parking 🚗Al Malqa, Riyadh",https://sa.aqar.fm/en/apartment-for-rent/riyadh/north-of-riyadh/al-malqa/apartment-for-rent-6650189,83000,119.0,697.4789915966387,697.4789915966387
Riyadh General,95000,218.0,"Apartment for Rent in Riyadh Hittin§95,000/annually218m²442تاون هاوس دورين مساحة 218 م في موقع مميز ٤ غرف نوم واسعة و ٤ دورات مياه وايضا صاله في الدور الارضي وصالة في الدور الثاني.
المساحة واسعة. مواصفات نادرة بسعر مناسب. كما يوجد مطبخ راكب باجهزة حديثه و ٨ مكيفات وموقف مظلل خاص ودخول ذكي. موقع التاون هاوس في مجمع عالية حطين السكني 

Movie-in Ready - Upscale Duplex Townhouse | Hittin, Riyadh

Elegant 208 sqm duplex apartment on a prime corner plot in one of Riyadh's most desirable neighborhoods

Layout
Affordable rent for the features 
  Large living rooms- 2 floors
2 spacious living areas in first and second floor 
4 spacious bedrooms
Option to utilize a maid room if needed
4 bathrooms

Features
modern kitchen appliance- 
 ACs 8 -  
Large rooms and spacious 2 living rooms- 
Private shaded parking-
Smart keyless entry-
CCTV security-
Premium modern quite building-  

Nearby
KAFD (King Abdullah Financial District) — ~10 min
Riyadh BLVD — ~2 min
Kingdom Centre / Olaya — ~15 min
King Fahad Road 5 mins
Riyadh Park Mall — ~7 min
Avenues Mall — ~10 min
Walking distance near popular restaurants and cafes
King Khalid International Airport — ~20 min
Easy access to malls, hospitals schools and restaurants

Almost as a villa size, very spaciousHittin, Riyadh",https://sa.aqar.fm/en/apartment-for-rent/riyadh/north-of-riyadh/hittin/apartment-for-rent-6729544,95000,218.0,435.7798165137615,435.7798165137615
Riyadh General,55000,440.0,"Floor for Rent in Riyadh Al Khaleej§55,000/annually440m²522first floor for rent in al khalij district

fully renovated - equipped with air conditioners and kitchen

**details:**

• two entrances
• three bedrooms
• sitting room (majlis)
• living room (muqlat)
• hall
• two bathrooms

**annual rent: 60,000**

*negotiable*Al Khaleej, Riyadh",https://sa.aqar.fm/en/big-flat-for-rent/riyadh/east-of-riyadh/al-khaleej/big-flat-for-rent-6871661,55000,440.0,125.0,125.0
Riyadh General,90000,70.0,"Apartment for Rent in Riyadh Al Muruj§90,000/annually70m²231luxurious fully furnished apartment for rent in al muruj district

fully furnished executive apartment for rent in al muruj. ready to move in. suitable for professionals working in kafd, digital city, and north riyadh.

area: 119 sqm

fully furnished with luxury furniture

second floor

2 bedrooms

4 bathrooms

living room (tv installed)

kitchen with full appliances (refrigerator, microwave, oven, kettle, dishwasher, blender, toaster, air fryer, complete cookware set)

storage room (washing machine and dryer, iron and ironing board, vacuum cleaner)

private rooftop at the back

front rooftop

gree air conditioners

large windows with two outdoor seating areas — one opening to the living room and the other opening to the master bedroom

private parking

excellent location, close to a metro station within walking distance

nearby cafes within walking distance

a fully serviced neighborhood with easy access to supermarkets and nearby markets

close to the financial district, digital city, and king saud university

price: 90,000 sar per year
monthly rental accepted

for contact and inquiries:
(number appears when pressing call)

fully furnished 2-bedroom apartment
yearly or monthly rental
close to metro
for inquiries:Al Muruj, Riyadh",https://sa.aqar.fm/en/apartment-for-rent/riyadh/north-of-riyadh/al-muruj/apartment-for-rent-6711526,90000,70.0,1285.7142857142858,1285.7142857142858
Riyadh General,100000,237.0,"Villa for Rent in Riyadh An Narjis§100,000/annually237m²752luxury villa for sale or rent – strategic location

area: 237.5 m², located on two main roads: abu bakr al-siddiq road and king salman road.

✨ villa specifications:

* independent men's sitting room with a private bathroom and a separate entrance from the interior hall.
* spacious living room that can be divided into a seating area and a dining area.
* 4 bedrooms, including 2 master bedrooms with en-suite bathrooms, and 2 bedrooms sharing a bathroom.
* an additional master room on the rooftop.
* built-in kitchen.
* all air conditioning units are included.
* indoor parking space within the villa.
* villa in very excellent condition.
* strategic location, close to various services and facilities.

a distinctive opportunity for residential living or investment in a vibrant and strategic location.An Narjis, Riyadh",https://sa.aqar.fm/en/villa-for-rent/riyadh/north-of-riyadh/an-narjis/villa-for-rent-6869535,100000,237.0,421.9409282700422,421.9409282700422
Riyadh General,88000,281.0,"Villa for Rent in Riyadh Al Qadisiyah§88,000/annually281m²4assalamu alaikum wa rahmatullahi wa barakatuh

courtyard
majlis (men's sitting room)
dining room
two living rooms
four bedrooms
six bathrooms
kitchen
rooftop

✨ features:

full luxury kitchen
9 air conditioners
complete majlis furniture set
the entire first floor with parquet flooring, bedroom and dressing room furnished with hotel-style carpet
wardrobes
sports equipment

annual rent: 90 (two installments)Al Qadisiyah, Riyadh",https://sa.aqar.fm/en/villa-for-rent/riyadh/east-of-riyadh/al-qadisiyah/villa-for-rent-6878632,88000,281.0,313.16725978647685,313.16725978647685
Riyadh General,68000,250.0,"Floor for Rent in Riyadh Ar Rimal§68,000/annually250m²441independent ground floor unit

new • first occupant

al rimal district | 20m street

3 bedrooms | sitting room | 4 bathrooms
private outdoor courtyard | private indoor parkingAr Rimal, Riyadh",https://sa.aqar.fm/en/big-flat-for-rent/riyadh/east-of-riyadh/ar-rimal/big-flat-for-rent-6822909,68000,250.0,272.0,272.0
Riyadh General,120000,97.0,"Floor for Rent in Riyadh An Narjis§120,000/annually97m²2🏡 **new furnished floors for monthly rent**

upper floor with an area of 200 sqm, featuring an elegant design and move-in ready from day one, located in one of riyadh's most prestigious neighborhoods, just 2 minutes from salman road.

✨ **features:**
• two bedrooms with beds, luxury bedding, luxury pillows, and premium mattresses
• ashley sofa set
• 65-inch tv
• fully equipped kitchen with all appliances
• washing machine and dryer
• dishwasher
• central air conditioning in the living room
• smart entry system (exterior and interior)
• security cameras
• outdoor seating area
• private parking in front of the door

📍 **location:** al-narjis district, 2 minutes from salman road
https://maps.app.goo.gl/4dfslq3jvxbjujzf9?g_st=ic

💰 **rent:** 11,000 sar per month
📞 **for inquiries, whatsapp preferred:** ((number appears when you press call))An Narjis, Riyadh",https://sa.aqar.fm/en/big-flat-for-rent/riyadh/north-of-riyadh/an-narjis/big-flat-for-rent-6889699,120000,97.0,1237.1134020618556,1237.1134020618556
Riyadh General,58000,135.0,"Apartment for Rent in Riyadh Dhahrat Laban§58,000/annually135m²431luxury apartment for rent
(laban district)
ground floor

riyadh city

it consists of:
• 3 bedrooms, one of which is a master bedroom
• living room
• sitting room (majlis)
• kitchen
• 2 bathrooms

building features:
• close to all services
• strategic location
• installed air conditioners
• external setback (house to house)
• kitchen will be installed
• two parking spaces, one in the basement and one in front of the building
• private courtyard

price:
58,000 sar annually
5,000 sar monthlyDhahrat Laban, Riyadh",https://sa.aqar.fm/en/apartment-for-rent/riyadh/west-of-riyadh/dhahrat-laban/apartment-for-rent-6831009,58000,135.0,429.6296296296296,429.6296296296296
Riyadh General,110000,157.0,"Apartment for Rent in Riyadh Al Masif§110,000/annually157m²341al masiaf | 3-bedroom apartment with balcony - satel

a furnished apartment with a practical design and comfortable spaces, in a prime location in north riyadh, close to key destinations and services.

unit details:
3 bedrooms (including master) · 4 bathrooms · spacious living room · fitted kitchen · balcony · laundry room · maid's room

features:
indoor parking · smart home system · elevator

location:
near riyadh gallery · kingdom tower · hayat mall · king fahd road

a comfortable residence combining privacy, location, and easy access to riyadh's top destinations.Al Masif, Riyadh",https://sa.aqar.fm/en/apartment-for-rent/riyadh/north-of-riyadh/al-masif/apartment-for-rent-6708521,110000,157.0,700.6369426751593,700.6369426751593
Riyadh General,80000,125.0,"Apartment for Rent in Riyadh Al Arid§80,000/annually125m²3a new apartment (ground floor) in a prime location at the (al-majedia residence - 147) project in al-narjis district.

**apartment area:**
- total area: 256 sqm
- built-up area: 125.79 sqm
- private area (setback): 130 sqm
- façade: north - east

**interior specifications:**
- open living room with kitchen
- three bedrooms, including a master bedroom
- laundry room
- three bathrooms
- multiple entry options (electronic key - fingerprint - card)
- 5 lg air conditioners
- modern kitchen (without appliances)
- private basement parking (with access card)
- private entrance

**complex services & amenities:**
- independent men's lounge
- independent women's lounge
- children's nursery
- men's gym
- women's gym

**contact:**
((number appears when pressing call))Al Arid, Riyadh",https://sa.aqar.fm/en/apartment-for-rent/riyadh/north-of-riyadh/al-arid/apartment-for-rent-6893735,80000,125.0,640.0,640.0
Riyadh General,1407780,17380.0,"Land for Rent in Riyadh New Industrial Area§1,407,780/annually17,380m²15mdirectly from the owner and for the end investor only – brokers are prohibited

industrial and logistical investment opportunity – al-kharj road

land of 17,380 m² adjacent to the second industrial city ""modon"" and directly on al-kharj road.

• frontage: 100m
• 3 streets: 60m, 30m, 20m
• ideal for warehouses, industrial, and logistical projects
• long-term investmentNew Industrial Area, Riyadh",https://sa.aqar.fm/en/land-for-rent/riyadh/south-of-riyadh/new-industrial-area/land-for-rent-6888829,1407780,17380.0,81.0,81.0
Riyadh General,70000,480.0,"Apartment for Rent in Riyadh Al Olaya§70,000/annually480m²431unfurnished 2-bedroom apartment for families — satel

an apartment spread across two floors in al olaya. first floor: 2 bedrooms, living room, majlis (guest sitting area), office, 3 bathrooms. upper floor: maid's room, storage room, kitchen, laundry room, and rooftop.

unit facilities:
outdoor parking, internal staircase connecting both floors, and split air conditioning units.

location:
2 minutes to al faisaliah tower, 3 minutes to centria mall, 3 minutes to akdital hospital and smc hospital.Al Olaya, Riyadh",https://sa.aqar.fm/en/apartment-for-rent/riyadh/north-of-riyadh/al-olaya/apartment-for-rent-6877690,70000,480.0,145.83333333333334,145.83333333333334
Riyadh General,110000,157.0,"Apartment for Rent in Riyadh Al Masif§110,000/annually157m²341al masiaf | 3-bedroom apartment with balcony - satel

a furnished apartment with a practical design and comfortable spaces, in a prime location in north riyadh, close to key destinations and services.

unit details:
3 bedrooms (including master) · 4 bathrooms · spacious living room · fitted kitchen · balcony · laundry room · maid's room

features:
indoor parking · smart home system · elevator

location:
near riyadh gallery · kingdom tower · hayat mall · king fahd road

a comfortable residence combining privacy, location, and easy access to riyadh's top destinations.Al Masif, Riyadh",https://sa.aqar.fm/en/apartment-for-rent/riyadh/north-of-riyadh/al-masif/apartment-for-rent-6708521,110000,157.0,700.6369426751593,700.6369426751593
Riyadh General,90000,170.0,"Apartment for Rent in Riyadh Al Malqa§90,000/annually170m²441new apartment for rent
ground floor
apartment no. j-4
al-malqa district, al-majidiya complex 127, opposite the avenues
close to king fahd road, king salman road, and anas ibn malik road
10 minutes away from the metro station and al-habib hospital
area: 104 sqm
private parking
3 bedrooms, one master bedroom
3 bathrooms
laundry room
fitted kitchen
spacious living room
concealed air conditioning throughout the entire apartment
fully smart apartment
smart entry system
wide windows
security cameras inside and outside the complex
fire alarm system
air-conditioned entrances
plumbing, electrical, insulation, and lighting warranties
facilities available within the complex (gym - nursery - lounge hall - prayer room) free of charge
rental price:
one payment of 90,000 sar
no owner feesAl Malqa, Riyadh",https://sa.aqar.fm/en/apartment-for-rent/riyadh/north-of-riyadh/al-malqa/apartment-for-rent-6701327,90000,170.0,529.4117647058823,529.4117647058823
Riyadh General,115000,144.0,"Apartment for Rent in Riyadh An Narjis§115,000/annually144m²331quiet family living at opal | practical design and integrated services – satel

experience a distinguished residential lifestyle at opal, where smart designs separate guest reception areas from family spaces, providing an ideal environment suited to the modern way of life.

details: 3 bedrooms (including a master bedroom), spacious living room, fully equipped kitchen, 3 bathrooms, plus a private balcony.

community amenities:
swimming pool, sauna and steam room, separate fitness centers for men and women, walking track, prayer area, private and basement parking, and a cctv surveillance system.

services:
24/7 security and professional maintenance to ensure residents' comfort.

location:
10 minutes from the airport
15 minutes to business gate
10 minutes to solitaire mall

opal… a peaceful and comfortable extension of your home.
contact the satel team now to schedule a viewing appointment.
flexible payment options available (up to 4 installments).An Narjis, Riyadh",https://sa.aqar.fm/en/apartment-for-rent/riyadh/north-of-riyadh/an-narjis/apartment-for-rent-6679384,115000,144.0,798.6111111111111,798.6111111111111
Riyadh General,45000,600.0,"Apartment for Rent in Riyadh Ishbiliyah§45,000/annually600m²421peace and blessings of allah be upon you,

for rent: a luxury apartment in the ishbiliyah district
private entrance
two entrances
4 rooms
living room
kitchen
storage room
2 bathrooms
independent electricity
built-in kitchen
price: 45,000 (one payment)
50,000 (two payments)
and prayers and peace be upon our prophet muhammadIshbiliyah, Riyadh",https://sa.aqar.fm/en/apartment-for-rent/riyadh/east-of-riyadh/ishbiliyah/apartment-for-rent-6896487,45000,600.0,75.0,75.0
Riyadh General,2500,420.0,"Apartment for Rent in Riyadh An Nahdah§2,500/annually420m²32peace be upon you and god's mercy and blessings.

apartment for rent in al-nahda neighborhood:
- 3 rooms
- 2 bathrooms
- kitchen
- private rooftop

electricity and water are shared,
or an additional 500 sar can be added to the monthly payments to include electricity and water.

price: 2,500 sar per month with an annual contract.
a small family without children is required.

peace and blessings be upon our prophet muhammad.An Nahdah, Riyadh",https://sa.aqar.fm/en/apartment-for-rent/riyadh/east-of-riyadh/an-nahdah/apartment-for-rent-6872221,2500,420.0,5.9523809523809526,5.9523809523809526
Riyadh General,40000,605.0,"Apartment for Rent in Riyadh Ishbiliyah§40,000/annually605m²421peace be upon you and god's mercy and blessings.

the location is excellent, close to the first ishbiliyah park.

**for rent – apartment in ishbiliyah district**

- 2 entrances
- 4 rooms
- living room
- kitchen
- 2 bathrooms
- shared electricity
- free water
- flexible payment options are welcomeIshbiliyah, Riyadh",https://sa.aqar.fm/en/apartment-for-rent/riyadh/east-of-riyadh/ishbiliyah/apartment-for-rent-6783969,40000,605.0,66.11570247933884,66.11570247933884
Riyadh General,4500,240.0,"Villa for Rent in Riyadh Ar Rimal§4,500/annually240m²843villa for rent, area 240 sqm
internal staircase. ground floor: sitting room, maqalat (reception area), spacious hall, large windows, additional room, kitchen, and two bathrooms.
second floor: four bedrooms, 2 of which are master bedrooms, 2 shared bathrooms, and a hall.
third floor: bathroom and laundry room.
price: 4,500 sar per month with an annual contract on the shore.Ar Rimal, Riyadh",https://sa.aqar.fm/en/villa-for-rent/riyadh/east-of-riyadh/ar-rimal/villa-for-rent-6892459,4500,240.0,18.75,18.75
Riyadh General,120000,200.0,"Shop for Rent in Riyadh Al Mahdiyah§120,000/annually200m²40m🏢 commercial halls with mezzanine and suitable height

**specifications:**
- total area: 180 m² for both halls (90 m² per hall) – expandable.
- height: 8 meters | width: 4 meters.
- additional mezzanine: 30 m² equipped with a retractable and expandable bridge.

**features:**
(construction completed + electricity + civil defense ready) 👍🏼👍🏼
(independent electricity meter for each hall)
- services: a restroom for each hall.
- suitable layout for the hall spaces.
- impressive height suitable for decorations, exhibitions, cafes, and executive offices.

📲 **for inquiries and viewing:**
abu mohammad
📞 ((number appears upon pressing call))Al Mahdiyah, Riyadh",https://sa.aqar.fm/en/store-for-rent/riyadh/west-of-riyadh/al-mahdiyah/store-for-rent-6784299,120000,200.0,600.0,600.0
Riyadh General,30000,324.0,"Apartment for Rent in Riyadh Ash Sharq§30,000/annually324m²321assalamu alaikum wa rahmatullah
apartment for rent in al marjan neighborhood
3 rooms
living room
kitchen
2 bathrooms
price: 30,000
and peace and blessings be upon our prophet muhammadAsh Sharq, Riyadh",https://sa.aqar.fm/en/apartment-for-rent/riyadh/east-of-riyadh/ash-sharq/apartment-for-rent-6867607,30000,324.0,92.5925925925926,92.5925925925926
Riyadh General,75000,98.0,"Floor for Rent in Riyadh An Narjis§75,000/annually98m²433**elite aura real estate**

**listing no. (171) – rental offers**

**al narjes district:**

**description:**
- 3 bedrooms – living room – lounge – 3 bathrooms – kitchen
- built-in kitchen
- air conditioners included

⭐ **property features:**
- water & electricity available
- parking space
- car entrance
- two private entrances
- corner villaAn Narjis, Riyadh",https://sa.aqar.fm/en/big-flat-for-rent/riyadh/north-of-riyadh/an-narjis/big-flat-for-rent-6886352,75000,98.0,765.3061224489796,765.3061224489796
Riyadh General,3000,450.0,"Apartment for Rent in Riyadh Al Yarmouk§3,000/annually450m²111peace be upon you and god's mercy and blessings.

apartment for rent in al-yarmouk neighborhood:
- private entrance
- 1 bedroom
- living room
- kitchen
- 1 bathroom
- free electricity
- free water
- furnished

price: 3,000 monthly
available for families or singles.Al Yarmouk, Riyadh",https://sa.aqar.fm/en/apartment-for-rent/riyadh/east-of-riyadh/al-yarmouk/apartment-for-rent-6814609,3000,450.0,6.666666666666667,6.666666666666667
Riyadh General,3200,300.0,"Apartment for Rent in Riyadh Ishbiliyah§3,200/annually300m²111assalamu alaikum wa rahmatullahi wa barakatuh
luxury apartment for rent in ishbiliyah district
one bedroom
living room
kitchen
bathroom
furnished
air conditioners and built-in kitchen
price: 3,200 per month with an annual contract
peace and blessings be upon our prophetIshbiliyah, Riyadh",https://sa.aqar.fm/en/apartment-for-rent/riyadh/east-of-riyadh/ishbiliyah/apartment-for-rent-6896018,3200,300.0,10.666666666666666,10.666666666666666
Riyadh General,3000,416.0,"Apartment for Rent in Riyadh Al Yarmouk§3,000/annually416m²321peace be upon you and god's mercy and blessings.

for rent: an apartment in al-yarmouk neighborhood.
two entrances.
3 bedrooms.
living room.
kitchen.
2 bathrooms.
shared electricity.
built-in kitchen.
price: 3,000 per month with an annual contract.

and prayers and peace be upon our prophet muhammad.Al Yarmouk, Riyadh",https://sa.aqar.fm/en/apartment-for-rent/riyadh/east-of-riyadh/al-yarmouk/apartment-for-rent-6899379,3000,416.0,7.211538461538462,7.211538461538462
Riyadh General,40000,100.0,"Commercial Office for Rent in Riyadh Al Mahdiyah§40,000/annually100m²office for rent with an area of 100 sqm, consisting of two rooms, a spacious reception hall, an office kitchen, and a bathroom, with high-end finishing and a distinctive practical layout.

for contact ((number appears when pressing call))
abu muhammadAl Mahdiyah, Riyadh",https://sa.aqar.fm/en/office-for-rent/riyadh/west-of-riyadh/al-mahdiyah/office-for-rent-6854336,40000,100.0,400.0,400.0
Riyadh General,60000,492.0,"Apartment for Rent in Riyadh Ishbiliyah§60,000/annually492m²441peace be upon you and god's mercy and blessings.

an apartment (upper floor) for rent in ishbiliyah district, renovated:
- 4 rooms
- living room
- kitchen
- 4 bathrooms
- 2 entrances
- shared electricity meter
- shared water
- close to all services

price: 60,000Ishbiliyah, Riyadh",https://sa.aqar.fm/en/apartment-for-rent/riyadh/east-of-riyadh/ishbiliyah/apartment-for-rent-6541951,60000,492.0,121.95121951219512,121.95121951219512
Riyadh General,4000,656.0,"Rest House for Rent in Riyadh Ash Sharq§4,000/annually656m²211peace be upon you and god's mercy and blessings.

rest house in al-bayan neighborhood for rent:
- fireplace
- majlis (sitting room)
- kitchen
- bathroom
- yard/courtyard
- installed air conditioners, installed kitchen
- furnished
- private entrance
- independent electricity
- shared water

price: 4,000 monthly with an annual contract.Ash Sharq, Riyadh",https://sa.aqar.fm/en/lounge-for-rent/riyadh/east-of-riyadh/ash-sharq/lounge-for-rent-6601038,4000,656.0,6.097560975609756,6.097560975609756
Riyadh General,4000,656.0,"Rest House for Rent in Riyadh Ash Sharq§4,000/annually656m²211peace be upon you and god's mercy and blessings.

rest house in al-bayan neighborhood for rent:
- fireplace
- majlis (sitting room)
- kitchen
- bathroom
- yard/courtyard
- installed air conditioners, installed kitchen
- furnished
- private entrance
- independent electricity
- shared water

price: 4,000 monthly with an annual contract.Ash Sharq, Riyadh",https://sa.aqar.fm/en/lounge-for-rent/riyadh/east-of-riyadh/ash-sharq/lounge-for-rent-6601038,4000,656.0,6.097560975609756,6.097560975609756
Riyadh General,35000,440.0,"Apartment for Rent in Riyadh Al Yarmouk§35,000/annually440m²321peace be upon you and god's mercy and blessings.

for rent: a renovated apartment in al-yarmouk neighborhood
3 bedrooms
living room
kitchen
2 bathrooms
shared electricity
free water
price: 35,000 annually, paid quarterly

and prayers and peace be upon our prophet muhammad.Al Yarmouk, Riyadh",https://sa.aqar.fm/en/apartment-for-rent/riyadh/east-of-riyadh/al-yarmouk/apartment-for-rent-6681625,35000,440.0,79.54545454545455,79.54545454545455
Riyadh General,95000,105.0,"Apartment for Rent in Riyadh An Narjis§95,000/annually105m²331🏡 for rent | ground floor apartment with private courtyard – al narjis district

📍 al ajlan riviera 37 project – north riyadh

a distinctive ground floor apartment with practical spaces and a spacious private courtyard, suitable for families seeking privacy and upscale living in one of north riyadh's premium neighborhoods.

✨ apartment details:
• total area: 172 m²
• apartment area: 117 m²
• private courtyard area: 55 m²
• 3 bedrooms
• spacious living room
• 3 bathrooms
• kitchen
• storage room
• spacious private courtyard

🔹 features & amenities:
• built-in kitchen
• built-in air conditioners
• curtains and wardrobes
• furnished living room and some bedrooms
• high privacy
• prime location close to services

💰 annual rent: 95,000 sar
🔐 security deposit: 5,000 sar

📞 for inquiries and viewing:
khalid al-qahtani
((number appears upon clicking call))An Narjis, Riyadh",https://sa.aqar.fm/en/apartment-for-rent/riyadh/north-of-riyadh/an-narjis/apartment-for-rent-6861308,95000,105.0,904.7619047619048,904.7619047619048
Riyadh General,60000,900.0,"Building for Rent in Riyadh Tuwaiq§60,000/annually900m²40mshops for rent and residential apartments
on saad bin muadh street
40-meter street, opposite harveys restaurant, next to darah
tuwaiq district
hisham al-aifan real estate officeTuwaiq, Riyadh",https://sa.aqar.fm/en/building-for-rent/riyadh/west-of-riyadh/tuwaiq/building-for-rent-6796539,60000,900.0,66.66666666666667,66.66666666666667
Riyadh General,148235,158.0,"Commercial Office for Rent in Riyadh Ar Rawdah§148,235/annually158m²luxury office for rent in al rawdah district

a luxury office with an area of 158 m² in a prime location in al rawdah district, one of the most beautiful neighborhoods in riyadh.

office features:
* spacious area suitable for various office activities.
* independent electricity meter.
* two dedicated parking spaces.
* quiet work environment conducive to productivity.
* prime location close to various services.
* proximity to a bus station, making it easy to access the office.

a distinctive office that combines an upscale location, tranquility, and easy accessibility, making it an ideal work environment.Ar Rawdah, Riyadh",https://sa.aqar.fm/en/office-for-rent/riyadh/east-of-riyadh/ar-rawdah/office-for-rent-6825537,148235,158.0,938.1962025316456,938.1962025316456
Riyadh General,75000,1666.0,"Apartment for Rent in Riyadh Al Ghadir§75,000/annually1,666m²431✨ distinctive apartment for rent – al ghadir district ✨

an opportunity to live in an elegant apartment with a modern design and high-end finishes, featuring excellent natural lighting and comfortable spaces.

2 bedrooms
independent sitting room (majlis)
spacious living room
open kitchen with a modern design
2 bathrooms
third floor (no elevator)

the apartment is suitable for small families and offers a comfortable residential atmosphere in one of the most distinguished neighborhoods.

📍 location: al ghadir district

for inquiries:

ibrahim ( ((number appears upon clicking call)) )Al Ghadir, Riyadh",https://sa.aqar.fm/en/apartment-for-rent/riyadh/north-of-riyadh/al-ghadir/apartment-for-rent-6725889,75000,1666.0,45.01800720288115,45.01800720288115
Riyadh General,400000,2400.0,"Rest House for Rent in Riyadh Al Qirawan§400,000/annually2,400m²52for rent – land
aqraba district
with a fencing permit
al-jubailah
area: 2,400 square meters
15-meter southern street with a width of 40
depth: 60Al Qirawan, Riyadh",https://sa.aqar.fm/en/lounge-for-rent/riyadh/north-of-riyadh/al-qirawan/lounge-for-rent-6881687,400000,2400.0,166.66666666666666,166.66666666666666
Riyadh General,40000,128.0,"Apartment for Rent in Riyadh An Narjis§40,000/annually128m²321apartment for rent in al narjis district, riyadh

second floor
two entrances to the apartment
sitting room (majlis)
living room (sala)
kitchen
two bedrooms
two bathrooms
shared entrance
independent electricity meter
water: 25% of the bill value

price:
40,000 sar – single payment
45,000 sar – two payments
4,500 sar – monthlyAn Narjis, Riyadh",https://sa.aqar.fm/en/apartment-for-rent/riyadh/north-of-riyadh/an-narjis/apartment-for-rent-6884519,40000,128.0,312.5,312.5
Riyadh General,3500,1199.0,"Apartment for Rent in Riyadh Ad Dar Al Baida§3,500/annually1,199m²221🏠 **furnished apartment for rent** 🏠

are you looking for comfortable and elegant accommodation?
we offer you a **furnished apartment** for rent in the best neighborhoods and premium locations!

**apartment features:**
✅ **luxurious furniture** and fully equipped with everything you need (bedrooms, living room, equipped kitchen, electrical appliances).
✅ **high-level services** (cleaning, maintenance, 24/7 security).
✅ **strategic location** close to public facilities (hospitals, schools, shopping centers, transportation).
✅ **flexible rental period** (daily, weekly, monthly).
✅ **competitive prices** suitable for all budgets.

don't miss the opportunity! enjoy staying in our furnished apartments that provide you with comfort and luxury.Ad Dar Al Baida, Riyadh",https://sa.aqar.fm/en/apartment-for-rent/riyadh/south-of-riyadh/ad-dar-al-baida/apartment-for-rent-6611632,3500,1199.0,2.9190992493744785,2.9190992493744785
Riyadh General,477000,445.0,"Building for Rent in Riyadh Al Arid§477,000/annually445m²60mfor rent complete showrooms and offices
khalid bin bandar street
showroom area 126 sqm
office area 150 sqm
for viewing and inquiries 0561114888Al Arid, Riyadh",https://sa.aqar.fm/en/building-for-rent/riyadh/north-of-riyadh/al-arid/building-for-rent-6639529,477000,445.0,1071.9101123595506,1071.9101123595506
Riyadh General,85000,375.0,"Villa for Rent in Riyadh Shubra§85,000/annually375m²842# f01 #a distinctive residential opportunity – standalone villa in shubra district ✨

a spacious villa for rent, featuring an architectural layout that provides privacy and comfort, with fully integrated outdoor spaces in the heart of the prestigious shubra neighborhood.

**rental value: 90,000 sar** 💵
**location: shubra district** https://maps.app.goo.gl/zeyccv6gmcvw6ss19?g_st=ipc

🏷️ **property details**
• 📐 **area:** 375 square meters
• ⚡ **utilities:** independent electricity meter + independent water meter

🔹 **specifications & interior layout:**

🏠 **ground floor (reception & service area):**
• 🚗 **entrances:** separate driver's room + outdoor annex (bbq/fireplace area)
• 🛋️ **hospitality:** independent men's sitting room + cloakroom + women's sitting room with full privacy
• 👪 **living:** spacious open family living room
• 🍳 **kitchen:** fully equipped kitchen with a dedicated storage room

🏠 **first floor (bedroom wing):**
• 🛏️ **bedrooms:** 4 spacious bedrooms
• ⭐ **master suite:** master bedroom (full suite)
• 🚿 **bathrooms:** 3 additional bedrooms served by a shared bathroom with a convenient layout

🏠 **rooftop:**
• 🧹 **services:** private maid's room with an independent bathroom

📞 **for inquiries & contact:**
basmat three for real estate development & investment
📱 ((number appears upon pressing call))
📱 ((number appears upon pressing call))
☎️ 0114972632
✉️ sales@basmathara.com
🌐 www.basmathara.comShubra, Riyadh",https://sa.aqar.fm/en/villa-for-rent/riyadh/west-of-riyadh/shubra/villa-for-rent-6661217,85000,375.0,226.66666666666666,226.66666666666666
Riyadh General,720000,900.0,"Land for Rent in Riyadh Al Mahdiyah§720,000/annually900m²40m🔥 rare investment opportunity – commercial land on three streets in al mahdiya district 🔥

for direct lease – two commercial plots in an exceptional location in al mahdiya district, one of the strongest promising investment locations in the area.

📍 location: al mahdiya district
📐 area:

	•	each plot: 900 square meters
	•	total: 1,800 square meters
	•	available for lease separately or combined


🌟 strongest advantage:
✔ land on three streets (golden corner)
✔ multiple frontages provide high flexibility in design and operation
✔ very strong commercial visibility (high visibility)

✨ additional features:
✔ vital location amidst growing population density
✔ easy entry and exit from multiple directions
✔ perfect opportunity for brands and operators seeking a prominent location

🔸a location with this distinction guarantees strong presence and high investment return, god willing

📞 for contact and inquiries:
0555587100
0500072624
⚡ distinguished locations don't repeat – hurry to reserve your locationAl Mahdiyah, Riyadh",https://sa.aqar.fm/en/land-for-rent/riyadh/west-of-riyadh/al-mahdiyah/land-for-rent-6635884,720000,900.0,800.0,800.0
Riyadh General,1724800,784.0,"Commercial Office for Rent in Riyadh Al Mughrizat§1,724,800/annually784m²**for rent | commercial office – 784 m² | ground floor | new east complex**

a commercial office is available for rent with an area of 784 square meters in the new east complex, located on the ground floor, in a prime location in al-maghrazat district on the eastern ring road (between exit 9 and exit 10), within a modern, fully-serviced business complex.

**unit specifications:**
- area: 784 m²
- floor: ground floor
- condition: ready for fit-out works (shell & core) as per tenant's preference
- civil defense system installed and ready
- lg-vrf air conditioning system installed
- building management system (bms) installed

**complex features:**
- modern business complex with high operational standards
- 608 parking spaces available
- additional spaces available for rent
- ideal environment for companies and administrative offices
- easy access and well-organized entrancesAl Mughrizat, Riyadh",https://sa.aqar.fm/en/office-for-rent/riyadh/north-of-riyadh/al-mughrizat/office-for-rent-6563048,1724800,784.0,2200.0,2200.0
Riyadh General,140000,330.0,"Villa for Rent in Riyadh Al Olaya§140,000/annually330m²632🏡 prime villa for rent in al olaya district | exceptional location

an excellent villa with a distinguished strategic location in the heart of riyadh, between tahlia road, king fahd road, and takhassusi road.

area: 330 m²

facade: south-facing

annual rent: 140,000 sar

property details:

ground floor: spacious majlis, family living room, dining room, kitchen, and bathroom.

second floor: 4 bedrooms (including a master bedroom), lounge, and 2 bathrooms.

📍 location close to all services and vital centers.

for contact and inquiries (unified number): 920014740Al Olaya, Riyadh",https://sa.aqar.fm/en/villa-for-rent/riyadh/north-of-riyadh/al-olaya/villa-for-rent-6829250,140000,330.0,424.24242424242425,424.24242424242425
Riyadh General,67500,45.0,"Shop for Rent in Riyadh Ar Rimal§67,500/annually45m²60m🏬 commercial showrooms for rent – al-thamamah street

**location and neighborhood:**
- the showrooms are located directly on the main al-thamamah street.
- situated within two luxurious buildings in a vibrant neighborhood.
- located next to a mosque.
- adjacent to a residential staff accommodation building (with a capacity of over 350 individuals).

**spaces and finishing:**
- showroom areas range from 29 square meters to 55 square meters.
- option to combine showrooms to increase total space.
- handover condition: rented as-is (unfinished shell).
- handover date: immediate.

**technical specifications and services:**
- central air conditioning.
- security and safety systems approved by civil defense.
- ample parking spaces available on-site.
- landscaped outdoor greenery in front of the units.Ar Rimal, Riyadh",https://sa.aqar.fm/en/store-for-rent/riyadh/east-of-riyadh/ar-rimal/store-for-rent-6745618,67500,45.0,1500.0,1500.0
Riyadh General,110000,109.0,"Apartment for Rent in Riyadh Al Ghadir§110,000/annually109m²231🏷️ furnished apartment for rent in wakn 25 – al ghadir district

📌 property details
• fully furnished apartment
• second floor
• 2 master bedrooms
• 3 bathrooms
• living room
• fully equipped kitchen + kitchenette
• washing machine
• installed ac units
• basement parking
• installed shutters
• balcony

💰 rent
• 110,000 sar annually

🏢 why alama realty
✔ professional local support
✔ carefully curated property listings
✔ clear and transparent communication
✔ premium experience tailored for professionals and residentsAl Ghadir, Riyadh",https://sa.aqar.fm/en/apartment-for-rent/riyadh/north-of-riyadh/al-ghadir/apartment-for-rent-6764877,110000,109.0,1009.1743119266055,1009.1743119266055
Riyadh General,100000,360.0,"Shop for Rent in Riyadh Ishbiliyah§100,000/annually360m²60mpeace be upon you and god's mercy and blessings.
we are pleased to serve you.
and prayers and peace be upon our prophet muhammad.Ishbiliyah, Riyadh",https://sa.aqar.fm/en/store-for-rent/riyadh/east-of-riyadh/ishbiliyah/store-for-rent-6864474,100000,360.0,277.77777777777777,277.77777777777777
Riyadh General,48000,163.0,"Floor for Rent in Riyadh Al Janadriyah§48,000/annually163m²5for rent - first upper floor with two entrances
consisting of:
men's section: tiled men's sitting room, men's restroom
women's section:
living room
kitchen
3 bedrooms, all master bedrooms
elevator included
private parking space
modern design
brand new floor, never been occupied before
split air conditionersAl Janadriyah, Riyadh",https://sa.aqar.fm/en/big-flat-for-rent/riyadh/east-of-riyadh/al-janadriyah/big-flat-for-rent-6873070,48000,163.0,294.47852760736197,294.47852760736197
Riyadh General,70000,130.0,"Apartment for Rent in Riyadh An Narjis§70,000/annually130m²221apartment specifications: 🏘
2 spacious bedrooms, one of which is a master bedroom 🛏️
2 bathrooms 🚿
fully fitted kitchen with an italian oven
spacious living room with sufficient space for a dining table 🛋️
dedicated laundry and drying area
private parking space in addition to several public parking spaces available in front of the building 🚗
all air conditioning units are installed and brand new

project features: 🏢
* the apartment is in a building designated for families only
* no homeowners association fees required
* private electricity meter
* luxury finishes, high ceilings
* wall-hung toilets in bathrooms, rainfall showers
* building entrance secured with a smart access system, and smart access for the apartment
* installed air conditioning, fully fitted kitchen with oven
* pre-installation for built-in oven and grill
* dishwasher pre-installation in the kitchen
* equipped with fire suppression and safety systems, surveillance cameras
* regular cleaning and fragrancing of the building

project location advantages: 🏘
2 minutes from king salman road
2 minutes from abu bakr al-siddiq road
5 minutes from al-tamimi and panda
15 minutes from the airport

the property location is accurate as shown in the listing 📍An Narjis, Riyadh",https://sa.aqar.fm/en/apartment-for-rent/riyadh/north-of-riyadh/an-narjis/apartment-for-rent-6850382,70000,130.0,538.4615384615385,538.4615384615385
Riyadh General,70000,123.0,"Apartment for Rent in Riyadh At Taawon§70,000/annually123m²231❌❌. rented ❌❌❌
for new offers, please contact the office.At Taawon, Riyadh",https://sa.aqar.fm/en/apartment-for-rent/riyadh/north-of-riyadh/at-taawon/apartment-for-rent-6768869,70000,123.0,569.1056910569106,569.1056910569106
Riyadh General,30000,900.0,"Rest House for Rent in Riyadh Ash Sharq§30,000/annually900m²34rest house for rent - al mashraq district, ramah road
plan no. 3128
area: 900 sqm, divided into two sections, each 450 sqm
each section consists of:
- sitting room: 6×10
- tiled area: 4×6
- kitchen: 2×3
both sections have the same layout

price: 30,000 (one payment)
or 40,000 in two installments

for inquiries, mobile:
((number appears when pressing call))
((number appears when pressing call))Ash Sharq, Riyadh",https://sa.aqar.fm/en/lounge-for-rent/riyadh/east-of-riyadh/ash-sharq/lounge-for-rent-6880819,30000,900.0,33.333333333333336,33.333333333333336
Riyadh General,1200448,5328.0,"Land for Sale in Riyadh Al Mahdiyah§1,200,448.5328m²15mResidential**for sale land area 320 meters**

**specifications**
• land area 320
• 15-meter street north
• dimensions 12.10 x 26.91

**property features**
close to mosque 🕌
- and garden ✨
price - 1,200,000

**we are honored by your visit to the company**
multiple lands available
in al-mahdiya district at different prices

for more information and land visit
_________________________
**muwafaqa real estate company**
abu ahmad
0551031732Al Mahdiyah, Riyadh",https://sa.aqar.fm/en/land-for-sale/riyadh/west-of-riyadh/al-mahdiyah/land-for-sale-6724325,1200448,5328.0,225.3093093093093,225.3093093093093
Riyadh General,50000,135.0,"Apartment for Rent in Riyadh Al Aqiq§50,000/annually135m²111apartment #2.5
listing number: 3297
to book an appointment or view other units, please visit the aamar website: http://aamar.sa/units/3297

prices:
single payment: 50,000 sar
monthly installments: 72,000 sar

unit details:
1 bedroom + 1 bathroom
living room (1)
american kitchen (installed)
2 air conditioners (installed)
private entrance
outdoor area (none)
private parking (building front)

property location features:
🛣️ mohammed bin salman road – 2 minutes
🛒 riyadh park – 7 minutes
🏙️ king abdullah financial district – 8 minutes
🏙️ boulevard city – 10 minutes
🎓 king saud university – 13 minutesAl Aqiq, Riyadh",https://sa.aqar.fm/en/apartment-for-rent/riyadh/north-of-riyadh/al-aqiq/apartment-for-rent-6768171,50000,135.0,370.3703703703704,370.3703703703704
Riyadh General,130000,166.0,"Apartment for Rent in Riyadh Hittin§130,000/annually166m²331apartment 113_s_a1
listing number: 3167
to book an appointment or view other units, please visit the aamar website: http://aamar.sa/units/3167

**prices:**
single payment: 130,000 sar
two payments: 135,000 sar

**unit details:**
3 bedrooms + 3 bathrooms
living room (1)
american kitchen (built-in)
5 air conditioners (built-in)
laundry room
outdoor area (none)
private parking (both)
smart lock

**building features:**
shared garden

**property location highlights:**
🛣️ 2 minutes from anas ibn malik road
🛣️ 3 minutes from king khalid road
🍎 4 minutes from tamimi markets
🌍 6 minutes from boulevard world
🎓 15 minutes from imam muhammad ibn saud islamic university
🛫 20 minutes from king khalid international airportHittin, Riyadh",https://sa.aqar.fm/en/apartment-for-rent/riyadh/north-of-riyadh/hittin/apartment-for-rent-6791145,130000,166.0,783.1325301204819,783.1325301204819
Riyadh General,38000,471.0,"Apartment for Rent in Riyadh Al Arid§38,000/annually471m²321for rent: apartment in a villa, al-arid district
super deluxe finishing
fully renovated with new plumbing and electrical systems
independent electricity meter

built-in kitchen
consists of:
- two bedrooms
- living room
- hall
- kitchen

two bathrooms
private rooftop
two entrancesAl Arid, Riyadh",https://sa.aqar.fm/en/apartment-for-rent/riyadh/north-of-riyadh/al-arid/apartment-for-rent-6792696,38000,471.0,80.67940552016985,80.67940552016985
Riyadh General,75000,400.0,"Floor for Rent in Riyadh Ghirnatah§75,000/annually400m²541ground floor apartment with four rooms, a hall, and an external annex — very clean — for rent in al gharnata district.

fitted kitchen — split air conditioners installed.

the floor consists of:
- 2 bedrooms
- 5 bathrooms
- kitchen (fitted)
- 8 split air conditioners
- living room / majlis / reception
- small outdoor courtyard
- maid's room
- external annex
- private entrance

rent (1 payment): 75,000
rent (2 payments): 80,000

for contact:
(number appears when pressing ""call"")Ghirnatah, Riyadh",https://sa.aqar.fm/en/big-flat-for-rent/riyadh/east-of-riyadh/ghirnatah/big-flat-for-rent-6881482,75000,400.0,187.5,187.5
Riyadh General,38000,375.0,"Apartment for Rent in Riyadh An Narjis§38,000/annually375m²321for rent, apartment in a villa, al narjis district
super deluxe finishing, fully renovated with painting, plumbing, and electrical work
installed air conditioners
installed kitchen
independent electricity meter
consists of:
2 bedrooms
living room
sitting room
kitchen
2 bathrooms
2 entrancesAn Narjis, Riyadh",https://sa.aqar.fm/en/apartment-for-rent/riyadh/north-of-riyadh/an-narjis/apartment-for-rent-6882910,38000,375.0,101.33333333333333,101.33333333333333
Riyadh General,131000,472.0,"Villa for Rent in Riyadh Al Arid§131,000/annually472m²352townhouse #0
listing number: 4244
to book an appointment or view other units, please visit the aamar website: http://aamar.sa/units/4244
prices:
single payment: 131,000 sar
two payments: 131,000 sar
unit details:
3 bedrooms + 5 bathrooms
living room (2) + separate sitting room
american kitchen (not installed)
5 air conditioners (installed)
maid's room
outdoor area (private yard)
private parking (building front)Al Arid, Riyadh",https://sa.aqar.fm/en/villa-for-rent/riyadh/north-of-riyadh/al-arid/villa-for-rent-6885969,131000,472.0,277.54237288135596,277.54237288135596
Riyadh General,60000,192.0,"Apartment for Rent in Riyadh Dhahrat Laban§60,000/annually192m²432apartment #28
ad number: 4373
to book an appointment or view other units, please visit the aamar website: http://aamar.sa/units/4373

prices:
single payment: 60,000 sar
two payments: 65,000 sar

unit details:
3 bedrooms + 3 bathrooms
living room (2)
american kitchen (built-in)
air conditioners: 0 (built-in)
outdoor area: none
private parking: noneDhahrat Laban, Riyadh",https://sa.aqar.fm/en/apartment-for-rent/riyadh/west-of-riyadh/dhahrat-laban/apartment-for-rent-6886019,60000,192.0,312.5,312.5
Riyadh General,101500,600.0,"Villa for Rent in Riyadh Al Olaya§101,500/annually600m²431villa #0
listing number: 4383
to book an appointment or view other units, please visit the aamar website: http://aamar.sa/units/4383
prices:
single payment: 1,001,500 sar
two payments: 1,001,500 sar
unit details:
3 bedrooms + 3 bathrooms
living room (1)
american kitchen (built-in)
6 air conditioners (built-in)
outdoor area (none)
private parking (building front)Al Olaya, Riyadh",https://sa.aqar.fm/en/villa-for-rent/riyadh/north-of-riyadh/al-olaya/villa-for-rent-6895641,101500,600.0,169.16666666666666,169.16666666666666
Riyadh General,80000,143.0,"Apartment for Rent in Riyadh Al Qirawan§80,000/annually143m²341apartment a2
listing number: 3937
to book an appointment or view other units, please visit the aamar website: http://aamar.sa/units/3937

prices:
single payment: 90,000 sar
two payments: 95,000 sar

unit details:
3 bedrooms + 4 bathrooms
living room (1) + separate sitting room
american kitchen (installed)
6 air conditioners (installed)
storage room
outdoor area (none)
private parking (building front)Al Qirawan, Riyadh",https://sa.aqar.fm/en/apartment-for-rent/riyadh/north-of-riyadh/al-qirawan/apartment-for-rent-6903044,80000,143.0,559.4405594405595,559.4405594405595
Riyadh General,70000,111.0,"Apartment for Rent in Riyadh Ar Rabwah§70,000/annually111m²222apartment in al-rabwa neighborhood, fully furnished to hotel standard, including kitchenware and appliances. the apartment is spacious and bright, in an excellent location next to al-nahda road, the walking path, al-khalij bridge, and the eastern ring road. located on a commercial street, close to all services, mosque, schools, and metro station. ground floor with basement parking and outdoor parking spaces. a quiet building in an excellent location.

the apartment consists of two bedrooms, two living rooms, a dressing room, a laundry room, two bathrooms, a kitchen, and a garden.

annual rent payable in two installments.Ar Rabwah, Riyadh",https://sa.aqar.fm/en/apartment-for-rent/riyadh/center-of-riyadh/ar-rabwah/apartment-for-rent-6742612,70000,111.0,630.6306306306307,630.6306306306307
Riyadh General,95000,480.0,"Apartment for Rent in Riyadh Al Qirawan§95,000/annually480m²6511-🔹 spacious two-floor apartment for rent 🔹
a distinctive apartment with an area of 253 m² featuring a spacious design suitable for families.
👈annual rent: 95,000

apartment features👇👇:
men's sitting room
women's sitting room
master bedroom
two bedrooms
maid's room
kitchen
storage room
laundry room
7 bathrooms
👈private rooftop of approximately 80 m² with a bathroom
👈full copper piping and wiring installed for split air conditioning units throughout the entire apartment
✅ spacious area
✅ practical and comfortable layout for the family
📞 for contact and inquiries:
(050, 7011250)
(050, 3314425)Al Qirawan, Riyadh",https://sa.aqar.fm/en/apartment-for-rent/riyadh/north-of-riyadh/al-qirawan/apartment-for-rent-6811100,95000,480.0,197.91666666666666,197.91666666666666
Riyadh General,13200,400.0,"Room for Rent in Riyadh Al Uraija Al Wusta§13,200/annually400m²**room and bathroom in a residential villa – al-uraija al-wusta district**

**specifications:**
- 1 room (gypsum finishing)
- 1 bathroom
- 1 split air conditioner
- electricity and water included
- independent entrance

**rent**
annual contract
one installment – two installments – four installments
13,200,000 sar

**contact**
*[dedeal]*
*hasm al-safqa real estate company*
((number appears when pressing call))Al Uraija Al Wusta, Riyadh",https://sa.aqar.fm/en/room-for-rent/riyadh/west-of-riyadh/al-uraija-al-wusta/room-for-rent-6878373,13200,400.0,33.0,33.0
Riyadh General,25200,900.0,"Land for Rent in Riyadh Ash Sharq§25,200/annually900m²40mResidentialNo descriptionAsh Sharq, Riyadh",https://sa.aqar.fm/en/land-for-rent/riyadh/east-of-riyadh/ash-sharq/land-for-rent-6846511,25200,900.0,28.0,28.0
Riyadh General,85000,132.0,"Commercial Office for Rent in Riyadh Ar Rawdah§85,000/annually132m²office in a prime corner location on the eastern ring road in riyadh, between exits 11 and 12, directly opposite jarir commercial complex with its cafes and services. the office is divided into four offices, a storage and service area, and two restrooms, and is located on the first floor.Ar Rawdah, Riyadh",https://sa.aqar.fm/en/office-for-rent/riyadh/east-of-riyadh/ar-rawdah/office-for-rent-6838712,85000,132.0,643.939393939394,643.939393939394
Riyadh General,98000,364.0,"Floor for Rent in Riyadh Al Yasmin§98,000/annually364m²442**for rent – luxurious ground floor on two streets in al-yasmin district**

📏 **specifications:**
- area: 364 m²
- separate electricity meter
- 2 external entrances and 2 internal entrances
- car garage
- fully renovated

**the floor consists of:**
🛏️ 3 bedrooms (including 2 master bedrooms with en-suite bathrooms)
🚽 4 bathrooms
🧺 maid's room with bathroom and laundry room
🔮 large living/reception room (majlis)
🛋️ large family lounge
🪟 external annex
💎 large courtyard with a desert air cooler
🍽️ fully fitted kitchen with oven, dishwasher, water dispenser, and microwave
❄️ all air conditioners are installed
📦 storage room/warehouse

**location features:**
- close to anas bin malik road and king salman road
- easy access to king abdulaziz road and abu bakr al-siddiq road
- close to schools, services, restaurants, and cafés
- quiet residential location with proximity to main roads and key areas

💰 **rental price:**
- 98,000 sar – single payment
- 102,000 sar – two payments (semi-annual)
- 106,000 sar – four payments (quarterly)
- 3,000 sar annual security deposit
- 1,000 sar annual water fee

**contact the owner directly via whatsapp only**Al Yasmin, Riyadh",https://sa.aqar.fm/en/big-flat-for-rent/riyadh/north-of-riyadh/al-yasmin/big-flat-for-rent-6886885,98000,364.0,269.2307692307692,269.2307692307692
Riyadh General,85000,115.0,"Apartment for Rent in Riyadh Al Qirawan§85,000/annually115m²331🏡 **distinctive apartment for rent in al-qirawan district – north riyadh**

if you're looking for an apartment with an excellent location and practical layout, i think you've found the right one.

📐 **total area:** 115 m²
🏢 **second floor**

**apartment details:**
• 3 bedrooms, including one master bedroom
• 3 bathrooms
• living room
• back yard
• fully fitted kitchen equipped with appliances
• 2 private parking spaces for the unit

📍 **al-qirawan district highlights:**
a distinguished neighborhood in north riyadh, close to main roads, services, restaurants, cafés, and schools, with easy access from multiple directions.

the neighborhood is quiet and suitable for residential living.

✨ a well-maintained apartment with a practical layout and an excellent location in one of the finest districts in north riyadh.Al Qirawan, Riyadh",https://sa.aqar.fm/en/apartment-for-rent/riyadh/north-of-riyadh/al-qirawan/apartment-for-rent-6892252,85000,115.0,739.1304347826087,739.1304347826087
Riyadh General,48000,130.0,"Apartment for Rent in Riyadh Dhahrat Laban§48,000/annually130m²321apartment in a villa (renovated)

apartment features:
- 2 entrances
- 2 bedrooms
- 1 sitting room
- large living room
- fitted kitchen
- installed split air conditioners
- separate electricity meter
- close to government facilities

a security deposit of 3,000 sar is required

installment payment is available through the rayze platformDhahrat Laban, Riyadh",https://sa.aqar.fm/en/apartment-for-rent/riyadh/west-of-riyadh/dhahrat-laban/apartment-for-rent-6859651,48000,130.0,369.2307692307692,369.2307692307692
Riyadh General,90000,750.0,"Apartment for Rent in Riyadh Ar Raid§90,000/annually750m²3a rental apartment in al-raed neighborhood, consisting of 3 bedrooms, a living room, an open kitchen overlooking the living room, a maid's room, and a rooftop. close to king saud university metro station, within walking distance. it is bordered by main streets: king abdullah road, turki al-awwal road, and king khalid road. close to the diplomatic quarter, a vibrant area surrounded by commercial centers.Ar Raid, Riyadh",https://sa.aqar.fm/en/apartment-for-rent/riyadh/west-of-riyadh/ar-raid/apartment-for-rent-6864872,90000,750.0,120.0,120.0
Riyadh General,124000,1399.0,"Commercial Office for Rent in Riyadh Al Masif§124,000/annually1,399m²luxury commercial office for rent

location: abu bakr al-siddiq road (may allah be pleased with him)

office space: 101 square meters

internal partitioning (photos and video attached)

2 bathrooms

property age: approximately five years old with modern design and distinctive facades.

price: 130,000 (excluding tax)
security deposit: 5,000 sarAl Masif, Riyadh",https://sa.aqar.fm/en/office-for-rent/riyadh/north-of-riyadh/al-masif/office-for-rent-6900493,124000,1399.0,88.63473909935668,88.63473909935668
Riyadh General,67000,133.0,"Commercial Office for Rent in Riyadh Al Quds§67,000/annually133m²office in a prime location in riyadh, al-quds district, king abdullah road, opposite al-habib balhomer hospital, 750 meters from khalid bin al-walid train station. it consists of 3 rooms, 2 bathrooms, and a kitchen. area: 133 sqm. rent: 67,000 (two installments) or 62,000 (one installment). for viewing and inspection, offices are available from 5 pm to 8 pm. contact via whatsapp only to the advertiser's mobile number (number appears when pressing call).Al Quds, Riyadh",https://sa.aqar.fm/en/office-for-rent/riyadh/east-of-riyadh/al-quds/office-for-rent-6761415,67000,133.0,503.7593984962406,503.7593984962406
Riyadh General,50000,900.0,"Shop for Rent in Riyadh Al Mahdiyah§50,000/annually900m²40min a lively street in mahdia
the shop area is 50 square meters..
private bathroom for the shopAl Mahdiyah, Riyadh",https://sa.aqar.fm/en/store-for-rent/riyadh/west-of-riyadh/al-mahdiyah/store-for-rent-6871866,50000,900.0,55.55555555555556,55.55555555555556
Riyadh General,28000,250.0,"Rest House for Rent in Riyadh Al Hazm§28,000/annually250m²21a rest house consisting of a large room, a traditional sitting area (majlis), a bedouin tent, a large courtyard, a bathroom, and a kitchen. it has a private entrance on the street, close to all services, and located in a prime location on a main road.Al Hazm, Riyadh",https://sa.aqar.fm/en/lounge-for-rent/riyadh/west-of-riyadh/al-hazm/lounge-for-rent-6852629,28000,250.0,112.0,112.0
Riyadh General,42000,525.0,"Apartment for Rent in Riyadh Al Mahdiyah§42,000/annually525m²421for rent: a distinctive residential apartment in a quiet and premium location in al-muhaidib neighborhood, featuring a practical design that combines comfort and privacy.

**apartment specifications:**

second floor
• 2 bedrooms (5×4) in size
• independent sitting room (majlis)
• spacious living room (10×3.5) in size
• private rooftop with a comfortable outdoor seating area
• storage room

two independent entrances to the apartment

**features:**
- quiet and prime location in al-muhaidib neighborhood
- design that provides high privacy thanks to the two independent entrances
- outdoor rooftop seating area ideal for families
- additional storage room for belongingsAl Mahdiyah, Riyadh",https://sa.aqar.fm/en/apartment-for-rent/riyadh/west-of-riyadh/al-mahdiyah/apartment-for-rent-6794069,42000,525.0,80.0,80.0
Riyadh General,55000,75.0,"Floor for Rent in Riyadh Al Maizilah§55,000/annually75m²531upper floor - five rooms and living hall - one year old - for rent in al-muaziliyah district - deluxe finishing
independent electricity meter - fitted kitchen - split air conditioners installed
the floor consists of:
three bedrooms - sitting room - reception room - living hall - kitchen - three bathrooms
rent in two payments: 55,000
rent in one payment: 55,000
for contact:
((advertiser's number appears upon contact))Al Maizilah, Riyadh",https://sa.aqar.fm/en/big-flat-for-rent/riyadh/east-of-riyadh/al-maizilah/big-flat-for-rent-6599057,55000,75.0,733.3333333333334,733.3333333333334
Riyadh General,45000,500.0,"Apartment for Rent in Riyadh Ishbiliyah§45,000/annually500m²421🏡 apartment for rent – ishbiliyah district | riyadh 📍

📌 location: ishbiliyah district – ahmed bin hashim street
🏠 first floor inside a residential villa

✨ consists of:
• 2 bedrooms 🛏️
• living room
• men's sitting room (majlis)
• maqalat (dressing/multipurpose room)
• kitchen 🍳
• 2 bathrooms 🚿
• shared electricity meter ⚡

📞 contact:
0534088882Ishbiliyah, Riyadh",https://sa.aqar.fm/en/apartment-for-rent/riyadh/east-of-riyadh/ishbiliyah/apartment-for-rent-6654175,45000,500.0,90.0,90.0
Riyadh General,100000,250.0,"Villa for Rent in Riyadh Al Yarmouk§100,000/annually250m²652🏡🔥 spacious villa for rent | al rimal – al khunaini | east riyadh

the villa is located in al rimal al khunaini neighborhood — not al yarmouk.

✨ large space + very prime location
📍 directly opposite a park
🛣️ on a 25-meter street
📐 area: 454 m²
🚗 car entrance + private parking

🏠 the villa consists of 3 floors:

🔹 ground floor:
• majlis (men's sitting room)
• maqalat (formal reception)
• living room
• kitchen
• 4 bedrooms
• 8 bathrooms
• car entrance

🔹 first floor:
• total of 9 rooms in the villa
• including 4 bedrooms
• 2 master bedrooms

🔹 second floor:
• rooftop

✨ includes some furnishings:
❄️ approximately 5 air conditioners
🍳 fitted kitchen
🛋️ men's majlis sofa set
🪟 curtains
🍽️ dining table with chairs
☕ service table

🌳 location features:
✅ opposite a park
✅ wide 25m street
✅ area: 454 m²
✅ parking and car entrance
✅ suitable for large families
✅ excellent space and practical layout

💰 annual rent: 100,000 sar

📞 contact:
0534088882Al Yarmouk, Riyadh",https://sa.aqar.fm/en/villa-for-rent/riyadh/east-of-riyadh/al-yarmouk/villa-for-rent-6713700,100000,250.0,400.0,400.0
Riyadh General,36000,360.0,"Apartment for Rent in Riyadh Al Yarmouk§36,000/annually360m²321three-room and living room apartment for rent in a villa, second floor, no rooftop, in al-yarmouk al-gharbi district.
two entrances - independent meter.
the apartment consists of:
two bedrooms - sitting room - living room - kitchen - two bathrooms.
rent: 36,000
for contact:
((number appears when pressing call))Al Yarmouk, Riyadh",https://sa.aqar.fm/en/apartment-for-rent/riyadh/east-of-riyadh/al-yarmouk/apartment-for-rent-6758758,36000,360.0,100.0,100.0
Riyadh General,50000,375.0,"Floor for Rent in Riyadh Ishbiliyah§50,000/annually375m²531upper floor with five rooms, a living room, and three bathrooms for rent in a villa (first floor) in the ishbiliyah district.
- excellent location, close to the park

two entrances -
the floor consists of:
three rooms including a master bedroom - a sitting room (majlis) - a reception room (muqlat) - a living room - a kitchen - three bathrooms
rent: 50,000
for contact:
((the number appears when clicking on the whatsapp icon))Ishbiliyah, Riyadh",https://sa.aqar.fm/en/big-flat-for-rent/riyadh/east-of-riyadh/ishbiliyah/big-flat-for-rent-6772855,50000,375.0,133.33333333333334,133.33333333333334
Riyadh General,3000,85.0,"Apartment for Rent in Riyadh Ar Rawabi§3,000/annually85m²1family apartments
two bedrooms and a living room
kitchen
bathroom
water and electricity included
air conditioners availableAr Rawabi, Riyadh",https://sa.aqar.fm/en/apartment-for-rent/riyadh/east-of-riyadh/ar-rawabi/apartment-for-rent-6804264,3000,85.0,35.294117647058826,35.294117647058826
Riyadh General,3000,450.0,"Apartment for Rent in Riyadh Al Yarmouk§3,000/annually450m²111peace be upon you and god's mercy and blessings.

apartment for rent in al-yarmouk neighborhood:
- private entrance
- 1 bedroom
- living room
- kitchen
- 1 bathroom
- free electricity
- free water
- furnished

price: 3,000 monthly
available for families or singles.Al Yarmouk, Riyadh",https://sa.aqar.fm/en/apartment-for-rent/riyadh/east-of-riyadh/al-yarmouk/apartment-for-rent-6814609,3000,450.0,6.666666666666667,6.666666666666667
Riyadh General,3200,300.0,"Apartment for Rent in Riyadh Ishbiliyah§3,200/annually300m²111assalamu alaikum wa rahmatullahi wa barakatuh
luxury apartment for rent in ishbiliyah district
one bedroom
living room
kitchen
bathroom
furnished
air conditioners and built-in kitchen
price: 3,200 per month with an annual contract
peace and blessings be upon our prophetIshbiliyah, Riyadh",https://sa.aqar.fm/en/apartment-for-rent/riyadh/east-of-riyadh/ishbiliyah/apartment-for-rent-6896018,3200,300.0,10.666666666666666,10.666666666666666
Riyadh General,3000,416.0,"Apartment for Rent in Riyadh Al Yarmouk§3,000/annually416m²321peace be upon you and god's mercy and blessings.

for rent: an apartment in al-yarmouk neighborhood.
two entrances.
3 bedrooms.
living room.
kitchen.
2 bathrooms.
shared electricity.
built-in kitchen.
price: 3,000 per month with an annual contract.

and prayers and peace be upon our prophet muhammad.Al Yarmouk, Riyadh",https://sa.aqar.fm/en/apartment-for-rent/riyadh/east-of-riyadh/al-yarmouk/apartment-for-rent-6899379,3000,416.0,7.211538461538462,7.211538461538462
Riyadh General,70000,104.0,"Apartment for Rent in Riyadh Al Arid§70,000/annually104m²221apartment b101
listing number: 3639
to book an appointment or view other units, please visit the aamar website: http://aamar.sa/units/3639
prices:
single payment: 70,000 sar
unit details:
2 bedrooms + 2 bathrooms
living room (1)
american kitchen (installed)
4 air conditioners (installed)
outdoor area (none)
private parking (building front)
smart lockAl Arid, Riyadh",https://sa.aqar.fm/en/apartment-for-rent/riyadh/north-of-riyadh/al-arid/apartment-for-rent-6850671,70000,104.0,673.0769230769231,673.0769230769231
Riyadh General,32000,600.0,"Apartment for Rent in Riyadh Jarir§32,000/annually600m²221apartment for rent in al malaz district
it consists of:
2 bedrooms + living room + kitchen + 2 bathrooms

apartment features:
• installed air conditioners
• private entrance
• close to services

rental price: 37,000

2 apartments available:
apartment: 36,000
apartment: 50,000Jarir, Riyadh",https://sa.aqar.fm/en/apartment-for-rent/riyadh/center-of-riyadh/jarir/apartment-for-rent-6852332,32000,600.0,53.333333333333336,53.333333333333336
Riyadh General,80000,107.0,"Apartment for Rent in Riyadh Al Qirawan§80,000/annually107m²231✨ for rent | fully furnished apartment – al qairawan district

📍 prime location | nirvana resident 12 project

a fully furnished apartment with a practical design and a distinguished location within a residential project in al qairawan district. suitable for families and those seeking an upscale, well-organized residence with privacy and private parking.

━━━━━━━━━━━━━━━━━━
🏠 apartment details
━━━━━━━━━━━━━━━━━━

▪️ area: 107 m²
▪️ floor: ground floor
▪️ single entrance
▪️ independent electricity meter
▪️ private parking space

🛋️ consists of:
▪️ sitting room (majlis)
▪️ sitting room bathroom
▪️ living room
▪️ kitchen
▪️ laundry room
▪️ two bedrooms, one of which is a master bedroom
▪️ bathroom

━━━━━━━━━━━━━━━━━━
💰 annual rent: 80,000 sar
━━━━━━━━━━━━━━━━━━

📞 for contact and inquiries:

abu jana: ((number appears upon clicking call))
khalid: ((number appears upon clicking call))

🏢 ru'yatك real estate companyAl Qirawan, Riyadh",https://sa.aqar.fm/en/apartment-for-rent/riyadh/north-of-riyadh/al-qirawan/apartment-for-rent-6860624,80000,107.0,747.6635514018692,747.6635514018692
Riyadh General,47000,161.0,"Floor for Rent in Riyadh Okaz§47,000/annually161m²541a distinctive rental opportunity — first floor with a private entrance, brand new property, first occupant.

**details:**
located in al-shifa district, sama ukaz plan

- 4 bedrooms, including one master bedroom
- living room + dining room + inner hall + kitchen
- 4 bathrooms

**pricing:**
- monthly: 4,200
- three months: 48,000 (16,000 per installment)
- six months: 47,000 (23,500 per installment)
- one year: 46,000Okaz, Riyadh",https://sa.aqar.fm/en/big-flat-for-rent/riyadh/south-of-riyadh/okaz/big-flat-for-rent-6876098,47000,161.0,291.9254658385093,291.9254658385093
Riyadh General,110000,123.0,"Apartment for Rent in Riyadh An Narjis§110,000/annually123m²331🏡 for rent | fully furnished apartment – safa 71 complex

📍 al narjis district – north riyadh
near king salman road

🏢 floor: first
📐 area: 123.81 m²
🏘️ within a distinguished and secure residential compound

✨ apartment features:
• 3 bedrooms
• 3 bathrooms
• spacious living room
• fully equipped kitchen
• furnished balcony
• fully furnished and ready for immediate occupancy
• furniture, appliances, and tv included
• internet installed
• air conditioning
• pure water filter
• smart entry system
• intercom
• private parking space in the basement
• maintenance services available
• the compound is secure, equipped with surveillance cameras, and provides a safe living environment with high privacy

📍 strategic location close to major roads and services:
• king salman road: 1–2 minutes
• abu bakr al-siddiq road: 3–5 minutes
• uthman ibn affan road: 5–7 minutes
• anas ibn malik road: 7–10 minutes
• the avenues: 10–15 minutes
• nearest metro station: 10–15 minutes
• king khalid international airport: 15–20 minutes

💰 annual rent: 110,000 sar, in two installments
🔒 security deposit: 5,000 sar

✨ a complete apartment ready for immediate occupancy, combining a prime location, security, privacy, full furnishing, and all essential amenities for comfortable living.

📞 for inquiries and viewing:
khalid al-qahtani
((number appears upon clicking call))An Narjis, Riyadh",https://sa.aqar.fm/en/apartment-for-rent/riyadh/north-of-riyadh/an-narjis/apartment-for-rent-6870986,110000,123.0,894.3089430894308,894.3089430894308
Riyadh General,73000,117.0,"Apartment for Rent in Riyadh An Narjis§73,000/annually117m²331🏡 luxury apartment for rent
al majediah 142 a1
ground floor
3 bedrooms (1 master)
large living room 🛋️
kitchen cabinets 👩‍🍳
3 bathrooms 🚽
concealed ac units installed ❄️
assigned parking 🅿️

thamer al-hamoud
((number appears when you press call))An Narjis, Riyadh",https://sa.aqar.fm/en/apartment-for-rent/riyadh/north-of-riyadh/an-narjis/apartment-for-rent-6880210,73000,117.0,623.9316239316239,623.9316239316239
Riyadh General,90000,123.0,"Apartment for Rent in Riyadh An Nuzhah§90,000/annually123m²331apartment #7
listing number: 3151
to book an appointment or view other units, please visit the aamar website: http://aamar.sa/units/3151
prices:
one payment: 90,000 sar
two payments: 95,000 sar
unit details:
3 bedrooms + 3 bathrooms
living room (1)
kitchen (american) (installed)
2 air conditioners (installed)
outdoor area (balcony_or_private_roof)
private parking (building_front)
smart lock
building features:
elevator
property location features:
🌳 al nuzha park — 1 minute 🏥 al hammadi hospital — 4 minutes 🚌 bus station — 5 minutes 🏫 al rowad international schools — 5 minutes 🛍️ al nakheel mall — 11 minutes 🚇 al nuzha metro station — 12 minutesAn Nuzhah, Riyadh",https://sa.aqar.fm/en/apartment-for-rent/riyadh/north-of-riyadh/an-nuzhah/apartment-for-rent-6902885,90000,123.0,731.7073170731708,731.7073170731708
Riyadh General,75000,1666.0,"Apartment for Rent in Riyadh Al Ghadir§75,000/annually1,666m²431✨ distinctive apartment for rent – al ghadir district ✨

an opportunity to live in an elegant apartment with a modern design and high-end finishes, featuring excellent natural lighting and comfortable spaces.

2 bedrooms
independent sitting room (majlis)
spacious living room
open kitchen with a modern design
2 bathrooms
third floor (no elevator)

the apartment is suitable for small families and offers a comfortable residential atmosphere in one of the most distinguished neighborhoods.

📍 location: al ghadir district

for inquiries:

ibrahim ( ((number appears upon clicking call)) )Al Ghadir, Riyadh",https://sa.aqar.fm/en/apartment-for-rent/riyadh/north-of-riyadh/al-ghadir/apartment-for-rent-6725889,75000,1666.0,45.01800720288115,45.01800720288115
Riyadh General,90000,138.0,"Apartment for Rent in Riyadh Al Ezdihar§90,000/annually138m²331apartment #2
listing number: 3140
to book an appointment or view other units, please visit the aamar website: http://aamar.sa/units/3140

prices:
single payment: 90,000 sar
two payments: 100,000 sar

unit details:
3 bedrooms + 3 bathrooms
living room (1)
american kitchen (built-in)
4 air conditioners (built-in)
private entrance
outdoor area (private yard)
private parking (building front)
smart lock

building features:
elevator

property location features:
🚌 bus stop — 3 minutes
🛒 panda supermarket — 5 minutes
🛣️ eastern ring road sub — 7 minutes
🛍️ granada mall — 9 minutes
🏥 al hammadi hospital — 10 minutesAl Ezdihar, Riyadh",https://sa.aqar.fm/en/apartment-for-rent/riyadh/east-of-riyadh/al-ezdihar/apartment-for-rent-6816884,90000,138.0,652.1739130434783,652.1739130434783
Riyadh General,120000,135.0,"Floor for Rent in Riyadh King Fahd§120,000/annually135m²341floor a2
ad number: 3758
to book an appointment or view other units, please visit the aamar website: http://aamar.sa/units/3758
prices:
single payment: 120,000 sar
two payments: 120,000 sar
unit details:
4 bedrooms + 4 bathrooms
living room (1) + separate majlis
split kitchen (installed)
7 air conditioners (installed)
maid's room
laundry room
private entrance
outdoor area (balcony)
private parking (building front)
smart lockKing Fahd, Riyadh",https://sa.aqar.fm/en/big-flat-for-rent/riyadh/north-of-riyadh/king-fahd/big-flat-for-rent-6838535,120000,135.0,888.8888888888889,888.8888888888889
Riyadh General,125000,625.0,"Land for Rent in Riyadh Al Mahdiyah§125,000/annually625m²35mland for investment in al-mahdia
land no. 6729 as shown in the map image
area: 625 square meters
two frontages (two streets)
25x25 meters
35-meter street to the north
and 20-meter street to the west
the location is distinguished by the following:

🔹 located at the entrance of new residential neighborhoods densely populated with residents

🔹 most of the neighborhood and the surrounding area consists of residential buildings fully occupied by residents, with some buildings currently under construction

🔹 the area is frequently visited by many families and youth

🔹 near the location there are wedding and event halls, in addition to resorts and rest houses

🔹 a variety of coffeehouses and fast food restaurants are spread throughout al-mahdia

🔹 however, there is a need for more coffeehouses and fast food restaurants in the areaAl Mahdiyah, Riyadh",https://sa.aqar.fm/en/land-for-rent/riyadh/west-of-riyadh/al-mahdiyah/land-for-rent-6815036,125000,625.0,200.0,200.0
Riyadh General,95000,218.0,"Apartment for Rent in Riyadh Hittin§95,000/annually218m²442تاون هاوس دورين مساحة 218 م في موقع مميز ٤ غرف نوم واسعة و ٤ دورات مياه وايضا صاله في الدور الارضي وصالة في الدور الثاني.
المساحة واسعة. مواصفات نادرة بسعر مناسب. كما يوجد مطبخ راكب باجهزة حديثه و ٨ مكيفات وموقف مظلل خاص ودخول ذكي. 

Movie-in Ready - Upscale Duplex Townhouse | Hittin, Riyadh

Elegant 208 sqm duplex apartment on a prime corner plot in one of Riyadh's most desirable neighborhoods

Layout

  Large living rooms- 2 floors
2 spacious living areas in first and second floor 
4 spacious bedrooms
Option to utilize a maid room if needed
4 bathrooms

Features
modern kitchen appliance- 
 ACs 8 -  
Large rooms and spacious 2 living rooms- 
Private shaded parking-
Smart keyless entry-
CCTV security-
Premium modern quite building-  

Nearby
KAFD (King Abdullah Financial District) — ~10 min
Riyadh BLVD — ~2 min
Kingdom Centre / Olaya — ~15 min
King Fahad Road 5 mins
Riyadh Park Mall — ~7 min
Avenues Mall — ~10 min
Walking distance near popular restaurants and cafes
King Khalid International Airport — ~20 min
Easy access to malls, hospitals schools and restaurants

Almost as a villa size, very spaciousHittin, Riyadh",https://sa.aqar.fm/en/apartment-for-rent/riyadh/north-of-riyadh/hittin/apartment-for-rent-6729544,95000,218.0,435.7798165137615,435.7798165137615
Riyadh General,87000,207.0,"Floor for Rent in Riyadh Al Arid§87,000/annually207m²342ground floor

1/ additional parking spaces in front of the unit on the street from both sides.
2/ new ground floor, first occupant, with two separate entrances for men and women, and a garage.
4/ three bedrooms, two of which are master bedrooms.
5/ the kitchen has a long corridor that opens to the back of the unit, with the possibility of adding a maid's room at the back.
6/ a very large sitting room (majlis) and a large hall with two entrances.
7/ rent is 77,000 sar, paid in two installments, with the possibility of long-term contracts.
9/ the location of the unit is excellent, with easy access and exit, and a direct entrance from abu bakr road or king abdulaziz road.

an investment unit, not a personal one — suitable for those looking to settle for a very long period.
the listing is directly from the owner.Al Arid, Riyadh",https://sa.aqar.fm/en/big-flat-for-rent/riyadh/north-of-riyadh/al-arid/big-flat-for-rent-6868662,87000,207.0,420.28985507246375,420.28985507246375
Riyadh General,90000,70.0,"Apartment for Rent in Riyadh Al Muruj§90,000/annually70m²231luxurious fully furnished apartment for rent in al muruj district

fully furnished executive apartment for rent in al muruj. ready to move in. suitable for professionals working in kafd, digital city, and north riyadh.

area: 119 sqm

fully furnished with luxury furniture

second floor

2 bedrooms

4 bathrooms

living room (tv installed)

kitchen with full appliances (refrigerator, microwave, oven, kettle, dishwasher, blender, toaster, air fryer, complete cookware set)

storage room (washing machine and dryer, iron and ironing board, vacuum cleaner)

private rooftop at the back

front rooftop

gree air conditioners

large windows with two outdoor seating areas — one opening to the living room and the other opening to the master bedroom

private parking

excellent location, close to a metro station within walking distance

nearby cafes within walking distance

a fully serviced neighborhood with easy access to supermarkets and nearby markets

close to the financial district, digital city, and king saud university

price: 90,000 sar per year
monthly rental accepted

for contact and inquiries:
(number appears when pressing call)

fully furnished 2-bedroom apartment
yearly or monthly rental
close to metro
for inquiries:Al Muruj, Riyadh",https://sa.aqar.fm/en/apartment-for-rent/riyadh/north-of-riyadh/al-muruj/apartment-for-rent-6711526,90000,70.0,1285.7142857142858,1285.7142857142858
Riyadh General,25000,1064.0,"Building for Rent in Riyadh Al Qirawan§25,000/annually1,064m²30mResidential🏢 **commercial building for full lease – suitable for corporate and institutional housing**

an excellent opportunity for companies and institutions looking for ready-to-move-in accommodation with immediate handover.

🔹 **building details:**

* 12 apartments
* building consists of 3 floors
* each apartment includes:
  * 2 bedrooms
  * living room
  * kitchen
  * bathroom
* independent electricity meter for each apartment
* independent water tank
* private and separate entrance for the building
* ready for occupancy and immediate handover

💰 **annual rent for the entire building: 300,000 sar**
💰 **equivalent to 25,000 sar per apartment annually**

⭐ highly suitable for companies and institutions wishing to accommodate employees under a single contract.

📞 **for inquiries and contact:**
((number appears upon clicking the call button))

**mohammed khaled sati al-sugair real estate office**
📄 fal brokerage and real estate marketing license: 1200040706
📋 advertising license number: 7201090273Al Qirawan, Riyadh",https://sa.aqar.fm/en/building-for-rent/riyadh/north-of-riyadh/al-qirawan/building-for-rent-6827566,25000,1064.0,23.49624060150376,23.49624060150376
Riyadh General,70000,464.0,"Floor for Rent in Riyadh Al Qadisiyah§70,000/annually464m²541a very large and luxurious ground floor for rent, featuring a large majlis, a large living room, a kitchen, four bathrooms, two master bedrooms, three additional rooms, a large courtyard, a car entrance, and multiple entrances. monthly rentals are not accepted.Al Qadisiyah, Riyadh",https://sa.aqar.fm/en/big-flat-for-rent/riyadh/east-of-riyadh/al-qadisiyah/big-flat-for-rent-6656919,70000,464.0,150.86206896551724,150.86206896551724
Riyadh General,75000,338.0,"Floor for Rent in Riyadh As Sahafah§75,000/annually338m²441first floor
tiled living room
kitchen
hall, 3 bedrooms
semi-new, fully renovated
with air conditioners and a new kitchenAs Sahafah, Riyadh",https://sa.aqar.fm/en/big-flat-for-rent/riyadh/north-of-riyadh/as-sahafah/big-flat-for-rent-6896651,75000,338.0,221.89349112426035,221.89349112426035
Riyadh General,110000,110.0,"Apartment for Rent in Riyadh Al Arid§110,000/annually110m²331✨ furnished apartment for monthly and annual rent in al majidiya residence complex 130

✨ apartment specifications:
- 3 bedrooms
- 3 bathrooms
- spacious family living room and dining area
- modern kitchen with full electrical appliances
- large windows overlooking the internal garden
- internet

✨ complex features:
- men's gym
- women's gym
- green gardens with outdoor seating
- near the american school

✨ al-basateen apartment
furnished apartment for monthly and annual rent in al majidiya residence complex

✨ apartment information:
- 3 bedrooms
- 3 bathrooms
- living room and dining area
- modern kitchen containing all electrical appliances
- large windows overlooking the internal garden
- internet
- two car parking spaces for the apartment

✨ complex information:
- men's gym
- women's gym
- green gardens with outdoor seating
- near the american schoolAl Arid, Riyadh",https://sa.aqar.fm/en/apartment-for-rent/riyadh/north-of-riyadh/al-arid/apartment-for-rent-6900696,110000,110.0,1000.0,1000.0
Riyadh General,35000,150.0,"Apartment for Rent in Riyadh Laban§35,000/annually150m²331apartment annexed to a villa with a private entrance
no elevator, stairs only

apartment specifications:
- living room with a bathroom and washbasin, independent entrance
- apartment entrance
- living room/hall
- unfitted kitchen
- two master bedrooms, each with its own bathroom
- small rooftop terrace connected to the main room
- independent electricity meter

preferred for a small family or newlywedsLaban, Riyadh",https://sa.aqar.fm/en/apartment-for-rent/riyadh/west-of-riyadh/laban/apartment-for-rent-6899338,35000,150.0,233.33333333333334,233.33333333333334
Riyadh General,80000,120.0,"Apartment for Rent in Riyadh Al Andalus§80,000/annually120m²221🏠 modern & luxurious apartment for rent in the distinguished al-andalus district

an exceptional opportunity to live in one of the city's most prestigious and vibrant neighborhoods!

this apartment features a contemporary design that maximizes every inch of space, offering a comfortable living experience that combines tranquility and luxury, with a distinctive view and high-quality finishes.

📍 location & geographical features

the apartment enjoys a strategic location in the heart of al-andalus district, placing it close to everything you need:

- **easy access:** one minute from main roads.
- **metro transportation:** 1 minute walk.
- **health & educational services:** near major hospitals, international schools, and universities.
- **entertainment & shopping:** steps away from the most popular shopping malls, fine dining restaurants, and cafés.
- **daily services:** surrounded by supermarkets, pharmacies, and mosques for the complete comfort of you and your family.

🛏️ apartment details & space

- **area:** 120 square meters
- **room layout:** 2 rooms
- modern bedroom with a contemporary studio-style design
- spacious family living room filled with natural sunlight
- modern wall/fitted kitchen with a practical contemporary design
- 1 bathroom with sanitary fixtures

✨ additional features & services

- 🅿️ private parking space
- 🛡️ integrated security system (surveillance cameras & 24/7 security)
- 💨 fully installed air conditioning / split units
- 🛗 modern high-speed elevator
- 🚰 water tank & independent electricity meter

---

**for viewing & inquiries:**

don't miss this opportunity! contact the owner directly.Al Andalus, Riyadh",https://sa.aqar.fm/en/apartment-for-rent/riyadh/east-of-riyadh/al-andalus/apartment-for-rent-6709424,80000,120.0,666.6666666666666,666.6666666666666
Riyadh General,60000,500.0,"Floor for Rent in Riyadh King Faisal§60,000/annually500m²431first floor for rent
four rooms, a hall, a kitchen, three bathrooms, built-in air conditioners, built-in kitchen
king faisal district
abdulrazzaq bin yahya street
rent
60
thousandKing Faisal, Riyadh",https://sa.aqar.fm/en/big-flat-for-rent/riyadh/east-of-riyadh/king-faisal/big-flat-for-rent-6872668,60000,500.0,120.0,120.0
Riyadh General,85000,200.0,"Villa for Rent in Riyadh Al Qadisiyah§85,000/annually200m²472villa 91443715
ad number: 992
to book an appointment or view other units, please visit the aamar website: http://aamar.sa/units/992

prices:
single payment: 86,000 sar
two payments: 95,000 sar

unit details:
4 bedrooms + 7 bathrooms
living room (2) + separate majlis
split kitchen (installed)
10 air conditioners (installed)
maid's room
laundry room
private entrance
outdoor area (none)
private parking (building front)

property location features:
eastern ring road – 28 minutes
imam muhammad bin saud islamic university – 30 minutes
princess nourah bint abdulrahman university – 32 minutesAl Qadisiyah, Riyadh",https://sa.aqar.fm/en/villa-for-rent/riyadh/east-of-riyadh/al-qadisiyah/villa-for-rent-6873498,85000,200.0,425.0,425.0
Riyadh General,100000,186.0,"Villa for Rent in Riyadh An Narjis§100,000/annually186m²361townhouse #6
listing number: 2930
to book an appointment or view other units, please visit the aamar website: http://aamar.sa/units/2930

prices:
single payment: 100,000 sar
two payments: 100,000 sar
monthly installments: 126,000 sar

unit details:
4 bedrooms + 6 bathrooms
living room (1) + separate majlis
american kitchen (fitted)
air conditioners: 0 (fitted)
private entrance
outdoor area (private roof)
private parking (underground)

property location features:
🛣️ king salman road — 8 minutes
🎓 princess nourah bint abdulrahman university — 18 minutes
✈️ king khalid international airport — 20 minutes
🕌 mosque — 2 minutesAn Narjis, Riyadh",https://sa.aqar.fm/en/villa-for-rent/riyadh/north-of-riyadh/an-narjis/villa-for-rent-6878312,100000,186.0,537.6344086021505,537.6344086021505
Riyadh General,45000,390.0,"Apartment for Rent in Riyadh An Narjis§45,000/annually390m²3🏡 for rent | residential apartment – al narjis district

📍 location: al narjis district – north of king salman road
• less than 2 minutes from king salman road
• located within a residential villa
• private entrance to the apartment

🏠 apartment details:
• third floor – no elevator
• 2 bedrooms
• sitting room (majlis)
• living room
• kitchen
• 2 bathrooms

✨ features:
• built-in kitchen
• built-in air conditioners in the sitting room and living room only
• independent electricity meter

💰 rent: 45,000 sar annually – in two installmentsAn Narjis, Riyadh",https://sa.aqar.fm/en/apartment-for-rent/riyadh/north-of-riyadh/an-narjis/apartment-for-rent-6882740,45000,390.0,115.38461538461539,115.38461538461539
Riyadh General,32000,263.0,"Apartment for Rent in Riyadh Badr§32,000/annually263m²2new apartment in al-namodhaji neighborhood, upper floor, consisting of two rooms, a hall, a bathroom, an internal roof within the apartment and another external one.

for contact: 0557388333

location: https://maps.app.goo.gl/ldtahdsmmm48f8qp8?g_st=icBadr, Riyadh",https://sa.aqar.fm/en/apartment-for-rent/riyadh/south-of-riyadh/badr/apartment-for-rent-6889609,32000,263.0,121.67300380228137,121.67300380228137
Riyadh General,120000,198.0,"Apartment for Rent in Riyadh Hittin§120,000/annually198m²3al-majdah apartment, 84 hittin, area including rooftop 300 sqm

fully furnished for 120,000
unfurnished for 90,000Hittin, Riyadh",https://sa.aqar.fm/en/apartment-for-rent/riyadh/north-of-riyadh/hittin/apartment-for-rent-6894615,120000,198.0,606.060606060606,606.060606060606
Riyadh General,65000,425.0,"Apartment for Rent in Riyadh Al Falah§65,000/annually425m²321apartment in a villa for rent - al falah district
two entrances
consists of:
living room + spacious hall + 2 bedrooms + kitchen + 2 bathrooms
built-in kitchen + installed air conditioners
excellent location
*private entrance*
rent: 65,000Al Falah, Riyadh",https://sa.aqar.fm/en/apartment-for-rent/riyadh/north-of-riyadh/al-falah/apartment-for-rent-6897434,65000,425.0,152.94117647058823,152.94117647058823
Riyadh General,70000,177.0,"Villa for Rent in Riyadh Al Fayha§70,000/annually177m²341townhouse a30/a2
listing number: 844
to book an appointment or view other units, please visit aamar's website: http://aamar.sa/units/844

prices:
single payment: 70,000 sar
two payments: 75,000 sar
monthly installments: 78,000 sar

unit details:
3 bedrooms + 4 bathrooms
living room (1)
split kitchen (not installed)
6 air conditioners (installed)
maid's room
storage room
outdoor area (balcony or private roof)
private parking (building front)Al Fayha, Riyadh",https://sa.aqar.fm/en/villa-for-rent/riyadh/east-of-riyadh/al-fayha/villa-for-rent-6896273,70000,177.0,395.48022598870057,395.48022598870057
Riyadh General,30000,324.0,"Apartment for Rent in Riyadh Ash Sharq§30,000/annually324m²321assalamu alaikum wa rahmatullah
apartment for rent in al marjan neighborhood
3 rooms
living room
kitchen
2 bathrooms
price: 30,000
and peace and blessings be upon our prophet muhammadAsh Sharq, Riyadh",https://sa.aqar.fm/en/apartment-for-rent/riyadh/east-of-riyadh/ash-sharq/apartment-for-rent-6867607,30000,324.0,92.5925925925926,92.5925925925926
Riyadh General,35000,440.0,"Apartment for Rent in Riyadh Al Yarmouk§35,000/annually440m²321peace be upon you and god's mercy and blessings.

for rent: a renovated apartment in al-yarmouk neighborhood
3 bedrooms
living room
kitchen
2 bathrooms
shared electricity
free water
price: 35,000 annually, paid quarterly

and prayers and peace be upon our prophet muhammad.Al Yarmouk, Riyadh",https://sa.aqar.fm/en/apartment-for-rent/riyadh/east-of-riyadh/al-yarmouk/apartment-for-rent-6681625,35000,440.0,79.54545454545455,79.54545454545455
Riyadh General,75000,98.0,"Floor for Rent in Riyadh An Narjis§75,000/annually98m²433**elite aura real estate**

**listing no. (171) – rental offers**

**al narjes district:**

**description:**
- 3 bedrooms – living room – lounge – 3 bathrooms – kitchen
- built-in kitchen
- air conditioners included

⭐ **property features:**
- water & electricity available
- parking space
- car entrance
- two private entrances
- corner villaAn Narjis, Riyadh",https://sa.aqar.fm/en/big-flat-for-rent/riyadh/north-of-riyadh/an-narjis/big-flat-for-rent-6886352,75000,98.0,765.3061224489796,765.3061224489796
Riyadh General,40000,128.0,"Apartment for Rent in Riyadh An Narjis§40,000/annually128m²321apartment for rent in al narjis district, riyadh

second floor
two entrances to the apartment
sitting room (majlis)
living room (sala)
kitchen
two bedrooms
two bathrooms
shared entrance
independent electricity meter
water: 25% of the bill value

price:
40,000 sar – single payment
45,000 sar – two payments
4,500 sar – monthlyAn Narjis, Riyadh",https://sa.aqar.fm/en/apartment-for-rent/riyadh/north-of-riyadh/an-narjis/apartment-for-rent-6884519,40000,128.0,312.5,312.5
Riyadh General,40000,91.0,"Apartment for Rent in Riyadh Ishbiliyah§40,000/annually91m²321🏠 for rent
behind gouch clinic – ishbiliyyah district ✨🏠

👨‍👩‍👧‍👦 families only

📍 location: ishbiliyyah district
📌 close to imam abdullah bin saud road
📌 directly behind gouch clinics
📌 close to all services and markets
⭐ excellent location

🔹 apartment specifications:
• third floor
• fully parquet flooring
• fully installed kitchen with the finest quality cabinets
• water heaters installed throughout the entire apartment + separate heater for the kitchen
• independent electricity ⚡
• two entrances to the apartment
• private entrance to the storage room
• private storage room
• no split air conditioners

🛋️ consists of:
• sitting room (majlis)
• large living room
• two bedrooms
• two bathrooms
• private storage room

💰 rent: 42,000 sar annually
❌ no monthly rent available

📞 for inquiries and contact:
0534088882Ishbiliyah, Riyadh",https://sa.aqar.fm/en/apartment-for-rent/riyadh/east-of-riyadh/ishbiliyah/apartment-for-rent-6630642,40000,91.0,439.56043956043953,439.56043956043953
Riyadh General,52000,367.0,"Floor for Rent in Riyadh Al Qadisiyah§52,000/annually367m²531🏡 for rent – new upper floor in al qadisiyah district

📍 prime location, close to jaber al sabbah road

✨ the floor is new and clean, consisting of:
🛏️ 5 bedrooms
🛋️ living room
🚿 3 bathrooms
🍳 kitchen
🚪 2 independent entrances

💰 price:
• 52,000 riyals — two installments
• 50,000 riyals — one payment

📞 for contact and booking ((number appears when you press call))Al Qadisiyah, Riyadh",https://sa.aqar.fm/en/big-flat-for-rent/riyadh/east-of-riyadh/al-qadisiyah/big-flat-for-rent-6654114,52000,367.0,141.68937329700273,141.68937329700273
Riyadh General,1200123,54320.0,"Land for Sale in Riyadh Al Mahdiyah§1,200,123.54320m²15mResidential*for sale land area 320 square meters*

*specifications*
• land with area 320
• 15-meter street north
• dimensions 12.56 by 26.91

*property features*
close to mosque 🕌
- and garden ✨
price - 1,200,000

*we would be honored by your visit to the company*
we also have multiple lands
in al-mahdiya neighborhood at different prices

for more information and land viewing
_________________________
*muwafaqa real estate company*
abu ahmed
0551031732Al Mahdiyah, Riyadh",https://sa.aqar.fm/en/land-for-sale/riyadh/west-of-riyadh/al-mahdiyah/land-for-sale-6724317,1200123,54320.0,22.093575110456555,22.093575110456555
Riyadh General,1200653,3324.0,"Land for Sale in Riyadh Al Mahdiyah§1,200,653.3324m²15mResidential**for sale land area 320 meters**

**specifications**
• land area 320
• 15-meter street north
• dimensions 12.10 x 26.91

**property features**
close to mosque 🕌
- and garden ✨
price - 1,200,000

**we are honored by your visit to the company**
multiple lands available
in al-mahdiya district at different prices

for more information and land visit
_________________________
**muwafaqa real estate company**
abu ahmad
0551031732Al Mahdiyah, Riyadh",https://sa.aqar.fm/en/land-for-sale/riyadh/west-of-riyadh/al-mahdiyah/land-for-sale-6738221,1200653,3324.0,361.2072803850782,361.2072803850782
Riyadh General,1100000,2500.0,"Building for Rent in Riyadh Ar Rimal§1,100,000/annually2,500m²30mfor rent - entire building
76 studios
each studio: 20 sqm
renting the entire building to companies
rental price: 1,100,000
contact via whatsapp:
0534051000Ar Rimal, Riyadh",https://sa.aqar.fm/en/building-for-rent/riyadh/east-of-riyadh/ar-rimal/building-for-rent-6753926,1100000,2500.0,440.0,440.0
Riyadh General,48000,190.0,"Villa for Rent in Riyadh Dhahrat Laban§48,000/annually190m²341townhouse 65178
listing number: 1891
to book an appointment or view other units, please visit the aamar website: http://aamar.sa/units/1891

prices:
single payment: 48,000 sar
two payments: 53,000 sar
monthly installments: 54,000 sar

unit details:
3 bedrooms + 4 bathrooms
living room (1) + separate majlis
split kitchen (installed)
2 air conditioners (installed)
outdoor area: none
private parking: building front

property location features:
🏥 khatwa specialist hospital — 36 minutes
🛒 janain al-wusta markets & bakeries — 6 minutes
🕌 al-tuwaijri mosque — 4 minutes
🛍️ lulu hypermarket — 17 minutesDhahrat Laban, Riyadh",https://sa.aqar.fm/en/villa-for-rent/riyadh/west-of-riyadh/dhahrat-laban/villa-for-rent-6781028,48000,190.0,252.6315789473684,252.6315789473684
Riyadh General,1200123,54320.0,"Land for Sale in Riyadh Al Mahdiyah§1,200,123.54320m²15mResidential*for sale land area 320 square meters*

*specifications*
• land with area 320
• 15-meter street north
• dimensions 12.56 by 26.91

*property features*
close to mosque 🕌
- and garden ✨
price - 1,200,000

*we would be honored by your visit to the company*
we also have multiple lands
in al-mahdiya neighborhood at different prices

for more information and land viewing
_________________________
*muwafaqa real estate company*
abu ahmed
0551031732Al Mahdiyah, Riyadh",https://sa.aqar.fm/en/land-for-sale/riyadh/west-of-riyadh/al-mahdiyah/land-for-sale-6724317,1200123,54320.0,22.093575110456555,22.093575110456555
Riyadh General,1200653,3324.0,"Land for Sale in Riyadh Al Mahdiyah§1,200,653.3324m²15mResidential**for sale land area 320 meters**

**specifications**
• land area 320
• 15-meter street north
• dimensions 12.10 x 26.91

**property features**
close to mosque 🕌
- and garden ✨
price - 1,200,000

**we are honored by your visit to the company**
multiple lands available
in al-mahdiya district at different prices

for more information and land visit
_________________________
**muwafaqa real estate company**
abu ahmad
0551031732Al Mahdiyah, Riyadh",https://sa.aqar.fm/en/land-for-sale/riyadh/west-of-riyadh/al-mahdiyah/land-for-sale-6738221,1200653,3324.0,361.2072803850782,361.2072803850782
Riyadh General,1100000,2500.0,"Building for Rent in Riyadh Ar Rimal§1,100,000/annually2,500m²30mfor rent - entire building
76 studios
each studio: 20 sqm
renting the entire building to companies
rental price: 1,100,000
contact via whatsapp:
0534051000Ar Rimal, Riyadh",https://sa.aqar.fm/en/building-for-rent/riyadh/east-of-riyadh/ar-rimal/building-for-rent-6753926,1100000,2500.0,440.0,440.0
Riyadh General,32000,600.0,"Apartment for Rent in Riyadh Jarir§32,000/annually600m²221apartment for rent in al malaz district
it consists of:
2 bedrooms + living room + kitchen + 2 bathrooms

apartment features:
• installed air conditioners
• private entrance
• close to services

rental price: 37,000

2 apartments available:
apartment: 36,000
apartment: 50,000Jarir, Riyadh",https://sa.aqar.fm/en/apartment-for-rent/riyadh/center-of-riyadh/jarir/apartment-for-rent-6852332,32000,600.0,53.333333333333336,53.333333333333336
Riyadh General,65000,115.0,"Apartment for Rent in Riyadh Al Arid§65,000/annually115m²231apartment 77446
listing number: 3659
to book an appointment or view other units, please visit the aamar website: http://aamar.sa/units/3659

prices:
single payment: 65,000 sar

unit details:
2 bedrooms + 3 bathrooms
living room (1)
american kitchen (built-in)
4 air conditioners (built-in)
outdoor area (none)
private parking (building front)
smart lock

building features:
elevator
security cameras + pin-code gate
swimming pool

property location features:
🛣️ abu bakr al-siddiq road – 3 minutes
🛣️ king salman road – 20 minutes
✈️ king khalid international airport – 24 minutes
🛍️ roshan boulevard – 25 minutesAl Arid, Riyadh",https://sa.aqar.fm/en/apartment-for-rent/riyadh/north-of-riyadh/al-arid/apartment-for-rent-6892090,65000,115.0,565.2173913043479,565.2173913043479
Riyadh General,45000,130.0,"Apartment for Rent in Riyadh Al Yarmouk§45,000/annually130m²421a four-room apartment with a hall, close to atiyaf mall, next to the park and mosque, in the al-yarmouk al-gharbi district.
single entrance to the apartment.
the apartment consists of:
two bedrooms - a sitting room - a reception room - a hall - a kitchen - two bathrooms.
rent (one payment): 45,000
rent (two payments): 48,000
contact: 0534099996Al Yarmouk, Riyadh",https://sa.aqar.fm/en/apartment-for-rent/riyadh/east-of-riyadh/al-yarmouk/apartment-for-rent-6893313,45000,130.0,346.15384615384613,346.15384615384613
Riyadh General,71500,90.0,"Apartment for Rent in Riyadh Al Murabba§71,500/annually90m²341apartment #0
listing number: 4387
to book an appointment or view other units, please visit the aamar website: http://aamar.sa/units/4387
prices:
single payment: 71,500 sar
two payments: 35,750 sar
unit details:
3 bedrooms + 4 bathrooms
living room (1)
american kitchen (built-in)
5 air conditioners (built-in)
outdoor area (balcony or private roof)
smart lockAl Murabba, Riyadh",https://sa.aqar.fm/en/apartment-for-rent/riyadh/center-of-riyadh/al-murabba/apartment-for-rent-6895859,71500,90.0,794.4444444444445,794.4444444444445
Riyadh General,60000,112.0,"Apartment for Rent in Riyadh Qurtubah§60,000/annually112m²231apartment #6-1a-s18
listing number: 4195
to book an appointment or view other units, please visit aamar's website: http://aamar.sa/units/4195

prices:
single payment: 60,000 sar
two payments: 65,000 sar

unit details:
2 bedrooms + 3 bathrooms
living room (1) + separate majlis
american kitchen (installed)
4 air conditioners (installed)
laundry/storage room
outdoor area: none
private parking: none
smart lockQurtubah, Riyadh",https://sa.aqar.fm/en/apartment-for-rent/riyadh/east-of-riyadh/qurtubah/apartment-for-rent-6898204,60000,112.0,535.7142857142857,535.7142857142857
Riyadh General,90000,123.0,"Apartment for Rent in Riyadh An Nuzhah§90,000/annually123m²331apartment #7
listing number: 3151
to book an appointment or view other units, please visit the aamar website: http://aamar.sa/units/3151
prices:
one payment: 90,000 sar
two payments: 95,000 sar
unit details:
3 bedrooms + 3 bathrooms
living room (1)
kitchen (american) (installed)
2 air conditioners (installed)
outdoor area (balcony_or_private_roof)
private parking (building_front)
smart lock
building features:
elevator
property location features:
🌳 al nuzha park — 1 minute 🏥 al hammadi hospital — 4 minutes 🚌 bus station — 5 minutes 🏫 al rowad international schools — 5 minutes 🛍️ al nakheel mall — 11 minutes 🚇 al nuzha metro station — 12 minutesAn Nuzhah, Riyadh",https://sa.aqar.fm/en/apartment-for-rent/riyadh/north-of-riyadh/an-nuzhah/apartment-for-rent-6902885,90000,123.0,731.7073170731708,731.7073170731708
Riyadh General,120000,135.0,"Floor for Rent in Riyadh King Fahd§120,000/annually135m²341floor a2
ad number: 3758
to book an appointment or view other units, please visit the aamar website: http://aamar.sa/units/3758
prices:
single payment: 120,000 sar
two payments: 120,000 sar
unit details:
4 bedrooms + 4 bathrooms
living room (1) + separate majlis
split kitchen (installed)
7 air conditioners (installed)
maid's room
laundry room
private entrance
outdoor area (balcony)
private parking (building front)
smart lockKing Fahd, Riyadh",https://sa.aqar.fm/en/big-flat-for-rent/riyadh/north-of-riyadh/king-fahd/big-flat-for-rent-6838535,120000,135.0,888.8888888888889,888.8888888888889
Riyadh General,85000,109.0,"Apartment for Rent in Riyadh An Narjis§85,000/annually109m²3No descriptionAn Narjis, Riyadh",https://sa.aqar.fm/en/apartment-for-rent/riyadh/north-of-riyadh/an-narjis/apartment-for-rent-6848031,85000,109.0,779.816513761468,779.816513761468
Riyadh General,85000,115.0,"Apartment for Rent in Riyadh Al Malqa§85,000/annually115m²321apartment #5
listing number: 3551
to book an appointment or view other units, please visit the aamar website: http://aamar.sa/units/3551

prices:
single payment: 85,000 sar
monthly installments: 102,000 sar

unit details:
3 bedrooms + 2 bathrooms
living room (1)
american kitchen (built-in)
5 air conditioners (built-in)
outdoor area (private yard)
private parking (building front)
smart lockAl Malqa, Riyadh",https://sa.aqar.fm/en/apartment-for-rent/riyadh/north-of-riyadh/al-malqa/apartment-for-rent-6859684,85000,115.0,739.1304347826087,739.1304347826087
Riyadh General,150000,283.0,"Villa for Rent in Riyadh Qurtubah§150,000/annually283m²352villa in al-qurtuba district, next to tarfa al-mazrou mosque
street width: 20 meters

villa components:
- guard room
- men's sitting room with an independent bathroom
- lobby/entrance hall
- women's sitting room with an independent bathroom and a side door leading to the back garden
- kitchen

second floor:
- two bedrooms with a shared bathroom
- master bedroom with a small room opposite it, suitable for use as a small walk-in closet or storage room

third floor:
- maid's room with a bathroom and laundry roomQurtubah, Riyadh",https://sa.aqar.fm/en/villa-for-rent/riyadh/east-of-riyadh/qurtubah/villa-for-rent-6864096,150000,283.0,530.035335689046,530.035335689046
Riyadh General,43000,172.0,"Floor for Rent in Riyadh Taiba§43,000/annually172m²4🏡 ground floor apartment for rent – taybah district

it consists of:
• sitting room (majlis)
• maqlaṭ (secondary sitting area)
• living room
• kitchen
• 3 bedrooms, including a master bedroom

✨ a newly built floor with a practical design, suitable for familiesTaiba, Riyadh",https://sa.aqar.fm/en/big-flat-for-rent/riyadh/south-of-riyadh/taiba/big-flat-for-rent-6868029,43000,172.0,250.0,250.0
Riyadh General,95000,135.0,"Apartment for Rent in Riyadh Al Malqa§95,000/annually135m²331apartment #d209
listing number: 3894
to book an appointment or view other units, please visit the aamar website: http://aamar.sa/units/3894

prices:
single payment: 95,000 sar
two payments: 100,000 sar

unit details:
3 bedrooms + 3 bathrooms
living room (1) + separate sitting room
american kitchen (built-in)
7 air conditioners (built-in)
maid's room
outdoor area: none
private parking: underground
smart lock

building features:
elevator
surveillance cameras + pin code gate
swimming pool
electric vehicle charging stationAl Malqa, Riyadh",https://sa.aqar.fm/en/apartment-for-rent/riyadh/north-of-riyadh/al-malqa/apartment-for-rent-6855768,95000,135.0,703.7037037037037,703.7037037037037
Riyadh General,150000,224.0,"Villa for Rent in Riyadh Al Arid§150,000/annually224m²5🏡 villa for rent – al-arid district | prime location
📍 very strategic and prime location
opposite al-tarbiya al-namodhajiya schools, next to hamad suleiman al-haidari mosque, and close to tamimi markets and all services.

villa specifications:

facade: east-facing
area: 224 m²
11 installed air conditioners
independent electricity meter
sewage available

ground floor:
private courtyard
car entrance
men's sitting room (majlis)
dining area
spacious living room
large fitted kitchen
two bathrooms
external driver's room with bathroom and independent street entrance

first floor:
4 master bedrooms, each with a private bathroom
living room

second floor:
large and spacious living room
maid's room
bathroom
outdoor rooftop

✨ a spacious villa suitable for families, in a prime location close to schools, mosque, markets, and all services.
location:
https://goo.gl/maps/gvw5huhcvimjcacr7Al Arid, Riyadh",https://sa.aqar.fm/en/villa-for-rent/riyadh/north-of-riyadh/al-arid/villa-for-rent-6867894,150000,224.0,669.6428571428571,669.6428571428571
Riyadh General,150000,86.0,"Apartment for Rent in Riyadh As Sahafah§150,000/annually86m²231apartment #a-8
listing number: 3158
to book an appointment or view other units, please visit the aamar website: http://aamar.sa/units/3158

prices:
single payment: 150,000 sar
two payments: 155,000 sar

unit details:
2 bedrooms + 3 bathrooms
living room (1)
american kitchen (installed)
air conditioners: 1 (installed)
maid's room
outdoor area (balcony)
private parking (building front)
smart lockAs Sahafah, Riyadh",https://sa.aqar.fm/en/apartment-for-rent/riyadh/north-of-riyadh/as-sahafah/apartment-for-rent-6872451,150000,86.0,1744.1860465116279,1744.1860465116279
Riyadh General,100000,157.0,"Apartment for Rent in Riyadh Al Malqa§100,000/annually157m²332apartment #12
listing number: 2976
to book an appointment or view other units, please visit the aamar website: http://aamar.sa/units/2976

prices:
single payment: 124,000 sar
two payments: 129,000 sar
monthly installments: 139,000 sar

unit details:
2 bedrooms + 3 bathrooms
living room (2) + dressing room
american kitchen (installed)
air conditioners: 0 (installed)
maid's room
outdoor area (balcony)
private parking (both)
smart lock

building features:
elevator

property location features:
🚗 king fahd road ➝ 2 minutes
🏥 dr. sulaiman al habib hospital ➝ 5 minutes
🚇 metro station ➝ 5 minutes
🏢 king abdullah financial district ➝ 20 minutes
boulevard riyadh city ➝ 13 minutesAl Malqa, Riyadh",https://sa.aqar.fm/en/apartment-for-rent/riyadh/north-of-riyadh/al-malqa/apartment-for-rent-6875937,100000,157.0,636.9426751592357,636.9426751592357
Riyadh General,80000,174.0,"Villa for Rent in Riyadh Al Arid§80,000/annually174m²432townhouse #9
listing number: 3882
to book an appointment or view other units, please visit the aamar website: http://aamar.sa/units/3882

prices:
single payment: 85,000 sar
two payments: 90,000 sar

unit details:
3 bedrooms + 3 bathrooms
living room (2) + separate majlis
american kitchen (fitted)
air conditioners (fitted)
maid's room
laundry room / storage room
outdoor area (balcony)
private parking (building front)Al Arid, Riyadh",https://sa.aqar.fm/en/villa-for-rent/riyadh/north-of-riyadh/al-arid/villa-for-rent-6903068,80000,174.0,459.7701149425287,459.7701149425287
Riyadh General,57000,163.0,"Villa for Rent in Riyadh Ar Rimal§57,000/annually163m²331townhouse in tanal al-rimal neighborhood
private entrance
large rooftop
indoor parking and garage
3 bedrooms on the second floor
kitchen, living room, and sitting room on the first floor

monthly rent: 5,500
annual rent: 65,000
accepts two payments

ramz al-masakin real estate company

abu saudAr Rimal, Riyadh",https://sa.aqar.fm/en/villa-for-rent/riyadh/east-of-riyadh/ar-rimal/villa-for-rent-6692532,57000,163.0,349.69325153374234,349.69325153374234
Riyadh General,1600200,14450.0,"Land for Sale in Riyadh Al Mahdiyah§1,600,200.14450m²15mResidential**for sale: land with an area of 450 sqm**

**specifications**
• land area: 450 sqm
• 15 east street

**property features**
• close to a mosque 🕌
• and a garden ✨
• price: 1,600,000

**you are welcome to visit us at the company**
there are also multiple lands available
in al-mahdia district at various prices

for more information and to visit the land:
\_________________________
**muwafaqa real estate company**
abu ahmed
0551031732Al Mahdiyah, Riyadh",https://sa.aqar.fm/en/land-for-sale/riyadh/west-of-riyadh/al-mahdiyah/land-for-sale-6738216,1600200,14450.0,110.74048442906575,110.74048442906575
Riyadh General,150000,900.0,"Warehouse for Rent in Riyadh Al Manakh§150,000/annually900m²warehouse for rent in al manakh neighborhood, al kharj road
area: 900 square meters
osoul al khibra real estate companyAl Manakh, Riyadh",https://sa.aqar.fm/en/warehouse-for-rent/riyadh/south-of-riyadh/al-manakh/warehouse-for-rent-6761969,150000,900.0,166.66666666666666,166.66666666666666
Riyadh General,113000,116.0,"Apartment for Rent in Riyadh An Narjis§113,000/annually116m²331apartment 15713
ad number: 2076
to book an appointment or view other units, please visit the aamar website: http://aamar.sa/units/2076

prices:
single payment: 113,000 sar
two payments: 119,000 sar
monthly installments: 129,000 sar

unit details:
3 bedrooms + 3 bathrooms
living room (1)
american kitchen (built-in)
5 air conditioners (built-in)
outdoor area (balcony)
private parking (building front)

property location features:
🛣️ 1 minute from king salman road
🎓 10 minutes from imam university
🍅 8 minutes from lulu market
🛫 13 minutes from king khalid airport
🛣️ 5 minutes from anas ibn malik roadAn Narjis, Riyadh",https://sa.aqar.fm/en/apartment-for-rent/riyadh/north-of-riyadh/an-narjis/apartment-for-rent-6768167,113000,116.0,974.1379310344828,974.1379310344828
Riyadh General,70000,442.0,"Floor for Rent in Riyadh Al Arid§70,000/annually442m²331offer no. 4306
assalamu alaikum wa rahmatullahi wa barakatuh
a floor with a rooftop for rent in al-arid district

floor components:
- 3 bedrooms
- 3 bathrooms
- 2 kitchens
- a spacious living room, a sitting room (majlis), air conditioning units installed, a kitchen, and two entrances to the floor
- private entrance

price:
- one installment: 70,000
- two installments: 75,000

for contact, abu talal: 070-0570055

rukn al-ibrah real estate company
our services: marketing – property management – real estate development – electronic contract writing – owners' association – off-plan sales services
working hours: from 4 pm to 10 pm
whatsapp available 24 hoursAl Arid, Riyadh",https://sa.aqar.fm/en/big-flat-for-rent/riyadh/north-of-riyadh/al-arid/big-flat-for-rent-6872592,70000,442.0,158.3710407239819,158.3710407239819
Riyadh General,50000,325.0,"Apartment for Rent in Riyadh Ash Shuhada§50,000/annually325m²2✨ **for rent: apartment in al-shuhada district (private villa - second floor)**

📍 **location:** al-shuhada district

🏠 **the apartment consists of:**
• guest living room with decorations.
• master bedroom with an en-suite bathroom.
• children's bedroom.
• brand new fully equipped kitchen, with installed split air conditioners.
• 2 bathrooms.
• private terrace / rooftop.

💵 **annual rent:** 50,000 sar.Ash Shuhada, Riyadh",https://sa.aqar.fm/en/apartment-for-rent/riyadh/east-of-riyadh/ash-shuhada/apartment-for-rent-6876434,50000,325.0,153.84615384615384,153.84615384615384
Riyadh General,40000,390.0,"Apartment for Rent in Riyadh Ishbiliyah§40,000/annually390m²331three-bedroom apartment with a living room for rent in a residential building, first floor, in ishbiliyah district.
fitted kitchen – air conditioners installed – independent meter – elevator available.

the apartment consists of:
two bedrooms (one of them a master room) – majlis (sitting room) – living room – kitchen – three bathrooms.

rent in two payments: 45,000
rent in one payment: 40,000

viewing hours: from 5:00 pm to 10:00 pm

contact:
((the number appears when you click on call))Ishbiliyah, Riyadh",https://sa.aqar.fm/en/apartment-for-rent/riyadh/east-of-riyadh/ishbiliyah/apartment-for-rent-6886824,40000,390.0,102.56410256410257,102.56410256410257
Riyadh General,100000,157.0,"Apartment for Rent in Riyadh Al Malqa§100,000/annually157m²332apartment #12
listing number: 2976
to book an appointment or view other units, please visit the aamar website: http://aamar.sa/units/2976

prices:
single payment: 124,000 sar
two payments: 129,000 sar
monthly installments: 139,000 sar

unit details:
2 bedrooms + 3 bathrooms
living room (2) + dressing room
american kitchen (installed)
air conditioners: 0 (installed)
maid's room
outdoor area (balcony)
private parking (both)
smart lock

building features:
elevator

property location features:
🚗 king fahd road ➝ 2 minutes
🏥 dr. sulaiman al habib hospital ➝ 5 minutes
🚇 metro station ➝ 5 minutes
🏢 king abdullah financial district ➝ 20 minutes
boulevard riyadh city ➝ 13 minutesAl Malqa, Riyadh",https://sa.aqar.fm/en/apartment-for-rent/riyadh/north-of-riyadh/al-malqa/apartment-for-rent-6875937,100000,157.0,636.9426751592357,636.9426751592357
Riyadh General,50000,325.0,"Apartment for Rent in Riyadh Ash Shuhada§50,000/annually325m²2✨ **for rent: apartment in al-shuhada district (private villa - second floor)**

📍 **location:** al-shuhada district

🏠 **the apartment consists of:**
• guest living room with decorations.
• master bedroom with an en-suite bathroom.
• children's bedroom.
• brand new fully equipped kitchen, with installed split air conditioners.
• 2 bathrooms.
• private terrace / rooftop.

💵 **annual rent:** 50,000 sar.Ash Shuhada, Riyadh",https://sa.aqar.fm/en/apartment-for-rent/riyadh/east-of-riyadh/ash-shuhada/apartment-for-rent-6876434,50000,325.0,153.84615384615384,153.84615384615384
Riyadh General,40000,390.0,"Apartment for Rent in Riyadh Ishbiliyah§40,000/annually390m²331three-bedroom apartment with a living room for rent in a residential building, first floor, in ishbiliyah district.
fitted kitchen – air conditioners installed – independent meter – elevator available.

the apartment consists of:
two bedrooms (one of them a master room) – majlis (sitting room) – living room – kitchen – three bathrooms.

rent in two payments: 45,000
rent in one payment: 40,000

viewing hours: from 5:00 pm to 10:00 pm

contact:
((the number appears when you click on call))Ishbiliyah, Riyadh",https://sa.aqar.fm/en/apartment-for-rent/riyadh/east-of-riyadh/ishbiliyah/apartment-for-rent-6886824,40000,390.0,102.56410256410257,102.56410256410257
Riyadh General,80000,160.0,"Apartment for Rent in Riyadh Dhahrat Laban§80,000/annually160m²331**offer no. 4332**

in the name of allah, the most gracious, the most merciful
please read the advertisement carefully.
peace, mercy, and blessings of allah be upon you.

♦️🔷 **apartment for rent – dahiyat laban**
*(al-winner building 34)*

- total area: 241 sqm
- area per deed: 160 sqm – 100%
- corridor/courtyard: 81 sqm | total: 241 sqm
- 2 entrances: one independent entrance from outside the building, and one from inside the building.

**consists of:**

◀️ **ground floor:**
- 3 bedrooms (one master)
- 3 bathrooms
- 1 living room
- 1 sitting room (majlis)
- 1 storage room / maid's room
- 2 parking spaces in the basement

◀️ **features:**
- full security and safety systems in the building
- independent water tank
- private camera system installed for the apartment
- italian brand kitchen appliances

💸 **rental price:**
- 80,000 sar – one installment
- 85,000 sar – two installments

📞 **contact:**
abu rafif: 055-66-78-197
abu saad: 053-688-3439

**rukn al-ibra real estate company**
our services: marketing – property management – real estate development – electronic contract writing – owners' association – off-plan sales services
working hours: 4:00 pm to 10:00 pm
whatsapp: 24 hoursDhahrat Laban, Riyadh",https://sa.aqar.fm/en/apartment-for-rent/riyadh/west-of-riyadh/dhahrat-laban/apartment-for-rent-6897247,80000,160.0,500.0,500.0
Riyadh General,80000,174.0,"Villa for Rent in Riyadh Al Arid§80,000/annually174m²432townhouse #9
listing number: 3882
to book an appointment or view other units, please visit the aamar website: http://aamar.sa/units/3882

prices:
single payment: 85,000 sar
two payments: 90,000 sar

unit details:
3 bedrooms + 3 bathrooms
living room (2) + separate majlis
american kitchen (fitted)
air conditioners (fitted)
maid's room
laundry room / storage room
outdoor area (balcony)
private parking (building front)Al Arid, Riyadh",https://sa.aqar.fm/en/villa-for-rent/riyadh/north-of-riyadh/al-arid/villa-for-rent-6903068,80000,174.0,459.7701149425287,459.7701149425287
Riyadh General,40000,100.0,"Commercial Office for Rent in Riyadh Al Mahdiyah§40,000/annually100m²office for rent with an area of 100 sqm, consisting of two rooms, a spacious reception hall, an office kitchen, and a bathroom, with high-end finishing and a distinctive practical layout.

for contact ((number appears when pressing call))
abu muhammadAl Mahdiyah, Riyadh",https://sa.aqar.fm/en/office-for-rent/riyadh/west-of-riyadh/al-mahdiyah/office-for-rent-6854336,40000,100.0,400.0,400.0
Riyadh General,400000,2400.0,"Rest House for Rent in Riyadh Al Qirawan§400,000/annually2,400m²52for rent – land
aqraba district
with a fencing permit
al-jubailah
area: 2,400 square meters
15-meter southern street with a width of 40
depth: 60Al Qirawan, Riyadh",https://sa.aqar.fm/en/lounge-for-rent/riyadh/north-of-riyadh/al-qirawan/lounge-for-rent-6881687,400000,2400.0,166.66666666666666,166.66666666666666
Riyadh General,3500,1199.0,"Apartment for Rent in Riyadh Ad Dar Al Baida§3,500/annually1,199m²221🏠 **furnished apartment for rent** 🏠

are you looking for comfortable and elegant accommodation?
we offer you a **furnished apartment** for rent in the best neighborhoods and premium locations!

**apartment features:**
✅ **luxurious furniture** and fully equipped with everything you need (bedrooms, living room, equipped kitchen, electrical appliances).
✅ **high-level services** (cleaning, maintenance, 24/7 security).
✅ **strategic location** close to public facilities (hospitals, schools, shopping centers, transportation).
✅ **flexible rental period** (daily, weekly, monthly).
✅ **competitive prices** suitable for all budgets.

don't miss the opportunity! enjoy staying in our furnished apartments that provide you with comfort and luxury.Ad Dar Al Baida, Riyadh",https://sa.aqar.fm/en/apartment-for-rent/riyadh/south-of-riyadh/ad-dar-al-baida/apartment-for-rent-6611632,3500,1199.0,2.9190992493744785,2.9190992493744785
Riyadh General,60000,492.0,"Apartment for Rent in Riyadh Ishbiliyah§60,000/annually492m²441peace be upon you and god's mercy and blessings.

an apartment (upper floor) for rent in ishbiliyah district, renovated:
- 4 rooms
- living room
- kitchen
- 4 bathrooms
- 2 entrances
- shared electricity meter
- shared water
- close to all services

price: 60,000Ishbiliyah, Riyadh",https://sa.aqar.fm/en/apartment-for-rent/riyadh/east-of-riyadh/ishbiliyah/apartment-for-rent-6541951,60000,492.0,121.95121951219512,121.95121951219512
Riyadh General,4000,656.0,"Rest House for Rent in Riyadh Ash Sharq§4,000/annually656m²211peace be upon you and god's mercy and blessings.

rest house in al-bayan neighborhood for rent:
- fireplace
- majlis (sitting room)
- kitchen
- bathroom
- yard/courtyard
- installed air conditioners, installed kitchen
- furnished
- private entrance
- independent electricity
- shared water

price: 4,000 monthly with an annual contract.Ash Sharq, Riyadh",https://sa.aqar.fm/en/lounge-for-rent/riyadh/east-of-riyadh/ash-sharq/lounge-for-rent-6601038,4000,656.0,6.097560975609756,6.097560975609756
Riyadh General,720000,900.0,"Land for Rent in Riyadh Al Mahdiyah§720,000/annually900m²40m🔥 rare investment opportunity – commercial land on three streets in al mahdiya district 🔥

for direct lease – two commercial plots in an exceptional location in al mahdiya district, one of the strongest promising investment locations in the area.

📍 location: al mahdiya district
📐 area:

	•	each plot: 900 square meters
	•	total: 1,800 square meters
	•	available for lease separately or combined


🌟 strongest advantage:
✔ land on three streets (golden corner)
✔ multiple frontages provide high flexibility in design and operation
✔ very strong commercial visibility (high visibility)

✨ additional features:
✔ vital location amidst growing population density
✔ easy entry and exit from multiple directions
✔ perfect opportunity for brands and operators seeking a prominent location

🔸a location with this distinction guarantees strong presence and high investment return, god willing

📞 for contact and inquiries:
0555587100
0500072624
⚡ distinguished locations don't repeat – hurry to reserve your locationAl Mahdiyah, Riyadh",https://sa.aqar.fm/en/land-for-rent/riyadh/west-of-riyadh/al-mahdiyah/land-for-rent-6635884,720000,900.0,800.0,800.0
Riyadh General,477000,445.0,"Building for Rent in Riyadh Al Arid§477,000/annually445m²60mfor rent complete showrooms and offices
khalid bin bandar street
showroom area 126 sqm
office area 150 sqm
for viewing and inquiries 0561114888Al Arid, Riyadh",https://sa.aqar.fm/en/building-for-rent/riyadh/north-of-riyadh/al-arid/building-for-rent-6639529,477000,445.0,1071.9101123595506,1071.9101123595506
Riyadh General,85000,375.0,"Villa for Rent in Riyadh Shubra§85,000/annually375m²842# f01 #a distinctive residential opportunity – standalone villa in shubra district ✨

a spacious villa for rent, featuring an architectural layout that provides privacy and comfort, with fully integrated outdoor spaces in the heart of the prestigious shubra neighborhood.

**rental value: 90,000 sar** 💵
**location: shubra district** https://maps.app.goo.gl/zeyccv6gmcvw6ss19?g_st=ipc

🏷️ **property details**
• 📐 **area:** 375 square meters
• ⚡ **utilities:** independent electricity meter + independent water meter

🔹 **specifications & interior layout:**

🏠 **ground floor (reception & service area):**
• 🚗 **entrances:** separate driver's room + outdoor annex (bbq/fireplace area)
• 🛋️ **hospitality:** independent men's sitting room + cloakroom + women's sitting room with full privacy
• 👪 **living:** spacious open family living room
• 🍳 **kitchen:** fully equipped kitchen with a dedicated storage room

🏠 **first floor (bedroom wing):**
• 🛏️ **bedrooms:** 4 spacious bedrooms
• ⭐ **master suite:** master bedroom (full suite)
• 🚿 **bathrooms:** 3 additional bedrooms served by a shared bathroom with a convenient layout

🏠 **rooftop:**
• 🧹 **services:** private maid's room with an independent bathroom

📞 **for inquiries & contact:**
basmat three for real estate development & investment
📱 ((number appears upon pressing call))
📱 ((number appears upon pressing call))
☎️ 0114972632
✉️ sales@basmathara.com
🌐 www.basmathara.comShubra, Riyadh",https://sa.aqar.fm/en/villa-for-rent/riyadh/west-of-riyadh/shubra/villa-for-rent-6661217,85000,375.0,226.66666666666666,226.66666666666666
Riyadh General,25000,810.0,"Apartment for Rent in Riyadh Al Wadi§25,000/annually810m²11luxury apartment for rent in al-wadi district (families)

consists of:
bedroom + kitchen + bathroom
- prime location - quiet building
- close to public services
(fitted kitchen - split ac included)

price: 25,000

ibda'a al-aqariya (creative real estate)
rental - sales - property management - full building leasing
((Advertiser's number appears upon contact))((Advertiser's number appears upon contact))559638555Al Wadi, Riyadh",https://sa.aqar.fm/en/apartment-for-rent/riyadh/north-of-riyadh/al-wadi/apartment-for-rent-6856644,25000,810.0,30.864197530864196,30.864197530864196
Riyadh General,65000,140.0,"Apartment for Rent in Riyadh Al Arid§65,000/annually140m²3luxury apartment for rent in al narjis district

it consists of:
living room + 2 bedrooms + hall + kitchen + 3 bathrooms
(kitchen appliances not included - air conditioners not included)

note:
close to services

building features:
- practical design and comfortable spaces
- close to services
- excellent location

price: 65,000Al Arid, Riyadh",https://sa.aqar.fm/en/apartment-for-rent/riyadh/north-of-riyadh/al-arid/apartment-for-rent-6869527,65000,140.0,464.2857142857143,464.2857142857143
Riyadh General,55000,146.0,"Apartment for Rent in Riyadh Dhahrat Laban§55,000/annually146m²431luxury apartment for rent (families)
dhahrat laban district
ground floor

riyadh city

it consists of:
• living room (majlis)
• sitting room
• kitchen
• 3 bedrooms, one of which is a master bedroom
• storage room or maid's room

building features:
• close to all services
• adjacent to commercial markets
• all windows face the street
• fitted kitchen
• air conditioners installed
• brand new, first occupant
• two private parking spaces

rental price:
55,000 annuallyDhahrat Laban, Riyadh",https://sa.aqar.fm/en/apartment-for-rent/riyadh/west-of-riyadh/dhahrat-laban/apartment-for-rent-6876348,55000,146.0,376.71232876712327,376.71232876712327
Riyadh General,30000,400.0,"Apartment for Rent in Riyadh Dhahrat Laban§30,000/annually400m²211apartment #0
listing number: 3244
to book an appointment or view other units, please visit the aamar website: http://aamar.sa/units/3244
prices:
single payment: 30,000 sar
two payments: 35,000 sar
unit details:
2 bedrooms + 1 bathroom
living room (1)
kitchen: american (built-in)
air conditioners: 3 (built-in)
outdoor area: none
private parking: noneDhahrat Laban, Riyadh",https://sa.aqar.fm/en/apartment-for-rent/riyadh/west-of-riyadh/dhahrat-laban/apartment-for-rent-6875899,30000,400.0,75.0,75.0
Riyadh General,100000,370.0,"Villa for Rent in Riyadh Ar Rimal§100,000/annually370m²364villa #0
listing number: 4299
to book an appointment or view other units, please visit the aamar website: http://aamar.sa/units/4299
prices:
single payment: 100,000 sar
two payments: 100,000 sar
monthly installments: 102,000 sar
unit details:
4 bedrooms + 6 bathrooms
living room (4) + separate sitting room + dressing room
american kitchen (installed)
11 air conditioners (installed)
maid's room
laundry room
outdoor area (private roof)
private parking (building front)Ar Rimal, Riyadh",https://sa.aqar.fm/en/villa-for-rent/riyadh/east-of-riyadh/ar-rimal/villa-for-rent-6879400,100000,370.0,270.27027027027026,270.27027027027026
Riyadh General,85000,229.0,"Villa for Rent in Riyadh Al Qadisiyah§85,000/annually229m²541🏡✨ two-floor villa for rent ✨🏡

📍 prime location, suitable for families 👨‍👩‍👧‍👦

❄️ built-in split air conditioners
🍳 built-in kitchens

🔻 ground floor:
🚗 car entrance
🌳 yard
🔥 fireplace
🧹 maid's room
👔 men's sitting room (majlis)
🍽️ dining area
🛋️ living room
🛏️ bedroom
🍳 built-in kitchen
🚿 two bathrooms

🔺 first floor:
🛏️ two bedrooms
🚿 each room with private bathroom
🍳 built-in kitchen
❄️ built-in split air conditioners

💰 price: 85,000 sar annually
💳 two installments

📞 contact:
📱 ((Advertiser's number appears upon contact))Al Qadisiyah, Riyadh",https://sa.aqar.fm/en/villa-for-rent/riyadh/east-of-riyadh/al-qadisiyah/villa-for-rent-6880353,85000,229.0,371.17903930131007,371.17903930131007
Riyadh General,60000,179.0,"Floor for Rent in Riyadh Al Yarmouk§60,000/annually179m²631upper floor inside a palace in east yarmouk neighborhood
area: 400 square meters
elevator available
renovated with new plaster and new bathrooms
consists of:
five rooms
two entrances
living room - sitting room - hall - three bedrooms - three bathrooms - kitchen (maid's room)
price: 60,000 in two installmentsAl Yarmouk, Riyadh",https://sa.aqar.fm/en/big-flat-for-rent/riyadh/east-of-riyadh/al-yarmouk/big-flat-for-rent-6881621,60000,179.0,335.195530726257,335.195530726257
Riyadh General,90000,138.0,"Apartment for Rent in Riyadh Al Ezdihar§90,000/annually138m²331apartment #2
listing number: 3140
to book an appointment or view other units, please visit the aamar website: http://aamar.sa/units/3140

prices:
single payment: 90,000 sar
two payments: 100,000 sar

unit details:
3 bedrooms + 3 bathrooms
living room (1)
american kitchen (built-in)
4 air conditioners (built-in)
private entrance
outdoor area (private yard)
private parking (building front)
smart lock

building features:
elevator

property location features:
🚌 bus stop — 3 minutes
🛒 panda supermarket — 5 minutes
🛣️ eastern ring road sub — 7 minutes
🛍️ granada mall — 9 minutes
🏥 al hammadi hospital — 10 minutesAl Ezdihar, Riyadh",https://sa.aqar.fm/en/apartment-for-rent/riyadh/east-of-riyadh/al-ezdihar/apartment-for-rent-6816884,90000,138.0,652.1739130434783,652.1739130434783
Riyadh General,90000,455.0,"Apartment for Rent in Riyadh Al Malqa§90,000/annually455m²342apartment #0
ad number: 3093
to book an appointment or view other units, please visit the aamar website: http://aamar.sa/units/3093

prices:
single payment: 100,000 sar
two payments: 105,000 sar

unit details:
3 bedrooms + 4 bathrooms
living room (2) + separate majlis
american kitchen (installed)
7 air conditioners (installed)
outdoor area (balcony)
private parking (none)

property location features:
🛣️ king salman road — 10 minutes
🛣️ anas ibn malik road — 3 minutes
🎡 riyadh boulevard — 7 minutes
🏙️ king abdullah financial district — 15 minutesAl Malqa, Riyadh",https://sa.aqar.fm/en/apartment-for-rent/riyadh/north-of-riyadh/al-malqa/apartment-for-rent-6875886,90000,455.0,197.8021978021978,197.8021978021978
Riyadh General,100000,146.0,"Apartment for Rent in Riyadh Al Ezdihar§100,000/annually146m²341luxury and upscale upper floor for rent - al-izdihar district
within the madkhal floors project - al-izdihar district
📍 location: a very prime location near schools and services.
components: 3 bedrooms (including a master bedroom) + living room + maid's room + balcony + 4 bathrooms.
✨ features: built-in kitchen and air conditioners (high quality) + master bedroom and dressing room fully furnished.
✅ elevator available
price: 100,000 sar / annuallyAl Ezdihar, Riyadh",https://sa.aqar.fm/en/apartment-for-rent/riyadh/east-of-riyadh/al-ezdihar/apartment-for-rent-6877647,100000,146.0,684.931506849315,684.931506849315
Riyadh General,4500,425.0,"Apartment for Rent in Riyadh Al Arid§4,500/annually425m²331for rent, an apartment in a villa in hiss al-arid neighborhood, new
close to the mosque, just steps away
super deluxe finishing
installed air conditioners
installed kitchen
independent electricity meter
consisting of:
- two bedrooms, one of which is a master bedroom
- living room
- kitchen
- sitting room (majlis)
- three bathrooms
- balcony
- second floorAl Arid, Riyadh",https://sa.aqar.fm/en/apartment-for-rent/riyadh/north-of-riyadh/al-arid/apartment-for-rent-6879164,4500,425.0,10.588235294117647,10.588235294117647
Riyadh General,38000,100.0,"Apartment for Rent in Riyadh Dhahrat Laban§38,000/annually100m²321🏡 luxurious family apartment for rent

second floor
features:
📍 al-laban district, west riyadh
✨ 2 bedrooms
✨ living room
✨ men's majlis
✨ maqlat (multipurpose room)
✨ kitchen
✨ storage room
✨ 2 bathrooms
⚡ electricity and water included
💰 38,000 sar annually
📌 payment: every 6 months
for contact, abu ahlam: ((number appears upon pressing call))Dhahrat Laban, Riyadh",https://sa.aqar.fm/en/apartment-for-rent/riyadh/west-of-riyadh/dhahrat-laban/apartment-for-rent-6882708,38000,100.0,380.0,380.0
Riyadh General,27000,181.0,"Apartment for Rent in Riyadh Ad Dar Al Baida§27,000/annually181m²211apartment for rent in al-dar al-baydaa district
in a villa

second floor
upper floor

riyadh city:

it consists of:
- living room
- kitchen
- two bedrooms
- storage room
- bathroom

property features:
- close to all services
- 9 minutes away from the metro station
- 18 minutes away from the industrial city
- fully renovated

rental price:
27,000 annuallyAd Dar Al Baida, Riyadh",https://sa.aqar.fm/en/apartment-for-rent/riyadh/south-of-riyadh/ad-dar-al-baida/apartment-for-rent-6888639,27000,181.0,149.17127071823205,149.17127071823205
Riyadh General,48000,432.0,"Apartment for Rent in Riyadh Al Arid§48,000/annually432m²321for rent: two apartments in a villa, al-arid neighborhood
new, first occupant, super deluxe finishing
independent electricity meter
installed air conditioners
consisting of:
- living room
- hall
- two bedrooms
- two bathrooms

first floor apartment price: 50,000 in two installments
second floor apartment price: 48,000 in two installmentsAl Arid, Riyadh",https://sa.aqar.fm/en/apartment-for-rent/riyadh/north-of-riyadh/al-arid/apartment-for-rent-6888330,48000,432.0,111.11111111111111,111.11111111111111
Riyadh General,32000,263.0,"Apartment for Rent in Riyadh Badr§32,000/annually263m²2new apartment in al-namodhaji neighborhood, upper floor, consisting of two rooms, a hall, a bathroom, an internal roof within the apartment and another external one.

for contact: 0557388333

location: https://maps.app.goo.gl/ldtahdsmmm48f8qp8?g_st=icBadr, Riyadh",https://sa.aqar.fm/en/apartment-for-rent/riyadh/south-of-riyadh/badr/apartment-for-rent-6889609,32000,263.0,121.67300380228137,121.67300380228137
Riyadh General,120000,198.0,"Apartment for Rent in Riyadh Hittin§120,000/annually198m²3al-majdah apartment, 84 hittin, area including rooftop 300 sqm

fully furnished for 120,000
unfurnished for 90,000Hittin, Riyadh",https://sa.aqar.fm/en/apartment-for-rent/riyadh/north-of-riyadh/hittin/apartment-for-rent-6894615,120000,198.0,606.060606060606,606.060606060606
Riyadh General,117000,96.0,"Commercial Office for Rent in Riyadh As Sahafah§117,000/annually96m²✨ commercial offices for rent – prime location in riyadh ✨

📍 location:
on a vital main street in riyadh, close to king fahd road and king abdullah road, in a location easily accessible from all directions.

📊 property features:
✔ multiple office spaces suitable for all activities
✔ design with open and flexible spaces
✔ frontage on a distinguished commercial street
✔ vital location with high traffic
✔ close to services (restaurants, cafes, banks, companies)

suitable for:
companies, administrative offices, commercial activities

for contact and inquiries:-

0501987599As Sahafah, Riyadh",https://sa.aqar.fm/en/office-for-rent/riyadh/north-of-riyadh/as-sahafah/office-for-rent-6701741,117000,96.0,1218.75,1218.75
Riyadh General,150000,425.0,"Villa for Rent in Riyadh An Nuzhah§150,000/annually425m²731villa for rent consisting of:

**ground floor:**
two rooms (living room and reception hall) and lounges

**first floor:**
3 bedrooms and a living room, including 2 master bedrooms

**rooftop:**
a room, living room, and bathroom

2-car parking
driver's room
kitchen
elevator
tent in the courtyard

contact via whatsapp:
0534051000An Nuzhah, Riyadh",https://sa.aqar.fm/en/villa-for-rent/riyadh/north-of-riyadh/an-nuzhah/villa-for-rent-6747348,150000,425.0,352.94117647058823,352.94117647058823
Riyadh General,70000,450.0,"Floor for Rent in Riyadh Ghirnatah§70,000/annually450m²53🏡 modern ground floor unit for rent – granada district 🏡

📐 area: 250 sqm
total rooms: 4 + annex + maid's room
✨ consists of:
🚗 car entrance
🌿 front yard
🔥 fireplace (annex)
🛋️ majlis (sitting room)
🍽️ dining room
🛋️ living room
🛏️ 2 bedrooms
🚿 3 bathrooms
🍳 kitchen
🌿 back yard
🧹 maid's room
- built-in kitchen – built-in air conditioners

💰 price:
🔹 80,000 sar – two installments
🔹 70,000 sar – one payment

📞 for contact and inquiries:
0534088882Ghirnatah, Riyadh",https://sa.aqar.fm/en/big-flat-for-rent/riyadh/east-of-riyadh/ghirnatah/big-flat-for-rent-6806729,70000,450.0,155.55555555555554,155.55555555555554
Riyadh General,50000,118.0,"Apartment for Rent in Riyadh Al Arid§50,000/annually118m²11studio #3.2
listing number: 786
to book an appointment or view other units, please visit aamar's website: http://aamar.sa/units/786

prices:
single payment: 50,000 sar
two payments: 55,000 sar

unit details:
1 bedroom + 1 bathroom
living room (0)
kitchen (american) (installed)
air conditioners: 2 (installed)
outdoor area (none)
private parking (building_front)

property location features:
🛣️ 2 minutes from king fahd road
🛣️ 2 minutes from king abdulaziz road
🍎 3 minutes from panda supermarket
🎓 10 minutes from princess nourah university
🎓 14 minutes from imam muhammad bin saud islamic university
🛫 22 minutes from king khalid international airportAl Arid, Riyadh",https://sa.aqar.fm/en/apartment-for-rent/riyadh/north-of-riyadh/al-arid/apartment-for-rent-6776631,50000,118.0,423.728813559322,423.728813559322
Riyadh General,60000,200.0,"Apartment for Rent in Riyadh Al Arid§60,000/annually200m²53🏡 two-story apartment in a villa for rent

1st & 2nd floor with roof 🪴⛲️
private entrance
car garage 🅿️
5 bedrooms (1 master) 🛌
kitchen cabinets 👩‍🍳
3 bathrooms 🚽
ac concealed & split included ❄️
private roof 🪴

thamer al-hamoud
((number appears when pressing call))Al Arid, Riyadh",https://sa.aqar.fm/en/apartment-for-rent/riyadh/north-of-riyadh/al-arid/apartment-for-rent-6802340,60000,200.0,300.0,300.0
Riyadh General,80000,156.0,"Floor for Rent in Riyadh Al Arid§80,000/annually156m²352floor 84290
listing number: 3175
to book an appointment or view other units, please visit the aamar website: http://aamar.sa/units/3175

**prices:**
single payment: 80,000 sar
two payments: 85,000 sar
monthly installments: 96,000 sar

**unit details:**
3 bedrooms + 5 bathrooms
living room (2) + separate sitting room (majlis)
american kitchen (installed)
8 air conditioners (installed)
maid's room
outdoor area: none
private parking: building front

**property location features:**
🕌 mosque – 1 minute
🛣️ king fahd road – 3 minutes
🎓 al yamamah university – 13 minutes
✈️ king khalid international airport – 21 minutesAl Arid, Riyadh",https://sa.aqar.fm/en/big-flat-for-rent/riyadh/north-of-riyadh/al-arid/big-flat-for-rent-6816684,80000,156.0,512.8205128205128,512.8205128205128
Riyadh General,65000,207.0,"Villa for Rent in Riyadh Al Janadriyah§65,000/annually207m²531townhouse for rent | al-janaderiyah district – riyadh

two sitting rooms • 3 bedrooms • living room • kitchen • bathrooms • private rooftop
private entrance • private parking

✨ practical design with comfortable spaces, suitable for families

for inquiries ((number appears when pressing call))
abu ali al-shehri: ramda real estate company in riyadh / al-sulaimaniyah district / we are pleased to serve you and market your properties in all regions and provinces of the kingdom, whether selling, buying, or rentingAl Janadriyah, Riyadh",https://sa.aqar.fm/en/villa-for-rent/riyadh/east-of-riyadh/al-janadriyah/villa-for-rent-6786616,65000,207.0,314.0096618357488,314.0096618357488
Riyadh General,70000,113.0,"Apartment for Rent in Riyadh An Narjis§70,000/annually113m²321for rent – one-year-old apartment | al-narjis district

**apartment details:**

- central air conditioning system and kitchen included
- 🔐 smart home – smart entry system
- 🛏️ master bedroom with walk-in closet/storage area
- 🛏️ two independent bedrooms
- 🛋️ large living room with wide windows
- 🍽️ fully equipped kitchen (german steel) with hood and stove surface
- ❄️ central air conditioning (separate unit for each area)
- 🚗 private parking in the basement
- central vacuum system (with all vacuum accessories)
- storage room or laundry room
- 📍 excellent location

**💰 rental options:**

- annual (one or two payments): 70,000 sar

**contact – saud:** (number appears when clicking ""call"")An Narjis, Riyadh",https://sa.aqar.fm/en/apartment-for-rent/riyadh/north-of-riyadh/an-narjis/apartment-for-rent-6872528,70000,113.0,619.4690265486726,619.4690265486726
Riyadh General,55000,93.0,"Apartment for Rent in Riyadh Al Malaz§55,000/annually93m²2**upper floor apartment for rent – al malaz district**

* living room
* 2 bedrooms
* fitted kitchen
* fitted air conditioning
* 2 bathrooms
* private rooftop
* private parking space

**annual rent: 50,000 sar**
payment method: 2 installmentsAl Malaz, Riyadh",https://sa.aqar.fm/en/apartment-for-rent/riyadh/east-of-riyadh/al-malaz/apartment-for-rent-6901293,55000,93.0,591.3978494623656,591.3978494623656
Riyadh General,65000,108.0,"Apartment for Rent in Riyadh Al Arid§65,000/annually108m²231apartment for rent
in al-arid district
inside makeen 64 complex

**new**

two master bedrooms
and a spacious living room

without air conditioners or kitchen

private parking

sports club

price: 65,000

annual rent

🔴 to contact:
0598452149

""a full video of the apartment is attached""

https://maps.app.goo.gl/d5xynhglsubuv1cwa?g_st=icAl Arid, Riyadh",https://sa.aqar.fm/en/apartment-for-rent/riyadh/north-of-riyadh/al-arid/apartment-for-rent-6837436,65000,108.0,601.8518518518518,601.8518518518518
Riyadh General,60000,1522.0,"Apartment for Rent in Riyadh Al Malqa§60,000/annually1,522m²331for rent - apartment for families only, second floor, consisting of:
two bedrooms, a living room, a sitting room, a kitchen, and three bathrooms.
air conditioning units installed and fitted kitchen included.
full maintenance has been done including plumbing, electrical, painting, and air conditioning.
for contact: ((number appears when pressing call))Al Malqa, Riyadh",https://sa.aqar.fm/en/apartment-for-rent/riyadh/north-of-riyadh/al-malqa/apartment-for-rent-6856049,60000,1522.0,39.42181340341656,39.42181340341656
Riyadh General,70000,300.0,"Villa for Rent in Riyadh Ar Rimal§70,000/annually300m²541🏡 for rent | distinguished villa in al rimal district – riyadh

📍 location: al rimal district
📐 area: 300 m²
🛣️ street width: 18 meters
🏠 property age: 4 years

villa details:

🔹 ground floor:
• bedroom
• restroom
• sitting room (majlis)
• kitchen
• storage room
• courtyard
• driver's room

🔹 first floor:
• 3 bedrooms
• including a master bedroom

🔹 second floor:
• room with bathroom
• rooftop

✅ driver's room
✅ maid's room

💰 annual rent: 70,000 sar
🤝 direct with owner

📞 a great opportunity to reside in a villa with an excellent space and practical layout.Ar Rimal, Riyadh",https://sa.aqar.fm/en/villa-for-rent/riyadh/east-of-riyadh/ar-rimal/villa-for-rent-6823981,70000,300.0,233.33333333333334,233.33333333333334
Riyadh General,3000,960.0,"Apartment for Rent in Riyadh Al Qadisiyah§3,000/annually960m²321🏡 for rent | apartment inside a residential villa in al-qadisiyah neighborhood 📍

🏠 second floor
🚪 two entrances
⚡ independent electricity meter

🛏️ consists of:
• 3 bedrooms
• living room
• 2 bathrooms 🚿
• kitchen 🍳

💰 price:
▫️ 36,000 sar in two installments
▫️ 3,000 sar per month

📞 for contact and inquiries:
((number appears when clicking on call))Al Qadisiyah, Riyadh",https://sa.aqar.fm/en/apartment-for-rent/riyadh/east-of-riyadh/al-qadisiyah/apartment-for-rent-6846725,3000,960.0,3.125,3.125
Riyadh General,125000,147.0,"Apartment for Rent in Riyadh As Sahafah§125,000/annually147m²441for rent: furnished apartment in meem tower with a distinctive view
location: riyadh - al sahafa
floor: 9th
area: 147 sqm
street: 20m, west-facing
age: approximately 4 years
consists of:
3 bedrooms (one master) - kitchen - living room - maid's room.

number of bathrooms: 4

- 6 split air conditioners
- independent electricity meter
- fitted kitchen with electrical appliances
- private parking in the basement
- men's and women's gym
- swimming pool
- children's play area

price: 125,000

for more details, contact: 0568288007As Sahafah, Riyadh",https://sa.aqar.fm/en/apartment-for-rent/riyadh/north-of-riyadh/as-sahafah/apartment-for-rent-6901824,125000,147.0,850.3401360544218,850.3401360544218
Riyadh General,24000,25.0,"Apartment for Rent in Riyadh Al Malqa§24,000/annually25m²11apartment in a building in al-malqa district

consisting of:
- bedroom
- counter kitchen
- bathroom

furnished

installed air conditioners and built-in kitchen

for contact, call or whatsapp:
((the number appears when you press call))Al Malqa, Riyadh",https://sa.aqar.fm/en/apartment-for-rent/riyadh/north-of-riyadh/al-malqa/apartment-for-rent-6813427,24000,25.0,960.0,960.0
Riyadh General,165000,291.0,"Villa for Rent in Riyadh At Taawon§165,000/annually291m²452**for rent – independent villa in al-ta'awun district**

a quiet and distinctive location, close to all services.

**area:** 291 sqm
**street width:** 20 meters, facing a silent wall
**façade:** west-facing

---

**specifications:**

- guard room
- car entrance
- guest reception with washbasins and bathroom
- dining area
- spacious living room with washbasins and bathroom
- office
- fitted kitchen
- internal kitchen

---

**first floor:**
- living area
- 2 master bedrooms
- 2 bedrooms with shared bathroom

---

**second floor:**
- maid's room with private bathroom
- large storage room

---

**notes:**
- full split ac system installed throughout the villa
- fitted kitchen included
- facing a silent wall with available parking and a quiet neighborhood

---

**annual rent: 165,000 sar**At Taawon, Riyadh",https://sa.aqar.fm/en/villa-for-rent/riyadh/north-of-riyadh/at-taawon/villa-for-rent-6900160,165000,291.0,567.0103092783505,567.0103092783505
Riyadh General,60000,90.0,"Apartment for Rent in Riyadh Al Malqa§60,000/annually90m²2hotel apartment for rent
apartment 32b on the first floor

monthly: 6,000

(fully furnished with hotel-style furniture)
located in al malqa district

apartment specifications:
✅ 2 bedrooms
✅ living room
✅ open-plan kitchen
✅ 1 bathroom
✅ private parking space
❇ smart entry system for apartments

⬅ prime location, very close to all services
⬅ upscale complex with an excellent, quiet location
easy access in and out of the complex to main roads:
anas ibn malik road and king fahd road

apartment furniture contents:
_____________________
✅ sofa set in the living room with a display screen and armchair
✅ complete bedroom set:
(large bed, wardrobe, and dressing table – twin bed, wardrobe, and dressing table)

✅ small kitchen fully equipped with all appliances and essentials:
(refrigerator + microwave + electric oven + washing machine)

additional services:
__________________________

⬅ internet network provided
⬅ periodic maintenance service for apartments (plumbing and electrical)
⬅ cleaning service available twice a weekAl Malqa, Riyadh",https://sa.aqar.fm/en/apartment-for-rent/riyadh/north-of-riyadh/al-malqa/apartment-for-rent-6877249,60000,90.0,666.6666666666666,666.6666666666666
Riyadh General,70000,122.0,"Apartment for Rent in Riyadh Al Arid§70,000/annually122m²3ad code – asa 41

✨ apartment for rent – makeen 34 project | al arid district ✨

📍 location: al arid district – riyadh
📌 a distinguished apartment within the makeen 34 project, in one of the most in-demand neighborhoods in north riyadh, close to main roads and all amenities.

🏡 unit details:
• 3 bedrooms
• spacious living room
• fully fitted kitchen with appliances
• installed air conditioning units
• ready to move in

✅ location features:
• within the makeen 34 project
• easy access to main roads
• close to restaurants, cafés, and markets
• modern neighborhood with full services
• suitable for families

💰 annual rent: (price to be added)

for inquiries or to book a viewing appointment, please get in touch.Al Arid, Riyadh",https://sa.aqar.fm/en/apartment-for-rent/riyadh/north-of-riyadh/al-arid/apartment-for-rent-6844448,70000,122.0,573.7704918032787,573.7704918032787
Riyadh General,52000,900.0,"Apartment for Rent in Riyadh Ar Rawdah§52,000/annually900m²421family apartment for rent in al-rawdha district
ground floor - inside a residential building
consisting of:
4 rooms
living room
kitchen
2 bathrooms
built-in kitchen and built-in air conditioners
independent electricity meter
fully renovated apartment
annual rent: 55,000

for contact and inquiries:
((number appears when pressing call))
advertisement license number: 7201012466
fal license number: 1200010605
we are happy to serve you and receive your requests and offers
working hours from saturday to thursday, contact hours from 9 am to 9 pm
we apologize for not responding outside working hoursAr Rawdah, Riyadh",https://sa.aqar.fm/en/apartment-for-rent/riyadh/east-of-riyadh/ar-rawdah/apartment-for-rent-6793176,52000,900.0,57.77777777777778,57.77777777777778
Riyadh General,80000,132.0,"Apartment for Rent in Riyadh Al Malqa§80,000/annually132m²3✨ for rent – seel 28 apartment ✨

- district | al malqa
- area | 132 m²
- project | seel

✨ specifications ✨
- 3 bedrooms including master
- spacious living room
- maid's room
- 3 bathrooms
- built-in air conditioners
- built-in kitchen
- parking space

🌟 price 🌟
80,000 – one payment
85,000 – two payments

for coordination, dear client ♥️
contact us via whatsapp and we will be happy to serve youAl Malqa, Riyadh",https://sa.aqar.fm/en/apartment-for-rent/riyadh/north-of-riyadh/al-malqa/apartment-for-rent-6814412,80000,132.0,606.060606060606,606.060606060606
Riyadh General,65000,295.0,"Villa for Rent in Riyadh Okaz§65,000/annually295m²452villa for rent – ukkaz district (al-ajlan subdivision)

building area: 492 sqm
rent: 70,000 (one payment) / 80,000 (two payments)

number of rooms:
- ground floor: majlis, sitting room, living room, kitchen, and 2 bathrooms (plus a very large courtyard)
- first floor: 4 bedrooms and 3 bathrooms (2 master bedrooms)
- rooftop: established with a maid's room and bathroom, plus full rooftop accessOkaz, Riyadh",https://sa.aqar.fm/en/villa-for-rent/riyadh/south-of-riyadh/okaz/villa-for-rent-6795002,65000,295.0,220.33898305084745,220.33898305084745
Riyadh General,72000,166.0,"Apartment for Rent in Riyadh Al Hamra§72,000/annually166m²331silver arrow real estate company announces the availability of:

🏡 modern apartment for rent | wakan project – al hamra

📍 first floor | property age: 2 years

✨ the apartment includes:
• 3 bedrooms, including a master bedroom with a private bathroom
• separate majlis + bathroom
• separate living room
• fitted kitchen
• maid's room / storage room
• ❄️ 6 newly installed gree air conditioners
• owners' association fees included

💰 sar 72,000 – one payment
💰 sar 75,000 – two payments

📍 wakan project – al hamra district, riyadh


🏡 modern apartment for rent | wakan project – al hamra

📍 first floor | property age: 2 years

✨ the apartment includes:
• 3 bedrooms, including a master bedroom with a private bathroom
• separate majlis + private bathroom
• separate living room
• fitted kitchen
• maid's room / storage room
• ❄️ 6 newly installed split ac units by gree
• owners' association fees included

💰 sar 72,000 – one payment
💰 sar 75,000 – two payments

📍 wakan project – al hamra, riyadhAl Hamra, Riyadh",https://sa.aqar.fm/en/apartment-for-rent/riyadh/east-of-riyadh/al-hamra/apartment-for-rent-6901069,72000,166.0,433.73493975903614,433.73493975903614
Riyadh General,25000,239.0,"Apartment for Rent in Riyadh Skirinah§25,000/annually239m²321two family apartments for rent in new manfouha, each apartment consists of 3 rooms, a living room, and two bathrooms, close to all services.
rent can be paid monthly, quarterly, or every six months.
security deposit: 1,000 sar
water: 500 sar per year

for inquiries: ((number appears when pressing call))
abu ali al-shahri: ramda real estate corporation in riyadh / al-sulaimaniyah district / we are happy to serve you and market your properties in all regions and provinces of the kingdom, whether buying, selling, or renting.Skirinah, Riyadh",https://sa.aqar.fm/en/apartment-for-rent/riyadh/center-of-riyadh/skirinah/apartment-for-rent-6788372,25000,239.0,104.60251046025104,104.60251046025104
Riyadh General,36000,300.0,"Villa for Rent in Riyadh Al Janadriyah§36,000/annually300m²51area: 300 m²
facade: north-facing
street: 30m width

**ground floor:**
- men's sitting room with bathroom
- spacious living hall with bathroom
- kitchen with storage room
- front and back yard
- garage accommodating two cars

**first floor:**
- master bedroom with walk-in closet
- two additional bedrooms with shared bathroom

**second floor:**
- maid's room with bathroom

**rent:** 36,000 sar paid in two installments
**monthly:** 3,300 sar

**owner will:**
- paint the entire villa
- clean all tiles
- replace all light bulbsAl Janadriyah, Riyadh",https://sa.aqar.fm/en/villa-for-rent/riyadh/east-of-riyadh/al-janadriyah/villa-for-rent-6899854,36000,300.0,120.0,120.0
Riyadh General,42000,450.0,"Apartment for Rent in Riyadh Qurtubah§42,000/annually450m²3apartment for rent | qurtubah district

prime location, close to all services
first floor

property features:

* 2 bedrooms
* living room
* majlis
* 2 bathrooms

annual rent:
sar 42,000
one or two payments

note:

* electricity and water are shared

code: n-436Qurtubah, Riyadh",https://sa.aqar.fm/en/apartment-for-rent/riyadh/east-of-riyadh/qurtubah/apartment-for-rent-6888649,42000,450.0,93.33333333333333,93.33333333333333
Riyadh General,70000,113.0,"Apartment for Rent in Riyadh An Narjis§70,000/annually113m²321for rent – one-year-old apartment | al-narjis district

**apartment details:**

- central air conditioning system and kitchen included
- 🔐 smart home – smart entry system
- 🛏️ master bedroom with walk-in closet/storage area
- 🛏️ two independent bedrooms
- 🛋️ large living room with wide windows
- 🍽️ fully equipped kitchen (german steel) with hood and stove surface
- ❄️ central air conditioning (separate unit for each area)
- 🚗 private parking in the basement
- central vacuum system (with all vacuum accessories)
- storage room or laundry room
- 📍 excellent location

**💰 rental options:**

- annual (one or two payments): 70,000 sar

**contact – saud:** (number appears when clicking ""call"")An Narjis, Riyadh",https://sa.aqar.fm/en/apartment-for-rent/riyadh/north-of-riyadh/an-narjis/apartment-for-rent-6872528,70000,113.0,619.4690265486726,619.4690265486726
Riyadh General,55000,87.0,"Apartment for Rent in Riyadh As Safaa§55,000/annually87m²331No descriptionAs Safaa, Riyadh",https://sa.aqar.fm/en/apartment-for-rent/riyadh/east-of-riyadh/as-safaa/apartment-for-rent-6847502,55000,87.0,632.183908045977,632.183908045977
Riyadh General,95000,115.0,"Apartment for Rent in Riyadh An Nafal§95,000/annually115m²2apartment no. (c4) on the ground floor at diyar 27 project in al-nafl district:

**specifications:**
* 2 bedrooms, living room, kitchen, laundry room, and 3 bathrooms
* basement parking space

**area:**
* 115.12 m²

**features:**
* concealed air conditioning
* fitted kitchen (with appliances)
* project amenities (nursery - reception area - men's and women's club - outdoor seating areas)

**rent:**
95,000

**project location:**
* https://maps.app.goo.gl/nmqjyfxg5cujrqst9An Nafal, Riyadh",https://sa.aqar.fm/en/apartment-for-rent/riyadh/north-of-riyadh/an-nafal/apartment-for-rent-6873829,95000,115.0,826.0869565217391,826.0869565217391
Riyadh General,30000,414.0,"Apartment for Rent in Riyadh Al Khaleej§30,000/annually414m²2**family apartment for rent**
consisting of: 2 bedrooms + living room + kitchen + 2 bathrooms
* the apartment is new
location: al khalij district, al najma street, behind waqt al liyaqa club on salman al farisi streetAl Khaleej, Riyadh",https://sa.aqar.fm/en/apartment-for-rent/riyadh/east-of-riyadh/al-khaleej/apartment-for-rent-6893626,30000,414.0,72.46376811594203,72.46376811594203
Riyadh General,45000,500.0,"Apartment for Rent in Riyadh Al Munsiyah§45,000/annually500m²5second floor apartment with two entrances
living room (majlis)
sitting room (muqallat) + small room inside the sitting room
two bedrooms
living hall
two bathrooms
shared electricity meter with the apartment opposite (50/50 split)
45 (thousand) in two payments, 40 (thousand) in one payment, negotiable
a small family is requiredAl Munsiyah, Riyadh",https://sa.aqar.fm/en/apartment-for-rent/riyadh/east-of-riyadh/al-munsiyah/apartment-for-rent-6876974,45000,500.0,90.0,90.0
Riyadh General,25000,240.0,"Apartment for Rent in Riyadh Al Hazm§25,000/annually240m²3third floor, two bedrooms, sitting room, living room, kitchen, two bathrooms. third floor is fully painted and completely maintained.
kitchen is not installed.
window ac unit in the living room is split type.
electricity meter is independent.
conditions: most importantly, the tenant must be saudi, and the number of family members should be small.Al Hazm, Riyadh",https://sa.aqar.fm/en/apartment-for-rent/riyadh/west-of-riyadh/al-hazm/apartment-for-rent-6860960,25000,240.0,104.16666666666667,104.16666666666667
Riyadh General,100000,144.0,"Apartment for Rent in Riyadh Al Malqa§100,000/annually144m²221📍 **apartment for rent in hittin district**
in taleed compound – prime location, close to all services.

**floor:** second floor

**the unit consists of:**
2 bedrooms + 2 bathrooms + living room + kitchen + balcony + storage room

**features:**
- ac installed
- kitchen installed
- smart entry system
- elevator
- private parking space

**price:**
- 100,000 sar – one or two payments
- 8,500 sar – monthlyAl Malqa, Riyadh",https://sa.aqar.fm/en/apartment-for-rent/riyadh/north-of-riyadh/al-malqa/apartment-for-rent-6842996,100000,144.0,694.4444444444445,694.4444444444445
Riyadh General,45000,124.0,"Apartment for Rent in Riyadh Al Ezdihar§45,000/annually124m²321luxury apartment for rent in al-izdihar district (families)

it consists of:
living room + hall + 2 bedrooms + kitchen + 2 bathrooms
independent electricity meter

features:
sufficient parking for tenants

note: unfurnished
close to services and schools
price: 45,000

al-nakhba al-thabita real estate company

((number appears when pressing call)) - ((number appears when pressing call)) 2690006Al Ezdihar, Riyadh",https://sa.aqar.fm/en/apartment-for-rent/riyadh/east-of-riyadh/al-ezdihar/apartment-for-rent-6876753,45000,124.0,362.9032258064516,362.9032258064516
Riyadh General,80000,125.0,"Apartment for Rent in Riyadh Qurtubah§80,000/annually125m²331No descriptionQurtubah, Riyadh",https://sa.aqar.fm/en/apartment-for-rent/riyadh/east-of-riyadh/qurtubah/apartment-for-rent-6866988,80000,125.0,640.0,640.0
Riyadh General,90000,1064.0,"Apartment for Rent in Riyadh Al Malqa§90,000/annually1,064m²33🏡 distinctive apartment for rent in al malqa district

an apartment in a villa located in al malqa district, in a strategic location close to all amenities. it is distinguished by its position on two streets with widths of 20 and 18 meters, providing easy access and a prime location.

🔹 villa specifications:

• 3 bedrooms, all master suites.
• 3 bathrooms.
• fitted kitchen.
• air conditioners.
• private entrance.
• two separate rooftops.
• spacious and comfortable areas.
• prime location suitable for family living.

📍 a perfect opportunity for families looking for upscale living and comfort close to all services.

for inquiries or to schedule a viewing, you are most welcome.Al Malqa, Riyadh",https://sa.aqar.fm/en/apartment-for-rent/riyadh/north-of-riyadh/al-malqa/apartment-for-rent-6885775,90000,1064.0,84.58646616541354,84.58646616541354
Riyadh General,45000,500.0,"Apartment for Rent in Riyadh Al Maizilah§45,000/annually500m²311for rent, an apartment in al-mu'ayzilah neighborhood
first floor in a villa
the apartment consists of:
3 bedrooms, a living room, and a sitting room
3 bathrooms
without air conditioners and kitchen
independent electricity meter
annual rent: 45,000
direct with the ownerAl Maizilah, Riyadh",https://sa.aqar.fm/en/apartment-for-rent/riyadh/east-of-riyadh/al-maizilah/apartment-for-rent-6811904,45000,500.0,90.0,90.0
Riyadh General,60000,151.0,"Apartment for Rent in Riyadh Ar Rimal§60,000/annually151m²4apartment for rent in rawabi 25 complex – al-rimal district, al-babtain

second floor

specifications:

* apartment area: 151 m²
* spacious living room
* private rooftop
* built-in kitchen with built-in oven
* 3 bedrooms, including a master bedroom
* maid's room or laundry room
* built-in air conditioners
* private parking space
* all services available

price:

* 60,000 sar in one payment
* 65,000 sar in two paymentsAr Rimal, Riyadh",https://sa.aqar.fm/en/apartment-for-rent/riyadh/east-of-riyadh/ar-rimal/apartment-for-rent-6834393,60000,151.0,397.35099337748346,397.35099337748346
Riyadh General,50000,435.0,"Apartment for Rent in Riyadh Al Arid§50,000/annually435m²3✨ apartment for rent | al-aarid district ✨

a great opportunity to reside in al-aarid district within a villa, in a prime location close to all services and main roads, with a practical design that provides comfort and privacy.

apartment specifications:
• two bedrooms.
• independent sitting room.
• spacious living room.
• built-in kitchen.

💰 annual rent: 50,000 sar.

📞 for contact and inquiries:
0568582344Al Arid, Riyadh",https://sa.aqar.fm/en/apartment-for-rent/riyadh/north-of-riyadh/al-arid/apartment-for-rent-6787201,50000,435.0,114.94252873563218,114.94252873563218
Riyadh General,55000,123.0,"Apartment for Rent in Riyadh Ar Rimal§55,000/annually123m²331luxury apartment in deem 2 project
consisting of 3 bedrooms - living room - kitchen - 3 bathrooms
new split air conditioners installed - kitchen cabinets with appliances included
distinguished by its proximity to all servicesAr Rimal, Riyadh",https://sa.aqar.fm/en/apartment-for-rent/riyadh/east-of-riyadh/ar-rimal/apartment-for-rent-6871844,55000,123.0,447.1544715447154,447.1544715447154
Riyadh General,95000,312.0,"Villa for Rent in Riyadh Ar Rimal§95,000/annually312m²51for rent: luxurious villa with internal staircase in al-babtain plan - al-ramal district

**kitchen and built-in air conditioners**

ground floor:
- courtyard + car entrance
- outdoor fireplace
- majlis (reception room)
- maqalat (sitting area)
- large living room
- elderly room
- kitchen
- laundry room + maid's room with private bathroom

second floor:
- living room
- large master bedroom
- master bedroom
- 3 bedrooms

for inquiries: ruwaytak office - abu salem ((number appears when pressing call))Ar Rimal, Riyadh",https://sa.aqar.fm/en/villa-for-rent/riyadh/east-of-riyadh/ar-rimal/villa-for-rent-6818532,95000,312.0,304.4871794871795,304.4871794871795
Riyadh General,42000,242.0,"Apartment for Rent in Riyadh Qurtubah§42,000/annually242m²321al-rawabet real estate for marketing and real estate development
apartment for rent – qurtuba district

📍 apartment details:
▪️ 3 bedrooms and a living room
▪️ private rooftop
▪️ built-in kitchen
▪️ only one air conditioner included
▪️ independent electricity meter

💰 rent:
▪️ 42,000 sar in one payment + 1,000 sar water fees
▪️ 48,000 sar in two payments + 1,000 sar water fees

📍 al-rawabet real estate company office – al-munsiyah district – al-sahaba roadQurtubah, Riyadh",https://sa.aqar.fm/en/apartment-for-rent/riyadh/east-of-riyadh/qurtubah/apartment-for-rent-6817075,42000,242.0,173.55371900826447,173.55371900826447
Riyadh General,28000,78.0,"Apartment for Rent in Riyadh Tuwaiq§28,000/annually78m²1for rent – apartment
tuwayq district
1 bedroom, living room, bathroom, and kitchen
air conditioners included
monthly rent: 2,500 sar
annual rent: 28,000 sarTuwaiq, Riyadh",https://sa.aqar.fm/en/apartment-for-rent/riyadh/west-of-riyadh/tuwaiq/apartment-for-rent-6814781,28000,78.0,358.97435897435895,358.97435897435895
Riyadh General,40000,160.0,"Floor for Rent in Riyadh Tuwaiq§40,000/annually160m²6an independent upper floor for rent, consisting of a car entrance, a men's sitting room with a men's bathroom, a maqalt (tea/coffee preparation room), a living room, a kitchen, three bedrooms including a master bedroom, and the full rooftop belonging to the upper floor.Tuwaiq, Riyadh",https://sa.aqar.fm/en/big-flat-for-rent/riyadh/west-of-riyadh/tuwaiq/big-flat-for-rent-6862909,40000,160.0,250.0,250.0
Riyadh General,55000,900.0,"Apartment for Rent in Riyadh Ar Rayan§55,000/annually900m²311apartment for rent in al-rayan district, second floor
area: 155 sqm
consisting of:
- independent sitting room (majlis)
- living room
- 2 bedrooms
- kitchen
- 3 bathrooms (2 with shower)Ar Rayan, Riyadh",https://sa.aqar.fm/en/apartment-for-rent/riyadh/east-of-riyadh/ar-rayan/apartment-for-rent-6839024,55000,900.0,61.111111111111114,61.111111111111114
Riyadh General,42000,133.0,"Apartment for Rent in Riyadh Ad Duraihimiyah§42,000/annually133m²331clean apartment for rent:
- 3 bedrooms
- living room
- 3 bathrooms
- 3 installed, nearly new gree air conditioners
- installed kitchen with electric oven
- fully installed arabic majlis with backrests, excellent quality, nearly new
- excellent quality waterproof spc parquet flooring
a deposit is required only for the air conditioners, parquet flooring, kitchen, and paint.
rent is 44,000 in two payments, or 42,000 in one payment.
annual contract, automatically renewable.

the furniture mentioned is included in the rent only.Ad Duraihimiyah, Riyadh",https://sa.aqar.fm/en/apartment-for-rent/riyadh/west-of-riyadh/ad-duraihimiyah/apartment-for-rent-6903250,42000,133.0,315.7894736842105,315.7894736842105
Riyadh General,40000,618.0,"Floor for Rent in Riyadh Al Janadriyah§40,000/annually618m²242first floor in ghudain
living room + muqlat (sitting area)
hall + maid's room
kitchen
3 bedrooms, 2 master
4 bathrooms
elevator shaft + private entrance + private parking + independent electricity meter + independent water meterAl Janadriyah, Riyadh",https://sa.aqar.fm/en/big-flat-for-rent/riyadh/east-of-riyadh/al-janadriyah/big-flat-for-rent-6785522,40000,618.0,64.72491909385113,64.72491909385113
Riyadh General,60000,129.0,"Apartment for Rent in Riyadh Ar Rimal§60,000/annually129m²331**apartment (mujaalat 67 project - apartment 15 - first floor)**

**property specifications**
district / al-rimal
area / 130 sqm
- living room
- 3 bedrooms
- 3 bathrooms
- fitted kitchen (electric surface oven + sink and mixer)
- laundry room / maid's room / storage room
- 5 air conditioners (fitted)
- smart entry system for the apartment door and building entrance
- smart control system for the apartment via a screen
- elevator available in the building
- private parking (outdoor)

**required rental value:**
one payment: 60,000 sar

**water:** owner's responsibilityAr Rimal, Riyadh",https://sa.aqar.fm/en/apartment-for-rent/riyadh/east-of-riyadh/ar-rimal/apartment-for-rent-6887011,60000,129.0,465.1162790697674,465.1162790697674
Riyadh General,70000,125.0,"Apartment for Rent in Riyadh An Narjis§70,000/annually125m²331❄️ for rent ❄️
📍city: riyadh
▫️district: al-narjis, south of salman
🏢property type: fully furnished apartment for rent
🗓️property age: new
📏area: 120 m²
▫️specifications: living room + kitchen + two bedrooms and one master bedroom + 3 bathrooms + laundry room + outdoor space + outdoor parking spot.
💰price: sar 65,000 (single payment)
      sar 70,000 (two payments)
▫️listing by: owner.

https://maps.app.goo.gl/mjrqkdwqkaokycz69?g_st=iwAn Narjis, Riyadh",https://sa.aqar.fm/en/apartment-for-rent/riyadh/north-of-riyadh/an-narjis/apartment-for-rent-6821205,70000,125.0,560.0,560.0
Riyadh General,46000,625.0,"Apartment for Rent in Riyadh Al Arid§46,000/annually625m²321for rent: an apartment in al arid neighborhood
in a residential building for families
first floor
consists of:
two bedrooms
a majlis (sitting room)
a hall
two bathrooms
kitchen installed
air conditioners installed
elevator available
(((( location is not accurate )))) contact via whatsapp
price: 46,000 riyals including water, in two payments
security deposit: 2,000 riyalsAl Arid, Riyadh",https://sa.aqar.fm/en/apartment-for-rent/riyadh/north-of-riyadh/al-arid/apartment-for-rent-6900207,46000,625.0,73.6,73.6
Riyadh General,25000,240.0,"Apartment for Rent in Riyadh Al Hazm§25,000/annually240m²3third floor, two bedrooms, sitting room, living room, kitchen, two bathrooms. third floor is fully painted and completely maintained.
kitchen is not installed.
window ac unit in the living room is split type.
electricity meter is independent.
conditions: most importantly, the tenant must be saudi, and the number of family members should be small.Al Hazm, Riyadh",https://sa.aqar.fm/en/apartment-for-rent/riyadh/west-of-riyadh/al-hazm/apartment-for-rent-6860960,25000,240.0,104.16666666666667,104.16666666666667
Riyadh General,100000,144.0,"Apartment for Rent in Riyadh Al Malqa§100,000/annually144m²221📍 **apartment for rent in hittin district**
in taleed compound – prime location, close to all services.

**floor:** second floor

**the unit consists of:**
2 bedrooms + 2 bathrooms + living room + kitchen + balcony + storage room

**features:**
- ac installed
- kitchen installed
- smart entry system
- elevator
- private parking space

**price:**
- 100,000 sar – one or two payments
- 8,500 sar – monthlyAl Malqa, Riyadh",https://sa.aqar.fm/en/apartment-for-rent/riyadh/north-of-riyadh/al-malqa/apartment-for-rent-6842996,100000,144.0,694.4444444444445,694.4444444444445
Riyadh General,45000,124.0,"Apartment for Rent in Riyadh Al Ezdihar§45,000/annually124m²321luxury apartment for rent in al-izdihar district (families)

it consists of:
living room + hall + 2 bedrooms + kitchen + 2 bathrooms
independent electricity meter

features:
sufficient parking for tenants

note: unfurnished
close to services and schools
price: 45,000

al-nakhba al-thabita real estate company

((number appears when pressing call)) - ((number appears when pressing call)) 2690006Al Ezdihar, Riyadh",https://sa.aqar.fm/en/apartment-for-rent/riyadh/east-of-riyadh/al-ezdihar/apartment-for-rent-6876753,45000,124.0,362.9032258064516,362.9032258064516
Riyadh General,80000,125.0,"Apartment for Rent in Riyadh Qurtubah§80,000/annually125m²331No descriptionQurtubah, Riyadh",https://sa.aqar.fm/en/apartment-for-rent/riyadh/east-of-riyadh/qurtubah/apartment-for-rent-6866988,80000,125.0,640.0,640.0
Riyadh General,55000,146.0,"Apartment for Rent in Riyadh Ar Rimal§55,000/annually146m²331🏡 **distinctive apartment for rent | al-rimal district – al-ta'meer**

📍 strategic location within an upscale residential project

if you're looking for comfort + modern design + the ideal location… this apartment is your perfect choice ✨

⸻

🏠 **apartment details:**
• first floor
• elevator 🛗
• single entrance

✨ **interior layout:**
• bathroom
• spacious living room open to the kitchen with a balcony
• balcony with a beautiful view overlooking the living room 🌿
• master bedroom
• two additional bedrooms with a bathroom

♻️ fully fitted kitchen with electrical appliances
♻️ built-in air conditioners

⸻

🎥 a video of the apartment is available

⸻

💎 **residential features:**
✔️ practical and comfortable design
✔️ high privacy
✔️ suitable for families
✔️ location close to services and main roads

**rent:**
55,000 annuallyAr Rimal, Riyadh",https://sa.aqar.fm/en/apartment-for-rent/riyadh/east-of-riyadh/ar-rimal/apartment-for-rent-6771098,55000,146.0,376.71232876712327,376.71232876712327
Riyadh General,90000,1064.0,"Apartment for Rent in Riyadh Al Malqa§90,000/annually1,064m²33🏡 distinctive apartment for rent in al malqa district

an apartment in a villa located in al malqa district, in a strategic location close to all amenities. it is distinguished by its position on two streets with widths of 20 and 18 meters, providing easy access and a prime location.

🔹 villa specifications:

• 3 bedrooms, all master suites.
• 3 bathrooms.
• fitted kitchen.
• air conditioners.
• private entrance.
• two separate rooftops.
• spacious and comfortable areas.
• prime location suitable for family living.

📍 a perfect opportunity for families looking for upscale living and comfort close to all services.

for inquiries or to schedule a viewing, you are most welcome.Al Malqa, Riyadh",https://sa.aqar.fm/en/apartment-for-rent/riyadh/north-of-riyadh/al-malqa/apartment-for-rent-6885775,90000,1064.0,84.58646616541354,84.58646616541354
Riyadh General,43000,126.0,"Apartment for Rent in Riyadh Al Fayha§43,000/annually126m²321apartment for rent in al-fayha district (families)
it consists of:
living room + hall + kitchen + 2 bedrooms + 2 bathrooms
close to public services and schools
built-in kitchen – split air conditioners installed
price: 43,000

al-nukhba al-thabita real estate company

((number appears when pressing call)) - ((number appears when pressing call)) 2690006Al Fayha, Riyadh",https://sa.aqar.fm/en/apartment-for-rent/riyadh/east-of-riyadh/al-fayha/apartment-for-rent-6748004,43000,126.0,341.26984126984127,341.26984126984127
Riyadh General,45000,500.0,"Apartment for Rent in Riyadh Al Maizilah§45,000/annually500m²311for rent, an apartment in al-mu'ayzilah neighborhood
first floor in a villa
the apartment consists of:
3 bedrooms, a living room, and a sitting room
3 bathrooms
without air conditioners and kitchen
independent electricity meter
annual rent: 45,000
direct with the ownerAl Maizilah, Riyadh",https://sa.aqar.fm/en/apartment-for-rent/riyadh/east-of-riyadh/al-maizilah/apartment-for-rent-6811904,45000,500.0,90.0,90.0
Riyadh General,60000,151.0,"Apartment for Rent in Riyadh Ar Rimal§60,000/annually151m²4apartment for rent in rawabi 25 complex – al-rimal district, al-babtain

second floor

specifications:

* apartment area: 151 m²
* spacious living room
* private rooftop
* built-in kitchen with built-in oven
* 3 bedrooms, including a master bedroom
* maid's room or laundry room
* built-in air conditioners
* private parking space
* all services available

price:

* 60,000 sar in one payment
* 65,000 sar in two paymentsAr Rimal, Riyadh",https://sa.aqar.fm/en/apartment-for-rent/riyadh/east-of-riyadh/ar-rimal/apartment-for-rent-6834393,60000,151.0,397.35099337748346,397.35099337748346
Riyadh General,50000,435.0,"Apartment for Rent in Riyadh Al Arid§50,000/annually435m²3✨ apartment for rent | al-aarid district ✨

a great opportunity to reside in al-aarid district within a villa, in a prime location close to all services and main roads, with a practical design that provides comfort and privacy.

apartment specifications:
• two bedrooms.
• independent sitting room.
• spacious living room.
• built-in kitchen.

💰 annual rent: 50,000 sar.

📞 for contact and inquiries:
0568582344Al Arid, Riyadh",https://sa.aqar.fm/en/apartment-for-rent/riyadh/north-of-riyadh/al-arid/apartment-for-rent-6787201,50000,435.0,114.94252873563218,114.94252873563218
Riyadh General,80000,637.0,"Apartment for Rent in Riyadh Al Aqiq§80,000/annually637m²2for rent: furnished ground floor apartment in al-aqeeq neighborhood, 90 sqm
new apartment consisting of two master bedrooms, living room, separate dining room, and fitted kitchen with all electrical appliances
car parking available 🚗
rent includes electricity, internet, and water
annual lease contract with monthly payment option availableAl Aqiq, Riyadh",https://sa.aqar.fm/en/apartment-for-rent/riyadh/north-of-riyadh/al-aqiq/apartment-for-rent-6730289,80000,637.0,125.58869701726844,125.58869701726844
Riyadh General,78300,87.0,"Commercial Office for Rent in Riyadh Al Aqiq§78,300/annually87m²for rent offices in al-aqeeq neighborhood on imam saud bin faisal road
area: 87 square meters
rent: 78,300
contact: 0538241000 (osama)
         0538451000 (abdulaziz)
         0556831000 (naif)

alif real estate company
our services: marketing - property management - electronic contract writing
working hours: saturday to thursday, friday is a holiday
from 3 pm to 10 pmAl Aqiq, Riyadh",https://sa.aqar.fm/en/office-for-rent/riyadh/north-of-riyadh/al-aqiq/office-for-rent-6662877,78300,87.0,900.0,900.0
Riyadh General,55000,123.0,"Apartment for Rent in Riyadh Ar Rimal§55,000/annually123m²331luxury apartment in deem 2 project
consisting of 3 bedrooms - living room - kitchen - 3 bathrooms
new split air conditioners installed - kitchen cabinets with appliances included
distinguished by its proximity to all servicesAr Rimal, Riyadh",https://sa.aqar.fm/en/apartment-for-rent/riyadh/east-of-riyadh/ar-rimal/apartment-for-rent-6871844,55000,123.0,447.1544715447154,447.1544715447154
Riyadh General,5000,100.0,"Apartment for Rent in Riyadh Ad Dhubbat§5,000/annually100m²211🏡 **furnished apartment for monthly rent – al dhabbat district**

an exceptional opportunity to reside in a prime location in al dhabbat district, directly behind security forces hospital, within a modern, clean, and fully furnished building.

📍 **location:**
• 2-minute walk to security forces hospital
• 8 minutes to king fahad medical city
• close to the train station and main services

🛏️ **apartment features:**
• 2 bedrooms
• living room
• kitchen
• bathroom
• washing machine

✅ fully furnished
✅ electricity and water included
✅ new and clean building
✅ suitable for employees and small families

monthly rent: 4,700
for long-term contracts 📍📍📍📍Ad Dhubbat, Riyadh",https://sa.aqar.fm/en/apartment-for-rent/riyadh/center-of-riyadh/ad-dhubbat/apartment-for-rent-6714590,5000,100.0,50.0,50.0
Riyadh General,350000,750.0,"Shop for Rent in Riyadh Al Aqiq§350,000/annually750m²60mcommercial showroom in a famous commercial complex in al-aqeeq district - suitable for all commercial activities (except coffee shops or lounges)
--
showroom area = 200 square meters
--
consists of two floors - internal staircase
--
tenant can modify and finish according to activity requirements
--
all services available
--
annual rent = 460 thousand saudi riyalsAl Aqiq, Riyadh",https://sa.aqar.fm/en/store-for-rent/riyadh/north-of-riyadh/al-aqiq/store-for-rent-6656025,350000,750.0,466.6666666666667,466.6666666666667
Riyadh General,110000,104.0,"Apartment for Rent in Riyadh Al Olaya§110,000/annually104m²431🏡 fully furnished apartment for rent | khawaled 12 compound – al sulimaniyah

elegant ground-floor apartment in a premium residential compound located in the heart of al sulimaniyah, close to tahlia and major services.

apartment features:
• 3 bedrooms (including 1 master bedroom)
• 3 bathrooms
• living area with dining table
• fully equipped kitchen
• central ac
• independent electricity meters
• private backyard / patio
• private basement parking

compound amenities:
• swimming pools
• male & female gyms
• cinema & lounge
• game rooms
• mosque
• kids nursery

secure and quiet compound with surveillance cameras and integrated facilities.Al Olaya, Riyadh",https://sa.aqar.fm/en/apartment-for-rent/riyadh/north-of-riyadh/al-olaya/apartment-for-rent-6701316,110000,104.0,1057.6923076923076,1057.6923076923076
Riyadh General,70000,375.0,"Floor for Rent in Riyadh As Sahafah§70,000/annually375m²421upper floor with private courtyard, completely renovated with a new unused kitchen and sanitary fixtures, german parquet flooring - new split air conditioners - private eastern terrace - 2 minutes walk to anas ibn malik street - 3 minutes to al habib hospital al sahafa metro station - 10 minutes to ministry of finance kafud - schools available in the neighborhood

parking available for 4 cars private to the floorAs Sahafah, Riyadh",https://sa.aqar.fm/en/big-flat-for-rent/riyadh/north-of-riyadh/as-sahafah/big-flat-for-rent-6637686,70000,375.0,186.66666666666666,186.66666666666666
Riyadh General,125000,109.0,"Apartment for Rent in Riyadh Al Malqa§125,000/annually109m²231newly furnished apartment for annual rent in sail 25 complex, al-malqa district.

location:
the apartment is located in riyadh - al-malqa district.
- next to king salman road, king fahd road, king khalid international airport, king abdullah financial district (kafd), and sulaiman al habib sahafa hospital
- close to all riyadh season areas, boulevard, shopping centers, and kingdom arena stadium

apartment specifications:
area: 110 square meters
floor: first floor
(the apartment is fully furnished with luxurious high-quality furniture)

number of rooms:
2 bedrooms (all rooms are master bedrooms)
laundry room
spacious living room
3 bathrooms
the apartment is fully equipped with smart home technology

kitchen is fully equipped and includes:
built-in oven
built-in microwave
electric oven
refrigerator
electric stove

laundry room:
installed automatic washing machine

parking:
1 parking space in the basement 🅿️

all facilities and services:
swimming pool
men's club
women's club
meeting hall
children's playground
lounges and rest areas
green spaces
high security and alarm system
high privacy
security gates at all complex entrances

additional features:
luxury finishing
split air conditioners
complete electrical appliances
very suitable for families
close to all servicesAl Malqa, Riyadh",https://sa.aqar.fm/en/apartment-for-rent/riyadh/north-of-riyadh/al-malqa/apartment-for-rent-6600278,125000,109.0,1146.788990825688,1146.788990825688
Riyadh General,90000,825.0,"Commercial Office for Rent in Riyadh Hittin§90,000/annually825m²administrative office - suitable for all commercial activities
office area 100 square meters
--
consists of 2 rooms
large hall divided by glass partitions
1 kitchen + 1 bathroom
--
tenant can modify and renovate as desired
kitchen is installed without air conditioning
elevator available
all fire safety and civil defense systems are ready
--
annual rent = 120,000 riyalsHittin, Riyadh",https://sa.aqar.fm/en/office-for-rent/riyadh/north-of-riyadh/hittin/office-for-rent-6655995,90000,825.0,109.0909090909091,109.0909090909091
Riyadh General,650000,900.0,"Building for Rent in Riyadh Al Mahdiyah§650,000/annually900m²30m(description removed for containing more than one real estate unit)Al Mahdiyah, Riyadh",https://sa.aqar.fm/en/building-for-rent/riyadh/west-of-riyadh/al-mahdiyah/building-for-rent-6706743,650000,900.0,722.2222222222222,722.2222222222222
Riyadh General,95000,92.0,"Apartment for Rent in Riyadh Al Mursalat§95,000/annually92m²221luxurious living next to business hub 💎
for rent (monthly-yearly) luxury apartment with modern design in al ajlan rivera 40 project (al mursalat district).
📍 location:
• directly adjacent to stc main headquarters.
• steps away from sohba cafe and upscale restaurants.
• central location providing easy access to all parts of riyadh.
🏠 apartment details:
• two bedrooms with luxurious hotel-style furnishing.
• spacious living room equipped with latest technology.
• two bathrooms with premium finishes.
• fully integrated and equipped kitchen (oven, microwave, coffee machine).
✨ features:
• smart entry (smart lock).
• high-speed internet.
• private parking and modern elevators.
rent:
annual single payment 95 thousand
annual two payments 100 thousand
monthly 120 thousandAl Mursalat, Riyadh",https://sa.aqar.fm/en/apartment-for-rent/riyadh/north-of-riyadh/al-mursalat/apartment-for-rent-6650130,95000,92.0,1032.608695652174,1032.608695652174
