district,price_sar,area_sqm,raw_info,link
Riyadh,30169,,"North of Riyadh(30,169)",https://sa.aqar.fm/en/all/riyadh/north-of-riyadh
Riyadh,27855,,"East of Riyadh(27,855)",https://sa.aqar.fm/en/all/riyadh/east-of-riyadh
Riyadh,16628,,"West of Riyadh(16,628)",https://sa.aqar.fm/en/all/riyadh/west-of-riyadh
Riyadh,6979,,"South of Riyadh(6,979)",https://sa.aqar.fm/en/all/riyadh/south-of-riyadh
Riyadh,2163,,"Center of Riyadh(2,163)",https://sa.aqar.fm/en/all/riyadh/center-of-riyadh
Flat For Sale,660,660000141.0,"Floor for Sale in Riyadh Dahiat Namar§660,000141m²332peace be upon you and god's mercy and blessings…

📍 for sale – ground floor unit, details:
▪️ ground floor unit with an area of (270) square meters.
▪️ private car entrance.
▪️ two entrances.
▪️ men's sitting room (majlis).
▪️ dining area.
▪️ spacious living room.
▪️ master bedroom.
▪️ (3) bedrooms.
▪️ kitchen.
▪️ (3) bathrooms.
▪️ price starts from (660,000) thousand riyals.

📍 features:
▫️ all warranties are available.
▫️ insurance from al-tawuniya company for (10) years against hidden defects.
▫️ insulation warranty certified by the chamber of commerce for (10) years.
▫️ al-fanar electrical warranty for (25) years.
▫️ plumbing warranty for (25) years.
▫️ two water tanks (upper and lower), independent with a private meter.
▫️ an explanatory video is available in the listing.

🔺 directly from the owner – abu mohammadDahiat Namar, Riyadh",https://sa.aqar.fm/en/flat-for-sale/riyadh/west-of-riyadh/dahiat-namar/flat-for-sale-6732705
Flat For Sale,750,750000200.0,"Floor for Sale in Riyadh Al Hazm§750,000200m²333peace be upon you and god's mercy and blessings…

📍 floor for sale (luxury construction 🔝)
▪️ street width: 20 meters.
▪️ first floor.
▪️ land area: 325 sqm.
▪️ floor area: 200 sqm.
▪️ full stone facade of the luxurious (travertino) type.
▪️ private indoor parking space.
▪️ two private entrances (for men and women).
▪️ men's sitting room (majlis).
▪️ dining area.
▪️ spacious living room.
▪️ kitchen.
▪️ master bedroom.
▪️ 3 bedrooms.
▪️ 3 bathrooms.
▪️ wide internal corridors.

📍 features:
▫️ independent water meter with separate upper and lower tanks.
▫️ independent electricity meter.
▫️ fully installed air conditioning — 8 split ac units, brand (armadillo 18000) with a comprehensive 5-year warranty.
▫️ hotel-style interior doors of type (wpc), heat and moisture resistant, with a 10-year warranty.
▫️ double-glazed windows, thermally and acoustically insulated.
▫️ 6 round-the-clock surveillance cameras, brand (hikvision), with a high-definition 8-megapixel indoor monitor and 15-day storage capacity.
▫️ intercom (panasonic) latest version (vl-sa74cx) with an outdoor camera and indoor screen.
▫️ floor tiles of type (traventino), with a luxurious and distinctive appearance that mimics natural stone.
▫️ kitchen ceiling made of heat-resistant (fireboard) gypsum board, and bathroom ceilings made of moisture-resistant (mr board) gypsum board.
▫️ insurance policy from al-tawuniya company for 10 years against hidden defects.
▫️ waterproofing warranty certified by the chamber of commerce for 10 years.
▫️ electrical works by al-fanar company with a 25-year warranty.
▫️ plumbing with a 25-year warranty.
▫️ engineering supervision certificate.
▫️ location with full utilities including fiber optic internet, electricity, water, and sewage.
▫️ for walking enthusiasts, the location is only 3 minutes on foot from al-hazm main park.

🔹 price: 750,000 sar

directly from the owner
abdulazizAl Hazm, Riyadh",https://sa.aqar.fm/en/flat-for-sale/riyadh/west-of-riyadh/al-hazm/flat-for-sale-6671060
Apartment For Sale,550,550000150.0,"Apartment for Sale in Riyadh Al Hazm§550,000150m²432assalamu alaikum wa rahmatullahi wa barakatuh…

📍 apartment for sale (luxury construction 🔝)
▪️ street width: 20 meters.
▪️ the apartment is built on a land area of 325 m².
▪️ full stone facade of the luxurious (travertino) type, with led lighting fixtures and recessed lighting in a modern style.
▪️ private indoor parking space.
▪️ two entrances.
▪️ spacious front terrace.
▪️ sitting room (majlis) with a restroom.
▪️ living room.
▪️ kitchen.
▪️ 3 bedrooms, one of which is a master bedroom.
▪️ spacious internal corridors.
▪️ 3 bathrooms.

📍 features:
▫️ independent water meter with separate upper and lower tanks.
▫️ independent electricity meter.
▫️ air conditioning fully installed — 6 split ac units, brand (armadillo 18000), with a comprehensive 5-year warranty.
▫️ interior hotel-style doors of type (wpc), heat and moisture resistant, with a 10-year warranty.
▫️ double-glazed windows, thermally and acoustically insulated.
▫️ 6 round-the-clock surveillance cameras, brand (hikvision), with an indoor high-definition monitor (8 megapixels) and 15-day storage capacity.
▫️ intercom (panasonic), latest model (vl-sa74cx), with an external camera and indoor screen.
▫️ kitchen ceiling made of heat-resistant gypsum board (fireboard), and bathroom ceilings made of moisture-resistant gypsum board (mr board).
▫️ floor tiles of type (travertino), featuring a luxurious and distinctive appearance that mimics natural stone.
▫️ insurance certificate from al-tawuniya company — 10-year coverage against hidden defects.
▫️ certified waterproofing warranty registered with the chamber of commerce — 10 years.
▫️ electrical work by al-fanar company — 25-year warranty.
▫️ plumbing — 25-year warranty.
▫️ engineering supervision certificate.
▫️ the location has full utilities including fiber optic internet, electricity, water, and sewage.
▫️ for walking enthusiasts, the location is only 3 minutes on foot from al-hazm main park.

🔹 price: 550,000 sar

directly from the owner:
abdulazizAl Hazm, Riyadh",https://sa.aqar.fm/en/apartment-for-sale/riyadh/west-of-riyadh/al-hazm/apartment-for-sale-6794705
Apartment For Rent,72000,130.0,"Apartment for Rent in Riyadh Qurtubah§72,000/annually130m²332apartment in a modern and fully equipped villa in the qurtubah district – riyadh, situated in a quiet and distinguished location, overlooking a garden directly in front of the property.

apartment property details:

* 3 bedrooms
* 2 living rooms
* 3 modern bathrooms
* fully equipped kitchen
* brand-new refrigerator, oven, microwave, and gas stove
* washing machine and dishwasher
* all air conditioning units are brand new
* storage and wardrobe closet
* for those interested, a separate driver's room is available at sar 15,000 per year, including electricity and water ‼️

nearby locations:

* king khalid international airport – approximately 15 minutes
* roshn front / riyadh front – approximately 10 minutes
* cinema – approximately 5 minutes
* international schools – approximately 3 minutes

the apartment is clean, modern, fully equipped, and ready to move in.

note: the apartment is preferred for non-smokers. 🚭Qurtubah, RiyadhPromoted",https://sa.aqar.fm/en/apartment-for-rent/riyadh/east-of-riyadh/qurtubah/apartment-for-rent-6870704
Apartment For Sale,1399,1399999146.0,"Apartment for Sale in Riyadh Al Malqa§1,399,999146m²331luxury apartment for sale in al malqa district (next to tilal al riyadh) - directly from owner

the apartment is listed by the owner. there is no marketer or real estate office involved.

**location:** al malqa district, al thamiah street, next to tilal al riyadh.
**area:** 146.59 m²
**title deed status:** clear electronic deed, ready for immediate transfer (accepts cash and bank financing).

**apartment details and features:**
- 3 bedrooms (including a master bedroom with a private bathroom)
- maid's room
- 3 bathrooms in total
- fully fitted and equipped kitchen
- 2 balconies
- private storage room / warehouse
- private parking space in the basement

**location advantages and accessibility:**
- 2-minute walk to the nearest bus station
- 4 minutes from dr. sulaiman al habib hospital and the metro station
- 9 minutes from boulevard city and boulevard world
- 14 minutes from king abdullah financial district (kafd)

**important notice:** sale is for direct buyers only. brokers and marketing agents are strictly prohibited. viewings are available for serious buyers only.Al Malqa, Riyadh",https://sa.aqar.fm/en/apartment-for-sale/riyadh/north-of-riyadh/al-malqa/apartment-for-sale-6813303
Apartment For Rent,75000,113.0,"Apartment for Rent in Riyadh An Narjis§75,000/annually113m²331🏡 luxury apartment for rent | al majdiah compound – al narjis district

✨ an elegant apartment with a modern design and high-quality finishes, within a fully-serviced residential compound in north riyadh.

📐 area: 113 m²
🏢 floor: first floor
🛋️ open sitting room connected to the living room
🛏️ 3 bedrooms – including a master bedroom
🚿 3 bathrooms
🧺 laundry room
🍳 fitted kitchen
❄️ installed air conditioners
🚗 private parking space in the basement

⭐ compound features:
🏠 smart home system
🔐 smart access to the building and apartment
🏋🏻 gym
🌳 green spaces and gardens
☕ residents' lounge
🧸 children's nursery
❄️ air-conditioned corridors
📞 intercom
⚡ independent electricity meter

💰 annual rent: 75,000 sar

📍 al majdiah compound – al narjis district – north riyadh

✨ an elegant apartment within a fully-serviced residential compound.An Narjis, RiyadhPromoted",https://sa.aqar.fm/en/apartment-for-rent/riyadh/north-of-riyadh/an-narjis/apartment-for-rent-6880881
Apartment For Rent,32000,80.0,"Apartment for Rent in Riyadh Al Munsiyah§32,000/annually80m²111an apartment consisting of one bedroom, a living room, a bathroom, and a kitchen, in a villa on the second floor, fully renovated. payment is monthly, including electricity and water.
for your information, there are no air conditioners or kitchen appliances.
annual contract with monthly payments.Al Munsiyah, Riyadh",https://sa.aqar.fm/en/apartment-for-rent/riyadh/east-of-riyadh/al-munsiyah/apartment-for-rent-6893294
Apartment For Sale,1350,1350000159.0,"Apartment for Sale in Riyadh Ishbiliyah§1,350,000159m²441new apartment for sale directly from the owner, no commission

in the diyar ishbilia project
area: 159 sqm

🟥 consists of:
🔹 spacious living and dining room with garden views + bathroom
🔹 fully fitted kitchen with all appliances
🔹 maid's room + bathroom
🔹 2 bedrooms + bathroom
🔹 master bedroom with bathroom and balcony
🔹 split ac system installed throughout the entire apartment
🔹 private parking space in the basement

🟥 project specifications:
🔹 elevator
🔹 independent electricity meter
🔹 security and safety systems
🔹 lounge with coffee corner
🔹 gym
🔹 swimming pool
🔹 children's nursery
🔹 cinema hall
🔹 indoor and rooftop garden

🟥 location – close to:
🔹 king fahd sports city
🔹 king khalid international airport
🔹 al-markaz specialist hospital
🔹 seven entertainment project
🔹 dr. mohammed al-faqih hospital
🔹 dr. sulaiman al-habib hospital
🔹 ishbilia metro station
🔹 tala mall and al-hamra mallIshbiliyah, Riyadh",https://sa.aqar.fm/en/apartment-for-sale/riyadh/east-of-riyadh/ishbiliyah/apartment-for-sale-6747600
Apartment For Rent,42000,50.0,"Apartment for Rent in Riyadh Al Malaz§42,000/annually50m²11furnished apartment consisting of one room, a kitchen, and a bathroom. monthly rent: 3,500. for contact: ((the number appears when you click call)).Al Malaz, Riyadh",https://sa.aqar.fm/en/apartment-for-rent/riyadh/east-of-riyadh/al-malaz/apartment-for-rent-6902987
Apartment For Rent,70000,180.0,"Apartment for Rent in Riyadh Al Malqa§70,000/annually180m²3for rent: family apartment with three bedrooms and a living room, plus a roof, in al-majdiyah 127, al-malqa district.
fitted kitchen with appliances + central air conditioning.
private basement parking.Al Malqa, RiyadhPromotedDistrict Broker",https://sa.aqar.fm/en/apartment-for-rent/riyadh/north-of-riyadh/al-malqa/apartment-for-rent-6904589
Apartment For Rent,150000,181.0,"Apartment for Rent in Riyadh Ar Rimal§150,000/annually181m²331luxury apartment for rent - al ramz compound, tal al rimal 2 | 181 sqm

fully furnished apartment inside a high-end closed compound with a smart control system.

specifications:
- 3 bedrooms (master + 2 bedrooms)
- 3 bathrooms
- spacious living room
- fitted kitchen
- installed ac units
- laundry room or storage
- smart access and control system

compound facilities:
- gym
- swimming pool
- children's play area
- business and guests lounge
- dedicated underground parking
- daily cleaning services

prime location, close to universities, schools, the airport, and various services

150,000 annual rent
5,000 security deposit

owners' association fees are to be paid by the tenant.Ar Rimal, Riyadh",https://sa.aqar.fm/en/apartment-for-rent/riyadh/east-of-riyadh/ar-rimal/apartment-for-rent-6714074
Villa For Rent,124000,249.0,"Villa for Rent in Riyadh King Khalid International Airport§124,000/annually249m²342FOR RENT — Fully Furnished 3-Bedroom Duplex | Sedra Community | Zone C

SAR 124,000/year

Available For Viewing and Move-in: 7th of September 

Experience comfortable family living in one of Sedra’s most desirable neighborhoods. This beautifully furnished duplex is move-in ready and finished to a high standard.

Property Features
• 3 Spacious Bedrooms
• 3 Modern Bathrooms
• Bright Family Living Area
• Dining Area
• Fully Equipped Kitchen
• High-Quality Contemporary Furniture
• Built-in Wardrobes
• Premium Lighting & Window Treatments
• Private Parking
• Ready for Immediate Move-In

Annual Rent: SAR 124,000

Includes
• Emergency maintenance as per the tenancy agreement

Excludes
• Water & Electricity
• Rental Commission

For viewings and enquiries:
WhatsApp: ((الرقم يظهر عند الضغط على اتصال))King Khalid International Airport, Riyadh",https://sa.aqar.fm/en/villa-for-rent/riyadh/north-of-riyadh/king-khalid-international-airport/villa-for-rent-6792674
Apartment For Rent,45000,140.0,"Apartment for Rent in Riyadh Qurtubah§45,000/annually140m²321apartment for rent in qurtuba district
3 bedrooms, living room, and 2 bathrooms
residential building
third floor (no elevator)
installed split air conditioners and installed kitchen
independent electricity meterQurtubah, Riyadh",https://sa.aqar.fm/en/apartment-for-rent/riyadh/east-of-riyadh/qurtubah/apartment-for-rent-6853049
Apartment For Rent,110000,136.0,"Apartment for Rent in Riyadh Ar Rayan§110,000/annually136m²331**elegant fully furnished apartment for rent within shahiqah compound**

an exceptional residential opportunity within a upscale environment that offers privacy, security, and a complete lifestyle.

📐 **area:** 138 sqm
🛏 **3 bedrooms** (master bedroom with private bathroom)
🛁 **3 bathrooms**
🛋 **spacious living room with distinctive lighting**
🍽 **fully equipped kitchen**
🧺 **independent laundry room**

✨ elegantly furnished and ready for immediate occupancy
✨ practical layout providing comfort and privacy for the family

🚗 **private dedicated parking space in the basement**

🌟 **shahiqah compound features:**
🎬 cinema hall within the compound
🧑‍🤝‍🧑 separate lounges for men and women
🏋️ sports clubs for men and women
🎠 safe play and entertainment areas for children
🔐 organized and secure residential environment

📍 **strategic location close to:**
- model education schools
- al-hilal football academy
- sulaiman al-habib hospital
- mohammed bin abdulaziz hospital
- all daily services

a residence that combines comfort, luxury, and a modern lifestyle within an integrated community.

📞 viewing is available — contact via whatsapp at the numberAr Rayan, Riyadh",https://sa.aqar.fm/en/apartment-for-rent/riyadh/east-of-riyadh/ar-rayan/apartment-for-rent-6601293
Apartment For Rent,130000,185.0,"Apartment for Rent in Riyadh As Sahafah§130,000/annually185m²331* fully furnished duplex apartment (two floors)
* contact via whatsapp onlyAs Sahafah, Riyadh",https://sa.aqar.fm/en/apartment-for-rent/riyadh/north-of-riyadh/as-sahafah/apartment-for-rent-6863457
Flat For Sale,1440,1440000183.0,"Floor for Sale in Riyadh An Narjis§1,440,000183m²442furnished first floor 🏡
south of anas bin malik road
wide 20 south street
actual area: 183
deed area: 158.63
connected living room and lounge 🛋️
separate kitchen 🥘
dining table 🍱
4 bedrooms 🛌
4 bathrooms 🛁
balcony
private parking 🚙
elevator 🛗An Narjis, Riyadh",https://sa.aqar.fm/en/flat-for-sale/riyadh/north-of-riyadh/an-narjis/flat-for-sale-6875554
Apartment For Rent,37000,322.0,"Apartment for Rent in Riyadh Ad Dhubbat§37,000/annually322m²211for rent: a clean two-bedroom apartment with a living room, bathroom, and kitchen — al-dhabat district

prime location, close to multiple destinations
split-unit air conditioners
elevator
surveillance cameras
smart entry system for the building
on-site security guard
location as shown on aqar is accurate

✅ two-bedroom apartment with a living room, bathroom, and kitchen
✅ rent: 37,000 sar per year, payable in two installments
✅ photos and video available in the listing

water fee: 1,000 sar
security deposit: 1,500 sar

🔵 apartments designated for families only
🔵 annual contract (two installments) — no monthly payments
🔵 viewings available from 4:00 pm to 11:00 pm
🔵 contact available via phone call or whatsappAd Dhubbat, Riyadh",https://sa.aqar.fm/en/apartment-for-rent/riyadh/center-of-riyadh/ad-dhubbat/apartment-for-rent-6875411
Apartment For Rent,68000,125.0,"Apartment for Rent in Riyadh Al Malqa§68,000/annually125m²211apartment for rent in al malqa district - riyadh

(fully serviced)

the apartment includes:
- 2 bedrooms
- living room
- kitchen
- bathroom

apartment features:
- private parking space
- price includes electricity, water, and internet – no additional fees
- prime location close to all services and essential amenities
- installed air conditioners
- full smart home system
- fully smart lighting
- smart entry system

the apartment is ready to move inAl Malqa, Riyadh",https://sa.aqar.fm/en/apartment-for-rent/riyadh/north-of-riyadh/al-malqa/apartment-for-rent-6900545
Apartment For Rent,150000,181.0,"Apartment for Rent in Riyadh Al Malqa§150,000/annually181m²431spacious, fully furnished apartment in safa 47 compound – ready to move in

a distinctive apartment located in safa 47 compound, with an area of 181 m², featuring an excellent, well-thought-out interior layout that delivers comfort and privacy. it includes a separate men's majlis with its own bathroom, set apart from the living room and the rest of the apartment's facilities, providing complete privacy for guests and family members alike.

the apartment consists of three bedrooms, two of which are master bedrooms with private bathrooms, a family living room, a separate men's majlis with a bathroom, and a kitchen.

the apartment is fully furnished and ready for immediate occupancy, with a refined, high-quality finish, including gypsum ceiling designs, chandeliers, and distinctive lighting. it is also equipped with all the necessary electrical and electronic appliances, including: tvs, refrigerator, oven, microwave, dishwasher, washing machine, a water desalination and purification system, a heater, in addition to split air conditioners in all rooms and areas of the apartment.

safa 47 compound is distinguished by its integrated facilities and services, including a children's nursery, a mini-market, a men's gym, a women's gym, in addition to the basement and the compound's shared facilities.

the apartment also comes with two parking spaces: one in the basement and the other in the outdoor parking area.

the apartment is ideal for those looking for generous space, a well-planned layout, guest privacy, complete furnishing, and the availability of services and facilities within the compound. it is ready to move into immediately, with no need for any additional preparations.Al Malqa, Riyadh",https://sa.aqar.fm/en/apartment-for-rent/riyadh/north-of-riyadh/al-malqa/apartment-for-rent-6904677
Big Flat For Rent,90000,90.0,"Floor for Rent in Riyadh An Narjis§90,000/annually90m²331floors for rent ✨

we have two new and beautiful floors available for rent, strategically located in north riyadh.

🔶 floors 1b3 & 2b3:
🔹 two master bedrooms, one room with a shared bathroom, a balcony, and a private rooftop.
🔹 private parking with an ev charging outlet.
🔹 installed air conditioners in all rooms.
🔹 storage room / maid's room.
🔹 fully equipped kitchen with appliances.
🔹 25 minutes to kafd and 15 minutes to riyadh airport (ruh).
🔹 10 minutes to sab metro station.
🔹 3 minutes to king salman road.
🔹 smart access to the building and apartment.
🔹 a facilities management and cleaning company is available.

🔶 annual rent: 90,000 sar.
🔶 payment method: annual or 95,000 sar semi-annual.
🔶 security deposit: 5,000 sar.An Narjis, Riyadh",https://sa.aqar.fm/en/big-flat-for-rent/riyadh/north-of-riyadh/an-narjis/big-flat-for-rent-6811307
Riyadh,2,,2,https://sa.aqar.fm/en/all/riyadh/2
Riyadh,3,,3,https://sa.aqar.fm/en/all/riyadh/3
Riyadh,4,,4,https://sa.aqar.fm/en/all/riyadh/4
Apartment For Rent,90000,100.0,"Apartment for Rent in Riyadh Ash Shuhada§90,000/annually100m²221📌 please do not contact regarding real estate marketing 📌

a brand-new ground-floor rear apartment for rent in the distinguished rkm11 re new project – al shohada district, riyadh | brand-new ground-floor rear apartment for rent in rkm11 re new project – al shohada, riyadh

📐 indoor + outdoor area: 150 m² | area indoor + outdoor: 150 m²
✨ brand new, never occupied | brand new, never occupied
🛏️ 2 bedrooms
🛋️ spacious living room
🚿 2 bathrooms
🌿 private yard on two sides
🍳 fully fitted kitchen
🔥 oven + cooktop + extractor hood
❄️ 3 installed split a/c units
🚗 private parking with remote-controlled barrier
🏢 only 14 apartments in the building

📍 prime and vibrant location in al shohada district | prime location in al shohada
🚇 5 min from granada metro
🛍️ 5 min from granada mall
🛣️ quick access to eastern ring road & dammam road
✈️ convenient access to king khalid airport
🚨 5 min from al mouwasat hospital
🌳 5 min from al shohada park
💳 annual or 6-month lease availableAsh Shuhada, Riyadh",https://sa.aqar.fm/en/apartment-for-rent/riyadh/east-of-riyadh/ash-shuhada/apartment-for-rent-6889594
Land For Sale,187500002,187500002500.0,"Land for Sale in Riyadh Al Munsiyah§18,750,0002,500m²30mCommercialfor sale: commercial land in a prime location with strong investment opportunity 🔥

area: 2500 square meters
dimensions: 50 × 50 (square)

streets:

	•	30 meters north
	•	30 meters west (corner)
	•	15 meters east
	•	10 meters south

uses:
* ownership apartments
* commercial shops

the land features an excellent frontage on two main streets, suitable for establishing a successful commercial project (center, showrooms, warehouses, ownership apartments, or long-term investment)
price negotiable with the owner and may god bring good fortune to all ،،،،،Al Munsiyah, Riyadh",https://sa.aqar.fm/en/land-for-sale/riyadh/east-of-riyadh/al-munsiyah/land-for-sale-6650492
Apartment For Rent,35000,644.0,"Apartment for Rent in Riyadh Ar Rimal§35,000/annually644m²121a great opportunity to live in a well-organized and comfortable apartment, with a practical layout, suitable for families, and ready to move in.

apartment details:
• two independent entrances 🚪
• sitting room with a bathroom 🛋️
• two bedrooms 🛏️
• living room with kitchen 🛋️🍽️
• bathroom 🚿
• fully fitted and ready kitchen 🍽️
• installed split air conditioners ❄️Ar Rimal, Riyadh",https://sa.aqar.fm/en/apartment-for-rent/riyadh/east-of-riyadh/ar-rimal/apartment-for-rent-6882452
Apartment For Rent,38000,644.0,"Apartment for Rent in Riyadh Ar Rimal§38,000/annually644m²221🏡 **distinctive apartment for rent in al-rimal district – riyadh**

an opportunity to live in a tidy and comfortable apartment, with a practical layout, suitable for families, and ready for immediate occupancy.

**apartment details:**
((two entrances))
• 2 bedrooms 🛏️
• spacious and comfortable living room 🛋️
• 2 bathrooms 🚿
• fully installed and ready kitchen 🍽️
• installed split air conditioners ❄️

✨ the apartment is move-in ready and features installations that save you the hassle of setting up the kitchen and air conditioners.

((rental for families only))
📍 **location:** al-rimal district – riyadhAr Rimal, Riyadh",https://sa.aqar.fm/en/apartment-for-rent/riyadh/east-of-riyadh/ar-rimal/apartment-for-rent-6882346
Apartment For Rent,35000,644.0,"Apartment for Rent in Riyadh Ar Rimal§35,000/annually644m²3a great opportunity to live in a well-arranged and comfortable apartment, with a practical layout and ready to move in.

apartment details:
• small courtyard 🌿
• comfortable living room 🛋️
• 2 bedrooms 🛏️
• 2 bathrooms 🚿
• fully fitted and equipped kitchen 🍽️
• split air conditioners installed ❄️Ar Rimal, Riyadh",https://sa.aqar.fm/en/apartment-for-rent/riyadh/east-of-riyadh/ar-rimal/apartment-for-rent-6882378
Apartment For Rent,35000,644.0,"Apartment for Rent in Riyadh Ar Rimal§35,000/annually644m²221an opportunity to live in a tidy and comfortable apartment, with a practical layout and ready to move in.

apartment details:

• comfortable living room 🛋️
• bedroom 🛏️
• two bathrooms 🚿
• large fully fitted and ready kitchen 🍽️
• storage room 📦
• installed split air conditioners ❄️Ar Rimal, Riyadh",https://sa.aqar.fm/en/apartment-for-rent/riyadh/east-of-riyadh/ar-rimal/apartment-for-rent-6882362
Land For Sale,5915,5915000910.0,"Land for Sale in Riyadh An Narjis§5,915,000910m²15mResidentialcorner land for sale
south-eastern facing
located in al-narjis district, south of anas bin malik road

area: 910 sqm

dimensions: 26 × 35

excellent and elevated terrain

street width: 15m southern and 10m easternAn Narjis, Riyadh",https://sa.aqar.fm/en/land-for-sale/riyadh/north-of-riyadh/an-narjis/land-for-sale-6652412
Apartment For Rent,140000,141.0,"Apartment for Rent in Riyadh As Sahafah§140,000/annually141m²341## for rent | luxury apartment at rafal jw marriott tower

a luxurious apartment located within the owner-occupied residences on the 49th floor, featuring breathtaking panoramic north-east views of riyadh and combining an exceptional location with refined furnishings and practical living spaces.

**unit specifications:**

* floor: 49
* area: 141 sqm
* two master bedrooms, each with an en-suite bathroom and panoramic north-east views
* maid's room with a private bathroom
* spacious living area, ideal for entertaining and relaxation
* separate kitchen with an elegant partition door opening to the living area
* guest bathroom
* fully furnished with high-end furniture
* elegant wooden décor and refined finishes
* flexible rental period and payment options

**notes:**

* a security deposit is required
* real estate brokerage commission applies

a perfect choice for those seeking luxury, distinctive views, and residence in an exceptional location in the heart of riyadh.

for inquiries and rental details, please contact via direct message.As Sahafah, Riyadh",https://sa.aqar.fm/en/apartment-for-rent/riyadh/north-of-riyadh/as-sahafah/apartment-for-rent-6818359
Warehouses For Sale,57000001,57000001771.0,"Warehouse for sale in Riyadh Al Marwah§5,700,0001,771m²warehouses for sale (high hazard)

an exceptional opportunity: warehouses with excellent specifications, suitable for heavy industrial and storage activities, with a two-floor administrative office and spacious yards that facilitate movement and loading.
both warehouses are fully leased for sar 400,000, paid in a single payment under one contract.Al Marwah, Riyadh",https://sa.aqar.fm/en/Warehouses-for-sale/riyadh/south-of-riyadh/al-marwah/Warehouses-for-sale-6646436
Apartment For Rent,92000,609.0,"Apartment for Rent in Riyadh Umm Al Hamam Al Gharbi§92,000/annually609m²531full-floor luxury apartment for rent – prime location in umm al hammam al gharbi

a fantastic opportunity to live in one of riyadh's most prestigious neighborhoods, with a strategic location close to major landmarks and services.

📍 location:
umm al hammam al gharbi – ain reem street
• 5 minutes from the diplomatic quarter
• 5 minutes from laysen valley
• 5 minutes from king khaled eye specialist hospital
• close to king khalid road
• easy access to main roads and vital areas

🏠 property specifications:
• 5 spacious rooms
• large living room
• 3 bathrooms
• fitted kitchen
• large courtyard

✨ features:
• suitable spaces for families
• quiet and desirable neighborhood
• close to schools, hospitals, restaurants and services
• privacy and comfort for family livingUmm Al Hamam Al Gharbi, RiyadhDistrict Broker",https://sa.aqar.fm/en/apartment-for-rent/riyadh/west-of-riyadh/umm-al-hamam-al-gharbi/apartment-for-rent-6724690
Apartment For Rent,110000,156.0,"Apartment for Rent in Riyadh Al Wadi§110,000/annually156m²431(price is negotiable)

apartment for rent in al-majidiya complex 152
the apartment consists of:
- private underground parking
- fully furnished reception hall
- fitted kitchen, furnished with dishwasher, microwave, washing machine, refrigerator...etc
- three bedrooms: bedroom [1] master, furnished, bedroom [2] and bedroom [3] all fully furnished
- the complex is quiet and all services are available including cleaning and waste removal services...etcAl Wadi, Riyadh",https://sa.aqar.fm/en/apartment-for-rent/riyadh/north-of-riyadh/al-wadi/apartment-for-rent-6864107
Studios For Rent,2,2900400.0,"Studio for rent in Riyadh Tuwaiq§2,900400m²luxurious and furnished studio for rent (monthly/daily) in tuwaiq district
consisting of (room + bathroom)
prime location, close to all services, and only 3 minutes walking distance from the metro
rent includes electricity, water, cleaning, and free internetTuwaiq, Riyadh",https://sa.aqar.fm/en/Studios-for-rent/riyadh/west-of-riyadh/tuwaiq/Studios-for-rent-6710536
Apartment For Rent,115000,131.0,"Apartment for Rent in Riyadh Hittin§115,000/annually131m²431a new, modern apartment furnished with luxurious furniture and natural wood decor adorned with led lighting, consisting of 3 bedrooms (including a master bedroom), three bathrooms, a majlis (sitting room), a kitchen, and a modern dining area. self-controlled central air conditioning and fully smart entry (smart home). two parking spaces, one in the basement and the other outside directly in front of the door, and all parking is fully shaded. there are three balconies with views of hotels and the boulevard square street. the apartment is 500 meters from boulevard world, boulevard city, and the sports track, and a 10-minute drive from the kafd financial center. it is located in the middle of a fully serviced area with cafes, restaurants, and entertainment venues. the building is new with an elegant, modern design. internet, electricity, water, and owners' association fees are included in the monthly rent. the building entrances are modern and decorated with artificial trees along the length of the staircase. monthly rental is available. the monthly rental price is 14,000 riyals. there is a video showing the apartment before the bed linens and dining table were installed. the apartment is available from 22/10/2026.Hittin, Riyadh",https://sa.aqar.fm/en/apartment-for-rent/riyadh/north-of-riyadh/hittin/apartment-for-rent-6572410
Studios For Rent,35,3500033.0,"Studio for rent in Riyadh As Safaa§35,00033m²studio specifications:
- furnished room with brand new, unused furniture
- large king-size bed that can be separated into two single beds
- fully new building
- smart entry system for both the building and the studio
- lg dual inverter air conditioner, 24-unit cooling capacity, energy-saving
- double-glazed windows for heat and noise insulation
- refrigerator with freezer
- sofa accommodating three persons
- dressing table
- 2 bedside tables
- two-door wardrobe
- room lighting features a glare-free characteristic
- bathroom with shower and concealed water heater
- blackout curtains
- storage space between the room entrance and the bathroom
- elevator available
- balcony overlooking the main street

apartment location features:
- located in the new, fully-serviced al-safa district
- one minute away from the metro station (jarir station)
- one minute away from the seven entertainment project (opening soon)
- one minute away from al-nahdha walk park
- two minutes away from the eastern ring road
- adjacent to al-rabwa boulevard project (opening soon)
- ten minutes away from king salman park, the largest park in the world
- the apartment is located on a street approximately 20 meters wide
- the neighborhood is equipped with rainwater drainage
- the studio is located next to the neighborhood park and mosque (mentioned in the municipal plan)
- the studio is located next to a fully completed and ready mosque
- the studio is 35 minutes away from the airportAs Safaa, Riyadh",https://sa.aqar.fm/en/Studios-for-rent/riyadh/east-of-riyadh/as-safaa/Studios-for-rent-6802485
Apartment For Rent,85000,800.0,"Apartment for Rent in Riyadh Ar Rawdah§85,000/annually800m²111enjoy a stay that combines luxury, comfort, and a prime location, where this hotel apartment has been carefully designed to make you feel at home while offering a level of service befitting the finest hotels.

✨ the apartment features a sleek modern design, spacious layouts, luxurious furniture, and fully equipped amenities to meet all your needs — whether you're on a business trip, a family vacation, or a short visit.

you will enjoy a peaceful atmosphere, exceptional cleanliness, and easy access to the most prominent landmarks, restaurants, cafés, and shopping centers, making every moment of your stay an unforgettable experience.

stay highlights:

* 🛏️ comfortable bedrooms with luxurious hotel-quality beds.
* 🛋️ elegant lounge area for relaxation and work.
* 🍽️ fully equipped kitchen.
* 📶 high-speed wi-fi internet.
* 📺 smart screens and entertainment services.
* 🚗 parking spaces.
* 🧹 exceptional cleanliness and sanitization standards.Ar Rawdah, Riyadh",https://sa.aqar.fm/en/apartment-for-rent/riyadh/east-of-riyadh/ar-rawdah/apartment-for-rent-6775631
Warehouse For Rent,180000,1050.0,"Warehouse for Rent in Riyadh An Nadhim§180,000/annually1,050m²two warehouses for rent in subdivision 4028, al-nazim district, block no. 33, plot no. 349 and plot no. 351

land area per warehouse: 1,050 sqm
built-up area per warehouse: 603 sqm
wall height: 10m
ceiling height: 11.5m
high storage capacity
high hazard ⚠️
administrative office 🖥️ 🪑
restroom 🚾
electricity ⚡️
water 💧
sewage 🕳️
security guards for the subdivision 🔐
building completion certificate 📜

the first warehouse has been rented, one remaining

available for sale for those interested in purchasingAn Nadhim, Riyadh",https://sa.aqar.fm/en/warehouse-for-rent/riyadh/east-of-riyadh/an-nadhim/warehouse-for-rent-6791846
Building For Rent,110000,86.0,"Building for Rent in Riyadh Skirinah§110,000/annually86m²10m**for rent – brand new building (first occupant)**

**location: new manfouha**
📍 prime location near al-shira'a restaurant – al-furayan street

suitable for companies, institutions, and staff accommodation.

✅ **property specifications:**

* 8 apartments
* total rooms: 8 rooms
* 7 bathrooms (western toilet + rain shower)
* 7 open kitchens
* large rooftop
* high-end and modern finishing
* concealed lighting
* marble staircase
* double-glazed aluminum windows
* brand new building (first occupant)

💰 **price:**

* 110,000

⭐ a great opportunity for companies and institutions looking for staff accommodation with modern specifications and a prime location.Skirinah, Riyadh",https://sa.aqar.fm/en/building-for-rent/riyadh/center-of-riyadh/skirinah/building-for-rent-6720540
Apartment For Rent,35000,145.0,"Apartment for Rent in Riyadh Al Qadisiyah§35,000/annually145m²321apartment in a villa with a private parking space for the carAl Qadisiyah, Riyadh",https://sa.aqar.fm/en/apartment-for-rent/riyadh/east-of-riyadh/al-qadisiyah/apartment-for-rent-6901342
Flat For Sale,1150,1150000360.0,"Floor for Sale in Riyadh Tuwaiq§1,150,000360m²541for sale: a standalone ground-floor villa in al ghurub neighborhood, directly from the owner with no broker fees. the villa is structurally prepared for future apartment construction under the old building code.

area: 360 m²
facade: south-facing

the property is an existing standalone ground-floor villa, and the sale includes the entire 360 m² plot, with foundations prepared for adding apartments/upper floors.

street width: 15 m
property age: 8 years
located about 100 meters from the riyadh green project.
girls' and boys' primary schools are nearby, less than a 5-minute drive away.

the floor consists of:
• 3 bedrooms, one of which is a master
• living room
• men's majlis
• women's majlis
• family sitting area
• kitchen
• 4 bathrooms (with respect)
• barbecue area
• two separate entrances for men and women
• yard with a car port
• equipped with split air conditioners
• interior and exterior paint recently renovated

reason for sale: relocating to another city for work.
the property is clean with excellent finishing, suitable for living in, and is also prepared for building apartments for future investment benefit.
the property is mortgaged to the bank, and the sale is cash.

price: sar 1,200,000
the price is negotiable for serious buyers after viewing.Tuwaiq, RiyadhPromoted",https://sa.aqar.fm/en/flat-for-sale/riyadh/west-of-riyadh/tuwaiq/flat-for-sale-6900644
Apartment For Rent,90000,136.0,"Apartment for Rent in Riyadh Al Malqa§90,000/annually136m²3luxury finished apartment in al majidiya complex 139, al malqa district in riyadh
close to king fahd road, anas ibn malik road, and king salman road

the apartment is on the ground floor
three bedrooms
living room
fitted kitchen
three bathrooms
maid's room with bathroom
built-in air conditionersAl Malqa, Riyadh",https://sa.aqar.fm/en/apartment-for-rent/riyadh/north-of-riyadh/al-malqa/apartment-for-rent-6899035
Apartment For Rent,80000,98.0,"Apartment for Rent in Riyadh Irqah§80,000/annually98m²321**for rent: luxury apartment in safa 57 complex – arqa district**

a modern apartment of 100m² with hotel-quality finishes and a smart design, located on one of the most prestigious streets in arqa district (mane al-muraidhi street), fully equipped to provide the utmost comfort.

**interior specifications:**
- **room layout:** 3 bedrooms (including a master bedroom with a luxuriously finished en-suite bathroom) + a spacious living room + 2 bathrooms.
- **kitchen:** german kitchen (10-year warranty), fully equipped with high-quality italian appliances (refrigerator, dishwasher, oven, microwave, ceramic hob).
- **fixtures:** ducted air conditioning in all rooms + smart access system.

**building services & location:**
- private covered parking space.
- motorized roller shutters on windows, sound and dust insulated.
- includes maintenance and cleaning services for common areas throughout the year.
- **location:** mane al-muraidhi street – next to misk city and its schools, and minutes away from (the sports track, diriyah gate, and lisson valley).
- walking distance to services (supermarket, cafés, mosque).

**annual rent:** sar 90,000 – inclusive of water, cleaning, and maintenance of common areas.
**security deposit:** sar 7,000Irqah, Riyadh",https://sa.aqar.fm/en/apartment-for-rent/riyadh/west-of-riyadh/irqah/apartment-for-rent-6706624
Big Flat For Rent,75000,188.0,"Floor for Rent in Riyadh Al Arid§75,000/annually188m²332first floor (188 sqm)

consists of:

- living room
- hall
- 3 bedrooms (one master bedroom with a balcony and private bathroom)
- fully equipped kitchen with appliances (plus a maid's room with a bathroom)
- 4 bathrooms
- elevator
- air conditioning
- 3 balconies (one private for the master bedroom)

features:

- private parking
- elevator
- smart home control + smart entry system
- air-conditioned maid's room with a separate bathroom inside the kitchen
- kitchen with appliances
- air conditioning throughout the entire unit
- rooms with good spaces
- 3 balconies (one private for the master bedroom)
- rain shower

the property is brand new and has never been previously occupied. rental is directly from the owner.
for contact:Al Arid, Riyadh",https://sa.aqar.fm/en/big-flat-for-rent/riyadh/north-of-riyadh/al-arid/big-flat-for-rent-6550608
Land For Sale,7437,7437500875.0,"Land for Sale in Riyadh At Taawon§7,437,500875m²15mResidentialfor sale: a distinguished land in al-ta'awun district... with a strategic location that combines vibrant services and easy access.

✨ key location advantages:
• 🛣️ strategic location:
very close to abu bakr al-siddiq road, close to the northern ring road

• 🕌 close to mosques and grand mosques

• 🏫 near school complexes and educational facilities for all levels

• 🛒 integrated services
• 🚗 easy entry and exit access

area:
875 sqm

boundaries and dimensions:
western side on a 15m wide street

dimensions: 25m width x 35m depth

✨️ the offer is for buyers only ✨️At Taawon, Riyadh",https://sa.aqar.fm/en/land-for-sale/riyadh/north-of-riyadh/at-taawon/land-for-sale-6886926
Villa For Rent,450000,333.0,"Villa for Rent in Riyadh Hittin§450,000/annually333m²352quarter | a home with a different lifestyle, located in hittin – al-thaghr district.

the overall design is an open, functional space that overlooks the outdoor areas, giving residents a distinctive view while providing natural light and ventilation throughout the home.

the property consists of four floors:

basement:
kitchen, maid's room, laundry room, and storage room.

ground floor:
car parking, living room, and dining area.

first floor:
two bedrooms with two bathrooms.

roof:
a bedroom, an open outdoor area, and a jacuzzi.Hittin, Riyadh",https://sa.aqar.fm/en/villa-for-rent/riyadh/north-of-riyadh/hittin/villa-for-rent-6624721
Lounge For Sale,5950,5950000900.0,"Rest House for Sale in Riyadh Al Mahdiyah§5,950,000900m²555a distinctive real estate and investment opportunity in al-mahdia district – riyadh, on a spacious plot of 900 m², combining current family use with multiple future utilization and investment opportunities.

the property is currently set up as a large chalet divided into two sections, each offering full privacy, with a large enclosed indoor swimming pool in between. the enclosed design helps maintain cleanliness and reduces the pool's exposure to dust and external elements, with a flexible design that allows one side to be opened and the other closed depending on the season and preference.

the property features multiple lounges and spacious hospitality areas, with each section containing a sitting room, dining room, kitchen, and bathrooms, in addition to various outdoor spaces, seating areas, and two tents.

**key features:**

* land area: 900 m²
* two independent sections with high privacy
* large enclosed indoor swimming pool
* option to open one side of the pool area and close the other
* multiple spacious hospitality lounges
* dining rooms
* two kitchens
* 5 bathrooms
* two tents
* multiple outdoor spaces and seating areas
* ready for immediate use
* suitable for family or investment use
* option to use part of the property and rent out the other part depending on the operating model
* possibility of studying future land development or redesigning it into independent units in accordance with municipal regulations and requirements

**investment advantage:** the property gives the buyer more than one option: use it entirely as a private chalet, operate it as an investment, utilize one section while retaining the other, or study future land redevelopment in line with its size and location.

📍 **location:** al-mahdia district – riyadh
💰 **asking price:** sar 5,950,000
negotiation for serious buyers only; viewings by appointment.

900 meters in al-mahdia… a property you benefit from today, while retaining its investment and development options for the future.Al Mahdiyah, Riyadh",https://sa.aqar.fm/en/lounge-for-sale/riyadh/west-of-riyadh/al-mahdiyah/lounge-for-sale-6848063
Villa For Rent,350000,735.0,"Villa for Rent in Riyadh Al Malqa§350,000/annually735m²342quarter | a residence with a different lifestyle

located in the malqa – al-ajlan district, featuring a modern design and open spaces that provide natural lighting and ventilation.

it includes 3 bedrooms, 3 walk-in closets, 4 bathrooms, a living room, a dining area, an open kitchen and a closed kitchen, a maid's room, and a laundry room.

in addition to a private entrance, a private parking space, and an independent driver's room.Al Malqa, Riyadh",https://sa.aqar.fm/en/villa-for-rent/riyadh/north-of-riyadh/al-malqa/villa-for-rent-6827023
Apartment For Rent,63600,139.0,"Apartment for Rent in Riyadh An Narjis§63,600/annually139m²331No descriptionAn Narjis, Riyadh",https://sa.aqar.fm/en/apartment-for-rent/riyadh/north-of-riyadh/an-narjis/apartment-for-rent-6873422
Big Flat For Rent,85000,325.0,"Floor for Rent in Riyadh Al Qirawan§85,000/annually325m²552for contact via whatsapp (the number appears when you press call).
a new upper-floor apartment near king fahd road in al qairawan district (20th street), close to all services, with a beautiful design and luxurious, elegant finishes, featuring natural and concealed lighting. it consists of 4 bedrooms, 5 bathrooms, a majlis, a distinctive kitchen, a fully equipped private section, a dining room, and a storage room.Al Qirawan, Riyadh",https://sa.aqar.fm/en/big-flat-for-rent/riyadh/north-of-riyadh/al-qirawan/big-flat-for-rent-6868563
Apartment For Rent,129000,242.0,"Apartment for Rent in Riyadh Al Malqa§129,000/annually242m²552furnished apartment listing
size: 242 sqm
details:
5 bedrooms (3 of them are master)
spacious living room
majlis
fitted kitchen
5 bathrooms
private basement parking
appliances & entertainment:
all air conditioners are lg
3 distributed tv screens
billiards (pool table)
electric oven and microwave
refrigerator and freezer
additional small refrigerator
clothes washer and dryer
compound facilities:
gym
swimming pool
supermarket
laundry
barber
number of retail shops
location: 2 minutes from boulevard.Al Malqa, Riyadh",https://sa.aqar.fm/en/apartment-for-rent/riyadh/north-of-riyadh/al-malqa/apartment-for-rent-6755514
Apartment For Rent,75000,337.0,"Apartment for Rent in Riyadh Al Yasmin§75,000/annually337m²431🏠 for rent | upper floor apartment in al yasmin district

a distinguished apartment with a practical and family-friendly layout, in a prime location in al yasmin district.

✨ apartment specifications:
• majlis
• spacious living room
• kitchen
• 3 bedrooms
• 3 bathrooms
• newly installed split air conditioning

📍 location: al yasmin district – riyadh

📞 for inquiries:
abdullah al-oraini
0546008664Al Yasmin, RiyadhPromoted",https://sa.aqar.fm/en/apartment-for-rent/riyadh/north-of-riyadh/al-yasmin/apartment-for-rent-6880660
Riyadh,5,,5,https://sa.aqar.fm/en/all/riyadh/5
Apartment For Rent,75600,496.0,"Apartment for Rent in Riyadh Al Aqiq§75,600/annually496m²211for monthly rent, a modern furnished apartment in al-aqiq neighborhood in a residential building
first floor
two bedrooms, living room, and fully equipped kitchen with new appliances
close to all services (supermarket / laundry / restaurants / pharmacy)
5 minutes from king abdullah financial district, overlooking king fahd road
ready for immediate occupancyAl Aqiq, Riyadh",https://sa.aqar.fm/en/apartment-for-rent/riyadh/north-of-riyadh/al-aqiq/apartment-for-rent-6628045
Studios For Rent,21,2100080.0,"Studio for rent in Riyadh Al Yarmouk§21,00080m²a distinctive residential opportunity in al-yarmouk neighborhood 📍🏬
modern finishes 👌
new split air conditioners 🥶
new kitchens ♨️
building security guard 💪
close to all services ✌️

available:

room + kitchen + bathroom

for contact 📞
((number appears when pressing call))Al Yarmouk, Riyadh",https://sa.aqar.fm/en/Studios-for-rent/riyadh/east-of-riyadh/al-yarmouk/Studios-for-rent-6793716
Apartment For Rent,89000,200.0,"Apartment for Rent in Riyadh Ar Rimal§89,000/annually200m²431for rent – fully furnished and equipped luxury apartment within an upscale residential complex

a distinguished opportunity to live in a fully-serviced complex that offers the highest levels of comfort and privacy, featuring:
• men's sports club
• women's sports club
• children's play area
• private basement parking

apartment specifications:
● 3 bedrooms
● including a master bedroom with a walk-in closet; the other two rooms each contain 2 single beds and are fully furnished (one of the rooms is designed on two levels to accommodate a seating area on the upper level)
● sitting room (majlis)
● family lounge and dining table
● luxury open-plan kitchen
● large courtyard
● maid's room
● laundry room
● private basement parking space

the apartment is fully furnished and equipped, ready for immediate occupancy, and includes:
● televisions
● complete set of electrical appliances
● full kitchen appliances
● washing machine
● complete furniture set
● all essential household necessities

suitable for families seeking comfort and luxury in a safe and fully-serviced residential environment.

for inquiries and communication, whatsapp only due to high demand.
((the number appears when you press ""call""))Ar Rimal, Riyadh",https://sa.aqar.fm/en/apartment-for-rent/riyadh/east-of-riyadh/ar-rimal/apartment-for-rent-6738381
Apartment For Rent,93500,97.0,"Apartment for Rent in Riyadh Al Muruj§93,500/annually97m²321for rent – premium residential opportunities
sawaed al murooj

🏡 property type: apartment
📍 district: al murooj

the apartment consists of:
- 3 bedrooms
- living room
- closed kitchen
- 3 bathrooms
- kitchen and air conditioners included ✅
- private parking space

⚪️ location highlights:
- 5 minutes from riyadh metro station
- close to markets and restaurantsAl Muruj, Riyadh",https://sa.aqar.fm/en/apartment-for-rent/riyadh/north-of-riyadh/al-muruj/apartment-for-rent-6799791
Villa For Sale,2500,2500000300.0,"Villa for Sale in Riyadh Ar Rimal§2,500,000300m²5🏡✨ a distinguished real estate opportunity in al-rimal district ✨🏡

a fully integrated property that combines upscale living with investment returns, featuring a practical layout with multiple spaces suited for a family and offering independent units.

🔹 ground floor:
• annex
• elegant sitting room (majlis)
• mudroom/entrance hall (maqlat)
• kitchen
• elderly bedroom
• spacious living room

first floor:
• 3 bedrooms
• master bedroom
• living room

🔹 second floor:
• 2 bedrooms
• private rooftop

🔹 additional investment units:
• 2 independent apartments
• each apartment consists of 2 bedrooms + living room

📍 location: al-rimal district
💰 price: 2,500,000 sar

⭐ property features:
✔️ suitable for family living
✔️ investment potential through the apartments
✔️ diverse and practical layout
✔️ an ideal opportunity for those seeking a property that combines privacy and investment

📞 for inquiries, contact, and reservations: ((number appears when clicking call))Ar Rimal, Riyadh",https://sa.aqar.fm/en/villa-for-sale/riyadh/east-of-riyadh/ar-rimal/villa-for-sale-6891240
Studios For Rent,38,3800045.0,"Studio for rent in Riyadh An Narjis§38,00045m²🏡 new hotel studio for rent - al narjis district

near - the new park - expo - king salman road

specifications:

area: 45 meters
central air conditioning
fitted wooden kitchen
elevator
smart entry
outdoor terrace

🏡 studio for rent - al narjis district

near king khalid international airport - king salman road

specifications:

area: 45 meters
central air conditioning
kitchen
elevator
smart access
outdoor terraceAn Narjis, Riyadh",https://sa.aqar.fm/en/Studios-for-rent/riyadh/north-of-riyadh/an-narjis/Studios-for-rent-6815655
Apartment For Sale,1440,144000087.0,"Apartment for Sale in Riyadh Hittin§1,440,00087m²221✨ rezi 24 project ✨
📍 hittin district

🏡 modern design • comfort • luxury

🛏️ 2 bedrooms
🛋️ elegant living room
🍳 fully equipped kitchen
🚿 2 bathrooms

✨ rezi 24.. the address of upscale living in hittin districtHittin, Riyadh",https://sa.aqar.fm/en/apartment-for-sale/riyadh/north-of-riyadh/hittin/apartment-for-sale-6885873
Hospitals Health Centers For Rent,12500001,12500001300.0,"Hospital / health center for rent in Riyadh Ar Rabwah§1,250,0001,300m²wadi al suli real estate company announces the availability of the last remaining floor for lease at its distinguished project:

""rabwa hills""

a premium strip mall destination spanning over 4,000 sqm, located at the intersection of omar bin abdulaziz road and mutaib bin abdulaziz road, at the heart of al rabwah district and its active commercial scene.

the project is home to first-class strategic tenants, including care hospital, kfc, and mcdonald's.

currently available: the last remaining floor, approximately 1,300 sqm, offered in full to a single tenant.

flexible use and business activities, in line with the identity of the project.Ar Rabwah, Riyadh",https://sa.aqar.fm/en/Hospitals-health-centers-for-rent/riyadh/center-of-riyadh/ar-rabwah/Hospitals-health-centers-for-rent-6868471
Studios For Rent,85,8500045.0,"Studio for rent in Riyadh Al Olaya§85,00045m²furnished studio for rent – damac towers riyadh

stylish, fully furnished and move-in-ready studio with a smart, comfortable layout in a prime riyadh location. the building offers premium amenities including a swimming pool, gym, 24/7 security, parking, and reception services.

flexible rental options: monthly, quarterly, or longer stays. annual rental is also available with monthly payments, allowing you to benefit from a better discounted rate.Al Olaya, Riyadh",https://sa.aqar.fm/en/Studios-for-rent/riyadh/north-of-riyadh/al-olaya/Studios-for-rent-6842423
Apartment For Rent,85000,100.0,"Apartment for Rent in Riyadh Al Malqa§85,000/annually100m²231property type: residential building:-
🔸apartment consisting of 2 bedrooms, a living room, 3 bathrooms, and a kitchen.

neighborhood: al-malqa

building features:
🔹equipped with external security cameras.
🔹located close to vital areas.
🔹easy access to required services (laundry - supermarket - etc.).
🔹external parking spaces.
🔹furnished.
🔹smart entry system.

🛣️ 2 minutes via anas bin malik road.
🛣️ 3 minutes via king fahd road.
🍎 4 minutes from tamimi markets.
🎡 10 minutes from boulevard world.
🎓 15 minutes from imam muhammad bin saud islamic university.
✈️ 20 minutes from king khalid international airport.

📞 for inquiries, please contact us at:
(((the number appears when pressing call)))

💬 (please contact us via whatsapp) 💬
please be mindful of contact hours.

📍 our location is in al-malqa neighborhood, north of riyadh.Al Malqa, Riyadh",https://sa.aqar.fm/en/apartment-for-rent/riyadh/north-of-riyadh/al-malqa/apartment-for-rent-6873813
Big Flat For Rent,70000,160.0,"Floor for Rent in Riyadh Ar Rimal§70,000/annually160m²3🛏️ 3 bedrooms
🚿 3 bathrooms
🛋️ spacious living room
🍳 fitted kitchen
📦 storage room
❄️ installed ac
⚡ independent electricity meter
🚗 private parking
🛗 elevatorAr Rimal, Riyadh",https://sa.aqar.fm/en/big-flat-for-rent/riyadh/east-of-riyadh/ar-rimal/big-flat-for-rent-6824867
Apartment For Rent,69000,120.0,"Apartment for Rent in Riyadh An Narjis§69,000/annually120m²331🏢 property no.: 4038
🔺 apartments for rent – al narjis district | north riyadh 🔺
🏡 residential apartments with a practical layout suitable for families, consisting of 3 bedrooms, a living room, and a kitchen, with built-in air conditioners, a fitted kitchen, and parking spaces.

🏠 property details:

* 3 bedrooms
* living room
* fitted kitchen
* built-in air conditioners
* parking spaces

📍 location:

* al narjis district – north riyadh
* property located on ziyad bin subaih street
* close to prince saud bin abdullah bin jalawi street
* easy access to king salman road
* close to abu bakr al-siddiq road
* close to uthman bin affan road
* close to al-thamama road
* near princess nourah bint abdulrahman university
* close to imam muhammad bin saud islamic university
* easy access to king khalid international airport
* close to schools and mosques
* close to markets, restaurants, cafes, and daily services

the location is distinguished by its proximity to the main road network in north riyadh, providing easy access and mobility to various parts of the city.

📍 location link:
https://maps.app.goo.gl/pp5bjfokyjm9up649

🏢 ghazara real estate company

advertising license: 7201110235An Narjis, Riyadh",https://sa.aqar.fm/en/apartment-for-rent/riyadh/north-of-riyadh/an-narjis/apartment-for-rent-6849476
Apartment For Rent,38000,50.0,"Apartment for Rent in Riyadh As Sahafah§38,000/annually50m²111a distinctive offer in one of riyadh's finest neighborhoods — al sahafa district. available: a room, living room, built-in kitchen, bathroom, and installed split air conditioners. close to main roads and services. rent is annual or semi-annual. we also have other offers available.As Sahafah, Riyadh",https://sa.aqar.fm/en/apartment-for-rent/riyadh/north-of-riyadh/as-sahafah/apartment-for-rent-6876056
Apartment For Rent,35000,50.0,"Apartment for Rent in Riyadh Al Qirawan§35,000/annually50m²111we have apartments in the most prestigious areas of riyadh, in al-qairawan neighborhood, near all services.Al Qirawan, Riyadh",https://sa.aqar.fm/en/apartment-for-rent/riyadh/north-of-riyadh/al-qirawan/apartment-for-rent-6876070
Riyadh,6,,6,https://sa.aqar.fm/en/all/riyadh/6
Apartment For Rent,82000,100.0,"Apartment for Rent in Riyadh Al Malqa§82,000/annually100m²231property type: residential building
apartment consisting of 2 bedrooms, 1 living room, 1 laundry room, 3 bathrooms, and a kitchen.

neighborhood: al-malqa

building features:
- equipped with external security cameras.
- close to vital areas.
- easy access to required services (laundry, supermarket, etc.).
- external parking spaces.
- furnished.
- elevators.

- 2 minutes via anas bin malik road.
- 3 minutes via king fahd road.
- 4 minutes from tamimi markets.
- 10 minutes from boulevard world.
- 15 minutes from imam muhammad bin saud islamic university.
- 20 minutes from king khalid international airport.

for inquiries, please contact us at:
(((number appears upon pressing call)))

(please contact us via whatsapp)
please be considerate of contact hours.

our location is in al-malqa neighborhood, north of riyadh, near the avenues mall.Al Malqa, Riyadh",https://sa.aqar.fm/en/apartment-for-rent/riyadh/north-of-riyadh/al-malqa/apartment-for-rent-6877830
Apartment For Rent,42000,60.0,"Apartment for Rent in Riyadh Hittin§42,000/annually60m²111annual rental apartment in hittin neighborhood, families only, first occupant, excellent strategic location near boulevard, close to all services, fully clean and renovated, newly installed split air conditioners, gypsum board installed, kitchen installed, water heater installed, exhaust fans installed, modern ultra super luxury finishing.
one bedroom, living room, bathroom, and open american kitchen.Hittin, Riyadh",https://sa.aqar.fm/en/apartment-for-rent/riyadh/north-of-riyadh/hittin/apartment-for-rent-6889213
Apartment For Rent,100000,127.0,"Apartment for Rent in Riyadh Qurtubah§100,000/annually127m²3🛏️ 3 Bedrooms
🛋️ Spacious Living Room
🍳 Fully Equipped Kitchen
🧹 Maid’s Room
🚿 3 Bathrooms
❄️ Installed Air Conditioning
🛗 Elevator
🔐 Smart Access
🚗 Private Shaded Parking
🛋️ Fully Furnished & Ready to Move InQurtubah, Riyadh",https://sa.aqar.fm/en/apartment-for-rent/riyadh/east-of-riyadh/qurtubah/apartment-for-rent-6834150
Big Flat For Rent,55000,180.0,"Floor for Rent in Riyadh Ar Rimal§55,000/annually180m²4a floor of 200 sqm on the first floor, with a shared entrance + a shared courtyard with only one other apartment + elevator with a shared rooftop, independent water tank + independent electricity meter.

1- independent men's reception (majlis) with a large area and a bathroom
2- large internal living room
3- side kitchen
4- two master bedrooms
5- two facing bedrooms with a shared bathroom between them
total bathrooms: 4

the neighborhood is quiet and upscale.

- 13 minutes away from king khalid international airport
- 19 minutes away from princess nourah university
- 21 minutes away from imam mohammad ibn saud islamic university
- conveniently close to public services and a mosque.Ar Rimal, Riyadh",https://sa.aqar.fm/en/big-flat-for-rent/riyadh/east-of-riyadh/ar-rimal/big-flat-for-rent-6843574
Apartment For Rent,85000,119.0,"Apartment for Rent in Riyadh Al Malqa§85,000/annually119m²3apartment in a quiet and upscale compound consisting of three bedrooms, three bathrooms, a fitted kitchen, two entrances, a private covered parking space, smart home system, and sound system.

the compound has a small number of units and is very quiet.Al Malqa, Riyadh",https://sa.aqar.fm/en/apartment-for-rent/riyadh/north-of-riyadh/al-malqa/apartment-for-rent-6881689
Villa For Sale,1850,1850000254.0,"Villa for Sale in Riyadh Al Janadriyah§1,850,000254m²752**for sale in ghasoon subdivision**

villa with an internal staircase and two apartments, area: 360 sqm
built to the new saudi code, al-ta'awuniya insurance for 10 years, close to services
plumbing, electrical, thermal, and waterproofing warranties

**villa specifications:**

- external annex
- majlis (sitting room)
- tiled reception area
- large living room
- kitchen
- elderly room

**first floor:**
- three master bedrooms
- modern design with luxury finishes

‼️ approved by all banks for civilians, military personnel, and private sector employees
‼️ comprehensive financing solutions
‼️ down payment provision
‼️ follow-up on bank applications until property handover

**contact:** (number appears when pressing call)Al Janadriyah, Riyadh",https://sa.aqar.fm/en/villa-for-sale/riyadh/east-of-riyadh/al-janadriyah/villa-for-sale-6894832
Apartment For Sale,1390,1390000185.0,"Apartment for Sale in Riyadh Al Arid§1,390,000185m²331unit four

the only unit in the project with a single-floor design, where no other units exist on the same floor.

3 bedrooms

3 bathrooms

living room and kitchen

laundry room

total area: 185.6 m²

🔸 project features include:
smart home system – concealed plumbing – private parking – fire security systemAl Arid, Riyadh",https://sa.aqar.fm/en/apartment-for-sale/riyadh/north-of-riyadh/al-arid/apartment-for-sale-6732376
Villa For Rent,170000,250.0,"Villa for Rent in Riyadh King Khalid International Airport§170,000/annually250m²332🏡 Villa for Rent | Roshn – Sedra Community

✨ Features:

* 🛏️ 3 Bedrooms
* 🛋️ Spacious Living Room
* 🏛️ Majlis
* 🍽️ Fully Equipped Kitchen
* 🪑 Fully Furnished
* 🏠 External Multi-Purpose Room
* 🚗 Private Parking
* 📍 Prime Location in Roshn – Sedra
* 🌿 Peaceful & Family-Friendly Community

One time payment 170000SAR 
Two time payment 180000 SARKing Khalid International Airport, Riyadh",https://sa.aqar.fm/en/villa-for-rent/riyadh/north-of-riyadh/king-khalid-international-airport/villa-for-rent-6755820
Apartment For Rent,55500,56.0,"Apartment for Rent in Riyadh Al Malaz§55,500/annually56m²221🏠 apartments for rent – sawaed al malaz 120

✨ apartments ranging from 55–70 m², featuring:
• 2 bedrooms
• living room
• kitchen
• 2 bathrooms

🚗 private parking space for each apartment
💧 water costs are covered by the landlord

📍 prime location with high-quality finishes, ideal for comfortable living
🌴 close to king abdullah park
🚄 close to the metro stationAl Malaz, Riyadh",https://sa.aqar.fm/en/apartment-for-rent/riyadh/east-of-riyadh/al-malaz/apartment-for-rent-6799805
Studios For Rent,35,35000818.0,"Studio for rent in Riyadh An Narjis§35,000818m²🏡 new hotel-style studio for rent - al narjis district

near king khalid international airport - king salman road

specifications:

area: 40 m²
concealed air conditioning
kitchen
elevator
smart access
outdoor terraceAn Narjis, Riyadh",https://sa.aqar.fm/en/Studios-for-rent/riyadh/north-of-riyadh/an-narjis/Studios-for-rent-6795438
Villa For Rent,140000,250.0,"Villa for Rent in Riyadh Al Munsiyah§140,000/annually250m²461brand-new villa for rent in sidra district – riyadh

a great opportunity to live in a new villa located in the modern and well-planned sidra district, offering a practical layout and comfortable spaces for families.

**villa details:**
• land area: 250 sqm
• built-up area: 273 sqm
• 4 bedrooms
• 6 bathrooms
• living room and majlis
• maid's room
• separate guest entrance
• separate family entrance
• 2 private parking spaces
• independent electricity and water meters
• outdoor areas suitable for landscaping

**location highlights:**
• close to king khalid international airport
• close to sar train station
• close to princess nourah university
• quiet and modern residential neighborhood, ideal for families

📍 location available upon request.
📞 for inquiries: (number visible upon clicking call)Al Munsiyah, Riyadh",https://sa.aqar.fm/en/villa-for-rent/riyadh/east-of-riyadh/al-munsiyah/villa-for-rent-6864754
Big Flat For Rent,90000,170.0,"Floor for Rent in Riyadh An Narjis§90,000/annually170m²341first floor apartment, brand new, with an area of 190 m², combining comfort, luxury, and privacy, featuring a practical design and premium finishes, in a quiet and sought-after location in northern riyadh.

**features**

* passenger elevator
* private parking
* fully fitted and equipped kitchen
* concealed and wall-mounted split air conditioning
* cctv surveillance
* smart entry system for the unit

**floor details**

* semi-detached sitting room with a restroom
* spacious family lounge with panoramic views
* modern, fully equipped kitchen
* maid's room
* 3 bedrooms, including a master bedroom

**location**

strategic location in al narjis district, close to all amenities and main roads:

* approximately 450 meters from king salman road
* approximately 150 meters from abu bakr al-siddiq road
* close to international schools
* approximately 15 minutes from king khalid international airport
* approximately 20 minutes from princess nourah and imam universities
* approximately 20 minutes from king abdullah financial district (kafd)

an ideal choice for those seeking a home that combines quality living, privacy, and a prime location in one of the most in-demand neighborhoods in northern riyadh.An Narjis, Riyadh",https://sa.aqar.fm/en/big-flat-for-rent/riyadh/north-of-riyadh/an-narjis/big-flat-for-rent-6836969
Apartment For Rent,108000,128.0,"Apartment for Rent in Riyadh Qurtubah§108,000/annually128m²3Spacious Apartment for Rent in a Premium Residential Compound

Apartment D3 is located in a well-appointed residential compound offering a fully integrated living experience with top-notch amenities for families.
The compound includes:
	•	Ladies’ Club featuring a beauty salon, a small lounge, a kitchen, and relaxing seating areas
	•	Men’s Club with a sauna and jacuzzi in a peaceful atmosphere
	•	Private Lounge for Events available by reservation, accommodating up to 25 guests, with a fully equipped kitchen and complete hospitality essentials
	•	Smart Laundry Service operated via mobile application for added convenience
	•	Children’s Playground equipped with safe and fun outdoor play structures
	•	Electric Car Charging Station available for residents’ use

Apartment Features:
	•	3 bedrooms, including a master bedroom with an en-suite bathroom
	•	Spacious open-plan living and dining area
	•	Dedicated maid’s room
	•	3 bathrooms in total
	•	Fully equipped kitchen including:
	•	Refrigerator
	•	Washing machine
	•	Stove
	•	Built-in oven
	•	Range hood
	•	All essential appliances and kitchenware
	•	High-quality Gree air conditioning units throughout
	•	Private backyard (rear patio)
	•	Small front yard near the bedrooms

This apartment offers the perfect blend of privacy, comfort, and access to premium shared facilities, making it an ideal home for families seeking quality and convenience.Qurtubah, Riyadh",https://sa.aqar.fm/en/apartment-for-rent/riyadh/east-of-riyadh/qurtubah/apartment-for-rent-6812619
Apartment For Rent,45000,1284.0,"Apartment for Rent in Riyadh Al Malaz§45,000/annually1,284m²221welcome 🌷

olivera residence
📍 university road

ground floor
two bedrooms and a living room | two bathrooms | kitchen | air conditioners
46,000 — 2
44,000 — 3
42,000 — 4
39,000 — 5 | one bedroom and a living room
39,000 — 6 | one bedroom and a living room
44,000 — 7
44,000 — 8
46,000 — 9

first floor
two bedrooms and a living room | two bathrooms | kitchen | air conditioners
47,000 — 101

second floor
two bedrooms and a living room | two bathrooms | kitchen | air conditioners
47,000 — 201
44,000 — 202
47,000 — 204

third floor
two bedrooms and a living room | two bathrooms | kitchen | air conditioners
45,000 — 302
45,000 — 307
45,000 — 308
47,000 — 309

fourth floor
two bedrooms and a living room | two bathrooms | kitchen | air conditioners
47,000 — 401
45,000 — 403
45,000 — 407
45,000 — 408
47,000 — 409

sixth floor | private roof
two bedrooms and a living room | two bathrooms | kitchen | air conditioners
55,000 — 601
60,000 — 602
60,000 — 603

terms:
families only | hijri-year contract of 355 days | annual contract paid in two installments | water 1,000 sar per year | refundable deposit of 2,000 sar via ejar | commission 2.5% | separate electricity | prices are final

📍 location:
https://maps.app.goo.gl/e2rkxwhxelsuht1r7

📞 guard: 0575314603

🌐 photos, viewing, and leasing: rentech.saAl Malaz, Riyadh",https://sa.aqar.fm/en/apartment-for-rent/riyadh/east-of-riyadh/al-malaz/apartment-for-rent-6828468
Studios For Rent,2,270025.0,"Studio for rent in Riyadh Al Yarmouk§2,70025m²furnished studio for monthly rent

🏡 fully furnished studio for monthly rent

a stylish and fully furnished studio, ready to move in immediately, located in a prime location close to all services.

✨ monthly rent includes:
⚡ electricity
💧 water
🛋️ complete furniture
fiber internet

📍 prime location, close to restaurants, markets, and services
✅ ready to move in
✅ monthly rental
✅ utilities included

malath al sharq real estateAl Yarmouk, Riyadh",https://sa.aqar.fm/en/Studios-for-rent/riyadh/east-of-riyadh/al-yarmouk/Studios-for-rent-6829897
Apartment For Rent,2800,50.0,"Apartment for Rent in Riyadh As Sulay§2,800/annually50m²21🚨 only one unit left

move-in-ready workforce accommodation with flexible monthly leasing and utilities included.

🏠 private porta cabin unit
🛏️ 2 rooms + kitchen + private bathroom
👥 accommodates up to 8 people
📅 flexible monthly lease — no annual commitment
💡 electricity, water & sewage included
📍 convenient and easily accessible location
✅ ready for immediate occupancy

ideal for companies and project teams looking for ready workforce accommodation with clear costs and flexible terms.

📞 leasing & inquiries exclusively through:

saad: (number appears when you tap call)
ali: (number appears when you tap call)

please do not use the platform's call button, as this account is used for marketing purposes only.As Sulay, Riyadh",https://sa.aqar.fm/en/apartment-for-rent/riyadh/south-of-riyadh/as-sulay/apartment-for-rent-6868480
Apartment For Rent,60000,90.0,"Apartment for Rent in Riyadh Al Munsiyah§60,000/annually90m²211fully furnished apartment, ready for immediate occupancy

the apartment features a prime location, close to all services

• complete furniture
• smart entry
• surveillance cameras
• air conditioners
• prime and easily accessible location
• close to services and amenities
• electricity included
• water included

the apartment is move-in ready and suitable for those looking for comfort, privacy, and a fully equipped residenceAl Munsiyah, Riyadh",https://sa.aqar.fm/en/apartment-for-rent/riyadh/east-of-riyadh/al-munsiyah/apartment-for-rent-6879719
Apartment For Rent,35000,50.0,"Apartment for Rent in Riyadh Al Qirawan§35,000/annually50m²111a one-bedroom and living room apartment close to all services and main roads, enjoying its proximity to the new murabba project.Al Qirawan, Riyadh",https://sa.aqar.fm/en/apartment-for-rent/riyadh/north-of-riyadh/al-qirawan/apartment-for-rent-6870207
Banks Atms For Rent,100,10000050.0,"Bank / ATM for rent in Riyadh Ar Rabwah§100,00050m²a distinguished property with a strategic location — listing details will be added soon.Ar Rabwah, Riyadh",https://sa.aqar.fm/en/Banks-ATMs-for-rent/riyadh/center-of-riyadh/ar-rabwah/Banks-ATMs-for-rent-6868468
Office For Rent,1250000,1300.0,"Commercial Office for Rent in Riyadh Ar Rabwah§1,250,000/annually1,300m²wadi al suli real estate company announces the availability of the last remaining floor for lease at its distinguished project:

""rabwa hills""

a premium strip mall destination spanning over 4,000 sqm, located at the intersection of omar bin abdulaziz road and mutaib bin abdulaziz road, at the heart of al rabwah district and its active commercial scene.

the project is home to first-class strategic tenants, including care hospital, kfc, and mcdonald's.

currently available: the last remaining floor, approximately 1,300 sqm, offered in full to a single tenant.

flexible use and business activities, in line with the identity of the project.Ar Rabwah, Riyadh",https://sa.aqar.fm/en/office-for-rent/riyadh/center-of-riyadh/ar-rabwah/office-for-rent-6868475
Riyadh,7,,7,https://sa.aqar.fm/en/all/riyadh/7
Studios For Rent,90,9000038.0,"Studio for rent in Riyadh Al Olaya§90,00038m²### furnished studio for rent – damac towers riyadh

stylish, fully furnished and move-in-ready studio with a smart, comfortable layout in a prime riyadh location. the building offers premium amenities including a swimming pool, gym, 24/7 security, parking, and reception services.

**flexible rental options:** monthly, quarterly, or longer stays. annual rental is also available with monthly payments, allowing you to benefit from a better discounted rate.Al Olaya, Riyadh",https://sa.aqar.fm/en/Studios-for-rent/riyadh/north-of-riyadh/al-olaya/Studios-for-rent-6842554
Big Flat For Rent,95000,590.0,"Floor for Rent in Riyadh An Narjis§95,000/annually590m²4a distinctive ground floor apartment on two streets for rent inside masharif hills compound in al-narjis district.

a driver's room and a maid's room are available.

it consists of:

- 3 bedrooms and a maid's room
- sitting room (majlis)
- living room
- dining area
- built-in kitchen

- car entrance
- facing two streets: a guests' entrance and a family entrance
- pre-installed ev charger foundation
- inside masharif hills compound

for rent:
- single payment: 105,000
- two payments: 108,000

note: air conditioner installation is the tenant's responsibility.An Narjis, Riyadh",https://sa.aqar.fm/en/big-flat-for-rent/riyadh/north-of-riyadh/an-narjis/big-flat-for-rent-6862243
Apartment For Rent,3800,35.0,"Apartment for Rent in Riyadh Al Yarmouk§3,800/annually35m²1111 bedroom apartment for monthly rent

🏡 fully furnished 1-bedroom apartment for monthly rent

an elegant, fully furnished apartment, ready to move in immediately, in a prime location close to all services.

✨ monthly rent includes:
⚡ electricity
💧 water
🌐 high-speed fiber optic internet
🛋️ full furniture

📍 prime location, close to restaurants, markets, and services
✅ ready to move in
✅ monthly rent
✅ utilities included

malath al sharq real estateAl Yarmouk, Riyadh",https://sa.aqar.fm/en/apartment-for-rent/riyadh/east-of-riyadh/al-yarmouk/apartment-for-rent-6825320
Apartment For Rent,105000,127.0,"Apartment for Rent in Riyadh Qurtubah§105,000/annually127m²3furnished apartment in diyar 21 project

consisting of three bedrooms, a living room, and a fully equipped kitchenQurtubah, Riyadh",https://sa.aqar.fm/en/apartment-for-rent/riyadh/east-of-riyadh/qurtubah/apartment-for-rent-6812612
Studios For Rent,1,180040.0,"Studio for rent in Riyadh As Sulay§1,80040m²move-in-ready private workforce studio with flexible monthly leasing and utilities included.

🏠 fully private independent studio
👥 accommodates up to 4 people
🍳 private in-unit kitchen
🚿 private in-unit bathroom
📅 flexible monthly lease — no annual commitment
💡 electricity, water & sewage included
📍 convenient and easily accessible location
✅ ready for immediate occupancy

ideal for companies and work teams looking for independent accommodation with greater privacy and fully integrated in-unit facilities.

📞 for leasing and inquiries, please contact exclusively through the designated department:
saad: ((number appears when clicking call))
ali: ((number appears when clicking call))

please do not use the platform's call button, as this account is designated for marketing purposes only.As Sulay, Riyadh",https://sa.aqar.fm/en/Studios-for-rent/riyadh/south-of-riyadh/as-sulay/Studios-for-rent-6868483
Room For Rent,1450,20.0,"Room for Rent in Riyadh As Sulay§1,450/annually20m²move-in-ready workforce accommodation with flexible monthly leasing and utilities included.

🏠 private room
👥 accommodates up to 4 people
🚿 shared bathroom facilities
🍳 shared kitchen
📅 flexible monthly lease — no annual commitment
💡 electricity, water & sewage included
📍 convenient and easily accessible location
✅ ready for immediate occupancy

ideal for companies and work teams looking for practical, ready-to-use workforce accommodation with clear costs and flexible terms.

📞 leasing & inquiries exclusively through:
saad: ((((number appears when you press call))))
ali: ((((number appears when you press call))))

please do not use the platform's call button, as this account is used for marketing purposes only.As Sulay, Riyadh",https://sa.aqar.fm/en/room-for-rent/riyadh/south-of-riyadh/as-sulay/room-for-rent-6868486
Communication Towers For Rent,100,100000100.0,"Communication tower for rent in Riyadh Ar Rabwah§100,000100m²a distinguished property with a strategic location — listing details will be added soon.Ar Rabwah, Riyadh",https://sa.aqar.fm/en/Communication-towers-for-rent/riyadh/center-of-riyadh/ar-rabwah/Communication-towers-for-rent-6868470
Studios For Rent,2,280025.0,"Studio for rent in Riyadh Ar Rawdah§2,80025m²furnished studio for monthly rent | furnished studio for monthly rent

🏡 fully furnished studio for monthly rent

an elegant, fully furnished studio, ready to move in immediately, in a prime location close to all services.

✨ monthly rent includes:
⚡ electricity
💧 water
🌐 high-speed fiber optic internet
🛋️ complete furnishings

📍 prime location, close to restaurants, markets, and services
✅ ready to move in
✅ monthly rental
✅ utilities included

malath al sharq real estateAr Rawdah, Riyadh",https://sa.aqar.fm/en/Studios-for-rent/riyadh/east-of-riyadh/ar-rawdah/Studios-for-rent-6825212
Apartment For Rent,120000,146.0,"Apartment for Rent in Riyadh Al Yasmin§120,000/annually146m²4🏡 distinctive apartment for rent | al yasmin district – riyadh

a spacious and distinctive apartment with a practical and comfortable layout, located in al yasmin district, suitable for those seeking premium family accommodation.

✨ apartment features:
🛏️ 3 bedrooms
🛋️ spacious living room
☕ majlis
🍽️ fully equipped kitchen with all appliances

📍 location: al yasmin districtAl Yasmin, Riyadh",https://sa.aqar.fm/en/apartment-for-rent/riyadh/north-of-riyadh/al-yasmin/apartment-for-rent-6834009
Office For Rent,3550,28.0,"Commercial Office for Rent in Riyadh Ar Rawdah§3,550/annually28m²🏢 furnished office for monthly rent – ready to use

a fully furnished office suitable for businesses and companies, ready for handover and immediate start of work.

💰 monthly rent: 3,600 sar

rent includes:
⚡ electricity
💧 water
🌐 internet
🧹 cleaning
🪑 office furniture

✅ ready to use
✅ no additional service costs
✅ suitable for companies and entrepreneurs

malath al-sharq real estateAr Rawdah, Riyadh",https://sa.aqar.fm/en/office-for-rent/riyadh/east-of-riyadh/ar-rawdah/office-for-rent-6825168
Store For Rent,78000,38.0,"Shop for Rent in Riyadh As Sulay§78,000/annually38m²60m📍 istanbul road – al sulai district

a location known for its vitality and high commercial activity.

a fully finished commercial shop, ready for immediate operation.

• full curtain wall glass frontage
• open and flexible interior space
• ready for handover and immediate operation
• one or more units can be leased based on business requirements
• suitable for showrooms, retail stores, brands, and various commercial activities

shop advantage: a strong commercial location with complete finishing, saving time and cost of site preparation.As Sulay, Riyadh",https://sa.aqar.fm/en/store-for-rent/riyadh/south-of-riyadh/as-sulay/store-for-rent-6868490
Big Flat For Rent,1250000,1300.0,"Floor for Rent in Riyadh Ar Rabwah§1,250,000/annually1,300m²855wadi al suli real estate company announces the availability of the last remaining floor for lease at its distinguished project:

""rabwa hills""

a premium strip mall destination spanning over 4,000 sqm, located at the intersection of omar bin abdulaziz road and mutaib bin abdulaziz road, at the heart of al rabwah district and its active commercial scene.

the project is home to first-class strategic tenants, including care hospital, kfc, and mcdonald's.

currently available: the last remaining floor, approximately 1,300 sqm, offered in full to a single tenant.

flexible use and business activities, in line with the identity of the project.Ar Rabwah, Riyadh",https://sa.aqar.fm/en/big-flat-for-rent/riyadh/center-of-riyadh/ar-rabwah/big-flat-for-rent-6868478
Apartment For Rent,36500,55.0,"Apartment for Rent in Riyadh As Sulay§36,500/annually55m²211🚨 luxury modern apartment – ready for immediate occupancy

a private apartment with a luxury modern design, fully equipped and ready for immediate occupancy.

🏠 luxury modern private apartment
🛏️ 2 bedrooms
🛋️ living room
🍳 private kitchen
🚿 private bathroom
👥 accommodates up to 8 people
✅ ready for immediate occupancy

ideal for companies and work teams looking for premium, private, move-in-ready accommodation with high privacy.As Sulay, Riyadh",https://sa.aqar.fm/en/apartment-for-rent/riyadh/south-of-riyadh/as-sulay/apartment-for-rent-6868489
Apartment For Rent,46000,1284.0,"Apartment for Rent in Riyadh Al Malaz§46,000/annually1,284m²221welcome 🌷

olivera residence
📍 university road

ground floor
two bedrooms and a living room | two bathrooms | kitchen | air conditioners
46,000 — 2
44,000 — 3
42,000 — 4
39,000 — 5 | one bedroom and a living room
39,000 — 6 | one bedroom and a living room
44,000 — 7
44,000 — 8
46,000 — 9

first floor
two bedrooms and a living room | two bathrooms | kitchen | air conditioners
47,000 — 101

second floor
two bedrooms and a living room | two bathrooms | kitchen | air conditioners
47,000 — 201
44,000 — 202
47,000 — 204

third floor
two bedrooms and a living room | two bathrooms | kitchen | air conditioners
45,000 — 302
45,000 — 307
45,000 — 308
47,000 — 309

fourth floor
two bedrooms and a living room | two bathrooms | kitchen | air conditioners
47,000 — 401
45,000 — 403
45,000 — 407
45,000 — 408
47,000 — 409

sixth floor | private roof
two bedrooms and a living room | two bathrooms | kitchen | air conditioners
55,000 — 601
60,000 — 602
60,000 — 603

terms:
families only | hijri-year contract of 355 days | annual contract paid in two installments | water 1,000 sar per year | refundable deposit of 2,000 sar via ejar | commission 2.5% | separate electricity | prices are final

📍 location:
https://maps.app.goo.gl/e2rkxwhxelsuht1r7

📞 guard: 0575314603

🌐 photos, viewing, and leasing: rentech.saAl Malaz, Riyadh",https://sa.aqar.fm/en/apartment-for-rent/riyadh/east-of-riyadh/al-malaz/apartment-for-rent-6828471
Apartment For Rent,47000,75.0,"Apartment for Rent in Riyadh As Sulay§47,000/annually75m²211rented, praise be to allah ✅
only the last apartment remaining at 38,000 sar per year.

🚨 luxury modern apartment – ready for immediate occupancy

a private apartment with a luxury modern design, fully equipped and ready for immediate occupancy.

🏠 private luxury modern apartment
🛏️ 2 bedrooms
🛋️ living room
🍳 private kitchen
🚿 private bathroom
👥 accommodates up to 8 people
✅ ready for immediate occupancy

ideal for companies and work teams looking for premium, private, move-in-ready accommodation with greater privacy.As Sulay, Riyadh",https://sa.aqar.fm/en/apartment-for-rent/riyadh/south-of-riyadh/as-sulay/apartment-for-rent-6868498
Apartment For Rent,29000,50.0,"Apartment for Rent in Riyadh Al Yarmouk§29,000/annually50m²111a special offer in one of riyadh's finest neighborhoods — al yarmouk district. available: a room, living room, fitted kitchen, bathroom, and installed split air conditioners. close to main roads and services. payment is annual or semi-annual. we also have other offers available.Al Yarmouk, Riyadh",https://sa.aqar.fm/en/apartment-for-rent/riyadh/east-of-riyadh/al-yarmouk/apartment-for-rent-6879808
Schools For Rent,12500001,12500001300.0,"School for rent in Riyadh Ar Rabwah§1,250,0001,300m²wadi al suli real estate company announces the availability of the last remaining floor for lease at its distinguished project:

""rabwa hills""

a premium strip mall destination spanning over 4,000 sqm, located at the intersection of omar bin abdulaziz road and mutaib bin abdulaziz road, at the heart of al rabwah district and its active commercial scene.

the project is home to first-class strategic tenants, including care hospital, kfc, and mcdonald's.

currently available: the last remaining floor, approximately 1,300 sqm, offered in full to a single tenant.

flexible use and business activities, in line with the identity of the project.Ar Rabwah, Riyadh",https://sa.aqar.fm/en/Schools-for-rent/riyadh/center-of-riyadh/ar-rabwah/Schools-for-rent-6868469
Apartment For Rent,120000,116.0,"Apartment for Rent in Riyadh Al Aqiq§120,000/annually116m²231experience an exceptional living experience in the heart of new riyadh. a fully furnished apartment with a modern and elegant design, located in a distinguished building with a direct view of the king abdullah financial district (kafd).

key features:
• 🛌 bedroom suites: two master bedrooms (with private bathrooms), one of which features a private rooftop sitting area.
• 🌳 outdoor spaces: two private rooftops with elegant ikea outdoor seating areas, perfect for relaxation.
• services & comfort: central ac + split units, unlimited 5g internet, fully equipped kitchen, and a private underground parking space.

⚠️ important note: the apartment is currently occupied and the lease ends at the end of february. viewings are available for serious inquiries only through prior coordination, out of respect for the tenant's privacy.

🚫 we apologize for not accepting brokers or marketers at this time (direct with the owner only).

✨ premium apartment for rent - al-aqiq (direct kafd view) ✨
experience a luxury lifestyle in the heart of riyadh's new business hub. a fully furnished, elegantly designed apartment overlooking the king abdullah financial district (kafd).

key features:
• 🛌 master suites: 2 spacious master bedrooms with private bathrooms.
• 🌳 outdoor space: two private terraces with stylish ikea furniture.
• amenities: central ac, unlimited 5g wi-fi, fully equipped kitchen, and reserved underground parking.Al Aqiq, Riyadh",https://sa.aqar.fm/en/apartment-for-rent/riyadh/north-of-riyadh/al-aqiq/apartment-for-rent-6549583
Villa For Rent,95000,218.0,"Villa for Rent in Riyadh Hittin§95,000/annually218m²442luxury two-floor duplex townhouse in hittin in a prime location. area: 216 sqm. 4 bedrooms, 4 bathrooms, and two living rooms on the ground and upper floors. spacious rooms. separate kitchen with all appliances and additional storage space. eight air conditioners installed. the townhouse is in a prime location within the aliyah hittin residential compound, which is very quiet, suitable for families, and contains only a small number of townhouses. the unit is new and ready for occupancy. a detailed video of the townhouse is also available.

notes:
* one of the four rooms can be used as a maid's room as desired.
* there is no driver's room.
* for annual rent only, in a single payment, at the listed price, which is non-negotiable.
* contact the owner directly by phone, taking calling hours into consideration.

move-in ready - two floor duplex townhouse
two living rooms
four bedrooms
kitchen with modern appliances
private shaded parking
four bathrooms
prime location
contact owner for details
minimum lease is 1 yearHittin, Riyadh",https://sa.aqar.fm/en/villa-for-rent/riyadh/north-of-riyadh/hittin/villa-for-rent-6890625
Apartment For Rent,90000,118.0,"Apartment for Rent in Riyadh Umm Al Hamam Al Gharbi§90,000/annually118m²111🏡 1 bedroom + living room for rent | greenfields compound

fully furnished with luxury furniture and a fully equipped kitchen with all appliances, including electricity, water, wi-fi, and weekly cleaning.

✨ compound facilities:
gym • swimming pool • lounge • kids' play area • barber shop

📍 greenfields compound
📞 contact us for details and viewing.Umm Al Hamam Al Gharbi, Riyadh",https://sa.aqar.fm/en/apartment-for-rent/riyadh/west-of-riyadh/umm-al-hamam-al-gharbi/apartment-for-rent-6839054
Riyadh,8,,8,https://sa.aqar.fm/en/all/riyadh/8
Apartment For Rent,60000,159.0,"Apartment for Rent in Riyadh Al Mahdiyah§60,000/annually159m²431a semi-new apartment consisting of a living room with an independent bathroom / living hall / fully equipped kitchen including appliances and washing machine / 3 bedrooms, one of which is a master bedroom.
air conditioners installed throughout the entire apartment / 2 private parking spaces in the basement.
the building has a security guard, air fresheners, and a high level of attention to cleanliness and maintenance.Al Mahdiyah, Riyadh",https://sa.aqar.fm/en/apartment-for-rent/riyadh/west-of-riyadh/al-mahdiyah/apartment-for-rent-6874743
Apartment For Rent,75000,102.0,"Apartment for Rent in Riyadh Ar Rayan§75,000/annually102m²331brand-new apartment | modern design | prime location
a brand-new apartment featuring a modern design and practical layout, offering 3 bedrooms, including a master bedroom, with installed air-conditioning units and a fitted kitchen, plus a private parking space.
features:
3 bedrooms, including a master bedroom
installed air-conditioning units
fitted kitchen
private parking space
modern design and quality finishing
prime location close to all essential services and amenities
an ideal choice for families seeking comfort, privacy, and a convenient location.Ar Rayan, Riyadh",https://sa.aqar.fm/en/apartment-for-rent/riyadh/east-of-riyadh/ar-rayan/apartment-for-rent-6888826
Villa For Sale,2550,2550000300.0,"Villa for Sale in Riyadh Al Mahdiyah§2,550,000300m²6villa with internal staircase, personal construction from a well-known real estate developer in the market.

price: 315 sqm area for 2.55 million
price: 300 sqm area for 2.5 million

consists of 7 master bedrooms

ground floor: spacious courtyard - spacious men's sitting room - spacious dining hall overlooking the courtyard - very large hall overlooking the courtyard - spacious kitchen

first floor: 4 master bedrooms and a hall with elevator installation prepared

second floor: 2 master bedrooms, hall, and maid's room with installed elevatorAl Mahdiyah, Riyadh",https://sa.aqar.fm/en/villa-for-sale/riyadh/west-of-riyadh/al-mahdiyah/villa-for-sale-6646992
Apartment For Rent,3500,70.0,"Apartment for Rent in Riyadh Al Khalidiyah§3,500/annually70m²221fully furnished apartment
al-khalidiya district

the apartment:
consists of two bedrooms, a living room, two bathrooms, and a kitchen.

the apartment is washed and sanitized, and all bedding, pillows, and furniture are washed after each tenant.

required: a small family of two to three people.

price: 3,500 per month

the contract is renewable.

the price includes electricity, water, the contract, and tax.

security deposit: 1,000 sar

for contact:
family residential
property age: 3 yearsAl Khalidiyah, Riyadh",https://sa.aqar.fm/en/apartment-for-rent/riyadh/center-of-riyadh/al-khalidiyah/apartment-for-rent-6725112
Villa For Rent,170000,208.0,"Villa for Rent in Riyadh Al Munsiyah§170,000/annually208m²442luxury villa for annual rent in al naifah compound by rafal, riyadh. brand new villa never occupied, 261 sqm, 3 floors + 2 rooftops.

ground floor: driver room with bathroom, spacious living area, kitchen, guest bathroom, private yard.
first floor: master bedroom with bathroom, 2 bedrooms, shared bathroom, living area.
third floor: laundry room, maid room with bathroom, 2 rooftops.

features: central ac, all air conditioners installed, solar water heaters, security system and fire alarm.

compound facilities: pools, gym, kids' play area, supermarket, coffee shop, 24/7 security and guarding.

suitable for families and professionals seeking upscale living inside a compound.Al Munsiyah, Riyadh",https://sa.aqar.fm/en/villa-for-rent/riyadh/east-of-riyadh/al-munsiyah/villa-for-rent-6691263
Villa For Rent,220000,390.0,"Villa for Rent in Riyadh An Narjis§220,000/annually390m²843🏡 **for rent – luxury villa | al-narjis district (north of king salman road)**

elegant design with spacious areas | prime location with easy access to entrances and exits | east-facing with a view of a garden next to a mosque | general neighborhood frontage | quiet surroundings…

---

🔹 **ground floor with master suite (central a/c):**

✅ spacious majlis (reception)
✅ separate dining room
✅ large family lounge
✅ elderly room or private family sitting area
✅ main internal kitchen
✅ maid's room with bathroom
✅ separate laundry room
✅ storage room
✅ two restrooms (men/women) on the ground floor
✅ italian elevator serving all floors

---

🔹 **first floor:**

✅ 3 children's bedrooms
✅ two bathrooms serving the three rooms
✅ one room includes a balcony
✅ split a/c units for each room

---

🔹 **second floor:**

✅ independent master bedroom with bathroom
✅ walk-in wardrobe room
✅ coffee corner serving both upper floors
✅ private rooftop offering full privacy, plus a misting cooling system with panoramic views of the neighborhood garden

---

🔹 **external amenities:**

✅ 20-meter east-facing street overlooking a garden
✅ car entrance/driveway
✅ independent external annex
✅ independent driver's room with bathroom

---

🔹 **additional features:**

✅ central gas piping
✅ fiber optic cabling (high-speed internet)
✅ national address ready (easy access)
✅ grohe rain shower mixers
✅ full insulated aluminum shutters for all rooms
✅ grundfos german water pump
✅ 10 minutes to expo, the avenues & the airport
✅ 5 minutes to king abdulaziz park
✅ 10 minutes to imam university and princess nourah university
✅ 15 minutes to the embassy district, king saud university & historic diriyah
🚝 10 minutes to the nearest metro station (al-awwal)

---

💰 **rent:**

✅ 220,000 sar in two installmentsAn Narjis, Riyadh",https://sa.aqar.fm/en/villa-for-rent/riyadh/north-of-riyadh/an-narjis/villa-for-rent-6884554
Big Flat For Rent,77000,207.0,"Floor for Rent in Riyadh Al Arid§77,000/annually207m²342ground floor

1/ additional parking in front of the unit on the street, on both sides.
2/ brand-new ground floor, first occupant, with two entrances (men's and women's) and a garage.
4/ three bedrooms, two of which are master bedrooms.
5/ the kitchen has a long corridor that opens onto the back of the unit, and a maid's room can be added at the back.
6/ a very large majlis and a large hall with two entrances.
7/ rent is 77,000 after discount, paid in two installments, with the possibility of long-term contracts.
9/ excellent location, easy to enter and exit, with direct access from abu bakr road or king abdulaziz road.

10/ luxurious kitchen with its accessories, being installed within a week.

an investment unit, not a personal one, suitable for those who want to settle for a very long period.
direct listing from the owner.Al Arid, Riyadh",https://sa.aqar.fm/en/big-flat-for-rent/riyadh/north-of-riyadh/al-arid/big-flat-for-rent-6868662
Apartment For Rent,3500,280.0,"Apartment for Rent in Riyadh Al Khalidiyah§3,500/annually280m²221fully furnished apartment
al-khalidiya district

the apartment
consists of two bedrooms, a living room, two bathrooms, and a kitchen

the apartment is washed and sanitized, and all bed sheets, pillows, and furniture are washed after each tenant

required: a small family of two to three people

price: 3,500 per month

the contract is renewable

the price includes electricity, water, the contract, and tax

security deposit: 1,000 sar
contact: (number appears when pressing call)
family housingAl Khalidiyah, Riyadh",https://sa.aqar.fm/en/apartment-for-rent/riyadh/center-of-riyadh/al-khalidiyah/apartment-for-rent-6822298
Apartment For Sale,1420,1420000144.0,"Apartment for Sale in Riyadh Al Malqa§1,420,000144m²43luxury apartment for sale – al malqa district (al majdiah)

📍 location: al malqa district – on mohammed bin abdulaziz al-dughayther street

a new apartment, lived in for only one month, fully furnished and designed with brand-new furniture and high-end finishes.

**apartment details:**

- area: **144 m²**
- **3 bedrooms**
- living room with **balcony**
- kitchen
- storage room
- maid's room
- **4 bathrooms**
- balcony in the living room and bedroom
- basement parking space
- outdoor parking space

**price:**
💰 **1,550,000 sar**

📌 suitable for luxury living or investment

for inquiries and contact, please reach out 📞Al Malqa, Riyadh",https://sa.aqar.fm/en/apartment-for-sale/riyadh/north-of-riyadh/al-malqa/apartment-for-sale-6721942
Apartment For Rent,95000,218.0,"Apartment for Rent in Riyadh Hittin§95,000/annually218m²442تاون هاوس دورين مساحة 218 م في موقع مميز ٤ غرف نوم واسعة و ٤ دورات مياه وايضا صاله في الدور الارضي وصالة في الدور الثاني.
المساحة واسعة. مواصفات نادرة بسعر مناسب. كما يوجد مطبخ راكب باجهزة حديثه و ٨ مكيفات وموقف مظلل خاص ودخول ذكي. موقع التاون هاوس في مجمع عالية حطين السكني 

Movie-in Ready - Upscale Duplex Townhouse | Hittin, Riyadh

Elegant 208 sqm duplex apartment on a prime corner plot in one of Riyadh's most desirable neighborhoods

Layout
Affordable rent for the features 
  Large living rooms- 2 floors
2 spacious living areas in first and second floor 
4 spacious bedrooms
Option to utilize a maid room if needed
4 bathrooms

Features
modern kitchen appliance- 
 ACs 8 -  
Large rooms and spacious 2 living rooms- 
Private shaded parking-
Smart keyless entry-
CCTV security-
Premium modern quite building-  

Nearby
KAFD (King Abdullah Financial District) — ~10 min
Riyadh BLVD — ~2 min
Kingdom Centre / Olaya — ~15 min
King Fahad Road 5 mins
Riyadh Park Mall — ~7 min
Avenues Mall — ~10 min
Walking distance near popular restaurants and cafes
King Khalid International Airport — ~20 min
Easy access to malls, hospitals schools and restaurants

Almost as a villa size, very spaciousHittin, Riyadh",https://sa.aqar.fm/en/apartment-for-rent/riyadh/north-of-riyadh/hittin/apartment-for-rent-6729544
Apartment For Rent,90000,70.0,"Apartment for Rent in Riyadh Al Muruj§90,000/annually70m²231luxurious fully furnished apartment for rent in al muruj district

fully furnished executive apartment for rent in al muruj. ready to move in. suitable for professionals working in kafd, digital city, and north riyadh.

area: 119 sqm

fully furnished with luxury furniture

second floor

2 bedrooms

4 bathrooms

living room (tv installed)

kitchen with full appliances (refrigerator, microwave, oven, kettle, dishwasher, blender, toaster, air fryer, complete cookware set)

storage room (washing machine and dryer, iron and ironing board, vacuum cleaner)

private rooftop at the back

front rooftop

gree air conditioners

large windows with two outdoor seating areas — one opening to the living room and the other opening to the master bedroom

private parking

excellent location, close to a metro station within walking distance

nearby cafes within walking distance

a fully serviced neighborhood with easy access to supermarkets and nearby markets

close to the financial district, digital city, and king saud university

price: 90,000 sar per year
monthly rental accepted

for contact and inquiries:
(number appears when pressing call)

fully furnished 2-bedroom apartment
yearly or monthly rental
close to metro
for inquiries:Al Muruj, Riyadh",https://sa.aqar.fm/en/apartment-for-rent/riyadh/north-of-riyadh/al-muruj/apartment-for-rent-6711526
Apartment For Rent,83000,119.0,"Apartment for Rent in Riyadh Al Malqa§83,000/annually119m²3apartment in a prime location for rent ✨
modern design with practical layout, perfect for families 👌

🔹 3 bedrooms 🛏️
🔹 spacious living room 🛋️
🔹 fitted kitchen 🍽️
🔹 installed ac units ❄️
🔹 smart home system 🏠📱
🔹 built-in sound system 🔊
🔹 side yard 🌿
🔹 two separate entrances 🚪
🔹 shaded parking 🚗Al Malqa, Riyadh",https://sa.aqar.fm/en/apartment-for-rent/riyadh/north-of-riyadh/al-malqa/apartment-for-rent-6650189
Big Flat For Rent,110000,97.0,"Floor for Rent in Riyadh An Narjis§110,000/annually97m²231🏡 **brand-new furnished upper floor for monthly rent**

a 200 m² upper-floor unit with an elegant design, ready to move in from day one, in one of riyadh's finest neighborhoods and just two minutes from salman road.

✨ **features:**
• two bedrooms with luxurious beds and bedding, premium pillows, and top-quality mattresses
• ashley sofa
• 65-inch tv
• fully equipped kitchen with all utensils
• washing machine and dryer
• dishwasher
• central air conditioning for the living room
• smart entry from both outside and inside
• surveillance cameras
• outdoor seating area
• private parking in front of the door

📍 **location:** al-narjis district, two minutes from salman road
https://maps.app.goo.gl/4dfslq3jvxbjujzf9?g_st=ic

📞 **to contact, whatsapp is preferred:** ((the number appears when you tap call))An Narjis, Riyadh",https://sa.aqar.fm/en/big-flat-for-rent/riyadh/north-of-riyadh/an-narjis/big-flat-for-rent-6889699
Apartment For Sale,1150,1150000176.0,"Apartment for Sale in Riyadh Al Qadisiyah§1,150,000176m²332🏡 **distinguished freehold apartment for sale in al qadisiyah district – riyadh**

a prime opportunity for residential living or investment in one of east riyadh's promising neighborhoods, with a strategic location close to major roads, services, and landmarks.

✨ **apartment specifications:**

• 📍 location: al qadisiyah district – riyadh city
• 📐 area: 176.43 m²
• 🏢 floor: first floor
• 🛗 elevator available
• 🏗️ property age: approximately 2 years
• 🛋️ sitting room (majlis)
• 🛏️ 3 bedrooms, including a master bedroom
• 🛋️ living room
• 🍳 kitchen
• 🚿 3 bathrooms
• ❄️ installed air conditioning units
• 🍽️ fitted kitchen
• 🏠 suitable for family living or investment

📍 **strategic location & proximity to key destinations:**

• ✈️ king khalid international airport: approx. 30 minutes – 26 km
• 🚆 sar train station: approx. 17 minutes – 13 km
• 🎓 princess nourah university: approx. 24 minutes – 19 km
• 🏟️ king fahd international stadium: approx. 9 minutes – 7 km
• 🏫 adwaa al-riyadh schools – al qadisiyah district: approx. 3 minutes – 2 km

🛒 **daily services within steps:**

the apartment stands out for its proximity to services, with al-tamimi markets, a petrol station, and starbucks located just approximately 250 meters away, directly across from the apartment on jaber road.

*(the apartment is mortgaged with banque saudi fransi). (currently rented at sar 5,200/month)*Al Qadisiyah, Riyadh",https://sa.aqar.fm/en/apartment-for-sale/riyadh/east-of-riyadh/al-qadisiyah/apartment-for-sale-6698694
Flat For Sale,1050,1050000192.0,"Floor for Sale in Riyadh Al Qadisiyah§1,050,000192m²751ground floor for sale - in al-qadisiyyah district
✅ independent deed, independent meter, independent entrance ✅
area: 192 sqm
street: 15 east
luxury finishes
consists of:
two independent entrances for men/women
sitting room with independent bathroom - maqalat - living room - kitchen
maid's room
three bedrooms, one of which is a master bedroom

selling price: 1,150,000

for contact ((number appears when pressing call))Al Qadisiyah, Riyadh",https://sa.aqar.fm/en/flat-for-sale/riyadh/east-of-riyadh/al-qadisiyah/flat-for-sale-6770596
Big Flat For Rent,68000,250.0,"Floor for Rent in Riyadh Ar Rimal§68,000/annually250m²441independent ground floor unit

new • first occupant

al rimal district | 20m street

3 bedrooms | sitting room | 4 bathrooms
private outdoor courtyard | private indoor parkingAr Rimal, Riyadh",https://sa.aqar.fm/en/big-flat-for-rent/riyadh/east-of-riyadh/ar-rimal/big-flat-for-rent-6822909
Apartment For Rent,48000,70.0,"Apartment for Rent in Riyadh An Narjis§48,000/annually70m²21🏠 available for rent – al narjis district
🛋 fully furnished with luxury furniture – super lux finishing
bedroom and living room
bathroom
kitchen
💰 4,500 sar per month

💡 prices include water, electricity, and internet

📄 documentation and payment electronically via the ejar platform

📞 to contact:
((number appears when you press call))
((number appears when you press call))

fiber opticAn Narjis, Riyadh",https://sa.aqar.fm/en/apartment-for-rent/riyadh/north-of-riyadh/an-narjis/apartment-for-rent-6869706
Apartment For Sale,700,700000153.0,"Apartment for Sale in Riyadh Badr§700,000153m²3for sale – apartment

close to all services
very clean apartment
located in a building of 6 apartments
second floor with elevator
3 bedrooms
living room
kitchen
sitting room (majlis)
private parking
area: 170 sqm
badr district, al-muzaini plan
approximately 3 years old
currently tenanted – lease expires march (gregorian calendar)
independent electricity and water tank
near supply services including al-othaim and other facilities
mortgaged with al-ahli bank
loan duration: 30 years

includes warranties for electricity, plumbing, and property insurance
installment start date: 26/01/2025
installment end date: 26/01/2055

mortgage amount: 621,000 sar
selling price: 700,000 sar
negotiable

for contact:
(number appears when clicking call)Badr, Riyadh",https://sa.aqar.fm/en/apartment-for-sale/riyadh/south-of-riyadh/badr/apartment-for-sale-6892647
Big Flat For Rent,55000,440.0,"Floor for Rent in Riyadh Al Khaleej§55,000/annually440m²522first floor for rent in al khalij district

fully renovated - equipped with air conditioners and kitchen

**details:**

• two entrances
• three bedrooms
• sitting room (majlis)
• living room (muqlat)
• hall
• two bathrooms

**annual rent: 60,000**

*negotiable*Al Khaleej, Riyadh",https://sa.aqar.fm/en/big-flat-for-rent/riyadh/east-of-riyadh/al-khaleej/big-flat-for-rent-6871661
Villa For Rent,88000,281.0,"Villa for Rent in Riyadh Al Qadisiyah§88,000/annually281m²4assalamu alaikum wa rahmatullahi wa barakatuh

courtyard
majlis (men's sitting room)
dining room
two living rooms
four bedrooms
six bathrooms
kitchen
rooftop

✨ features:

full luxury kitchen
9 air conditioners
complete majlis furniture set
the entire first floor with parquet flooring, bedroom and dressing room furnished with hotel-style carpet
wardrobes
sports equipment

annual rent: 90 (two installments)Al Qadisiyah, Riyadh",https://sa.aqar.fm/en/villa-for-rent/riyadh/east-of-riyadh/al-qadisiyah/villa-for-rent-6878632
Riyadh,9,,9,https://sa.aqar.fm/en/all/riyadh/9
Villa For Sale,19990005,19990005987.0,"Villa for Sale in Riyadh Al Faruq§1,999,0005,987m²4🏡
villas for sale off-plan – south al-rabwa

✨ residential villas with premium specifications
areas starting from 200 m² up to 314 m²

💰 prices starting from 1,799,000 sar only

payment plan: 10 installments
delivery: 07 / 2028

✅ payment methods
• cash
• subsidized mortgage financing
• non-subsidized mortgage financing

🏡 villa specifications
• 3 floors
• concealed ducted air conditioning
• pre-installed surveillance cameras
• electric car gate
• elevator shaft provision
• independent external driver's room
• maid's room

📲 to book or inquire now:
direct whatsapp: ((number appears when you press call))

apartments and floors are also available in al-rabwa – contact us for booking and details.

zero commission
follow up on your property yourselfAl Faruq, Riyadh",https://sa.aqar.fm/en/villa-for-sale/riyadh/center-of-riyadh/al-faruq/villa-for-sale-6832535
Villa For Rent,130000,300.0,"Villa for Rent in Riyadh Ar Rimal§130,000/annually300m²452🏡 furnished residential villa for annual rent inside a compound

a great opportunity to rent a spacious, fully-serviced residential villa with an area of 300 square meters, featuring a practical design and comfortable spaces suitable for families, with a distinctive outdoor seating area and a private garden. available for rent furnished or unfurnished.

**villa specifications:**

🔹 **ground floor**

- majlis (sitting room)
- spacious living room
- dining room
- equipped kitchen
- private garden
- outdoor seating area
- 2 bathrooms
- storage room
- driver's room
- car garage

🔹 **first floor**

- 3 bedrooms
- living room
- 2 bathrooms

🔹 **second floor**

- maid's room
- laundry room
- private rooftop

✅ the villa is fully equipped with air conditioners and kitchen.
✅ all services and utilities are complete.
✅ available furnished or unfurnished according to the tenant's preference.

**rental price:**
one payment: 135,000

for inquiries or property viewing, please contact us directly.Ar Rimal, Riyadh",https://sa.aqar.fm/en/villa-for-rent/riyadh/east-of-riyadh/ar-rimal/villa-for-rent-6713571
Villa For Rent,240000,360.0,"Villa for Rent in Riyadh An Narjis§240,000/annually360m²755**luxurious villa for rent in al narjis district | 360m² | indoor pool + elevator + 7 rooms**

available for annual rent in **al narjis district – north riyadh**: a modern and spacious villa with an area of **360m²**, ideal for families seeking privacy, ample space, and complete amenities.

**key villa features:**
- 7 bedrooms.
- spacious living room on the ground floor.
- additional living room in the basement.
- 10 bathrooms.
- fully equipped basement.
- **private indoor swimming pool.**
- **internal elevator.**
- kitchen.
- maid's room.
- driver's room.
- annex.
- courtyard.
- car entrance.
- security cameras.
- smart entry system.
- north-facing facade.

**location:** al narjis district – north riyadh.
**area:** 360m².
**annual rent:** 240,000 sar.

the villa features a practical layout with multiple spaces, including a main living room on the ground floor and an independent living room in the basement adjacent to the pool, providing the family with additional space for living, entertaining, and hosting.

for inquiries, please contact us via phone or whatsapp.An Narjis, Riyadh",https://sa.aqar.fm/en/villa-for-rent/riyadh/north-of-riyadh/an-narjis/villa-for-rent-6823463
Apartment For Rent,80000,125.0,"Apartment for Rent in Riyadh Al Arid§80,000/annually125m²3a new apartment (ground floor) in a prime location at the (al-majedia residence - 147) project in al-narjis district.

**apartment area:**
- total area: 256 sqm
- built-up area: 125.79 sqm
- private area (setback): 130 sqm
- façade: north - east

**interior specifications:**
- open living room with kitchen
- three bedrooms, including a master bedroom
- laundry room
- three bathrooms
- multiple entry options (electronic key - fingerprint - card)
- 5 lg air conditioners
- modern kitchen (without appliances)
- private basement parking (with access card)
- private entrance

**complex services & amenities:**
- independent men's lounge
- independent women's lounge
- children's nursery
- men's gym
- women's gym

**contact:**
((number appears when pressing call))Al Arid, Riyadh",https://sa.aqar.fm/en/apartment-for-rent/riyadh/north-of-riyadh/al-arid/apartment-for-rent-6893735
Warehouse For Rent,200000,1575.0,"Warehouse for Rent in Riyadh Al Manakh§200,000/annually1,575m²warehouses for rent (high hazard)

one or two warehouses available with exceptional specifications and high hazard classification, suitable for industrial activities and heavy storage.

🔹 features:

• large gates facilitating entry of trucks and equipment
• high ceiling suitable for industrial storage
• sturdy steel structure with excellent thermal insulation
• strong concrete floors capable of bearing heavy loads
• natural lighting through overhead windows
• spacious front yard for loading and unloading
• two-story internal administrative office
• ready for immediate use

🔹 classification:
✔️ high hazard – suitable for factories and heavy activities

💼 suitable for direct operation in a location serving various industrial activitiesAl Manakh, Riyadh",https://sa.aqar.fm/en/warehouse-for-rent/riyadh/south-of-riyadh/al-manakh/warehouse-for-rent-6646427
Apartment For Sale,1500,1500000116.0,"Apartment for Sale in Riyadh Al Yasmin§1,500,000116m²3313-bedroom fully furnished apartment
2 bathrooms
excellent location in al yasmin district
multiple amenities (ladies' gym and men's gym - event hall - swimming pools)
private parkingAl Yasmin, Riyadh",https://sa.aqar.fm/en/apartment-for-sale/riyadh/north-of-riyadh/al-yasmin/apartment-for-sale-6852126
Apartment For Sale,1600,1600000124.0,"Apartment for Sale in Riyadh Al Yasmin§1,600,000124m²3🏡 luxury fully furnished ground floor apartment for sale – al yasmin district, riyadh | ramz 5 project

✨ upscale living in an exceptional location that combines luxury, privacy, and easy accessibility!

if you are looking for a distinctive apartment that combines quality finishing, complete furnishings, and a prime location, this is your opportunity to own an elegant ground floor apartment in al yasmin district in riyadh, within the ramz 5 project, developed by al ramz real estate company.

📍 strategic location with access to four streets:

* anas bin malik street
* salman bin abdulaziz road
* abdulaziz bin abdullah street
* abu bakr al-siddiq road

the apartment also features a view of a mosque 🕌, adding to the sense of comfort and ease of access to surrounding services and amenities.

🌟 property specifications:

* property type: ground floor apartment
* district: al yasmin – riyadh
* project: ramz 5
* developer: al ramz real estate company
* area: 124.95 square meters
* facade: south-facing on a 30-meter wide street
* property age: two years

💎 apartment features:

* high-quality and distinctive finishes
* fully furnished and move-in ready
* fitted kitchen equipped with all electrical appliances
* wall-mounted split air conditioners
* private parking space
* smart entry system
* security and safety system with surveillance cameras
* warranties available
* owners' association system

🏠 an exceptional opportunity for residential living or real estate investment in one of riyadh's premier districts, combining a fully equipped ground floor apartment with a location accessible via four streets, providing you with a practical and comfortable living experience.Al Yasmin, Riyadh",https://sa.aqar.fm/en/apartment-for-sale/riyadh/north-of-riyadh/al-yasmin/apartment-for-sale-6884892
Villa For Sale,1550,1550000221.0,"Villa for Sale in Riyadh Al Andalus§1,550,000221m²531🏡 a special opportunity to live in rawh 31 project – al andalus district

a townhouse with a modern design and luxurious finishing, offering you comfort and privacy with full specifications:
4 bedrooms (2 master) + majlis + living room + kitchen + maid's room + elevator + rooftop and private parking 🚗

📍 strategic location close to khurais road, the eastern ring road, and the metro station

🛡️ warranties of up to 25 years for your peace of mind


a fully integrated residence that combines luxury with an ideal location ✨
for details and inquiries, message us nowAl Andalus, Riyadh",https://sa.aqar.fm/en/villa-for-sale/riyadh/east-of-riyadh/al-andalus/villa-for-sale-6774998
Villa For Rent,100000,237.0,"Villa for Rent in Riyadh An Narjis§100,000/annually237m²752luxury villa for sale or rent – strategic location

area: 237.5 m², located on two main roads: abu bakr al-siddiq road and king salman road.

✨ villa specifications:

* independent men's sitting room with a private bathroom and a separate entrance from the interior hall.
* spacious living room that can be divided into a seating area and a dining area.
* 4 bedrooms, including 2 master bedrooms with en-suite bathrooms, and 2 bedrooms sharing a bathroom.
* an additional master room on the rooftop.
* built-in kitchen.
* all air conditioning units are included.
* indoor parking space within the villa.
* villa in very excellent condition.
* strategic location, close to various services and facilities.

a distinctive opportunity for residential living or investment in a vibrant and strategic location.An Narjis, Riyadh",https://sa.aqar.fm/en/villa-for-rent/riyadh/north-of-riyadh/an-narjis/villa-for-rent-6869535
Flat For Sale,1750,1750000253.0,"Floor for Sale in Riyadh Al Arid§1,750,000253m²452🏡 sidam 3 project

✨ a distinctive ownership opportunity in a residential project featuring modern designs, spacious areas, and a strategic location that provides easy access to major roads and services.

📍 location highlights:
• 2 minutes away from abu bakr al-siddiq road.
• 3 minutes away from king abdulaziz road.
• 7 minutes away from king fahd road.

💰 prices:

🔹 ground floor
💵 1,750,000 sar
📐 409.41 m²
🛏️ 4 bedrooms

🔹 first floor
💵 1,450,000 sar
📐 291.39 m²
🛏️ 4 bedrooms

🔹 annex
💵 1,250,000 sar
📐 272.97 m²
🛏️ 3 bedrooms

📍 project location:
https://maps.app.goo.gl/fodnvjcyjfj4aaz3a?g_st=icAl Arid, Riyadh",https://sa.aqar.fm/en/flat-for-sale/riyadh/north-of-riyadh/al-arid/flat-for-sale-6795973
Flat For Sale,1960,1960000251.0,"Floor for Sale in Riyadh Al Ezdihar§1,960,000251m²341✨ latest luxury projects in al-izdihar district ✨

contract floors 22 🏠

🔹 project features:
• modern designs and high-quality finishes ✨
• two minutes from the mosque 🕌 and the district park 🌳
• location close to the most important roads and services 🛣️
• independent water 💧 and electricity ⚡️ meters
• smart home system 📱
• private entrances offering exceptional privacy ✨

🔹 unit details:
🏠 ground floor – 251 sqm
3 bedrooms + sitting room + family lounge + dining room + maid's room with bathroom + courtyard + private garage
💵 price: 2,060,000

📍 project location:
al-izdihar district – near:
• northern and eastern ring roads
• al-nakheel mall and granada mall
• imam muhammad universityAl Ezdihar, Riyadh",https://sa.aqar.fm/en/flat-for-sale/riyadh/east-of-riyadh/al-ezdihar/flat-for-sale-6860636
Villa For Sale,2485,2485000200.0,"Villa for Sale in Riyadh An Narjis§2,485,000200m²553✅ sale without commission

🏡 ithar villas | al narjis district

a prime opportunity to own a villa with a modern design in a strategic location in north riyadh, featuring premium finishes and high-quality construction.

📐 space options and prices:
▫️ 200 m² starting from 2,485,000 sar
▫️ 200 m² (corner) starting from 2,630,000 sar

📍 strategic location in the heart of al narjis district.

✨ project features:
✅ only 12 villas
✅ 4 master bedrooms
✅ spacious living and sitting rooms
✅ maid's room + driver's room
✅ passenger elevator
✅ double height ceiling providing a sense of spaciousness
✅ concealed air conditioning
✅ luxury finishes
✅ various façade orientations (north - south - east - west)

💎 a perfect blend of location, construction quality, and modern design, offering you a complete living experience.

📞 for details or to schedule a viewing appointment, contact usAn Narjis, Riyadh",https://sa.aqar.fm/en/villa-for-sale/riyadh/north-of-riyadh/an-narjis/villa-for-sale-6794929
Apartment For Sale,750,750000140.0,"Apartment for Sale in Riyadh Dhahrat Laban§750,000140m²431luxury freehold apartments for sale

apartment with an area of 141 sqm consisting of:
- 1 sitting room (majlis)
- 1 living room
- 1 kitchen
- 2 bedrooms
- 1 master bedroom
- modern finishes
- travertine stone and structural glass facades
- marble corridors
- safety systems installed in the building with civil defense certificate
- occupancy certificate (building completion certificate)
- water meter and sewage connected
- engineering supervision
- all warranties available, including hidden defects insurance for 10 years
- direct from the owner, no commissionDhahrat Laban, Riyadh",https://sa.aqar.fm/en/apartment-for-sale/riyadh/west-of-riyadh/dhahrat-laban/apartment-for-sale-6843083
Apartment For Rent,58000,135.0,"Apartment for Rent in Riyadh Dhahrat Laban§58,000/annually135m²431luxury apartment for rent
(laban district)
ground floor

riyadh city

it consists of:
• 3 bedrooms, one of which is a master bedroom
• living room
• sitting room (majlis)
• kitchen
• 2 bathrooms

building features:
• close to all services
• strategic location
• installed air conditioners
• external setback (house to house)
• kitchen will be installed
• two parking spaces, one in the basement and one in front of the building
• private courtyard

price:
58,000 sar annually
5,000 sar monthlyDhahrat Laban, Riyadh",https://sa.aqar.fm/en/apartment-for-rent/riyadh/west-of-riyadh/dhahrat-laban/apartment-for-rent-6831009
Apartment For Sale,1000,1000000167.0,"Apartment for Sale in Riyadh Al Yasmin§1,000,000167m²331**for sale**

apartment in al yasmin district
luxurious
wahat al yasmin one project
area: 167.57 sqm
parking in the basement
number six
apartment number six

first floor
south-west corner

**apartment details:**
- large living room with a bathroom
- open kitchen connected to the living room
- laundry room
- master bedroom
- bedroom with shared bathroom
- air conditioners and kitchen fixtures are installed
- the apartment is used and renovated
- age: nine years

the location is distinguished by its proximity to all services.

**selling price: 1,000,000 sar**Al Yasmin, Riyadh",https://sa.aqar.fm/en/apartment-for-sale/riyadh/north-of-riyadh/al-yasmin/apartment-for-sale-6897971
Flat For Sale,1250,1250000137.0,"Floor for Sale in Riyadh Al Arid§1,250,000137m²241🏡 sidam 3 project

✨ a distinctive ownership opportunity in a residential project featuring modern designs, spacious areas, and a strategic location that provides easy access to major roads and services.

📍 location highlights:
• 2 minutes away from abu bakr al-siddiq road.
• 3 minutes away from king abdulaziz road.
• 7 minutes away from king fahd road.

💰 prices:

🔹 ground floor
💵 1,750,000 sar
📐 409.41 m²
🛏️ 4 bedrooms

🔹 first floor
💵 1,450,000 sar
📐 291.39 m²
🛏️ 4 bedrooms

🔹 annex
💵 1,250,000 sar
📐 272.97 m²
🛏️ 3 bedrooms

📍 project location:
https://maps.app.goo.gl/fodnvjcyjfj4aaz3a?g_st=icAl Arid, Riyadh",https://sa.aqar.fm/en/flat-for-sale/riyadh/north-of-riyadh/al-arid/flat-for-sale-6791135
Apartment For Sale,1100,110000084.0,"Apartment for Sale in Riyadh An Narjis§1,100,00084m²331for sale – residential apartment
al narjis district

area: 180 sqm

passenger elevator
private parking
independent water meter
independent electricity meter
men's sitting room with bathroom
women's living room
maid's room
master bedroom
bedroom with bathroom
outdoor seating areas
warranties on plumbing, electrical, and insulation work
engineering supervision
insurance against hidden defects
documentation of construction phases
20-meter street, south-facing
close to a mosque and a park
location near all amenities

price: 1,100,000An Narjis, Riyadh",https://sa.aqar.fm/en/apartment-for-sale/riyadh/north-of-riyadh/an-narjis/apartment-for-sale-6798109
Flat For Sale,2200,2200000189.0,"Floor for Sale in Riyadh Ghirnatah§2,200,000189m²441two-story upper townhouse
in east granada neighborhood
west 15th street
consists of a spacious men's majlis with mosaic flooring, large living room, kitchen, elderly rooms, and two bathrooms
first floor has 3 bedrooms including master bedroom
central air conditioning installed
all engineering supervision guarantees, insurance, cooperative
abu saudGhirnatah, Riyadh",https://sa.aqar.fm/en/flat-for-sale/riyadh/east-of-riyadh/ghirnatah/flat-for-sale-6622762
Apartment For Sale,780,78000090.0,"Apartment for Sale in Riyadh Ar Rawdah§780,00090m²221we know you're looking for an apartment in al-rawda neighborhood… don't rush your decision

because we've found you a project that combines location… spaces… and price in a way that's worth stopping for 👌

**al-khayyala project | al-rawda neighborhood**

apartments with modern designs
and spaces starting from **90m reaching up to 227m**
so you can choose what suits your needs and your family's.

and its details are very strong:
🛏️ two bedrooms - 3 bedrooms
🛋️ living room
🚿 3 bathrooms
🍽️ kitchen
🧺 laundry room
🚙 private parking

with quality execution and guarantees for more peace of mind
prices start from **780 thousand riyals**
🏦 cash – bank – subsidized

you can visit the project and see for yourself which model suits you
call us now and get more details
rakez… the trusted placeAr Rawdah, Riyadh",https://sa.aqar.fm/en/apartment-for-sale/riyadh/east-of-riyadh/ar-rawdah/apartment-for-sale-6732301
Apartment For Rent,70000,480.0,"Apartment for Rent in Riyadh Al Olaya§70,000/annually480m²431unfurnished 2-bedroom apartment for families — satel

an apartment spread across two floors in al olaya. first floor: 2 bedrooms, living room, majlis (guest sitting area), office, 3 bathrooms. upper floor: maid's room, storage room, kitchen, laundry room, and rooftop.

unit facilities:
outdoor parking, internal staircase connecting both floors, and split air conditioning units.

location:
2 minutes to al faisaliah tower, 3 minutes to centria mall, 3 minutes to akdital hospital and smc hospital.Al Olaya, Riyadh",https://sa.aqar.fm/en/apartment-for-rent/riyadh/north-of-riyadh/al-olaya/apartment-for-rent-6877690
Riyadh,10,,10,https://sa.aqar.fm/en/all/riyadh/10
Villa For Sale,1890,1890000311.0,"Villa for Sale in Riyadh An Narjis§1,890,000311m²44🏡 upper townhouse unit | yamam park 14

area: 311 sqm

a lifestyle that combines spacious areas, privacy, and open views. this upper unit has been carefully designed to provide a fully integrated living experience, featuring a private elevator and luxurious finishes in one of the most distinguished locations in north riyadh.

✨ unit details

* two parking spaces (tandem).
* private elevator.
* fully installed air conditioning.

🏡 ground floor

* main entrance.
* private courtyard.
* private garage.

🛏️ first floor

* two bedrooms with a shared bathroom.
* master bedroom with a private balcony.

🌿 second floor

* spacious front rooftop terrace.
* family lounge.
* separate kitchen.
* maid's room with bathroom.
* master suite with dressing area, bathroom, and private rooftop.

🌟 additional features

* concealed air conditioning.
* marble washbasins.
* porcelain flooring.
* private entrance.
* warranties of up to 25 years.

🤝 developer
yamam investment company

📍 location
al narjis south district – riyadh

📞 for inquiries and contactAn Narjis, Riyadh",https://sa.aqar.fm/en/villa-for-sale/riyadh/north-of-riyadh/an-narjis/villa-for-sale-6792587
Apartment For Sale,499,499000120.0,"Apartment for Sale in Riyadh As Saadah§499,000120m²321welcome to oasis wahat...

luxury apartment with a modern design and an area of 119 m²

it consists of:

private basement parking 🅿️
🛋 living room – 🍽 kitchen
🛁 two bathrooms
🪟 {master suite}
🛏 two bedrooms

🛡 warranties:

👷 engineering supervision
💧 insulation works warranty
🛗 elevator warranty
⚡ electrical warranty
(al-fanar – 25 years)
🚰 plumbing warranty
(green pipes – 15 years)
📜 malath insurance
(10 years against hidden defects)
🔌 electrical accessories warranties
🚿 sanitary materials warranties
🚪 wpc doors warranty

• for contact:
((number appears when pressing call))
more apartment details via platform link:
https://www.kinoasis.comAs Saadah, Riyadh",https://sa.aqar.fm/en/apartment-for-sale/riyadh/east-of-riyadh/as-saadah/apartment-for-sale-6630479
Apartment For Rent,90000,170.0,"Apartment for Rent in Riyadh Al Malqa§90,000/annually170m²441new apartment for rent
ground floor
apartment no. j-4
al-malqa district, al-majidiya complex 127, opposite the avenues
close to king fahd road, king salman road, and anas ibn malik road
10 minutes away from the metro station and al-habib hospital
area: 104 sqm
private parking
3 bedrooms, one master bedroom
3 bathrooms
laundry room
fitted kitchen
spacious living room
concealed air conditioning throughout the entire apartment
fully smart apartment
smart entry system
wide windows
security cameras inside and outside the complex
fire alarm system
air-conditioned entrances
plumbing, electrical, insulation, and lighting warranties
facilities available within the complex (gym - nursery - lounge hall - prayer room) free of charge
rental price:
one payment of 90,000 sar
no owner feesAl Malqa, Riyadh",https://sa.aqar.fm/en/apartment-for-rent/riyadh/north-of-riyadh/al-malqa/apartment-for-rent-6701327
Flat For Sale,700,700000128.0,"Floor for Sale in Riyadh Shubra§700,000128m²442#k5# 🔹 upper floor with annex for sale in shubra

💰 **price:** 700,000 sar
📐 **area:** 128 m²

a residential unit with a modern design

---

### 🏠 first floor:

* living room (majlis)
* hall
* kitchen
* 2 bathrooms

---

### 🏡 annex:

* 3 bedrooms
* 2 bathrooms

---

## ⭐ competitive features:

✔️ smart home system
✔️ structural warranties for up to 15 years
✔️ built under certified engineering supervision
✔️ modern design and high-quality finishes
✔️ independent entrances and units
✔️ elevators available in a number of units

📞 a great opportunity at a competitive price — contact us now to book and arrange a viewing.Shubra, Riyadh",https://sa.aqar.fm/en/flat-for-sale/riyadh/west-of-riyadh/shubra/flat-for-sale-6609492
Apartment For Sale,593,593000114.0,"Apartment for Sale in Riyadh As Saadah§593,000114m²331welcome... to oasis uwais

**uwais 103 features a luxurious apartment with a modern design and an area of 114 m²**

it consists of:

private basement parking 🅿️
🛋 living room – 🍽 kitchen
🛁 two bathrooms
🪟 {master suite}
🛏 two bedrooms

the warranty package includes:

🛡 warranties:

👷 engineering supervision
💧 insulation works warranty
🛗 elevator warranty
⚡ electrical warranty
(al-fanar – 25 years)
🚰 plumbing warranty
(green pipes – 15 years)
📜 malath insurance
(10 years against hidden defects)
🔌 warranties
(electrical accessories)
🚿 sanitary ware warranties
🚪 wpc door warranty

- for inquiries:
((the number appears when you press call))As Saadah, RiyadhPromoted",https://sa.aqar.fm/en/apartment-for-sale/riyadh/east-of-riyadh/as-saadah/apartment-for-sale-6696129
Apartment For Rent,110000,157.0,"Apartment for Rent in Riyadh Al Masif§110,000/annually157m²341al masiaf | 3-bedroom apartment with balcony - satel

a furnished apartment with a practical design and comfortable spaces, in a prime location in north riyadh, close to key destinations and services.

unit details:
3 bedrooms (including master) · 4 bathrooms · spacious living room · fitted kitchen · balcony · laundry room · maid's room

features:
indoor parking · smart home system · elevator

location:
near riyadh gallery · kingdom tower · hayat mall · king fahd road

a comfortable residence combining privacy, location, and easy access to riyadh's top destinations.Al Masif, Riyadh",https://sa.aqar.fm/en/apartment-for-rent/riyadh/north-of-riyadh/al-masif/apartment-for-rent-6708521
Flat For Sale,630,630000117.0,"Floor for Sale in Riyadh Shubra§630,000117m²431offer code k3

🏡 upper floor – modern design & smart home system

---

## 🔹 upper floor

💰 **price:** 630,000
📐 **area:** 117 m²

### consists of:

* men's sitting room (majlis)
* dining room
* family lounge
* 2 bedrooms
* master bedroom
* kitchen
* 3 bathrooms
* installed elevator

---

✨ equipped with a **smart home system**
✨ **structural warranties of up to 15 years**
✨ **fully executed under certified engineering supervision**
✨ **modern high-quality finishes**

## ⭐ competitive features

✔️ smart home system
✔️ structural warranties up to 15 years
✔️ executed under certified engineering supervision
✔️ practical interior layout suitable for residential and investment purposes
✔️ fully independent entrances and units
✔️ elevator available

for booking, please contact usShubra, Riyadh",https://sa.aqar.fm/en/flat-for-sale/riyadh/west-of-riyadh/shubra/flat-for-sale-6609467
Villa For Sale,1350,1350000200.0,"Villa for Sale in Riyadh Dhahrat Al Badi'ah§1,350,000200m²95#t1 🌟 luxury duplex villa for sale – private construction & modern finishing 🌟
an exceptional residential and investment opportunity in riyadh (dhahrat al-badiah district)

this villa combines design luxury with precision execution, built under full engineering supervision with all guarantees provided for your peace of mind.

📍 strategic location:

address: dhahrat al-badiah – abdul qadir al-jazzar street.

connectivity & transportation: only 500 meters from the metro station (a major competitive advantage).

services: a fully vibrant location, close to mosques and service facilities.

📐 general specifications:

area: 200 m².

construction type: private (under the supervision of a certified engineering office).

🏛️ smart interior layout:

1️⃣ ground floor (elegant reception):

car entrance + front courtyard with side setback.

men's lounge with full privacy and a bathroom.

dining hall.

two spacious living rooms with open-plan design.

main kitchen + preparation kitchen.

storage room + laundry room.

internal light well ensuring natural lighting and ventilation throughout all corners.

2️⃣ upper floor (full privacy):

4 master bedroom suites: each room is equipped with its own private bathroom for maximum comfort.
lounge.

3️⃣ annex/top floor (multi-purpose):

private room with independent rooftop and bathroom.

maid's room with bathroom and additional rooftop access.

independent laundry room.

spacious rooftop areas suitable for outdoor seating.

🛡️ guarantees & quality:

structural framework: under precise engineering supervision from foundation to handover.

installations: comprehensive warranties on plumbing, electrical, and insulation works.

assurance: extended warranties of up to 25 years.

📞 contact & viewing:

we welcome your inquiries and appointment bookings via:
📱 ((advertiser's number appears upon contact))

the unit is ready for immediate transfer – invest in quality living.Dhahrat Al Badi'ah, Riyadh",https://sa.aqar.fm/en/villa-for-sale/riyadh/west-of-riyadh/dhahrat-al-badiah/villa-for-sale-6464741
Apartment For Rent,115000,144.0,"Apartment for Rent in Riyadh An Narjis§115,000/annually144m²331quiet family living at opal | practical design and integrated services – satel

experience a distinguished residential lifestyle at opal, where smart designs separate guest reception areas from family spaces, providing an ideal environment suited to the modern way of life.

details: 3 bedrooms (including a master bedroom), spacious living room, fully equipped kitchen, 3 bathrooms, plus a private balcony.

community amenities:
swimming pool, sauna and steam room, separate fitness centers for men and women, walking track, prayer area, private and basement parking, and a cctv surveillance system.

services:
24/7 security and professional maintenance to ensure residents' comfort.

location:
10 minutes from the airport
15 minutes to business gate
10 minutes to solitaire mall

opal… a peaceful and comfortable extension of your home.
contact the satel team now to schedule a viewing appointment.
flexible payment options available (up to 4 installments).An Narjis, Riyadh",https://sa.aqar.fm/en/apartment-for-rent/riyadh/north-of-riyadh/an-narjis/apartment-for-rent-6679384
Flat For Sale,730,730000113.0,"Floor for Sale in Riyadh Shubra§730,000113m²45listing code: k2

🏡 residential unit with **smart home** system

ground floor

✨ modern design and luxury finishes
✨ constructed under certified engineering supervision
✨ structural warranties of up to 15 years

---

## 🔹 ground floor

💰 **price:** 730,000
📐 **area:** 113 m²

### 🔸 consists of:

* 🚗 parking space
* 🛋 men's sitting room (majlis)
* 🏠 spacious living room
* 🛏 2 bedrooms
* 👑 master bedroom
* 🚿 3 bathrooms

---

## ⭐ competitive features

✔️ **smart home** system
✔️ structural warranties of up to 15 years
✔️ constructed under full engineering supervision
✔️ practical interior layout suitable for residential and investment purposes
✔️ independent entrances and unitsShubra, Riyadh",https://sa.aqar.fm/en/flat-for-sale/riyadh/west-of-riyadh/shubra/flat-for-sale-6609452
Villa For Sale,2100,2100000429.0,"Villa for Sale in Riyadh Sultana§2,100,000429m²853#h22 #**villa for sale – two separate floors + independent apartment**

📍 on two streets
📐 area: 429 m²
🧭 street width: 12 m
south-west facing

**general features:**

* independent meters
* car entrance
* 3 independent entrances
* courtyard
* luxury finishing and custom workmanship
* vietnamese marble
* all warranties available
* sanitary ware from khazaf and grohe

---

### **ground floor:**

* men's sitting room with bathroom
* maqlaṭ (small prep kitchen/utility room)
* living room with bathroom
* elderly room
* kitchen with storage room

---

### **upper floor:**

* sitting room + maqlaṭ + bathroom
* master bedroom with dressing room
* kitchen
* maid's room
* two bedrooms
* bathroom
* living room

---

### **apartment (independent):**

* 3 bedrooms
* laundry room
* 3 bathrooms
* living room
* kitchen
* light well
* rooftop

((advertiser's number appears upon contact))Sultana, Riyadh",https://sa.aqar.fm/en/villa-for-sale/riyadh/west-of-riyadh/sultana/villa-for-sale-6509461
Apartment For Sale,575,575000111.0,"Apartment for Sale in Riyadh Al Fayha§575,000111m²321🏢 luxury apartment in al-fayha district, east riyadh

⏳ clearance sale for a limited period

🏡 own without agent fees and without transfer fees

🔑 receive your key with no hidden costs

⸻

⭐ features:

✅ civil defense system (safety & protection)
✅ independent electricity 💡 and water 💧 meters
✅ water and thermal insulation 🛡
✅ private parking 🚗 for each apartment
✅ security systems (cameras 📹 + smart entry 🔐)
✅ private rooftop 🏠 for select apartments
✅ double glazed insulated glass 🪟
✅ interior jotun paints 🎨

⸻

🛡 warranties:

👷 engineering supervision
💧 insulation works warranty
🛗 elevator warranty
⚡ electrical warranty (al-fanar – 25 years)
🚰 plumbing warranty (green pipes – 15 years)
📜 malath insurance (10 years against hidden defects)
🔌 electrical accessories warranties
🚿 sanitary materials warranties
🚪 wpc door warranty

⸻

📲 to call or message via whatsapp, use the following number:
👉 ((advertiser's number appears upon contact))Al Fayha, Riyadh",https://sa.aqar.fm/en/apartment-for-sale/riyadh/east-of-riyadh/al-fayha/apartment-for-sale-6473846
Studios For Rent,60,6000050.0,"Studio for rent in Riyadh Al Qirawan§60,00050m²furnished and serviced studio
🏡 furnished studios for rent – clean and ready to move in
fully furnished studios with comfortable space and practical design, suitable for individuals or small families.
features:
✔ bedroom with single/double bed
✔ small kitchen
✔ air conditioning
✔ internet (wi-fi)
✔ maintenance and operational services
📍 prime location close to boulevard and riyadh season
💰 prices start from (4000)
📞 for booking and inquiries contact us (((Advertiser's number appears upon contact)))...Al Qirawan, Riyadh",https://sa.aqar.fm/en/Studios-for-rent/riyadh/north-of-riyadh/al-qirawan/Studios-for-rent-6561118
Villa For Sale,1200,1200000200.0,"Villa for Sale in Riyadh Az Zahrah§1,200,000200m²55#h24 #**for sale: duplex villa in al-zahra district**
**area: 200 m² – three floors – elegant design**

**ground floor:**

* 3 entrances (main – women's – kitchen)

* majlis (men's sitting room)
* maqalat (reception area)
* living room
* kitchen
* 2 bathrooms

**second floor:**

* 4 bedrooms (2 master)
* living room
* bathroom

**rooftop:**

* room
* bathroom
* laundry room
* spacious rooftop

thank you for choosing basmat thari for development, investment, and real estate services.
welcome to our real estate family! we are delighted to help you find your dream home. contact us at any time for your questions or real estate inquiries.

📞 contact us:
basmat thari for real estate development and investment

✉️ sales@basmathara.com
🌐 www.basmathara.comAz Zahrah, Riyadh",https://sa.aqar.fm/en/villa-for-sale/riyadh/west-of-riyadh/az-zahrah/villa-for-sale-6503075
Apartment For Sale,559,559000114.0,"Apartment for Sale in Riyadh As Saadah§559,000114m²331welcome... to oasis uwais

**uwais 103 features a luxurious apartment with a modern design and an area of 114 m²**

it consists of:

private basement parking 🅿️
🛋 living room – 🍽 kitchen
🛁 two bathrooms
🪟 {master suite}
🛏 two bedrooms

the warranty package includes:

🛡 warranties:

👷 engineering supervision
💧 insulation works warranty
🛗 elevator warranty
⚡ electrical warranty
(al-fanar – 25 years)
🚰 plumbing warranty
(green pipes – 15 years)
📜 malath insurance
(10 years against hidden defects)
🔌 electrical accessories warranties
🚿 sanitary ware warranties
🚪 wpc doors warranty

• for inquiries:
+966553810363As Saadah, Riyadh",https://sa.aqar.fm/en/apartment-for-sale/riyadh/east-of-riyadh/as-saadah/apartment-for-sale-6689422
Villa For Sale,760,760000169.0,"Villa for Sale in Riyadh Shubra§760,000169m²542offer code k1

## 🏘️ c (townhouse

### 🔹 townhouse (ground floor unit)

💰 **price:** 760,000
📐 **area:** 169 m²

### 🏠 ground floor:

* sitting room (majlis)
* living room
* kitchen
* 2 bedrooms
* bathroom

### 🏠 upper floor:

* 2 bedrooms
* bathroom
* installed elevator

✨ a practical design offering a comfortable layout and full privacy, with an elevator available for greater convenience and easy movement between floors, making it suitable for family living or investment.

---

all units include:
✅ smart home system
✅ 15-year warranty
✅ built under full engineering supervision
✅ modern design & high-quality finishes

---

⭐ competitive advantages

✔️ smart home
✔️ structural warranties up to 15 years
✔️ executed under certified engineering supervision
✔️ practical interior layout suitable for residential & investment use
✔️ independent entrances & units
✔️ elevator available

📞 contact us now to book..Shubra, Riyadh",https://sa.aqar.fm/en/villa-for-sale/riyadh/west-of-riyadh/shubra/villa-for-sale-6609354
Flat For Sale,1619,1619000136.0,"Floor for Sale in Riyadh Al Olaya§1,619,000136m²742🏡 ground floor unit for sale | al olaya district 📍
in a prime strategic location — accessible via main roads
and in close proximity to a mosque, which is considered one of the most important advantages for residents

⚪️ unit details:
condition: new
area: 225 square meters
street width: 20 meters

⚪️ space distribution:

3 independent bedrooms, including a master bedroom
family living room
reception lounge
open american kitchen with a spacious area connected to the living room
4 bathrooms for added comfort
laundry room
maid's room

⚪️ features:
2 parking spaces in addition to extra parking area
strategic location for long-term investment with high returns
2 private entrances to the unit
independent electricity and water meters
high-quality construction and finishing that reflects attention to detail
high-quality building materials — solid residential construction focused on sustainability

note: the unit is still in the final finishing stages of the property's exterior.
this is an advantage as it allows easy modification and customization should the buyer wish to do so — we are happy to arrange this service with the owner 👏🏼👏🏼

💰 price: 1,619,000 sar

contact:
for inquiries or to schedule a property viewing,
please contact us — the ibda' dash real estate team is proud to serve you.Al Olaya, Riyadh",https://sa.aqar.fm/en/flat-for-sale/riyadh/north-of-riyadh/al-olaya/flat-for-sale-6787592
Apartment For Rent,40000,605.0,"Apartment for Rent in Riyadh Ishbiliyah§40,000/annually605m²421peace be upon you and god's mercy and blessings.

the location is excellent, close to the first ishbiliyah park.

**for rent – apartment in ishbiliyah district**

- 2 entrances
- 4 rooms
- living room
- kitchen
- 2 bathrooms
- shared electricity
- free water
- flexible payment options are welcomeIshbiliyah, Riyadh",https://sa.aqar.fm/en/apartment-for-rent/riyadh/east-of-riyadh/ishbiliyah/apartment-for-rent-6783969
Apartment For Rent,30000,324.0,"Apartment for Rent in Riyadh Ash Sharq§30,000/annually324m²321assalamu alaikum wa rahmatullah
apartment for rent in al marjan neighborhood
3 rooms
living room
kitchen
2 bathrooms
price: 30,000
and peace and blessings be upon our prophet muhammadAsh Sharq, Riyadh",https://sa.aqar.fm/en/apartment-for-rent/riyadh/east-of-riyadh/ash-sharq/apartment-for-rent-6867607
Office For Rent,40000,100.0,"Commercial Office for Rent in Riyadh Al Mahdiyah§40,000/annually100m²office for rent with an area of 100 sqm, consisting of two rooms, a spacious reception hall, an office kitchen, and a bathroom, with high-end finishing and a distinctive practical layout.

for contact ((number appears when pressing call))
abu muhammadAl Mahdiyah, Riyadh",https://sa.aqar.fm/en/office-for-rent/riyadh/west-of-riyadh/al-mahdiyah/office-for-rent-6854336
Riyadh,11,,11,https://sa.aqar.fm/en/all/riyadh/11
Apartment For Rent,3000,300.0,"Apartment for Rent in Riyadh Ishbiliyah§3,000/annually300m²111peace be upon you and the mercy and blessings of god.
luxury apartment for rent in ishbiliya district
one room
living room
kitchen
bathroom
furnished
air conditioners and kitchen installed
price: 3000 per month with an annual contract
and peace and blessings be upon our prophet.Ishbiliyah, Riyadh",https://sa.aqar.fm/en/apartment-for-rent/riyadh/east-of-riyadh/ishbiliyah/apartment-for-rent-6896018
Villa For Rent,4500,240.0,"Villa for Rent in Riyadh Ar Rimal§4,500/annually240m²843villa for rent, area 240 sqm
internal staircase. ground floor: sitting room, maqalat (reception area), spacious hall, large windows, additional room, kitchen, and two bathrooms.
second floor: four bedrooms, 2 of which are master bedrooms, 2 shared bathrooms, and a hall.
third floor: bathroom and laundry room.
price: 4,500 sar per month with an annual contract on the shore.Ar Rimal, Riyadh",https://sa.aqar.fm/en/villa-for-rent/riyadh/east-of-riyadh/ar-rimal/villa-for-rent-6892459
Store For Rent,120000,200.0,"Shop for Rent in Riyadh Al Mahdiyah§120,000/annually200m²40m🏢 commercial halls with mezzanine and suitable height

**specifications:**
- total area: 180 m² for both halls (90 m² per hall) – expandable.
- height: 8 meters | width: 4 meters.
- additional mezzanine: 30 m² equipped with a retractable and expandable bridge.

**features:**
(construction completed + electricity + civil defense ready) 👍🏼👍🏼
(independent electricity meter for each hall)
- services: a restroom for each hall.
- suitable layout for the hall spaces.
- impressive height suitable for decorations, exhibitions, cafes, and executive offices.

📲 **for inquiries and viewing:**
abu mohammad
📞 ((number appears upon pressing call))Al Mahdiyah, Riyadh",https://sa.aqar.fm/en/store-for-rent/riyadh/west-of-riyadh/al-mahdiyah/store-for-rent-6784299
Villa For Sale,2500,2500000200.0,"Villa for Sale in Riyadh Laban§2,500,000200m²552🏡 luxury duplex villas | al ahmadiya district

✨ elegant design… comfort in every detail

a unique opportunity to own a duplex villa with a modern design and thoughtfully planned spaces, in a prime location in al ahmadiya district.

📐 land area: 200 m²
🛏️ 4 master bedrooms
🛗 elevator
🏠 modern design with practical layout
📍 prime location, close to services

an elegant home for your family… and an investment worth making.

📞 for details and reservationsLaban, Riyadh",https://sa.aqar.fm/en/villa-for-sale/riyadh/west-of-riyadh/laban/villa-for-sale-6825839
Flat For Sale,1300,1300000210.0,"Floor for Sale in Riyadh An Nahdah§1,300,000210m²853🏡 distinctive first floor for sale | al-nahdah district 📍
directly behind khurais road, accessible to main streets

**area:** 272 sqm
**property facade:** east-facing ⭐️
**property age:** new
**street:** al-nahdah – al-taqwa street ⭐️
**street width:** 15 meters

a great opportunity to own a residential floor with well-planned spaces and a practical layout that meets the family's needs, located in a vibrant area in al-nahdah district, close to services and daily facilities.

⚪️ **space layout:**
- independent reception lounge
- family living room
- separate dining room
- 3 bedrooms
- dressing room ⭐️
- spacious independent kitchen
- 5 bathrooms ⭐️

⚪️ **features:**
- private courtyard
- maid's room
- laundry room
- indoor parking
- outdoor parking
- independent electricity meter
- independent water meter
- suitable privacy and independence for families
- quality construction and finishes reflecting attention to detail
- solid residential construction focused on quality and sustainability

💰 **price:** 1,400,000 sar
price is negotiable

**contact:**
for inquiries and to schedule a viewing appointment,
the ibda' dash real estate team is honored to serve you.An Nahdah, Riyadh",https://sa.aqar.fm/en/flat-for-sale/riyadh/east-of-riyadh/an-nahdah/flat-for-sale-6767040
Apartment For Rent,2500,420.0,"Apartment for Rent in Riyadh An Nahdah§2,500/annually420m²32peace be upon you and god's mercy and blessings.

apartment for rent in al-nahda neighborhood:
- 3 rooms
- 2 bathrooms
- kitchen
- private rooftop

electricity and water are shared,
or an additional 500 sar can be added to the monthly payments to include electricity and water.

price: 2,500 sar per month with an annual contract.
a small family without children is required.

peace and blessings be upon our prophet muhammad.An Nahdah, Riyadh",https://sa.aqar.fm/en/apartment-for-rent/riyadh/east-of-riyadh/an-nahdah/apartment-for-rent-6872221
Villa For Sale,1400,1400000230.0,"Villa for Sale in Riyadh Dhahrat Namar§1,400,000230m²973🏡 villa for sale – al-awali al-dhahabi district (secured neighborhood)
📍 prime location on two streets
* south + west facing
* driveway accommodating 3 cars
* electricity connected
* water not connected

**ground floor**
* external annex
* majlis (sitting room)
* maqalat (reception area)
* large living room
* kitchen
* 2 bathrooms

**first floor**
* 4 bedrooms
* master bedroom with en-suite bathroom
* bedroom with en-suite bathroom
* 2 bedrooms
* living room
* 3 bathrooms

**second floor**
* 2 bedrooms
* living room
* bathroom
* spacious rooftop courtyard

✨ a villa with a practical design and suitable spaces, located in one of the best areas of al-awali district, ideal for family living.

advertising license no.: 7201066279
faal license no.: 1200040311Dhahrat Namar, Riyadh",https://sa.aqar.fm/en/villa-for-sale/riyadh/west-of-riyadh/dhahrat-namar/villa-for-sale-6800630
Apartment For Rent,35000,440.0,"Apartment for Rent in Riyadh Al Yarmouk§35,000/annually440m²321peace be upon you and god's mercy and blessings.

for rent: a renovated apartment in al-yarmouk neighborhood
3 bedrooms
living room
kitchen
2 bathrooms
shared electricity
free water
price: 35,000 annually, paid quarterly

and prayers and peace be upon our prophet muhammad.Al Yarmouk, Riyadh",https://sa.aqar.fm/en/apartment-for-rent/riyadh/east-of-riyadh/al-yarmouk/apartment-for-rent-6681625
Flat For Sale,927,927000185.0,"Floor for Sale in Riyadh Al Janadriyah§927,000185m²631ground floor unit with independent title deed, area 185 sqm
fully furnished with new furniture and new air conditioners
located in ghusoon subdivision, east riyadh
for sale with all furniture, air conditioners, and kitchen included
al ahli bank accepts cash sale only
early settlement price: 927,000
it consists of a sitting room (majlis), a family lounge, a hall, two bathrooms, a kitchen, and three bedrooms, one of which is a master bedroom, with an added maid's room and bathroom.Al Janadriyah, Riyadh",https://sa.aqar.fm/en/flat-for-sale/riyadh/east-of-riyadh/al-janadriyah/flat-for-sale-6517420
Apartment For Sale,1399,1399000126.0,"Apartment for Sale in Riyadh Al Malqa§1,399,000126m²321🔥 discounts up to sar 275,000 | returns up to 8%
alajlan riviera 23 – al malqa district

an exceptional opportunity for living or investment in one of north riyadh's most strategic locations.

**available unit types (prices after discount):**

🔹 2-bedroom apartments
starting from **sar 1,149,000**
sizes from **109 to 163 sqm**

🔹 3-bedroom apartments
starting from **sar 1,399,000**
sizes from **126 to 236 sqm**

🔹 townhouses | 4 bedrooms | 3 floors
starting from **sar 2,300,000**
sizes from **250 to 315 sqm**

**prime location:**
📍 1 minute to **king fahd road**
📍 3 minutes to **king salman road**
📍 3 minutes to **the avenues mall**
📍 3 minutes to **anas bin malik road**

**reserve your unit today before the offer ends**Al Malqa, Riyadh",https://sa.aqar.fm/en/apartment-for-sale/riyadh/north-of-riyadh/al-malqa/apartment-for-sale-6661418
Villa For Sale,1400,1400000275.0,"Villa for Sale in Riyadh Ishbiliyah§1,400,000275m²1151duplex villa
area: 275 sqm
street width: 15 meters
south-facing
located in front of sayyid al-shuhada mosque
presented by the mosque facility
free and clear — no encumbrances
updated new electronic title deed
has a new construction permit
age: approximately 19 years

ground floor:
- external annex
- men's restroom
- men's sitting room (majlis)
- men's dining area (muqlat)
- kitchen
- storage room
- living room (hall)
- elderly bedroom
- women's restroom

second floor:
- master bedroom with two rooms, a small hall, and a private bathroom
- two bedrooms with a shared bathroom
- one bedroom with a bathroom

third floor:
- two bedrooms with a bathroomIshbiliyah, Riyadh",https://sa.aqar.fm/en/villa-for-sale/riyadh/east-of-riyadh/ishbiliyah/villa-for-sale-6668275
Apartment For Sale,500,500000200.0,"Apartment for Sale in Riyadh Ash Sharq§500,000200m²43for sale: upper floor apartment (luxury) in al-bayan district

description:
(majlis - laundry room - bathroom - living room - 2 bedrooms - 2 bathrooms - laundry area - kitchen - rooftop)

close to all services and main roads, with warranties and an elevator available.

price: 500,000 sarAsh Sharq, Riyadh",https://sa.aqar.fm/en/apartment-for-sale/riyadh/east-of-riyadh/ash-sharq/apartment-for-sale-6689465
Lounge For Rent,4000,656.0,"Rest House for Rent in Riyadh Ash Sharq§4,000/annually656m²211peace be upon you and god's mercy and blessings.

rest house in al-bayan neighborhood for rent:
- fireplace
- majlis (sitting room)
- kitchen
- bathroom
- yard/courtyard
- installed air conditioners, installed kitchen
- furnished
- private entrance
- independent electricity
- shared water

price: 4,000 monthly with an annual contract.Ash Sharq, Riyadh",https://sa.aqar.fm/en/lounge-for-rent/riyadh/east-of-riyadh/ash-sharq/lounge-for-rent-6601038
Apartment For Rent,60000,492.0,"Apartment for Rent in Riyadh Ishbiliyah§60,000/annually492m²441peace be upon you and god's mercy and blessings.

an apartment (upper floor) for rent in ishbiliyah district, renovated:
- 4 rooms
- living room
- kitchen
- 4 bathrooms
- 2 entrances
- shared electricity meter
- shared water
- close to all services

price: 60,000Ishbiliyah, Riyadh",https://sa.aqar.fm/en/apartment-for-rent/riyadh/east-of-riyadh/ishbiliyah/apartment-for-rent-6541951
Land For Sale,568,568100299.0,"Land for Sale in Riyadh Ash Sharq§568,100299m²18mResidentialfor sale – land in al aqariya park subdivision

📍 area: 300 m²
🛣️ 18m east-facing street
🏫 opposite a facility
💡 full utilities available

for inquiries and contact, please message privately.Ash Sharq, Riyadh",https://sa.aqar.fm/en/land-for-sale/riyadh/east-of-riyadh/ash-sharq/land-for-sale-6842130
Apartment For Rent,55000,125.0,"Apartment for Rent in Riyadh Ar Rayan§55,000/annually125m²321renovated ground floor apartment
3 bedrooms
2 bathrooms
split air conditioners
built-in kitchenAr Rayan, Riyadh",https://sa.aqar.fm/en/apartment-for-rent/riyadh/east-of-riyadh/ar-rayan/apartment-for-rent-6507492
Land For Sale,99750001,99750001050.0,"Land for Sale in Riyadh An Narjis§9,975,0001,050m²30m✨ commercial residential corner land for sale ✨

📍 al-narjis district – prime location

🔹 area: 1,050 m²
🔹 dimensions: 30m × 35m
🔹 corner on two streets
🚧 30m southern street
🚧 20m western street

💰 sale price: 9,500 sar per square meter

📞 contact:
abu fahd al-qahtani
0505477735

your vision for real estate… your trusted partner for buying, selling, renting and property management.
our branches: al-narjis district | al-munsiyah district – to be closer to your real estate vision.An Narjis, Riyadh",https://sa.aqar.fm/en/land-for-sale/riyadh/north-of-riyadh/an-narjis/land-for-sale-6724787
Villa For Sale,1600,1600000550.0,"Villa for Sale in Riyadh Ash Shifa§1,600,000550m²7No descriptionAsh Shifa, Riyadh",https://sa.aqar.fm/en/villa-for-sale/riyadh/south-of-riyadh/ash-shifa/villa-for-sale-6845873
Riyadh,12,,12,https://sa.aqar.fm/en/all/riyadh/12
Villa For Sale,2250,2250000259.0,"Villa for Sale in Riyadh At Taawon§2,250,000259m²652for sale, duplex villa in al-taawun district, 250 sqm
20-meter street

for contact and inquiriesAt Taawon, Riyadh",https://sa.aqar.fm/en/villa-for-sale/riyadh/north-of-riyadh/at-taawon/villa-for-sale-6746542
Villa For Sale,2150,2150000288.0,"Villa for Sale in Riyadh Al Munsiyah§2,150,000288m²51in the name of allah, and peace and blessings be upon the messenger of allah. the owner has reduced the price to 2,200,000, negotiable.

**for sale – villa in al munsiyah district**
*(internal staircase with an independent apartment)*

strategic location, close to all services and the mosque.

**area:** 288 sqm
**street:** 15 east

---

**ground floor – guest area:**
- small courtyard accommodating one car
- annex/sitting room (majlis) with tiling
- dining room
- reception hall
- kitchen with storage room
- two bathrooms
- all fully furnished with luxury furniture

---

**first floor:**
- main master bedroom, furnished, with a door and small balcony
- master bedroom with a built-in wardrobe
- furnished master bedroom
- unfurnished bedroom with shared bathroom
- unfurnished bedroom with shared bathroom
- furnished living room
- small service area with a refrigerator

---

**second floor:**
- large room overlooking the external rooftop, with a large glass door and a bathroom
- maid's room
- external rooftop

---

**independent apartment:**
- separate entrance with a rooftop
- two entrances
- three bedrooms
- living room

---

the villa is currently rented to an investor with **8 years remaining** on the contract at **130,000 sar per year**, paid as **65,000 sar every six months**.Al Munsiyah, Riyadh",https://sa.aqar.fm/en/villa-for-sale/riyadh/east-of-riyadh/al-munsiyah/villa-for-sale-6806457
Apartment For Rent,95000,105.0,"Apartment for Rent in Riyadh An Narjis§95,000/annually105m²331🏡 for rent | ground floor apartment with private courtyard – al narjis district

📍 al ajlan riviera 37 project – north riyadh

a distinctive ground floor apartment with practical spaces and a spacious private courtyard, suitable for families seeking privacy and upscale living in one of north riyadh's premium neighborhoods.

✨ apartment details:
• total area: 172 m²
• apartment area: 117 m²
• private courtyard area: 55 m²
• 3 bedrooms
• spacious living room
• 3 bathrooms
• kitchen
• storage room
• spacious private courtyard

🔹 features & amenities:
• built-in kitchen
• built-in air conditioners
• curtains and wardrobes
• furnished living room and some bedrooms
• high privacy
• prime location close to services

💰 annual rent: 95,000 sar
🔐 security deposit: 5,000 sar

📞 for inquiries and viewing:
khalid al-qahtani
((number appears upon clicking call))An Narjis, Riyadh",https://sa.aqar.fm/en/apartment-for-rent/riyadh/north-of-riyadh/an-narjis/apartment-for-rent-6861308
Villa For Sale,4249,4249000300.0,"Villa for Sale in Riyadh Al Arid§4,249,000300m²553✨ today, sales have begun in one of the most prestigious integrated residential villa projects in north riyadh ✨

🏡 emaar al-mashari villas – al-arid district (near al-muhayni mosque)

📐 varied sizes
• 250 m²
• 270 m²
• 300 m²

💰 prices starting from 3,450,000 sar

📍 prime strategic location
• 1 minute from king salman road
• 2 minutes from king fahd road
• 1 minute from metro station

✨ project features
• salmani-style facades
• 5 master bedrooms
• driver's room
• double height
• maid's room
• elegant glass facades
• luxurious finishes and high-quality materials

the project has been executed with meticulous care and attention to the finest details, reflecting the highest standards of elegance and luxury, giving you a home that matches your aspirations.

📍 location:
https://maps.app.goo.gl/1v2vseqcl3rnd2kx7

✨ because some villas cannot be described in words… they must be visited and their details experienced.

book your visit now and discover for yourself the meaning of distinction before opportunities run out. 🏡Al Arid, Riyadh",https://sa.aqar.fm/en/villa-for-sale/riyadh/north-of-riyadh/al-arid/villa-for-sale-6796017
Land For Sale,3600,3600000450.0,"Land for Sale in Riyadh An Narjis§3,600,000450m²15mResidential🏡 for sale | residential land – al narjis district

📍 location:
• north of king salman road
• south of prince saud bin jalawi road
• 15m eastern street
• opens onto a t-intersection

📐 land details:
• area: 450 m²
• dimensions: 18 × 25 m
• facade: east-facing
• ready floor plan
• building permit ready

💰 price: 8,000 sar per square meter

⚠️ note:
the land has an existing debt with bank albilad of approximately 300,000 sar.

✨ a prime opportunity in al narjis district, ideal for those looking to start construction immediately, given that the floor plan and building permit are already in place.

📍 location on map:
https://maps.app.goo.gl/wykdwzvnxaytmkth8?g_st=iwAn Narjis, Riyadh",https://sa.aqar.fm/en/land-for-sale/riyadh/north-of-riyadh/an-narjis/land-for-sale-6865236
Apartment For Sale,1385,1385000125.0,"Apartment for Sale in Riyadh An Nuzhah§1,385,000125m²4manazil real estate announces the launch of sales in the project 🏠 bait al reem 🏠 al nuzha district (north riyadh)

new apartments with a modern design and a prime location close to all services and main roads such as imam saud bin abdulaziz road and abu bakr al-siddiq road, with prices starting from 1,385,000

✅ various sizes to suit all needs
✅ close to schools, parks, and commercial centers
✅ high construction quality and premium finishes
✅ an ideal choice for residential or investment purposes

- 3 bedrooms (including master bedroom)
- spacious living room
- 3 bathrooms
- private parking + elevator
- comprehensive warranties

bank financing accepted and financing solutions are availableAn Nuzhah, Riyadh",https://sa.aqar.fm/en/apartment-for-sale/riyadh/north-of-riyadh/an-nuzhah/apartment-for-sale-6736750
Villa For Sale,2400,2400000237.0,"Villa for Sale in Riyadh Ghirnatah§2,400,000237m²451villa in granada neighborhood, corner lot facing north 20, west 15
area: 237 sqm
internal stairs
consists of men's fireplace, men's sitting room
large living room, kitchen
first floor: 4 bedrooms including master bedroom
central air conditioning installed
all guarantees, engineering supervision, cooperative insurance
abu saudGhirnatah, Riyadh",https://sa.aqar.fm/en/villa-for-sale/riyadh/east-of-riyadh/ghirnatah/villa-for-sale-6622760
Building For Rent,60000,900.0,"Building for Rent in Riyadh Tuwaiq§60,000/annually900m²40mshops for rent and residential apartments
on saad bin muadh street
40-meter street, opposite harveys restaurant, next to darah
tuwaiq district
hisham al-aifan real estate officeTuwaiq, Riyadh",https://sa.aqar.fm/en/building-for-rent/riyadh/west-of-riyadh/tuwaiq/building-for-rent-6796539
Flat For Sale,1399,1399000298.0,"Floor for Sale in Riyadh Al Arid§1,399,000298m²352🏡 last remaining ground floor unit in lounge al-basatin project

ground floor unit with an area of 298 m² featuring an excellent layout:

• 3 bedrooms
• sitting room (majlis)
• living room
• separate kitchen
• maid's room
• private garage

💰 special price: 1,399,000 sar
✅ for sale without commission

📍 lounge al-basatin – al-arid district
🔥 last opportunity to own in the projectAl Arid, Riyadh",https://sa.aqar.fm/en/flat-for-sale/riyadh/north-of-riyadh/al-arid/flat-for-sale-6884355
Flat For Sale,650,650000136.0,"Floor for Sale in Riyadh Az Zahrah§650,000136m²433**floors for sale – al-zahra district, riyadh**
✅🔥

**floor specifications:**

**ground floor – area: 136 sqm**
private parking space

the ground floor consists of:
- men's sitting room (majlis)
- 3 bathrooms
- maqlat (wash area)
- living room (hall)
- kitchen
- 2 bedrooms

**price: 650,000 sar**
✅✅✅✅✅✅✅✅✅✅✅

**first floor – penthouse – area: 213 sqm**

the first floor (penthouse) consists of:
- private garage
- men's sitting room (majlis)
- maqlat (wash area)
- kitchen
- 2 family living rooms
- 4 bedrooms
- 4 bathrooms
- hall
- rooftop

**prime location in riyadh** ✅🔥
**villa location:** al-zahra district

**price: 890,000 sar**Az Zahrah, Riyadh",https://sa.aqar.fm/en/flat-for-sale/riyadh/west-of-riyadh/az-zahrah/flat-for-sale-6877319
Land For Sale,2493,2493750375.0,"Land for Sale in Riyadh Ar Rayan§2,493,750375m²15mResidentialland for sale – al rayyan district
an exceptional location and a once-in-a-lifetime opportunity

a rare opportunity to own distinctive residential plots in the heart of al rayyan district, one of the most in-demand neighborhoods in east riyadh, located on streets with ideal frontages.

east plot: area of 375 m² (15m wide street)

a location that offers the highest investment value, with excellent flexibility in design and construction.
exceptional features:

just minutes from the eastern ring road and khurais road

sale price: sar 6,650 per square meter (per plot)

quick and easy access to all areas of riyadh

close to schools, mosques, health centers, and markets

a fully serviced neighborhood that is highly desirable for living

ideal for building a luxury villa or a successful investment project

two frontages that increase the land's future value and expand development options

a plot that combines a prime location, an ideal frontage, and a secure investment, a smart choice for upscale living or long-term investment.

location:
https://maps.app.goo.gl/7hyytpzfkakehf8s5?g_st=ic


for contact and inquiries | ((the number appears when you click call))Ar Rayan, Riyadh",https://sa.aqar.fm/en/land-for-sale/riyadh/east-of-riyadh/ar-rayan/land-for-sale-6871005
Lounge For Rent,400000,2400.0,"Rest House for Rent in Riyadh Al Qirawan§400,000/annually2,400m²52for rent – land
aqraba district
with a fencing permit
al-jubailah
area: 2,400 square meters
15-meter southern street with a width of 40
depth: 60Al Qirawan, Riyadh",https://sa.aqar.fm/en/lounge-for-rent/riyadh/north-of-riyadh/al-qirawan/lounge-for-rent-6881687
Villa For Sale,1790,1790000288.0,"Villa for Sale in Riyadh An Narjis§1,790,000288m²441yamam 11 project

where modern design meets luxury

yamam investment company presents its landmark project ""yamam 11,"" a luxury residential townhouse development comprising 6 independent units. the project is located in al narjis district, south of king salman road, in close proximity to main roads and essential services, featuring contemporary architectural design and high-quality finishes.

📍 location highlights:
opposite king abdulaziz park
near the airport and riyadh expo
9 minutes from princess nourah university

✨ project features:
private entrance for each unit – independent water tank – marble washbasins – porcelain flooring – concealed air conditioning – maid's room – 4 bedrooms – garage door

🧱 unit areas:
276 – 311 m²

🤝 developer:
yamam investment company

📍 location:
al narjis district – north riyadh

📞 for inquiries and contact:
((number appears upon clicking call))
((number appears upon clicking call))An Narjis, Riyadh",https://sa.aqar.fm/en/villa-for-sale/riyadh/north-of-riyadh/an-narjis/villa-for-sale-6751448
Flat For Sale,1550,1550000180.0,"Floor for Sale in Riyadh An Narjis§1,550,000180m²441adwar watar 55
adwar project – north riyadh – al narjis district

a prime location near king salman road, uthman ibn affan road, and abu bakr al-siddiq road.

the project consists of 21 units designed with the finest details and highest standards.

adwar features distinctive designs, spacious areas, luxurious and high-quality finishes.

your ideal residence at watar — modern and contemporary designs.

areas range from 211 to 281 sqm.

all units include:
- majlis (sitting room)
- dining room
- 3–4 master bedrooms
- kitchen
- maid's room
- concealed air conditioning
- smart home system
- private parking
- elevator
- independent electricity meter
- independent water meter
- independent underground and overhead water tanks
- yard and car entrance for ground floor units
- balcony for first floor units
- rooftop for second floor units

starting prices:
- ground floor unit – 1,750,000 sar
- first floor unit – 1,600,000 sar
- second floor unit – 1,350,000 sarAn Narjis, RiyadhPromoted",https://sa.aqar.fm/en/flat-for-sale/riyadh/north-of-riyadh/an-narjis/flat-for-sale-6801726
Flat For Sale,1654,1654000178.0,"Floor for Sale in Riyadh An Narjis§1,654,000178m²441adwar watar 55
adwar project – north riyadh – al narjis district

a prime location near king salman road, uthman ibn affan road, and abu bakr al-siddiq road.

the project consists of 21 units designed with the finest details and highest standards.

adwar features distinctive designs, spacious areas, luxurious and high-quality finishes.

your ideal residence at watar — modern and contemporary designs.

areas range from 211 to 281 sqm.

all units include:
- majlis (sitting room)
- dining room
- 3–4 master bedrooms
- kitchen
- maid's room
- concealed air conditioning
- smart home system
- private parking
- elevator
- independent electricity meter
- independent water meter
- independent underground and overhead water tanks
- yard and car entrance for ground floor units
- balcony for first floor units
- rooftop for second floor units

starting prices:
- ground floor unit – 1,750,000 sar
- first floor unit – 1,600,000 sar
- second floor unit – 1,350,000 sarAn Narjis, Riyadh",https://sa.aqar.fm/en/flat-for-sale/riyadh/north-of-riyadh/an-narjis/flat-for-sale-6801715
Villa For Sale,4700,4700000707.0,"Villa for Sale in Riyadh Dhahrat Namar§4,700,000707m²7the villa consists of:

**ground floor:**
- men's sitting room (majlis)
- bathroom
- mudroom/entrance hall
- women's reception hall
- bathroom
- women's sitting room (majlis)
- elderly quarters (2 rooms with a bathroom)
- external annex 5×7 with bathroom and laundry sinks
- kitchen (custom-fitted by benmako company)
- small women's annex

**first floor:**
- hall
- 3 master bedrooms
(2 with jacuzzi, 1 with steam cabin/sauna)
- dressing room
- kitchen 4×6

**second floor:**
- maid's room
- laundry room
- bathroom

**in addition to two large rented apartments**

▪️ the villa is located on a northwest-facing corner block, plus a southern-facing square
▪️ owner-built with high-quality materials and skilled labor
▪️ 6 fuji central air conditioning units
▪️ doors by khayal al-janoub company
▪️ gypsum works by a company known for distinctive designs and qualityDhahrat Namar, Riyadh",https://sa.aqar.fm/en/villa-for-sale/riyadh/west-of-riyadh/dhahrat-namar/villa-for-sale-6858717
Flat For Sale,1200,1200000254.0,"Floor for Sale in Riyadh Ash Sharq§1,200,000254m²552two models available for sale:

the first at 850,000 sar
independent ground floor with modern and distinctive design, 168 sqm area, consisting of:
1- 3 bedrooms, living room, and men's sitting room
2- smart entry system and security cameras

the second at 1,250,000 sar
upper floor + apartment with harmonious design and high-quality specifications, 254 sqm area, consisting of:
1- independent floor and independent apartment
2- smart entry system and security cameras
3- 3 bedrooms on the first floor and 2 bedrooms in the upper apartment
4- elevator provisionAsh Sharq, Riyadh",https://sa.aqar.fm/en/flat-for-sale/riyadh/east-of-riyadh/ash-sharq/flat-for-sale-6534055
Flat For Sale,980,980000220.0,"Floor for Sale in Riyadh Al Arid§980,000220m²242**luxury project in al-aarid district – developed by asas dima 🏡✨**

own your townhouse in one of the finest locations in north riyadh, al-aarid district, where tranquility, prestige, and proximity to all services come together — within a fully integrated residential project featuring contemporary designs and thoughtfully planned spaces that meet your family's needs.

📍 **location:**
https://maps.app.goo.gl/phkxvryvqcartpmn6?g_st=ic

📐 **unit sizes:**
starting from 170 m² up to 220 m²

🛏️ **details:**
• 3 bedrooms
• distinguished outdoor spaces within the project
• smart layout providing comfort and privacy

⚡ **features:**
• independent electricity and water meters
• high construction quality with modern finishes
• prime location close to main roads and services

📞 don't miss the opportunity — book your unit now and invest in a location that guarantees high future value.Al Arid, Riyadh",https://sa.aqar.fm/en/flat-for-sale/riyadh/north-of-riyadh/al-arid/flat-for-sale-6796184
Flat For Sale,1590,1590000181.0,"Floor for Sale in Riyadh An Narjis§1,590,000181m²342for sale – floors in safwat al-narjis neighborhood

**ground floor**
land area: 260 sqm (including private sections)

details:
- 3 master bedrooms
- living room and lounge
- kitchen
- maid's room
- laundry room
- waterfall and outdoor garden

**price: 1,600,000 sar**
direct and exclusive

---

**upper floor**
area: 196 sqm

details:
- 3 bedrooms
- living room and lounge
- maid's room
- laundry room
- kitchen

**price: 1,400,000 sar**

---

**apartment**
area: 191 sqm

details:
- 3 bedrooms
- maid's room
- laundry room
- private rooftop

**price: 1,250,000 sar**
direct and exclusiveAn Narjis, Riyadh",https://sa.aqar.fm/en/flat-for-sale/riyadh/north-of-riyadh/an-narjis/flat-for-sale-6856487
Office For Rent,148235,158.0,"Commercial Office for Rent in Riyadh Ar Rawdah§148,235/annually158m²luxury office for rent in al rawdah district

a luxury office with an area of 158 m² in a prime location in al rawdah district, one of the most beautiful neighborhoods in riyadh.

office features:
* spacious area suitable for various office activities.
* independent electricity meter.
* two dedicated parking spaces.
* quiet work environment conducive to productivity.
* prime location close to various services.
* proximity to a bus station, making it easy to access the office.

a distinctive office that combines an upscale location, tranquility, and easy accessibility, making it an ideal work environment.Ar Rawdah, Riyadh",https://sa.aqar.fm/en/office-for-rent/riyadh/east-of-riyadh/ar-rawdah/office-for-rent-6825537
Riyadh,13,,13,https://sa.aqar.fm/en/all/riyadh/13
Villa For Sale,2800,2800000358.0,"Villa for Sale in Riyadh An Narjis§2,800,000358m²453🏡 yamam floors 12 project
where modern design meets luxury
yamam investment company presents its distinguished project ""yamam floors 12,"" a luxury residential townhouse development comprising 6 independent units. the project is located in al-narjes district, north riyadh, near main roads and vital services, featuring contemporary architectural design and high-quality finishes.

✨ project features
private entrance for each unit – independent water tank – marble washbasins – porcelain flooring – concealed air conditioning – maid's room – 4 bedrooms – garage door

🧱 unit areas: 326 – 358 sqm
🤝 developer: yamam investment company
📍 location: al-narjes district – north riyadh
📞 for inquiries and contact: ((number appears upon clicking call)) – ((number appears upon clicking call))An Narjis, Riyadh",https://sa.aqar.fm/en/villa-for-sale/riyadh/north-of-riyadh/an-narjis/villa-for-sale-6824004
Apartment For Sale,1080,1080000126.0,"Apartment for Sale in Riyadh Al Quds§1,080,000126m²431manazil real estate announces the start of sales for the project 🏠 manazil al tamayoz 🏠 located in al quds district

a unique opportunity to own a residential apartment in one of the best neighborhoods in riyadh – al quds district. a prime location close to all amenities, with prices starting from 1,080,000 and areas reaching up to 206 sqm.

- varied spaces to suit all needs
- 3 bedrooms + living room + separate sitting room
- kitchen
- 3 bathrooms
- laundry room + storage room + maid's room

location features:
- close to main roads, the eastern ring road, and king abdullah road
- near schools and services
- a quiet and fully-integrated neighborhood
- easy access to all parts of riyadh

we offer financing solutions for subsidized and non-subsidized buyers. sold with no commission ✅Al Quds, Riyadh",https://sa.aqar.fm/en/apartment-for-sale/riyadh/east-of-riyadh/al-quds/apartment-for-sale-6755268
Apartment For Rent,35000,128.0,"Apartment for Rent in Riyadh An Narjis§35,000/annually128m²321apartment for rent in al narjis district, riyadh

second floor
two entrances to the apartment
majlis (sitting room)
living room
kitchen
two bedrooms
two bathrooms
shared entrance
separate electricity meter
water: 25% of the bill amount

price:
35,000 (thousand) in one payment
40,000 (thousand) in two payments
4,500 monthlyAn Narjis, Riyadh",https://sa.aqar.fm/en/apartment-for-rent/riyadh/north-of-riyadh/an-narjis/apartment-for-rent-6884519
Flat For Sale,700,700000372.0,"Floor for Sale in Riyadh Al Janadriyah§700,000372m²451**for sale – ground floor unit**

**land area:** 372 sqm | **built-up area:** 244 sqm

modern design with luxury finishing.. wall-hung toilets (grohe), concealed water heaters.

**4 bedrooms:** 2 master bedrooms + kitchen + spacious living room + large men's sitting room (majlis) + laundry/utility room + maid's room

---

**specifications:**
- independent underground water tank
- independent electricity meter
- central gas piping (tank already installed)
- full photography and documentation of all construction phases
- engineering supervision and cooperative insurance

---

**quality of construction:**
- al-rajhi reinforcing steel
- 25-year electrical warranty
- 25-year plumbing warranty

---

**prime location:**
📍 near khurais road (al-habib square)Al Janadriyah, Riyadh",https://sa.aqar.fm/en/flat-for-sale/riyadh/east-of-riyadh/al-janadriyah/flat-for-sale-6636709
Apartment For Sale,905,90530086.0,"Apartment for Sale in Riyadh Al Arid§905,30086m²2📍 strategic and distinctive location between abu bakr al-siddiq road and king abdulaziz road, adjacent to prince saud bin jalawi road, with easy access to riyadh's most important main thoroughfares.

🌳 40% of the project's total area is dedicated to green spaces and landscaping, featuring a distinctive design by engineer abdullah al-jasser, providing residents with an integrated environment that combines comfort and beauty.

✨ comprehensive facilities and services within the project:

* men's and women's sports clubs
* nursery/childcare center
* laundry service
* luxurious reception lobby
* the largest landscaped area among projects in the region

🏠 unit specifications:

* fully fitted air conditioning
* smart home system

💰 prices starting from sar 905,300

📈 50% of the project has already been sold — the opportunity is still available for reservation and to benefit from the remaining options.Al Arid, Riyadh",https://sa.aqar.fm/en/apartment-for-sale/riyadh/north-of-riyadh/al-arid/apartment-for-sale-6734838
Apartment For Rent,75000,1666.0,"Apartment for Rent in Riyadh Al Ghadir§75,000/annually1,666m²431✨ distinctive apartment for rent – al ghadir district ✨

an opportunity to live in an elegant apartment with a modern design and high-end finishes, featuring excellent natural lighting and comfortable spaces.

2 bedrooms
independent sitting room (majlis)
spacious living room
open kitchen with a modern design
2 bathrooms
third floor (no elevator)

the apartment is suitable for small families and offers a comfortable residential atmosphere in one of the most distinguished neighborhoods.

📍 location: al ghadir district

for inquiries:

ibrahim ( ((number appears upon clicking call)) )Al Ghadir, Riyadh",https://sa.aqar.fm/en/apartment-for-rent/riyadh/north-of-riyadh/al-ghadir/apartment-for-rent-6725889
Apartment For Sale,600,600000109.0,"Apartment for Sale in Riyadh Dhahrat Al Badi'ah§600,000109m²341#k6 a project of modern and distinguished residential units in the dhahrat al-badia neighborhood (phase one).
a unique variety of models and spaces to suit the needs of different families, with prices starting from 450,000 sar for subsidized units.

✨ general features for all units:
- independent electricity meter for each unit.
- independent water meter and tank.
- elevator service for upper units.
- complete independence and high privacy.

----------------------------------
📍 model details and prices:

1️⃣ ground floor (model a & b)
- area: 161 m²
- details: majlis + living room + kitchen + maid's room + 3 bedrooms (including a master bedroom) + 4 bathrooms.
- price: 920,000 sar

2️⃣ first floor (model b) – elevator served
- area: 178 m²
- details: two unit entrances + majlis with amenities + formal living room + kitchen + maid's room + 3 bedrooms (including a master bedroom) + 4 bathrooms.
- price: 850,000 sar

3️⃣ penthouse with internal staircase (model a)
- area: 150 m²
- details: two entrances + men's majlis with amenities + living room + kitchen + 4 bedrooms (including a master bedroom).
- price: 860,000 sar

4️⃣ elevator-served apartment (model b)
- area: 109 m²
- details: two bedrooms with en-suite facilities + two large rooftop terraces (one of which is structurally prepared for adding rooms as desired).
- price: 600,000 sarDhahrat Al Badi'ah, Riyadh",https://sa.aqar.fm/en/apartment-for-sale/riyadh/west-of-riyadh/dhahrat-al-badiah/apartment-for-sale-6833259
Villa For Sale,4600,4600000360.0,"Villa for Sale in Riyadh An Narjis§4,600,000360m²95for sale – ground floor unit
al-narjes district
southern street 20
land area: 360 sqm
floor area: 320 sqm
driver's room
car garage
men's majlis with bathroom
maqlat (multipurpose room)
installed central air conditioning
large women's living room
installed central air conditioning
kitchen
installed central air conditioning
laundry room and maid's room
master bedroom
installed central air conditioning
two bedrooms, each with a bathroom
warranties on plumbing, insulation, and electrical
malath insurance against hidden defects
construction phase photography
one-year personal owner warranty after sale
sale price: 1,900,000

---

for sale – first residential floor
villa with three independent units
al-narjes district
sixth western kilometer
southern street 20
private parking
independent water meter
independent electricity meter
elevator
men's majlis with bathroom
kitchen
laundry room
maid's room
master bedroom
two bedrooms, each with a bathroom
malath insurance against hidden defects
one-year owner warranty after sale
warranties on plumbing, electrical, and insulation
engineering supervision
construction phase photography
sale price: 1,600,000

---

for sale – residential apartment
al-narjes district
built-up area: 145 sqm
excluding rooftop
passenger elevator
private parking
independent water meter
independent electricity meter
men's majlis with bathroom
women's living room
maid's room
two master bedrooms
outdoor seating area
warranties on plumbing, electrical, and insulation
engineering supervision
malath insurance against hidden defects
construction phase photography
southern street 20
near a mosque and a park
close to all services
sale price: 1,100,000

for viewing, please contact: (number appears when you press call)An Narjis, Riyadh",https://sa.aqar.fm/en/villa-for-sale/riyadh/north-of-riyadh/an-narjis/villa-for-sale-6750242
Apartment For Sale,1020,1020000104.0,"Apartment for Sale in Riyadh Ash Shuhada§1,020,000104m²2🔹 apartment number 8, rkm 11

✅ apartment number 8
✅ 2 bedrooms
✅ living room
✅ open kitchen
✅ 2 bathrooms
✅ private parking
✅ storage or laundry room

free maintenance for one year from the developer
project warranties with sales contract

developer: rkm real estate development and investment company
contact:

92 000 6669
www.rkm.saAsh Shuhada, Riyadh",https://sa.aqar.fm/en/apartment-for-sale/riyadh/east-of-riyadh/ash-shuhada/apartment-for-sale-6535662
Office For Rent,1724800,784.0,"Commercial Office for Rent in Riyadh Al Mughrizat§1,724,800/annually784m²**for rent | commercial office – 784 m² | ground floor | new east complex**

a commercial office is available for rent with an area of 784 square meters in the new east complex, located on the ground floor, in a prime location in al-maghrazat district on the eastern ring road (between exit 9 and exit 10), within a modern, fully-serviced business complex.

**unit specifications:**
- area: 784 m²
- floor: ground floor
- condition: ready for fit-out works (shell & core) as per tenant's preference
- civil defense system installed and ready
- lg-vrf air conditioning system installed
- building management system (bms) installed

**complex features:**
- modern business complex with high operational standards
- 608 parking spaces available
- additional spaces available for rent
- ideal environment for companies and administrative offices
- easy access and well-organized entrancesAl Mughrizat, Riyadh",https://sa.aqar.fm/en/office-for-rent/riyadh/north-of-riyadh/al-mughrizat/office-for-rent-6563048
Villa For Sale,3300,3300000230.0,"Villa for Sale in Riyadh An Narjis§3,300,000230m²652sales have started
**al-narjas 33 villas and floors**

**villa area:**
230 sqm
20-meter east-facing street
corner villa: 230 sqm
20-meter south-facing street
and 20-meter east-facing street

**ground floor:**
- car garage
- driver's room
- men's majlis with bathroom
- women's lounge with bathroom
- kitchen
- maid's room with laundry room
- front and back gardens
- elevator shaft foundation

**first floor:**
- master bedroom
- three suites
- lounge

**rooftop:**
- game room
- two bedrooms, each with a bathroom

**built-up area:** 550 sqm

**features:**
- building completion certificate
- safe haven insurance against hidden defects
- warranties on plumbing, electrical, and insulation works
- engineering supervision
- soil testing
- documentation of construction phases
- 5-year air conditioning warranty
- central ac installed in master bedroom
- central ac installed in kitchen
- central ac installed in women's lounge and majlis
- 2-year post-sale owner warranty

**prices:**
- corner unit: 3,450,000
- single street unit: 3,300,000An Narjis, Riyadh",https://sa.aqar.fm/en/villa-for-sale/riyadh/north-of-riyadh/an-narjis/villa-for-sale-6588279
Villa For Sale,3450,3450000230.0,"Villa for Sale in Riyadh An Narjis§3,450,000230m²673sales have started
narcissus 33 villas and floors

villa area:
230 sqm
20-meter east-facing street
corner villa: 230 sqm
20-meter south-facing street and 20-meter east-facing street

- car garage
- driver's room
- men's sitting room with bathroom
- women's living room with bathroom
- kitchen
- maid's room with laundry room
- front and back gardens
- elevator foundation

first floor:
- master bedroom
- three suites
- living area

rooftop:
- game room
- two bedrooms, each with a bathroom

built-up area: 550 sqm

- building completion certificate available
- safe haven insurance available against hidden defects
- warranties on plumbing, electrical, and insulation
- engineering supervision
- soil testing
- construction phase photography
- 5-year air conditioning warranty
- central ac installed in master bedroom
- central ac installed in kitchen
- central ac installed in women's living room and men's sitting room
- 2-year post-sale warranty from the developer

prices:
- corner unit: 3,450,000
- single street unit: 3,300,000An Narjis, Riyadh",https://sa.aqar.fm/en/villa-for-sale/riyadh/north-of-riyadh/an-narjis/villa-for-sale-6588272
Flat For Sale,1500,1500000160.0,"Floor for Sale in Riyadh An Narjis§1,500,000160m²441✅ sale without commission
✅ sale without commission
✅ sale without commission

manazil real estate announces the launch of sales for the 🏠 may residence 🏠 project in al narjis district.

your opportunity to live in one of the most prestigious and tranquil neighborhoods in the north.
al narjis district is distinguished by its modern planning and proximity to major roads and services.

floor features:
• spacious areas and contemporary designs
• air conditioning units
• acxena kitchens
• elevators
• private indoor parking for the ground floor
• private spaces
• terrace
• smart entry
• wide windows
• luxury finishes

location distance from:
- king khalid airport: 16 minutes
- princess nourah university: 18 minutes
- abu bakr road: 2 minutes
- golf club: 7 minutes
- king salman road: 6 minutes
- advanced international schools: 2 minutes
- sulaiman al habib: 3 minutes

suitable for families looking for:
comfort + privacy + strategic location

sale without commission, financing solutions available for everyone ✅An Narjis, Riyadh",https://sa.aqar.fm/en/flat-for-sale/riyadh/north-of-riyadh/an-narjis/flat-for-sale-6716087
Villa For Rent,85000,375.0,"Villa for Rent in Riyadh Shubra§85,000/annually375m²842# f01 #a distinctive residential opportunity – standalone villa in shubra district ✨

a spacious villa for rent, featuring an architectural layout that provides privacy and comfort, with fully integrated outdoor spaces in the heart of the prestigious shubra neighborhood.

**rental value: 90,000 sar** 💵
**location: shubra district** https://maps.app.goo.gl/zeyccv6gmcvw6ss19?g_st=ipc

🏷️ **property details**
• 📐 **area:** 375 square meters
• ⚡ **utilities:** independent electricity meter + independent water meter

🔹 **specifications & interior layout:**

🏠 **ground floor (reception & service area):**
• 🚗 **entrances:** separate driver's room + outdoor annex (bbq/fireplace area)
• 🛋️ **hospitality:** independent men's sitting room + cloakroom + women's sitting room with full privacy
• 👪 **living:** spacious open family living room
• 🍳 **kitchen:** fully equipped kitchen with a dedicated storage room

🏠 **first floor (bedroom wing):**
• 🛏️ **bedrooms:** 4 spacious bedrooms
• ⭐ **master suite:** master bedroom (full suite)
• 🚿 **bathrooms:** 3 additional bedrooms served by a shared bathroom with a convenient layout

🏠 **rooftop:**
• 🧹 **services:** private maid's room with an independent bathroom

📞 **for inquiries & contact:**
basmat three for real estate development & investment
📱 ((number appears upon pressing call))
📱 ((number appears upon pressing call))
☎️ 0114972632
✉️ sales@basmathara.com
🌐 www.basmathara.comShubra, Riyadh",https://sa.aqar.fm/en/villa-for-rent/riyadh/west-of-riyadh/shubra/villa-for-rent-6661217
Building For Rent,477000,445.0,"Building for Rent in Riyadh Al Arid§477,000/annually445m²60mfor rent complete showrooms and offices
khalid bin bandar street
showroom area 126 sqm
office area 150 sqm
for viewing and inquiries 0561114888Al Arid, Riyadh",https://sa.aqar.fm/en/building-for-rent/riyadh/north-of-riyadh/al-arid/building-for-rent-6639529
Land For Rent,720000,900.0,"Land for Rent in Riyadh Al Mahdiyah§720,000/annually900m²40m🔥 rare investment opportunity – commercial land on three streets in al mahdiya district 🔥

for direct lease – two commercial plots in an exceptional location in al mahdiya district, one of the strongest promising investment locations in the area.

📍 location: al mahdiya district
📐 area:

	•	each plot: 900 square meters
	•	total: 1,800 square meters
	•	available for lease separately or combined


🌟 strongest advantage:
✔ land on three streets (golden corner)
✔ multiple frontages provide high flexibility in design and operation
✔ very strong commercial visibility (high visibility)

✨ additional features:
✔ vital location amidst growing population density
✔ easy entry and exit from multiple directions
✔ perfect opportunity for brands and operators seeking a prominent location

🔸a location with this distinction guarantees strong presence and high investment return, god willing

📞 for contact and inquiries:
0555587100
0500072624
⚡ distinguished locations don't repeat – hurry to reserve your locationAl Mahdiyah, Riyadh",https://sa.aqar.fm/en/land-for-rent/riyadh/west-of-riyadh/al-mahdiyah/land-for-rent-6635884
Apartment For Sale,549,549000105.0,"Apartment for Sale in Riyadh Al Fayha§549,000105m²321🏢 luxury apartment in al-faiha district, east riyadh

⏳ limited-time offer

🏡 own without fees and without transfer charges

🔑 receive your keys without any hidden costs

⸻

⭐ features:

✅ civil defense system (prevention and protection)
✅ independent electricity 💡 and water 💧 meters
✅ water and thermal insulation 🛡
✅ private parking 🚗 for each apartment
✅ security systems (cameras 📹 + smart access 🔐)
✅ private rooftop 🏠 for some apartments
✅ double glass insulated windows 🪟
✅ interior paint by jotun 🎨

⸻

🛡 warranties:

👷 engineering supervision
💧 insulation work warranty
🛗 elevator warranty
⚡ electrical warranty (al-fanar 25 years)
🚰 plumbing warranty (green pipes 15 years)
📜 malath insurance (10 years against hidden defects)
🔌 electrical accessories warranties
🚿 sanitary materials warranties
🚪 wpc doors warranty

⸻

📲 for contact or whatsapp messaging via the following mobile number:
👉 ((Advertiser's number appears upon contact))

⸻Al Fayha, RiyadhPromoted",https://sa.aqar.fm/en/apartment-for-sale/riyadh/east-of-riyadh/al-fayha/apartment-for-sale-6487283
Flat For Sale,1490,1490000135.0,"Floor for Sale in Riyadh King Fahd§1,490,000135m²341🔸 sales have launched in project (thubut 103)

the project consists of luxurious residential floors in king fahd district.

the project is strategically located on a 20m southern street, with access to al-olaya road.

💵 prices start from sar 1,290,000 to sar 1,690,000

📐 areas range from 152.27 m² to 190.54 m²

🔸 project features:

* warranties of up to 25 years
* private parking space for each residential unit
* independent water tank for each apartment
* independent electricity meter for each apartment
* surveillance cameras
* elevators
* air conditioners

🔸 nearby amenities:
📍 king fahd district train station — 5 minutes
📍 king salman parks — 10 minutes
📍 king saud university — 10 minutes
📍 king khalid international airport — 25 minutes
📍 king abdullah financial district — 12 minutes
📍 the mukaab project — 25 minutes

🔸 project visiting hours:
from 4:00 pm to 10:00 pm
🔸 working days: saturday to thursday

sales number:
((number appears upon pressing call))

thubut real estateKing Fahd, Riyadh",https://sa.aqar.fm/en/flat-for-sale/riyadh/north-of-riyadh/king-fahd/flat-for-sale-6810695
Land For Sale,2355,2355000942.0,"Land for Sale in Riyadh Ash Sharq§2,355,000942m²15mResidentialfor sale a plot of land in al-bayan neighborhood

plot number 230
plan number 3052
land area 942.8
land dimensions 29 on the street by 32.5Ash Sharq, Riyadh",https://sa.aqar.fm/en/land-for-sale/riyadh/east-of-riyadh/ash-sharq/land-for-sale-6419235
Villa For Sale,2000,2000000400.0,"Villa for Sale in Riyadh Tuwaiq§2,000,000400m²105# f2 # distinctive real estate opportunity – residential villa (ground floor + 3 apartments) – owner-built ✨

a fully integrated villa distinguished by quality construction and a strategic location in the heart of al-uraija al-gharbi district, close to all services, schools, and the metro station.

**price: 2,000,000** 💵

**location:** https://maps.app.goo.gl/hrx8h6axrzflznmh9?g_st=ipc

🏷️ **property details**
• 📍 district: al-uraija al-gharbi
• 📐 area: 400 sqm (dimensions: 20m × 20m)
• 🏗️ construction type: owner-built
• 📅 age: 15 years
• 📝 property status: fully rented (prior appointment required for viewing)

🔹 **specifications & interior layout:**

🏠 **ground floor:**
• 🚗 wide car entrance and garage
• 🛋️ men's sitting room and reception area with independent restrooms
• 👩‍💼 women's sitting room with restroom
• 👨‍👩‍👧‍👦 family lounge + kitchen
• 🛏️ 2 bedrooms with bathroom
• 📦 maid's room or storage room

🏢 **residential apartments (3 units):**
• apartment layout: (sitting room + reception + lounge + 2 bedrooms + kitchen + 2 bathrooms)
• third apartment: features an additional rooftop area with a bathroom
• ⚡ utilities: 3 independent electricity meters available

📞 **for contact & inquiries:**
basmat three real estate development & investment
📱 0534570006
📱 0552818929
☎️ 0114972632
✉️ sales@basmathara.com
🌐 www.basmathara.comTuwaiq, Riyadh",https://sa.aqar.fm/en/villa-for-sale/riyadh/west-of-riyadh/tuwaiq/villa-for-sale-6640938
Riyadh,14,,14,https://sa.aqar.fm/en/all/riyadh/14
Villa For Rent,57000,163.0,"Villa for Rent in Riyadh Ar Rimal§57,000/annually163m²331townhouse in tanal al-rimal neighborhood
private entrance
large rooftop
indoor parking and garage
3 bedrooms on the second floor
kitchen, living room, and sitting room on the first floor

monthly rent: 5,500
annual rent: 65,000
accepts two payments

ramz al-masakin real estate company

abu saudAr Rimal, Riyadh",https://sa.aqar.fm/en/villa-for-rent/riyadh/east-of-riyadh/ar-rimal/villa-for-rent-6692532
Land For Sale,1200123,54320.0,"Land for Sale in Riyadh Al Mahdiyah§1,200,123.54320m²15mResidential*for sale land area 320 square meters*

*specifications*
• land with area 320
• 15-meter street north
• dimensions 12.56 by 26.91

*property features*
close to mosque 🕌
- and garden ✨
price - 1,200,000

*we would be honored by your visit to the company*
we also have multiple lands
in al-mahdiya neighborhood at different prices

for more information and land viewing
_________________________
*muwafaqa real estate company*
abu ahmed
0551031732Al Mahdiyah, Riyadh",https://sa.aqar.fm/en/land-for-sale/riyadh/west-of-riyadh/al-mahdiyah/land-for-sale-6724317
Apartment For Sale,800,800000130.0,"Apartment for Sale in Riyadh As Saadah§800,000130m²331✴️luxury ground floor apartment with private backyard✴️
- ossus project - al-saada district
apartment: (b9)
- age: brand new
- prime location
- area + backyard: 138 sqm
*photos and video of the property are attached in the listing*

🏡amenities🏡
open majlis connected to living room + guest bathroom
living room
kitchen + storage
master bedroom with en-suite bathroom
two bedrooms + bathroom
private backyard for the apartment

💡building specifications💡
1- civil defense safety and protection system (fire detectors)
2- independent electricity meter
3- thermal and water insulation for building and apartments
4- private parking spaces
5- security systems (cameras + smart entry)
6- elevator
7- private garden for the project

💵sale💵
800,000 sar
eight hundred thousand riyals

🌐rakaz real estate🌐
for inquiries:

abu hamoud/
((advertiser number appears when contacted)) - english

abu omar/
((advertiser number appears when contacted))

abu ahmed/
((advertiser number appears when contacted))

whatsapp/
((advertiser number appears when contacted))As Saadah, Riyadh",https://sa.aqar.fm/en/apartment-for-sale/riyadh/east-of-riyadh/as-saadah/apartment-for-sale-6733202
Apartment For Rent,48000,70.0,"Apartment for Rent in Riyadh Tuwaiq§48,000/annually70m²111housing 102
luxury furnished hotel-style apartment for rent in tuwaiq district
✨ 1 luxury room
✨ living room - features luxury american sofa, service table, and 55-inch lg 4k screen with free shahid tv subscription.
✨ fully equipped bathroom - with elegant and modern design.
✨ complete kitchen - includes stovetop oven, microwave, kettle, refrigerator, washing machine, and coffee machine to meet all your daily needs.
monthly rent 4000 riyals
inclusive of:
internet
water
electricity
maintenance
building cleaningTuwaiq, Riyadh",https://sa.aqar.fm/en/apartment-for-rent/riyadh/west-of-riyadh/tuwaiq/apartment-for-rent-6733582
Flat For Sale,850,850000190.0,"Floor for Sale in Riyadh Az Zahrah§850,000190m²3**ground floor for sale 🏡**
**prime location, close to aisha street 📍**

**ground floor:**
- area: 250 sqm
- side yard
- tiled with a bathroom and laundry room
- sitting room (maqlas)
- large living room
- kitchen
- three bedrooms, including one master bedroom
- bathroom
- **price: 850,000**

**al-muwafaqa real estate | yousef al-shareef**
**contact | 0579872225**

all guarantees and documents are availableAz Zahrah, Riyadh",https://sa.aqar.fm/en/flat-for-sale/riyadh/west-of-riyadh/az-zahrah/flat-for-sale-6755450
Villa For Sale,1800,1800000630.0,"Villa for Sale in Riyadh Al Aziziyah§1,800,000630m²563✴️ villa with three separate apartments for sale – 10-meter street ✴️
al-aziziyah district – abu al-majd al-thaqafi street – near al-nasr road
area: 630 sqm
age: approximately 30 years
facade & dimensions:
west-facing, 10m street, width 21m × depth 30m

💫 excellent location and the property is subdivisible 💫

🏘️ villa amenities 🏘️
large courtyard + garden + car entrance

**- ground floor:**
fireplace + bathroom
sitting room + reception area + bathroom
living room + kitchen and storage + maid's room with private bathroom
2 bedrooms + bathroom
large outdoor patio and setbacks
two entrances to the ground floor from the courtyard side

**- upper floor (3 apartments):**
each apartment consists of:
living room + kitchen
2 bedrooms + bathroom + rooftop

*a fourth apartment can potentially be built*

⭐ additional property features ⭐
1. owner-built construction
2. close to all services (shopping, international and government schools, clubs, cafes, hospitals)
3. located in one of the best areas in al-aziziyah
4. situated between al-nasr road and thlab bin hamad road
5. three electricity meters
6. spacious room sizes

💵 price 💵
1,800,000 sar
one million and eight hundred thousand riyals

🌐 ركاز residential real estate & property management 🌐

abu hamoud /
((advertiser's number appears upon contact))

abu omar /
((advertiser's number appears upon contact))

abu fahad /
((advertiser's number appears upon contact))

advertisement license no. (7200593262)
fal brokerage & marketing license no.: 1200019477Al Aziziyah, Riyadh",https://sa.aqar.fm/en/villa-for-sale/riyadh/south-of-riyadh/al-aziziyah/villa-for-sale-6767904
Building For Sale,3300,3300000625.0,"Building for Sale in Riyadh As Saadah§3,300,000625m²36m✴️ for sale | corner commercial & residential building on two streets ✴️

📍 location: al-saada district – al-furousia street
📐 area: 625 square meters
📏 dimensions: 25 m × 25 m
🛣️ located on two streets:

- eastern street, 36 m wide (active commercial)
- northern street, 10 m wide

💫 an investment opportunity in a strategic location 💫

an existing building in a prime, fully-serviced location, offering steady income with future development potential.

🏢 property components:

✅ 5 commercial units – fully rented

✅ 3 residential apartments, each containing:
3 bedrooms + living room + kitchen + 2 bathrooms

⭐ property features:
- investment location on an active commercial street, 36 meters wide
- side entrance from a quiet northern street (10 meters)
- current annual income of approximately 175,000 sar
- income can be increased by up to 30%
- possibility to build annexes or additional units
- close to abu ubayda amer bin al-jarrah road
- close to the national guard (khashm al-aan)
- located in a high-density residential area
- all contracts documented through the ""ejar"" platform
- building regulations allow for three and a half floors

💵 asking price:
3,300,000 saudi riyals
three million three hundred thousand riyals

🌐 ركاز masakin real estate & property management 🌐
📞 for contact and inquiries:

📞 abu hamoud:
050.808.0959 (english)

📞 abu saleh:
055.058.0890 (english)

📞 abu omar:
053.955.9998

💬 direct whatsapp:
050.665.6563As Saadah, Riyadh",https://sa.aqar.fm/en/building-for-sale/riyadh/east-of-riyadh/as-saadah/building-for-sale-6767924
Apartment For Rent,138000,112.0,"Apartment for Rent in Riyadh As Sahafah§138,000/annually112m²221apartment 0b7
ad number: 3025
to book an appointment or view other units, please visit the aamar website: http://aamar.sa/units/3025

prices:
single payment: 138,000 sar
two payments: 143,000 sar
monthly installments: 165,600 sar

unit details:
2 bedrooms + 2 bathrooms
living room (1)
american kitchen (installed)
air conditioners: 0 (installed)
outdoor area (balcony)
private parking (building front)
smart lock

property location features:
🛣️ al olaya road – direct access 🛣️ king fahd road – 1 minute 🛣️ anas ibn malik road – 1 minute 💲 king abdullah financial district – 5 minutes 🎓 imam muhammad ibn saud islamic university – 10 minutes 🛫 king khalid international airport – 15 minutes 🚇 suleiman al-habib metro stationAs Sahafah, Riyadh",https://sa.aqar.fm/en/apartment-for-rent/riyadh/north-of-riyadh/as-sahafah/apartment-for-rent-6773171
Apartment For Rent,55000,80.0,"Apartment for Rent in Riyadh Al Yasmin§55,000/annually80m²231for rent: apartment in al-yasmin district, close to king abdulaziz road and anas ibn malik road.
the apartment consists of: 2 bedrooms, a living room, a sitting room, a kitchen, and 3 bathrooms.
new air conditioners – prime location.
rent: 58,000 sar in two installments / 55,000 sar in one installment.
contact:
0538241000 (osama)
(number appears upon pressing call) (abdulaziz)
(number appears upon pressing call) (naif)

alf real estate company
our services: marketing – property management – electronic contract writing
working hours: saturday to thursday (friday is a day off)
from 3:00 pm to 10:00 pmAl Yasmin, Riyadh",https://sa.aqar.fm/en/apartment-for-rent/riyadh/north-of-riyadh/al-yasmin/apartment-for-rent-6789856
Apartment For Sale,500,500000117.0,"Apartment for Sale in Riyadh Dahiat Namar§500,000117m²221- apartment price: 500,000 sar
- entrance to the front roof and a separate entrance to the apartment
- living room, lounge, kitchen, 2 bedrooms, and 2 bathrooms
- wide back roof with an area of 10x7
- garden space available
- elevator foundation with cable already in place
- al-muwafaqa real estate company
- ((number appears when pressing call))Dahiat Namar, Riyadh",https://sa.aqar.fm/en/apartment-for-sale/riyadh/west-of-riyadh/dahiat-namar/apartment-for-sale-6791263
Villa For Rent,120000,143.0,"Villa for Rent in Riyadh Al Arid§120,000/annually143m²352townhouse #7
listing number: 3456
to book an appointment or view other units, please visit the aamar website: http://aamar.sa/units/3456

**prices:**
single payment: 120,000 sar
two payments: 125,000 sar

**unit details:**
3 bedrooms + 5 bathrooms
living room (2) + separate sitting room (majlis)
american kitchen (built-in)
4 air conditioners (built-in)
maid's room
laundry room
outdoor area (private yard)
private parking (building front)
basement
smart lock

**property location features:**
🛣️ 5 minutes from king salman road
🍎 3 minutes from al-tamimi markets
🎓 15 minutes from imam muhammad ibn saud islamic university
🎓 14 minutes from princess nourah bint abdulrahman university
🛫 20 minutes from king khalid international airportAl Arid, Riyadh",https://sa.aqar.fm/en/villa-for-rent/riyadh/north-of-riyadh/al-arid/villa-for-rent-6794305
Apartment For Rent,65000,520.0,"Apartment for Rent in Riyadh Al Arid§65,000/annually520m²321apartment #0
listing number: 3608
to book an appointment or view other units, please visit the aamar website: http://aamar.sa/units/3608

prices:
single payment: 65,000 sar
two payments: 70,000 sar
monthly installments: 78,000 sar

unit details:
2 bedrooms + 2 bathrooms
living room (1) + separate lounge
american kitchen (built-in)
5 air conditioners (built-in)
private parking

*note:
room dimensions: 5.30 × 4.30
lounge dimensions: 4 × 5.70Al Arid, Riyadh",https://sa.aqar.fm/en/apartment-for-rent/riyadh/north-of-riyadh/al-arid/apartment-for-rent-6794268
Big Flat For Rent,70000,450.0,"Floor for Rent in Riyadh Ghirnatah§70,000/annually450m²53🏡 modern ground floor unit for rent – granada district 🏡

📐 area: 250 sqm
total rooms: 4 + annex + maid's room
✨ consists of:
🚗 car entrance
🌿 front yard
🔥 fireplace (annex)
🛋️ majlis (sitting room)
🍽️ dining room
🛋️ living room
🛏️ 2 bedrooms
🚿 3 bathrooms
🍳 kitchen
🌿 back yard
🧹 maid's room
- built-in kitchen – built-in air conditioners

💰 price:
🔹 80,000 sar – two installments
🔹 70,000 sar – one payment

📞 for contact and inquiries:
0534088882Ghirnatah, Riyadh",https://sa.aqar.fm/en/big-flat-for-rent/riyadh/east-of-riyadh/ghirnatah/big-flat-for-rent-6806729
Big Flat For Rent,115000,166.0,"Floor for Rent in Riyadh An Narjis§115,000/annually166m²341floor #0
listing number: 3555
to book an appointment or view other units, please visit the aamar website: http://aamar.sa/units/3555
prices:
single payment: 115,000 sar
two payments: 120,000 sar
unit details:
3 bedrooms + 4 bathrooms
living room (1) + separate sitting room + dressing room
american kitchen (installed)
3 air conditioners (installed)
maid's room
outdoor area (balcony or private roof)
private parking (building front)
smart lockAn Narjis, Riyadh",https://sa.aqar.fm/en/big-flat-for-rent/riyadh/north-of-riyadh/an-narjis/big-flat-for-rent-6828845
Villa For Sale,1200,1200000330.0,"Villa for Sale in Riyadh Al Bariah§1,200,000330m²1073✴️ **for sale – duplex villa** ✴️

📍 **location:** al-buraya district – raya street
📐 **area:** 330 m²
📆 **age:** 3 years
📏 **facade:** east-facing – 25-meter street
📐 **dimensions:** 10 m × 25 m
💵 **rented with an annual income of 100,000 sar**

📸 photos and video of the property are attached to the listing

---

🏡 **villa specifications** 🏡

✅ **ground floor:**
- large courtyard + car entrance
- men's entrance and women's entrance
- external annex – bathroom
- majlis + sitting area + bathroom
- living room + kitchen + bathroom
- elderly room + bathroom

✅ **upper floor:**
- living room
- 2 master bedrooms with private bathrooms
- 2 bedrooms + shared bathroom

✅ **rooftop:**
- living room
- master bedroom with private bathroom
- room with bathroom
- spacious rooftop

---

✨ **additional features** ✨
- rented with an annual income of 100,000 sar
- close to al-sali ring road
- close to the second industrial city (modon)
- ideal opportunity for residence or investment
- close to king salman naval support base
- opposite a facility and mosque, and near a park
- close to services (gas station, shopping, supermarket, atm, and more)
- 25-meter wide street
- elevator foundation installed

---

**complete documents:**
✔️ plot plan
✔️ building permit
✔️ occupancy certificate (construction completion)
✔️ electrical power release certificate

---

💵 **price** 💵
**asking price: 1,200,000 sar**
one million two hundred thousand saudi riyals

---

🌐 **msakin rikaz real estate** 🌐
📞 for inquiries and contact:

abu hamoud: 050.808.0959
abu omar: 053.955.9998
abu saleh: 055.058.0890
whatsapp: 050.665.6563

📑 advertisement license no.: (7201102884)
📄 fal brokerage & marketing license: 1200019477Al Bariah, Riyadh",https://sa.aqar.fm/en/villa-for-sale/riyadh/south-of-riyadh/al-bariah/villa-for-sale-6841246
Villa For Sale,3500,3500000675.0,"Villa for Sale in Riyadh Al Fayha§3,500,000675m²1152No descriptionAl Fayha, Riyadh",https://sa.aqar.fm/en/villa-for-sale/riyadh/east-of-riyadh/al-fayha/villa-for-sale-6848033
Flat For Sale,600,600000184.0,"Floor for Sale in Riyadh Dirab§600,000184m²441**🔹 floors for sale - al maha district**
**area:** 300 sqm | **street:** 15m | **facade:** south-west

**1. ground floor - 600,000 sar**
. sitting room + bathroom
. maqalat (utility/prep room)
. living room
. kitchen
. two master bedrooms
. bedroom + bathroom

**for contact:**
muwafaqa real estate company

((number appears when pressing call))Dirab, Riyadh",https://sa.aqar.fm/en/flat-for-sale/riyadh/west-of-riyadh/dirab/flat-for-sale-6852817
Apartment For Rent,95000,135.0,"Apartment for Rent in Riyadh Al Malqa§95,000/annually135m²331apartment #d209
listing number: 3894
to book an appointment or view other units, please visit the aamar website: http://aamar.sa/units/3894

prices:
single payment: 95,000 sar
two payments: 100,000 sar

unit details:
3 bedrooms + 3 bathrooms
living room (1) + separate sitting room
american kitchen (built-in)
7 air conditioners (built-in)
maid's room
outdoor area: none
private parking: underground
smart lock

building features:
elevator
surveillance cameras + pin code gate
swimming pool
electric vehicle charging stationAl Malqa, Riyadh",https://sa.aqar.fm/en/apartment-for-rent/riyadh/north-of-riyadh/al-malqa/apartment-for-rent-6855768
Apartment For Rent,4500,425.0,"Apartment for Rent in Riyadh Al Arid§4,500/annually425m²331for rent, an apartment in a villa in hiss al-arid neighborhood, new
close to the mosque, just steps away
super deluxe finishing
installed air conditioners
installed kitchen
independent electricity meter
consisting of:
- two bedrooms, one of which is a master bedroom
- living room
- kitchen
- sitting room (majlis)
- three bathrooms
- balcony
- second floorAl Arid, Riyadh",https://sa.aqar.fm/en/apartment-for-rent/riyadh/north-of-riyadh/al-arid/apartment-for-rent-6879164
Apartment For Rent,60000,192.0,"Apartment for Rent in Riyadh Dhahrat Laban§60,000/annually192m²432apartment #28
ad number: 4373
to book an appointment or view other units, please visit the aamar website: http://aamar.sa/units/4373

prices:
single payment: 60,000 sar
two payments: 65,000 sar

unit details:
3 bedrooms + 3 bathrooms
living room (2)
american kitchen (built-in)
air conditioners: 0 (built-in)
outdoor area: none
private parking: noneDhahrat Laban, Riyadh",https://sa.aqar.fm/en/apartment-for-rent/riyadh/west-of-riyadh/dhahrat-laban/apartment-for-rent-6886019
Riyadh,15,,15,https://sa.aqar.fm/en/all/riyadh/15
Apartment For Sale,1200,1200000166.0,"Apartment for Sale in Riyadh Ar Rimal§1,200,000166m²4🏡 new apartment for sale – a special opportunity for family living

for sale: a new residential apartment with modern finishing and distinctive specifications, combining comfort and privacy in a convenient location.

✨ apartment specifications:

* 4 spacious bedrooms
* 2 large living rooms
* 4 bathrooms
* located on the third floor
* elevator available
* 2 independent entrances
* private rooftop
* water and electricity available

⭐ additional features:

* brand new apartment, never been lived in
* practical design with comfortable spaces
* high privacy thanks to the two entrances and private rooftop
* suitable for families seeking comfort and stability

don't miss the opportunity to own a fully-featured apartment at a competitive price. for inquiries and contact, please reach us at: 0596999824Ar Rimal, Riyadh",https://sa.aqar.fm/en/apartment-for-sale/riyadh/east-of-riyadh/ar-rimal/apartment-for-sale-6743548
Villa For Rent,150000,425.0,"Villa for Rent in Riyadh An Nuzhah§150,000/annually425m²731villa for rent consisting of:

**ground floor:**
two rooms (living room and reception hall) and lounges

**first floor:**
3 bedrooms and a living room, including 2 master bedrooms

**rooftop:**
a room, living room, and bathroom

2-car parking
driver's room
kitchen
elevator
tent in the courtyard

contact via whatsapp:
0534051000An Nuzhah, Riyadh",https://sa.aqar.fm/en/villa-for-rent/riyadh/north-of-riyadh/an-nuzhah/villa-for-rent-6747348
Office For Rent,47000,1166.0,"Commercial Office for Rent in Riyadh Al Yarmouk§47,000/annually1,166m²office for rent in al-yarmouk district on imam saud road
area: 65 meters
split ac units included
rent in two payments: 50,000
for contact:
(phone number appears by clicking on the whatsapp icon)Al Yarmouk, Riyadh",https://sa.aqar.fm/en/office-for-rent/riyadh/east-of-riyadh/al-yarmouk/office-for-rent-6748533
Apartment For Sale,750,750000146.0,"Apartment for Sale in Riyadh Al Mahdiyah§750,000146m²3may allah bless all your times.

we offer you ownership apartments
located in a prime location 📍
with various spaces

apartment specifications:
family living room, dining room, semi-independent kitchen, master bedroom suite, 2 bedrooms, 3 bathrooms

prime location advantages ✨
close to king saud university, close to specialist hospital, close to a park and mosque

features include •
distinctive designs _ quality of construction _ quality of materials used _ car entrance _ private parking _ smart entry _ elevator

* malath insurance on the structural framework
* plumbing and electrical warranties
* equipped with safety measures in accordance with civil defense regulationsAl Mahdiyah, Riyadh",https://sa.aqar.fm/en/apartment-for-sale/riyadh/west-of-riyadh/al-mahdiyah/apartment-for-sale-6754310
Big Flat For Rent,38000,155.0,"Floor for Rent in Riyadh Al Janadriyah§38,000/annually155m²531**price: 35,000 sar – two installments**

🏡 **for rent – second floor | al-janadriyah district** ✨

📍 **location:** riyadh – al-janadriyah district
🏠 **floor:** second floor
🛏️ 3 spacious bedrooms
👨‍👩‍👦 men's sitting room (majlis) + maqlaṭ (reception/anteroom)
🛋️ large family living room
🍽️ separate kitchen
🚿 2 bathrooms

🔹 the property is slightly old, but suitable and spacious

💰 **annual rent:** 35,000 sar
💳 **payment:**
▪️ first installment for 6 months
▪️ remaining amount paid monthly or every 6 months as per the tenant's preference

📲 **for inquiries and contact – whatsapp only:**
((number appears when you click on call))Al Janadriyah, Riyadh",https://sa.aqar.fm/en/big-flat-for-rent/riyadh/east-of-riyadh/al-janadriyah/big-flat-for-rent-6772840
Big Flat For Rent,50000,375.0,"Floor for Rent in Riyadh Ishbiliyah§50,000/annually375m²531upper floor with five rooms, a living room, and three bathrooms for rent in a villa (first floor) in the ishbiliyah district.
- excellent location, close to the park

two entrances -
the floor consists of:
three rooms including a master bedroom - a sitting room (majlis) - a reception room (muqlat) - a living room - a kitchen - three bathrooms
rent: 50,000
for contact:
((the number appears when clicking on the whatsapp icon))Ishbiliyah, Riyadh",https://sa.aqar.fm/en/big-flat-for-rent/riyadh/east-of-riyadh/ishbiliyah/big-flat-for-rent-6772855
Apartment For Rent,60000,141.0,"Apartment for Rent in Riyadh Ar Rimal§60,000/annually141m²41apartment for rent in al-rimal district, close to al-bijadi road and prince mohammed bin salman road.
located in a residential building.
first floor apartment, area: 142 square meters.
smart entry system.
3-bedroom apartment.
living room.
storage room.
installed air conditioners.
built-in kitchen.
covered parking space.
independent electricity meter.Ar Rimal, Riyadh",https://sa.aqar.fm/en/apartment-for-rent/riyadh/east-of-riyadh/ar-rimal/apartment-for-rent-6775805
Big Flat For Rent,100000,146.0,"Floor for Rent in Riyadh Al Ezdihar§100,000/annually146m²341luxury and upscale upper floor for rent - al-izdihar district
within the madkhal floors project - al-izdihar district
📍 location: a very prime location near schools and services.
components: 3 bedrooms (including a master bedroom) + living room + maid's room + balcony + 4 bathrooms.
✨ features: built-in kitchen and air conditioners (high quality) + master bedroom and dressing room fully furnished.
✅ elevator available
price: 100,000 sar / annuallyAl Ezdihar, Riyadh",https://sa.aqar.fm/en/big-flat-for-rent/riyadh/east-of-riyadh/al-ezdihar/big-flat-for-rent-6877647
Villa For Rent,100000,186.0,"Villa for Rent in Riyadh An Narjis§100,000/annually186m²361townhouse #6
listing number: 2930
to book an appointment or view other units, please visit the aamar website: http://aamar.sa/units/2930

prices:
single payment: 100,000 sar
two payments: 100,000 sar
monthly installments: 126,000 sar

unit details:
4 bedrooms + 6 bathrooms
living room (1) + separate majlis
american kitchen (fitted)
air conditioners: 0 (fitted)
private entrance
outdoor area (private roof)
private parking (underground)

property location features:
🛣️ king salman road — 8 minutes
🎓 princess nourah bint abdulrahman university — 18 minutes
✈️ king khalid international airport — 20 minutes
🕌 mosque — 2 minutesAn Narjis, Riyadh",https://sa.aqar.fm/en/villa-for-rent/riyadh/north-of-riyadh/an-narjis/villa-for-rent-6878312
Villa For Sale,1230,1230000302.0,"Villa for Sale in Riyadh Tuwaiq§1,230,000302m²552assalamu alaikum wa rahmatullahi wa barakatuh
i present to you a corner duplex in tuwaiq neighborhood
for 1,230,000 sar
elevator-ready

it consists of a car entrance, men's sitting room, cloakroom, hall, and kitchen

first floor // three master bedrooms

second floor // two master bedrooms, a hall, and a rooftop

for contact and inquiries // ((the number appears when you press call))

excellent personal workmanship with all necessary guarantees including electrical, insulation, engineering supervision certificate, and for our valued clients, all financing and real estate facilities are available, along with a building completion certificate.

for contact and inquiriesTuwaiq, Riyadh",https://sa.aqar.fm/en/villa-for-sale/riyadh/west-of-riyadh/tuwaiq/villa-for-sale-6888204
Apartment For Rent,25000,810.0,"Apartment for Rent in Riyadh Al Wadi§25,000/annually810m²11luxury apartment for rent in al-wadi district (families)

consists of:
bedroom + kitchen + bathroom
- prime location - quiet building
- close to public services
(fitted kitchen - split ac included)

price: 25,000

ibda'a al-aqariya (creative real estate)
rental - sales - property management - full building leasing
((Advertiser's number appears upon contact))((Advertiser's number appears upon contact))559638555Al Wadi, Riyadh",https://sa.aqar.fm/en/apartment-for-rent/riyadh/north-of-riyadh/al-wadi/apartment-for-rent-6856644
Villa For Sale,4500,4500000375.0,"Villa for Sale in Riyadh Al Hamra§4,500,000375m²854for sale in al-hamra district – private construction
next to al-hamra metro station, behind harvey's, behind a primary and intermediate school.

the property consists of two independent floors, a side staircase, and a basement.
investment opportunity.
basement + ground floor + upper floor + second floor (large sports hall).

**ground floor:**
3 rooms, each with an en-suite bathroom
men's sitting room, maqalat room, hall, and kitchen
bathroom
courtyard and driver's room

**upper floor:**
3 rooms, each with an en-suite bathroom
sitting room with bathroom
hall and kitchen
private rooftop

**rooftop:**
very large sports hall
bathroom
private rooftop

age: 15 years

street width: 15 meters, west-facing, with parking in front
adjacent garden nearby

**asking price: 4,500,000 sar**
fully furnished – a great opportunity

direct offer from the ownerAl Hamra, Riyadh",https://sa.aqar.fm/en/villa-for-sale/riyadh/east-of-riyadh/al-hamra/villa-for-sale-6886620
Flat For Sale,896,896000193.0,"Floor for Sale in Riyadh Al Hazm§896,000193m²3**praise be to allah — by the grace and gratitude of allah, the project has been completed** 🙏

🇸🇦 **national day offer — al-awali al-amni** 🇸🇦

**for sale — subdivided duplex — south-facing — 20-meter street**
opposite a facility (vacant land) — followed by najm al-din roundabout — riyadh green project

**features:**
- south-facing — wide 20-meter street
- opposite a facility — no neighbor facing the building — 100% privacy
- **parking spaces at the front**
- **independent water meter for each unit**
- **independent electricity meter for each unit**
- 6 independent title deeds — immediate transfer
- close to the **riyadh green project**
- accepted by all banks

**prices — national day offer**

🔹 **ground floor:**
land: 346 sqm — built-up area: 220 sqm — private fence: 65 sqm
**950,000 sar** — (floor unit remaining)

🔹 **first floor:** digital elevator available
land: 346 sqm — built-up area: 193 sqm
**896,000 sar** 🇸🇦 — (floor unit remaining)

🔹 **apartment:** digital elevator available
area: 114 sqm — private rooftop: 51 sqm
**620,000 sar** — (apartment remaining)

*(all warranties are available: al-ta'awuniyyah and al-qablan for plumbing — 20-year warranty; al-fattar for electrical — 20-year warranty; wc doors — 10-year warranty; and all other warranties for fixtures including mixers and spotlight lighting are available)*

📍 southern al-awali al-amni — behind salam mallAl Hazm, Riyadh",https://sa.aqar.fm/en/flat-for-sale/riyadh/west-of-riyadh/al-hazm/flat-for-sale-6888805
Villa For Sale,1600,1600000380.0,"Villa for Sale in Riyadh As Safaa§1,600,000380m²31**for sale: townhouse and penthouse in al-safa district**

**townhouse – area: 380 sqm**
- ground floor: car entrance, majlis (sitting room), open-plan living and dining area, kitchen, storage room, and 2 bedrooms
- first floor: 2 bedrooms
- rooftop: maid's room and rooftop terrace
**price: 1,600,000 sar**

**penthouse – area: 258 sqm**
- car entrance and elevator shaft (elevator-ready)
- first floor: majlis, living room, kitchen, and 1 bedroom
- second floor: 3 bedrooms, living room, maid's room, and rooftop terrace
**price: 1,300,000 sar**

- street width: 18 meters, east-facing
- all warranties included, with malath insurance for 10 yearsAs Safaa, Riyadh",https://sa.aqar.fm/en/villa-for-sale/riyadh/east-of-riyadh/as-safaa/villa-for-sale-6821268
Apartment For Rent,48000,312.0,"Apartment for Rent in Riyadh Al Arid§48,000/annually312m²331luxury apartment for rent in al-aarид neighborhood

it consists of:
sitting room + 2 bedrooms + living room + kitchen + 3 bathrooms + private rooftop for the apartment
(kitchen not installed – air conditioners installed)

property features:
- master bedroom available
- luxury design
- close to services
- private entrance for the apartment
- private parking

55,000 annual rent
1,000 water
3,000 refundable security depositAl Arid, Riyadh",https://sa.aqar.fm/en/apartment-for-rent/riyadh/north-of-riyadh/al-arid/apartment-for-rent-6838980
Apartment For Rent,75000,96.0,"Apartment for Rent in Riyadh An Narjis§75,000/annually96m²2apartment for rent | aris compound – al-narjis district

ground floor

2 bedrooms | living room | open kitchen | 2 bathrooms | laundry room

features:
• street view
• private rooftop sitting area
• private parking in the basement
• fitted kitchen
• fitted air conditioners

🏢 project amenities:
• reception and lobby
• smart entry system
• security cameras
• intercom system

🎯 project facilities:
• prayer room with private restrooms
• guest lounge
• guest dining hall
• sports club

📍 prime location:
• less than a minute from king salman road
• close to king khalid international airport
• close to uthman ibn affan road
• close to abu bakr al-siddiq road
• close to dr. sulaiman al-habib hospital

rent: 75,000 sar annually


khalid al-qahtani
0555642378An Narjis, Riyadh",https://sa.aqar.fm/en/apartment-for-rent/riyadh/north-of-riyadh/an-narjis/apartment-for-rent-6836856
Land For Sale,1260,1260000630.0,"Land for Sale in Riyadh Al Bariah§1,260,000630m²30m✴️ for sale | distinguished commercial land in a strategic location in riyadh ✴️

📍 location: al-buraiah district – al-azm street (street width: 30 meters)
📐 area: 630 square meters
🧱 frontage: north-facing on a commercial street with a width of 30m
🏗️ building system: up to 3.5 floors

📏 land dimensions:
north: street with 30m width, length of 21m
south: adjacent plot, length of 21m
east: adjacent plot, length of 30m
west: adjacent plot, length of 30m

💫 a rare investment opportunity in the heart of urban and commercial growth 💫

🏘️ location features:
- strategic location on a main commercial street
- close to al-sali ring road
- adjacent to the second industrial city (modon)
- opposite king salman naval support base
- ideal for establishing a commercial-residential project or real estate development
- building system allows up to 3.5 floors

💵 sale:
total: 1,260,000 sar
price per meter: 2,000 sar
🔖 competitive price suitable for the land's location and features

🌐 msakin rikaz real estate 🌐
📞 for contact and inquiries:

abu hamoud:
050.808.0959
abu omar:
053.955.9998
abu saleh:
055.058.0890
whatsapp:
050.665.6563

📑 advertisement license number: 7201102982
📄 fal brokerage and marketing license: 1200019477Al Bariah, Riyadh",https://sa.aqar.fm/en/land-for-sale/riyadh/south-of-riyadh/al-bariah/land-for-sale-6841374
Apartment For Rent,75000,120.0,"Apartment for Rent in Riyadh Al Yasmin§75,000/annually120m²341apartment #1
listing number: 3035
to book an appointment or view other units, please visit the aamar website: http://aamar.sa/units/3035

prices:
single payment: 75,000 sar

unit details:
3 bedrooms + 4 bathrooms
living room (1)
american kitchen (built-in)
air conditioners: 0 (built-in)
maid's room
laundry room
private entrance
outdoor area (private yard)
private parking (building front)

property location features:
🛣️ king salman road — 10 minutes 🛣️ anas ibn malik road — 5 minutes 🎓 imam muhammad ibn saud islamic university — 10 minutes 🚇 metro station — 9 minutesAl Yasmin, Riyadh",https://sa.aqar.fm/en/apartment-for-rent/riyadh/north-of-riyadh/al-yasmin/apartment-for-rent-6839407
Apartment For Rent,85000,109.0,"Apartment for Rent in Riyadh An Narjis§85,000/annually109m²3No descriptionAn Narjis, Riyadh",https://sa.aqar.fm/en/apartment-for-rent/riyadh/north-of-riyadh/an-narjis/apartment-for-rent-6848031
Flat For Sale,1390,1390000175.0,"Floor for Sale in Riyadh An Narjis§1,390,000175m²3🏡 musharif 17 floors | al-narjis district

✨ strategic location & high-quality construction

(first block north of king salman road)
access via king salman bin abdulaziz road
📍 distance:
2 minutes from uthman bin affan road
5 minutes from abu bakr al-siddiq road

🔹 project features
✔ independent lounges with private entrances
✔ smart entry system (smart locks + video intercom)
✔ separate water tanks and meters for each unit
✔ elevator and private parking with modern shade structures
✔ private spaces and skylight
✔ connected sewage system and warranty certificates for insulation and pipingAn Narjis, Riyadh",https://sa.aqar.fm/en/flat-for-sale/riyadh/north-of-riyadh/an-narjis/flat-for-sale-6894437
Riyadh,16,,16,https://sa.aqar.fm/en/all/riyadh/16
Big Flat For Rent,51000,500.0,"Floor for Rent in Riyadh Ishbiliyah§51,000/annually500m²531🏠 for rent | upper floor in ishbiliyah district – al-omairini

📍 next to park no. 1

✨ the floor consists of:
• 5 rooms
• sitting room (majlis)
• living room (hall)
• maqalat room
• 3 bedrooms
• 3 bathrooms
• kitchen
• 2 entrances
• very clean floor

💰 price: 50,000 sar annually
💳 two installments

📞 for contact and inquiries:
0534088882Ishbiliyah, Riyadh",https://sa.aqar.fm/en/big-flat-for-rent/riyadh/east-of-riyadh/ishbiliyah/big-flat-for-rent-6680132
Office For Rent,117000,96.0,"Commercial Office for Rent in Riyadh As Sahafah§117,000/annually96m²✨ commercial offices for rent – prime location in riyadh ✨

📍 location:
on a vital main street in riyadh, close to king fahd road and king abdullah road, in a location easily accessible from all directions.

📊 property features:
✔ multiple office spaces suitable for all activities
✔ design with open and flexible spaces
✔ frontage on a distinguished commercial street
✔ vital location with high traffic
✔ close to services (restaurants, cafes, banks, companies)

suitable for:
companies, administrative offices, commercial activities

for contact and inquiries:-

0501987599As Sahafah, Riyadh",https://sa.aqar.fm/en/office-for-rent/riyadh/north-of-riyadh/as-sahafah/office-for-rent-6701741
Land For Sale,1600200,14450.0,"Land for Sale in Riyadh Al Mahdiyah§1,600,200.14450m²15mResidential**for sale: land with an area of 450 sqm**

**specifications**
• land area: 450 sqm
• 15 east street

**property features**
• close to a mosque 🕌
• and a garden ✨
• price: 1,600,000

**you are welcome to visit us at the company**
there are also multiple lands available
in al-mahdia district at various prices

for more information and to visit the land:
\_________________________
**muwafaqa real estate company**
abu ahmed
0551031732Al Mahdiyah, Riyadh",https://sa.aqar.fm/en/land-for-sale/riyadh/west-of-riyadh/al-mahdiyah/land-for-sale-6738216
Studios For Rent,37,3700080.0,"Studio for rent in Riyadh Al Yasmin§37,00080m²studio c22
listing number: 4341
to book an appointment or view other units, please visit the aamar website: http://aamar.sa/units/4341
prices:
single payment: 37,000 sar
monthly installments: 4,000 sar
unit details:
1 bedroom + 1 bathroom
living room (1)
kitchen (american) (installed)
air conditioners: 1 (installed)
outdoor area (none)
private parking (building_front)
smart lockAl Yasmin, Riyadh",https://sa.aqar.fm/en/Studios-for-rent/riyadh/north-of-riyadh/al-yasmin/Studios-for-rent-6898966
Apartment For Rent,50000,118.0,"Apartment for Rent in Riyadh Al Arid§50,000/annually118m²11studio #3.2
listing number: 786
to book an appointment or view other units, please visit aamar's website: http://aamar.sa/units/786

prices:
single payment: 50,000 sar
two payments: 55,000 sar

unit details:
1 bedroom + 1 bathroom
living room (0)
kitchen (american) (installed)
air conditioners: 2 (installed)
outdoor area (none)
private parking (building_front)

property location features:
🛣️ 2 minutes from king fahd road
🛣️ 2 minutes from king abdulaziz road
🍎 3 minutes from panda supermarket
🎓 10 minutes from princess nourah university
🎓 14 minutes from imam muhammad bin saud islamic university
🛫 22 minutes from king khalid international airportAl Arid, Riyadh",https://sa.aqar.fm/en/apartment-for-rent/riyadh/north-of-riyadh/al-arid/apartment-for-rent-6776631
Apartment For Sale,1149,1149000109.0,"Apartment for Sale in Riyadh Al Malqa§1,149,000109m²221🔥 discounts up to sar 275,000 | returns up to 8%

built-in kitchen – built-in air conditioners

alajlan riviera 23 project – al malqa district

an exceptional opportunity for living or investment in a strategic location in north riyadh.

available unit types (prices after discount):

🔹 2-bedroom apartments
starting from sar 1,149,000
sizes from 109 to 163 sqm

🔹 3-bedroom apartments
starting from sar 1,399,000
sizes from 126 to 236 sqm

🔹 townhouse | 4 bedrooms | 3 floors
starting from sar 2,300,000
sizes from 250 to 315 sqm

location highlights:
📍 1 minute to king fahd road
📍 3 minutes to king salman road
📍 3 minutes to the avenues mall
📍 3 minutes to anas ibn malik road

reserve your unit now before the offer runs outAl Malqa, Riyadh",https://sa.aqar.fm/en/apartment-for-sale/riyadh/north-of-riyadh/al-malqa/apartment-for-sale-6661378
Villa For Sale,550,550000175.0,"Villa for Sale in Riyadh Dahiat Namar§550,000175m²6🏠 **house for sale in dairab district – riyadh**

a distinctive opportunity to own property in a vibrant and quiet location. this house features a practical design with comfortable spaces suitable for families, along with a smart room layout that provides privacy and comfort. it is strategically located close to essential services and main roads, making it an ideal choice for residential living or real estate investment. ✨

📍 **location:** namar district – riyadh

📞 **for contact and inquiries:** act quickly to reserve and don't miss the opportunityDahiat Namar, Riyadh",https://sa.aqar.fm/en/villa-for-sale/riyadh/west-of-riyadh/dahiat-namar/villa-for-sale-6656526
Villa For Rent,65000,270.0,"Villa for Rent in Riyadh Al Arid§65,000/annually270m²371villa #97
listing number: 3891
to book an appointment or view other units, please visit the aamar website: http://aamar.sa/units/3891

prices:
single payment: 65,000 sar
two payments: 70,000 sar
monthly installments: 78,000 sar

unit details:
5 bedrooms + 7 bathrooms
living room (1) + dressing room
kitchen (split) (not installed)
air conditioners: 0 (not installed)
maid's room
laundry room
private entrance
outdoor area (none)
private parking (building_front)Al Arid, Riyadh",https://sa.aqar.fm/en/villa-for-rent/riyadh/north-of-riyadh/al-arid/villa-for-rent-6867674
Big Flat For Rent,43000,172.0,"Floor for Rent in Riyadh Taiba§43,000/annually172m²4🏡 ground floor apartment for rent – taybah district

it consists of:
• sitting room (majlis)
• maqlaṭ (secondary sitting area)
• living room
• kitchen
• 3 bedrooms, including a master bedroom

✨ a newly built floor with a practical design, suitable for familiesTaiba, Riyadh",https://sa.aqar.fm/en/big-flat-for-rent/riyadh/south-of-riyadh/taiba/big-flat-for-rent-6868029
Land For Sale,35000002,35000002500.0,"Land for Sale in Riyadh An Nadhim§3,500,0002,500m²15mResidentialramz al masakin company announces a land with an area of 2500 sqm
price per meter: 1400
prime locationAn Nadhim, Riyadh",https://sa.aqar.fm/en/land-for-sale/riyadh/east-of-riyadh/an-nadhim/land-for-sale-6882821
Apartment For Rent,45000,390.0,"Apartment for Rent in Riyadh An Narjis§45,000/annually390m²3🏡 for rent | residential apartment – al narjis district

📍 location: al narjis district – north of king salman road
• less than 2 minutes from king salman road
• located within a residential villa
• private entrance to the apartment

🏠 apartment details:
• third floor – no elevator
• 2 bedrooms
• sitting room (majlis)
• living room
• kitchen
• 2 bathrooms

✨ features:
• built-in kitchen
• built-in air conditioners in the sitting room and living room only
• independent electricity meter

💰 rent: 45,000 sar annually – in two installmentsAn Narjis, Riyadh",https://sa.aqar.fm/en/apartment-for-rent/riyadh/north-of-riyadh/an-narjis/apartment-for-rent-6882740
Riyadh,17,,17,https://sa.aqar.fm/en/all/riyadh/17
Apartment For Rent,60000,112.0,"Apartment for Rent in Riyadh Qurtubah§60,000/annually112m²231apartment #6-1a-s18
listing number: 4195
to book an appointment or view other units, please visit aamar's website: http://aamar.sa/units/4195

prices:
single payment: 60,000 sar
two payments: 65,000 sar

unit details:
2 bedrooms + 3 bathrooms
living room (1) + separate majlis
american kitchen (installed)
4 air conditioners (installed)
laundry/storage room
outdoor area: none
private parking: none
smart lockQurtubah, Riyadh",https://sa.aqar.fm/en/apartment-for-rent/riyadh/east-of-riyadh/qurtubah/apartment-for-rent-6898204
Apartment For Sale,750,75000075.0,"Apartment for Sale in Riyadh An Narjis§750,00075m²221luxury apartment for sale in al-narjis district
(families)
it consists of:
2 bedrooms + living room + kitchen + 2 bathrooms +
(built-in kitchen - split air conditioners included)
• close to services and schools
• quiet location
• luxury design
• apartment age: 7 years
price: 750,000An Narjis, Riyadh",https://sa.aqar.fm/en/apartment-for-sale/riyadh/north-of-riyadh/an-narjis/apartment-for-sale-6899985
Apartment For Rent,50000,80.0,"Apartment for Rent in Riyadh Al Aqiq§50,000/annually80m²111apartment #b18
listing number: 3861
to book an appointment or view other units, please visit the aamar website: http://aamar.sa/units/3861
prices:
one payment: sar 50,000
two payments: sar 55,000
monthly payments: sar 50,000
unit details:
1 bedroom + 1 bathroom
living room (1)
kitchen (american) (installed)
2 air conditioners (installed)
outdoor area (none)
private parking (both)
smart lockAl Aqiq, Riyadh",https://sa.aqar.fm/en/apartment-for-rent/riyadh/north-of-riyadh/al-aqiq/apartment-for-rent-6902246
Apartment For Rent,80000,143.0,"Apartment for Rent in Riyadh Al Qirawan§80,000/annually143m²341apartment a2
listing number: 3937
to book an appointment or view other units, please visit the aamar website: http://aamar.sa/units/3937

prices:
single payment: 90,000 sar
two payments: 95,000 sar

unit details:
3 bedrooms + 4 bathrooms
living room (1) + separate sitting room
american kitchen (installed)
6 air conditioners (installed)
storage room
outdoor area (none)
private parking (building front)Al Qirawan, Riyadh",https://sa.aqar.fm/en/apartment-for-rent/riyadh/north-of-riyadh/al-qirawan/apartment-for-rent-6903044
Villa For Rent,80000,174.0,"Villa for Rent in Riyadh Al Arid§80,000/annually174m²432townhouse #9
listing number: 3882
to book an appointment or view other units, please visit the aamar website: http://aamar.sa/units/3882

prices:
single payment: 85,000 sar
two payments: 90,000 sar

unit details:
3 bedrooms + 3 bathrooms
living room (2) + separate majlis
american kitchen (fitted)
air conditioners (fitted)
maid's room
laundry room / storage room
outdoor area (balcony)
private parking (building front)Al Arid, Riyadh",https://sa.aqar.fm/en/villa-for-rent/riyadh/north-of-riyadh/al-arid/villa-for-rent-6903068
Apartment For Rent,3500,100.0,"Apartment for Rent in Riyadh Dhahrat Laban§3,500/annually100m²111🏡 luxury furnished family apartment for rent
📍 laban district
✨ one bedroom
✨ living room
✨ office kitchen (pantry kitchen)
✨ bathroom
✨ split air conditioner
⚡ electricity and water included
💰 3,500 per month
📌 payment: monthly
https://maps.google.com/?q=24.645199,46.545784Dhahrat Laban, Riyadh",https://sa.aqar.fm/en/apartment-for-rent/riyadh/west-of-riyadh/dhahrat-laban/apartment-for-rent-6903579
Apartment For Sale,700,700000130.0,"Apartment for Sale in Riyadh Al Hazm§700,000130m²431🔹 **apartment for sale – al-hazm district**

**area:** 130 m² | **street width:** 25 m | **facade:** west-facing | **price:** **700,000 sar**
**apartment age:** 2 years | **developer: al-sulaiman real estate company**

**details:**
- majlis + bathroom
- living room
- kitchen
- master bedroom
- 2 bedrooms + bathroom
- setback

**features:**
- built-in ac units + kitchen
- private parking 🅿️
- all warranties available
- smart building entry
- smart apartment entry (fingerprint + card + code)
- **developer: al-sulaiman real estate company – excellent finishing 👌**

---
**contact:**
muwafaqa real estate company
*(number appears upon pressing call)*Al Hazm, Riyadh",https://sa.aqar.fm/en/apartment-for-sale/riyadh/west-of-riyadh/al-hazm/apartment-for-sale-6860498
Apartment For Rent,80000,107.0,"Apartment for Rent in Riyadh Al Qirawan§80,000/annually107m²231✨ for rent | fully furnished apartment – al qairawan district

📍 prime location | nirvana resident 12 project

a fully furnished apartment with a practical design and a distinguished location within a residential project in al qairawan district. suitable for families and those seeking an upscale, well-organized residence with privacy and private parking.

━━━━━━━━━━━━━━━━━━
🏠 apartment details
━━━━━━━━━━━━━━━━━━

▪️ area: 107 m²
▪️ floor: ground floor
▪️ single entrance
▪️ independent electricity meter
▪️ private parking space

🛋️ consists of:
▪️ sitting room (majlis)
▪️ sitting room bathroom
▪️ living room
▪️ kitchen
▪️ laundry room
▪️ two bedrooms, one of which is a master bedroom
▪️ bathroom

━━━━━━━━━━━━━━━━━━
💰 annual rent: 80,000 sar
━━━━━━━━━━━━━━━━━━

📞 for contact and inquiries:

abu jana: ((number appears upon clicking call))
khalid: ((number appears upon clicking call))

🏢 ru'yatك real estate companyAl Qirawan, Riyadh",https://sa.aqar.fm/en/apartment-for-rent/riyadh/north-of-riyadh/al-qirawan/apartment-for-rent-6860624
Apartment For Rent,70000,128.0,"Apartment for Rent in Riyadh Al Arid§70,000/annually128m²221apartment #7
listing number: 3678
to book an appointment or view other units, please visit the aamar website: http://aamar.sa/units/3678

prices:
single payment: 70,000 sar
two payments: 80,000 sar
monthly installments: 84,000 sar

unit details:
2 bedrooms + 2 bathrooms
living room (1) + dressing room
american kitchen (included)
6 air conditioners (included)
outdoor area: none
private parking: underground
smart lock

building features:
elevator
surveillance cameras + gate with pin codeAl Arid, Riyadh",https://sa.aqar.fm/en/apartment-for-rent/riyadh/north-of-riyadh/al-arid/apartment-for-rent-6867681
Big Flat For Rent,70000,442.0,"Floor for Rent in Riyadh Al Arid§70,000/annually442m²331offer no. 4306
assalamu alaikum wa rahmatullahi wa barakatuh
a floor with a rooftop for rent in al-arid district

floor components:
- 3 bedrooms
- 3 bathrooms
- 2 kitchens
- a spacious living room, a sitting room (majlis), air conditioning units installed, a kitchen, and two entrances to the floor
- private entrance

price:
- one installment: 70,000
- two installments: 75,000

for contact, abu talal: 070-0570055

rukn al-ibrah real estate company
our services: marketing – property management – real estate development – electronic contract writing – owners' association – off-plan sales services
working hours: from 4 pm to 10 pm
whatsapp available 24 hoursAl Arid, Riyadh",https://sa.aqar.fm/en/big-flat-for-rent/riyadh/north-of-riyadh/al-arid/big-flat-for-rent-6872592
Apartment For Sale,750,75000052.0,"Apartment for Sale in Riyadh An Narjis§750,00052m²111**offer no. 4315**

in the name of allah, the most gracious, the most merciful
please read the advertisement carefully
peace, mercy, and blessings of allah be upon you

🔷♦️ **luxury modern apartment for sale – al-narjis district**
**(inas project)**

- **area:** 52 sqm

◀️ **consists of:**

- large master bedroom with en-suite bathroom
- living room
- courtyard
- private entrance

📌 air conditioners and kitchen are included

💸 **selling price:**
**750,000 sar**

bank financing and cash accepted

📞 **contact:**
abu rafif
055-66-78-197
abu saad
053-688-3439

**rukn al-ibra real estate company**
**our services:** marketing – property management – real estate development – electronic contract writing – owners' association – off-plan sales services
**working hours:** from 4:00 pm to 10:00 pm
whatsapp available 24 hoursAn Narjis, Riyadh",https://sa.aqar.fm/en/apartment-for-sale/riyadh/north-of-riyadh/an-narjis/apartment-for-sale-6882536
Apartment For Rent,45000,273.0,"Apartment for Rent in Riyadh An Narjis§45,000/annually273m²321luxury apartment in a villa in al-narjis district
consisting of:
three bedrooms + living room + kitchen + two bathrooms
air conditioners installed + kitchen installed
note: a small family is required – newlyweds, or newlyweds with one child
light well available
excellent location, close to all services
price: 45,000
osool al-khibra real estateAn Narjis, Riyadh",https://sa.aqar.fm/en/apartment-for-rent/riyadh/north-of-riyadh/an-narjis/apartment-for-rent-6890362
Studios For Rent,36,3600025.0,"Studio for rent in Riyadh Al Yasmin§36,00025m²studio 6652322
listing number: 4241
to book an appointment or view other units, please visit the aamar website: http://aamar.sa/units/4241

prices:
single payment: 44,400 sar
monthly installments: 3,700 sar

unit details:
1 bedroom + 1 bathroom
living room (0)
kitchen: american style (installed)
air conditioners: 1 (installed)
outdoor area: none
private parking: building front

building features:
elevator
security cameras + pin code gateAl Yasmin, Riyadh",https://sa.aqar.fm/en/Studios-for-rent/riyadh/north-of-riyadh/al-yasmin/Studios-for-rent-6896427
Flat For Sale,650,650000185.0,"Floor for Sale in Riyadh Dahiat Namar§650,000185m²4for sale in riyadh - dahiyat namar district, plan 3020

ground floor
area: 300 sqm
street width: 20m
east facing
prime location, close to services

floor details:
car entrance, men's majlis, mudroom, living room, kitchen, and 3 bedrooms

all warranties available, up to 25 years warranty

contact: 0550264375Dahiat Namar, Riyadh",https://sa.aqar.fm/en/flat-for-sale/riyadh/west-of-riyadh/dahiat-namar/flat-for-sale-6895566
Apartment For Rent,36000,85.0,"Apartment for Rent in Riyadh Sultanah§36,000/annually85m²321apartment for rent in shubra district
it consists of:

• living room
• 2 bedrooms
• spacious hall
• kitchen
• 2 bathrooms
{ fitted kitchen }
{ without air conditioners }
property features:
• excellent neighborhood, close to all services
• in front of flamingo mall + next to suleiman al-habib hospital
• in a villa
price: 36,000 (one payment)
price: 37,000 (two payments)

0552086444 - 0552408444 - 0530781444Sultanah, Riyadh",https://sa.aqar.fm/en/apartment-for-rent/riyadh/west-of-riyadh/sultanah/apartment-for-rent-6782207
Villa For Sale,2000,2000000250.0,"Villa for Sale in Riyadh Al Munsiyah§2,000,000250m²342duplex for sale in roshn sedra community 🏘️
duplex villa for sale in roshn sedra community 🏡
prime location, street behind it 📍
3 bedrooms (1 master with walk-in closet) 🛏️
large reception/living area 🛋️☕️
kitchen with cabinets installed 👨‍🍳
4 bathrooms 🚽🛁
laundry room 🫧
backyard 🪴⛲️
2 shaded car parking spaces 🅿️
rented

thamer al-hamoud
((Advertiser's number appears upon contact))Al Munsiyah, Riyadh",https://sa.aqar.fm/en/villa-for-sale/riyadh/east-of-riyadh/al-munsiyah/villa-for-sale-6812504
Land For Sale,1950,1950000325.0,"Land for Sale in Riyadh Al Yarmouk§1,950,000325m²20mResidential✴️ golden opportunity – corner plot for sale in a prime location ✴️
📍 location: al yarmouk district – on two streets (corner)
📐 area: 325 m²
🧭 orientation: north-east (corner)

📏 plot dimensions:
north: 20-meter wide street – length: 25m
south: adjacent plot – length: 25m
east: 15-meter wide street – length: 13m
west: adjacent plot – length: 13m

💡 location highlights:
✔️ steps away from the mosque and park
✔️ strategic location in an upscale residential neighborhood
✔️ corner frontage on two streets offering construction flexibility and excellent views
✔️ close to all amenities (schools – restaurants – cafes – shopping centers)
✔️ minutes from dammam expressway
✔️ nearby jogging track and family parks
✔️ electricity and water meters ready

💰 price:
🔹 6,000 sar per square meter
🔹 total: 1,950,000 sar

🌐 msakin rikaz real estate 🌐
📞 for inquiries and contact:
abu hamoud (english): 0508.08.0959
abu omar: 053.955.9998
abu saud: 057.370.4030
💬 whatsapp: 050.665.6563

📑 advertisement license no.: 7201092071
📑 fal brokerage & marketing license no.: 1200019477Al Yarmouk, Riyadh",https://sa.aqar.fm/en/land-for-sale/riyadh/east-of-riyadh/al-yarmouk/land-for-sale-6829465
Riyadh,18,,18,https://sa.aqar.fm/en/all/riyadh/18
Apartment For Sale,800,800000157.0,"Apartment for Sale in Riyadh Ad Duraihimiyah§800,000157m²541upper floor and annex
townhouse
behind al-suwaidi park
five minutes walking distance from the market, one minute walk to the mosque, all schools are very nearby, 5 minutes to al-hamadi hospital, very close, 5 minutes, all services available
street 25
al-suwaidi district
area: 157
property type: floor/unit
property age: 4 years
the property is mortgaged with al-rajhi bank

it consists of:
five bedrooms, four bathrooms, a kitchen, a living room, and an annex containing a large room currently used as a storage room, a laundry room with its own bathroom, a private parking space, a private garage with a gate, a large rooftop, an independent water tank with a private water meter.Ad Duraihimiyah, Riyadh",https://sa.aqar.fm/en/apartment-for-sale/riyadh/west-of-riyadh/ad-duraihimiyah/apartment-for-sale-6807209
Apartment For Rent,70000,116.0,"Apartment for Rent in Riyadh Al Yarmouk§70,000/annually116m²331**luxury modern apartment for rent in al-yarmouk district**
**project: (al-mahmil 105)**

**area:** 106 m²

**the apartment consists of:**
- 3 bedrooms + living room + kitchen
- 3 bathrooms + laundry area + balcony
- (built-in kitchen – 2 built-in split ac units)

**notes:**
- master bedroom available
- private parking space in the basement

**building features:**
- smart entry system
- security cameras
- swimming pool
- men's and women's gym
- nursery/childcare
- reception lounge
- walking path
- prayer room
- play area
- outdoor walkway

**price: 70,000**Al Yarmouk, Riyadh",https://sa.aqar.fm/en/apartment-for-rent/riyadh/east-of-riyadh/al-yarmouk/apartment-for-rent-6815556
Flat For Sale,620,620000300.0,"Floor for Sale in Riyadh Badr§620,000300m²451---

*🔹 floors for sale*
*street:* 20 | *area:* 300 sqm | *façade:* east-facing

*1. ground floor – 620,000 sar*
. sitting room (majlis) + bathroom
. entrance hall (miqlaṭ)
. living room
. kitchen + *maid's room*
. master bedroom
. 2 bedrooms + bathroom

*2. first floor + annex – 650,000 sar*
. sitting room (majlis) + bathroom
. entrance hall (miqlaṭ)
. living room
. kitchen
. master bedroom
. 2 bedrooms + bathroom
. *additional living room*
. *additional master bedroom*
. *rooftop*

*features:*
- street 20 with east-facing façade
- area: 300 sqm
- ground floor includes a maid's room
- first floor includes a full annex + rooftop
- excellent layout suitable for families

---

*🔸 also available – 250 sqm*
. *ground floor – 600,000 sar*
. *upper floor – 620,000 sar*

*contact:*
al-muwafaqa real estate company
((number appears upon clicking ""call""))

---Badr, Riyadh",https://sa.aqar.fm/en/flat-for-sale/riyadh/south-of-riyadh/badr/flat-for-sale-6843172
Riyadh,19,,19,https://sa.aqar.fm/en/all/riyadh/19
Apartment For Rent,3000,40.0,"Apartment for Rent in Riyadh Ar Rawabi§3,000/annually40m²1family apartment
two bedrooms
living room
kitchen
includes electricity, water, and installed air conditioners

bathroomAr Rawabi, Riyadh",https://sa.aqar.fm/en/apartment-for-rent/riyadh/east-of-riyadh/ar-rawabi/apartment-for-rent-6804139
Apartment For Rent,85000,60.0,"Apartment for Rent in Riyadh Al Olaya§85,000/annually60m²111apartment #618
listing number: 3347
to book an appointment or view other units, please visit the aamar website: http://aamar.sa/units/3347

prices:
single payment: 85,000 sar
monthly installments: 102,000 sar

unit details:
1 bedroom + 1 bathroom
living room (1)
american kitchen (built-in)
2 air conditioners (built-in)
outdoor area (none)
private parking (none)
smart lock

property location features:
🛣️ king fahd road – 2 minutes 🚇 metro station – 5 minutes ✈️ king khalid international airport – 25 minutes 🎓 princess nourah bint abdulrahman university – 25 minutesAl Olaya, Riyadh",https://sa.aqar.fm/en/apartment-for-rent/riyadh/north-of-riyadh/al-olaya/apartment-for-rent-6823885
Apartment For Rent,85000,154.0,"Apartment for Rent in Riyadh Al Hamra§85,000/annually154m²431apartment #07
listing number: 3331
to book an appointment or view other units, please visit the aamar website: http://aamar.sa/units/3331

prices:
single payment: 85,000 sar
two payments: 90,000 sar

unit details:
3 bedrooms + 3 bathrooms
living room (1) + separate sitting room
american kitchen (installed)
5 air conditioners (installed)
laundry/storage room
outdoor area: none
private parking: building frontAl Hamra, Riyadh",https://sa.aqar.fm/en/apartment-for-rent/riyadh/east-of-riyadh/al-hamra/apartment-for-rent-6823812
Villa For Sale,2000,2000000250.0,"Villa for Sale in Riyadh Al Munsiyah§2,000,000250m²342duplex for sale in roshn sedra project 🏘️
duplex villa for sale in roshn sedra community 🏡

3 bedrooms (1 master with walk-in closet) 🛏️
3 🛌 bedrooms (1 master with walk-in closet)
spacious reception/living area 🛋️ ☕️ large reception/living area
fitted kitchen 👨‍🍳 (kitchen with cabinets installed)
4 bathrooms 🚽 🛁 4 bathrooms
laundry room 🧺
backyard 🪴 ⛲️ backyard
2 shaded car parking spaces 🅿️ 2 shaded car parking
rented until april 2027

thamer al-hamoud
((Advertiser's number appears upon contact))Al Munsiyah, Riyadh",https://sa.aqar.fm/en/villa-for-sale/riyadh/east-of-riyadh/al-munsiyah/villa-for-sale-6824709
Apartment For Rent,85000,108.0,"Apartment for Rent in Riyadh Al Ezdihar§85,000/annually108m²231apartment #9
listing number: 3935
to book an appointment or view other units, please visit the aamar website: http://aamar.sa/units/3935

prices:
single payment: 85,000 sar
two payments: 90,000 sar

unit details:
2 bedrooms + 3 bathrooms
living room (1)
american kitchen (installed)
air conditioners: 0 (installed)
laundry room
outdoor area (none)
private parking (building front)
smart lockAl Ezdihar, Riyadh",https://sa.aqar.fm/en/apartment-for-rent/riyadh/east-of-riyadh/al-ezdihar/apartment-for-rent-6836690
Villa For Sale,4000,4000000400.0,"Villa for Sale in Riyadh King Abdullah§4,000,000400m²6**kitchen**
5m / 4.80m

**men's sitting room**
5m / 4.90m

**maqalt (entryway/foyer)**
5m / 3.50m

**living room**
5.10m / 4.80m

**women's sitting room**
4.85m / 4.10m

**first floor**

**living room**
5.20m / 4m

**master bedroom**
8.50m / 4.70m

**two bedrooms** with a shared bathroom between them
4.80m / 3.80m
4.80m / 4.10m

**bedroom** with a private bathroom
4.35m / 3.60m

**rooftop**
large room approximately 8.50m
small room approximately 4m
bathroom
counter space approximately 4m
large open outdoor rooftop areaKing Abdullah, Riyadh",https://sa.aqar.fm/en/villa-for-sale/riyadh/north-of-riyadh/king-abdullah/villa-for-sale-6854284
Apartment For Rent,80000,133.0,"Apartment for Rent in Riyadh Al Munsiyah§80,000/annually133m²431🏠 for rent – luxury modern apartment – al munsiyah district 🏡✨
📍 located within madain fuleij compound – one of the most prestigious fully-integrated residential communities

a premium living opportunity for a family seeking privacy and comfort within a fully-serviced community. the apartment features a modern finish and is ready for immediate occupancy.

⸻

🛏 apartment details – unit no. (11d):

* 4 spacious rooms
(majlis + living room + 3 bedrooms)
* 3 bathrooms with modern finishes 🚿
* large separate kitchen 🍽️
* fully installed split air conditioners ❄️
* brand new fully fitted kitchen
* private parking space 🚗

⸻

✨ compound amenities (madain fuleij):
a fully integrated community offering a premium lifestyle:

* smart access system & 24/7 security and guards 🔐
* mosque within the project 🕌
* men's fitness club 🏋️‍♂️
* women's fitness club 🏋️‍♀️
* lounge & elegant seating areas for socializing and relaxation ☕
* children's nursery with a play area 🎈
* cinema within the compound 🎬
* event halls (men's & women's) bookable via the residents' app 🎉
* library for study and meetings 📚
* game rooms (playstation – billiards – hockey & more) 🎮
* spacious green areas and walking paths 🌿
* squash courts 🏓
* mini market within the project 🛒

⸻

🌟 additional features:

* quiet and safe environment for families
* full services within the compound without the need to go out
* modern design and high quality of life

⸻

💰 rent: 80,000 sar annually

📞 for inquiries and contact:
((Advertiser's number appears upon contact))Al Munsiyah, Riyadh",https://sa.aqar.fm/en/apartment-for-rent/riyadh/east-of-riyadh/al-munsiyah/apartment-for-rent-6671319
Land For Sale,1200653,3324.0,"Land for Sale in Riyadh Al Mahdiyah§1,200,653.3324m²15mResidential**for sale land area 320 meters**

**specifications**
• land area 320
• 15-meter street north
• dimensions 12.10 x 26.91

**property features**
close to mosque 🕌
- and garden ✨
price - 1,200,000

**we are honored by your visit to the company**
multiple lands available
in al-mahdiya district at different prices

for more information and land visit
_________________________
**muwafaqa real estate company**
abu ahmad
0551031732Al Mahdiyah, Riyadh",https://sa.aqar.fm/en/land-for-sale/riyadh/west-of-riyadh/al-mahdiyah/land-for-sale-6738221
Apartment For Rent,38000,337.0,"Apartment for Rent in Riyadh Al Yarmouk§38,000/annually337m²321three-bedroom and living room apartment for rent in a villa, second floor, no rooftop, located in the al-yarmouk al-gharbi district, excellent location.
two entrances - installed air conditioners.
the apartment consists of:
two bedrooms - a sitting room - a living room - a kitchen - two bathrooms.
rent in two payments: 38,000
to contact:
((the number appears when you click on call))Al Yarmouk, Riyadh",https://sa.aqar.fm/en/apartment-for-rent/riyadh/east-of-riyadh/al-yarmouk/apartment-for-rent-6742105
Building For Sale,900,900000152.0,"Building for Sale in Riyadh Ar Rimal§900,000152m²Residential**distinguished investment opportunity for sale – khuzam al-rimal gate**

for sale: a distinctive residential building in the khuzam gate development – al-rimal district, in a prime location with a promising investment opportunity.

**property specifications:**

* number of units: 6 residential units.
* each unit has an independent electricity meter.
* each unit has an independent water meter.
* an elevator serving all floors.
* 6 independent underground water tanks.
* overhead water tanks.
* practical design suitable for residential use or rental investment.

**features:**

✔ complete independence for each unit in electricity and water services.
✔ elevator available for residents' convenience.
✔ independent tanks ensuring efficient water distribution.
✔ suitable for investment with lucrative rental returns.
✔ prime location at khuzam gate in al-rimal district.

for inquiries, pricing details, and viewing, please contact: 0596999824Ar Rimal, Riyadh",https://sa.aqar.fm/en/building-for-sale/riyadh/east-of-riyadh/ar-rimal/building-for-sale-6743500
Apartment For Sale,470,47000078.0,"Apartment for Sale in Riyadh Az Zahrah§470,00078m²3apartment for sale 🏡
prime location, close to aisha street 📍

apartment details:
area: 150 sqm

tiled bathroom
kitchen
living room
two bedrooms, one of which is a master bedroom
bathroom
rooftop

muwafaqah real estate | yousuf al-shareef
contact | 0579872225

all guarantees and documents are availableAz Zahrah, Riyadh",https://sa.aqar.fm/en/apartment-for-sale/riyadh/west-of-riyadh/az-zahrah/apartment-for-sale-6755462
Studios For Rent,56,56000124.0,"Studio for rent in Riyadh Qurtubah§56,000124m²studio e1
listing number: 3245
to book an appointment or view other units, please visit the aamar website: http://aamar.sa/units/3245

**prices:**
- one-time payment: 56,000 sar
- two payments: 61,000 sar
- monthly installments: 67,200 sar

**unit details:**
- 1 bedroom + 1 bathroom
- living room (1)
- kitchen: american style (installed)
- air conditioners: 2 (installed)
- outdoor area: none
- private parking: building front
- smart lock

**property location features:**
🛍️ park avenue – 6 minutes
🛣️ al-thamamah road – 7 minutes
🚇 metro station – 11 minutes
🛍️ roshan front – 11 minutes
✈️ king khalid international airport – 16 minutesQurtubah, Riyadh",https://sa.aqar.fm/en/Studios-for-rent/riyadh/east-of-riyadh/qurtubah/Studios-for-rent-6768252
Big Flat For Rent,70000,336.0,"Floor for Rent in Riyadh As Sahafah§70,000/annually336m²431luxurious ground floor apartment for rent in al sahafa district

**area:** 336 m²

**consists of:**
- sitting room + reception room + 2 bedrooms + living room + kitchen + 3 bathrooms + large courtyard + maid's room
- (built-in kitchen – split air conditioners installed)

**notes:**
- car entrance available
- large courtyard available

**building features:**
- practical design with comfortable spaces
- close to services
- excellent location

**price:** 70,000 (one payment)
or 75,000 (two payments)As Sahafah, Riyadh",https://sa.aqar.fm/en/big-flat-for-rent/riyadh/north-of-riyadh/as-sahafah/big-flat-for-rent-6880151
Apartment For Rent,32000,263.0,"Apartment for Rent in Riyadh Badr§32,000/annually263m²2new apartment in al-namodhaji neighborhood, upper floor, consisting of two rooms, a hall, a bathroom, an internal roof within the apartment and another external one.

for contact: 0557388333

location: https://maps.app.goo.gl/ldtahdsmmm48f8qp8?g_st=icBadr, Riyadh",https://sa.aqar.fm/en/apartment-for-rent/riyadh/south-of-riyadh/badr/apartment-for-rent-6889609
Apartment For Rent,30000,111.0,"Apartment for Rent in Riyadh Badr§30,000/annually111m²311for rent – apartment in al-shifa district
third floor
independent electricity
shared water
elevator available
2 bedrooms
living room
2 bathrooms
sitting room (majlis)
kitchen
annual rent: 30,000
monthly: 2,500Badr, Riyadh",https://sa.aqar.fm/en/apartment-for-rent/riyadh/south-of-riyadh/badr/apartment-for-rent-6889291
Villa For Rent,220000,300.0,"Villa for Rent in Riyadh Ar Rimal§220,000/annually300m²2014 villas for rent in al-rimal district, suitable for companies

- 2 villas, each divided into 10 apartments consisting of a room and a hall, fitted with air conditioners, a kitchen, a bathroom, and a number of studios.

- 2 villas, each consisting of 8 studio units with a room, kitchen, bathroom, and fitted air conditioner, in addition to 5 units consisting of a room, hall, kitchen, bathroom, and 2 air conditioners.

rent: 220,000 sar annually per villa, excluding utilities/services.Ar Rimal, Riyadh",https://sa.aqar.fm/en/villa-for-rent/riyadh/east-of-riyadh/ar-rimal/villa-for-rent-6785039
Riyadh,20,,20,https://sa.aqar.fm/en/all/riyadh/20
Apartment For Rent,40000,390.0,"Apartment for Rent in Riyadh Ishbiliyah§40,000/annually390m²331three-bedroom apartment with a living room for rent in a residential building, first floor, in ishbiliyah district.
fitted kitchen – air conditioners installed – independent meter – elevator available.

the apartment consists of:
two bedrooms (one of them a master room) – majlis (sitting room) – living room – kitchen – three bathrooms.

rent in two payments: 45,000
rent in one payment: 40,000

viewing hours: from 5:00 pm to 10:00 pm

contact:
((the number appears when you click on call))Ishbiliyah, Riyadh",https://sa.aqar.fm/en/apartment-for-rent/riyadh/east-of-riyadh/ishbiliyah/apartment-for-rent-6886824
Apartment For Rent,60000,499.0,"Apartment for Rent in Riyadh An Narjis§60,000/annually499m²3🏡 for rent | residential apartment – al narjis district

an apartment on the first floor with elevator access, featuring a distinctive layout and suitable for quiet living.

apartment layout:
• large living room with washbasins and a bathroom
• kitchen
• master bedroom with private bathroom
• additional bedroom with bathroom
• large balcony
• full parquet flooring throughout the apartment

facilities & features:
• all air conditioners installed (heating & cooling)
• fitted and air-conditioned kitchen
• ready gas connections
• water filter
• water and gas included (free of charge)
• independent electricity meter for the apartment
• elevator available

rental condition: newlyweds or single females only.

💰 rental price:
• 50,000 sar per year – single payment
• 60,000 sar per year – two paymentsAn Narjis, Riyadh",https://sa.aqar.fm/en/apartment-for-rent/riyadh/north-of-riyadh/an-narjis/apartment-for-rent-6887171
Villa For Rent,48000,190.0,"Villa for Rent in Riyadh Dhahrat Laban§48,000/annually190m²341townhouse 65178
listing number: 1891
to book an appointment or view other units, please visit the aamar website: http://aamar.sa/units/1891

prices:
single payment: 48,000 sar
two payments: 53,000 sar
monthly installments: 54,000 sar

unit details:
3 bedrooms + 4 bathrooms
living room (1) + separate majlis
split kitchen (installed)
2 air conditioners (installed)
outdoor area: none
private parking: building front

property location features:
🏥 khatwa specialist hospital — 36 minutes
🛒 janain al-wusta markets & bakeries — 6 minutes
🕌 al-tuwaijri mosque — 4 minutes
🛍️ lulu hypermarket — 17 minutesDhahrat Laban, Riyadh",https://sa.aqar.fm/en/villa-for-rent/riyadh/west-of-riyadh/dhahrat-laban/villa-for-rent-6781028
Villa For Sale,3500,3500000600.0,"Villa for Sale in Riyadh Al Maizilah§3,500,000600m²652villa for sale – al muayzilah district

area: 600 sqm
street: 20-meter western street
close to all services
corner iron location, near the mosque
property age: 10 years
consists of a villa with an internal staircase and four apartments

📍 villa layout:

**ground floor:**
large courtyard, storage room, outdoor fireplace (mashab), men's sitting room (majlis), living room, reception area (maqalat), women's sitting room, two bathrooms

**second floor:**
four bedrooms, living room, kitchen, three bathrooms, two master bedrooms

**third floor:**
maid's room, bathroom, laundry room, large rooftop

📍 four apartments:
each apartment consists of two bedrooms, a living room, a kitchen, and two bathrooms

**annual income:**
- villa: 90,000 sar/year
- ground floor apartment: 30,000 sar
- monthly payments:
  - second floor apartment: 7,500 sar/month
  - third floor apartment: 7,500 sar/month
  - third floor apartment: 4,500 sar/month
- fully rented with a total monthly income of 26,000 sar

**notes:**
- villa includes air conditioners and kitchen
- apartments include air conditioners, kitchen, and fully furnished

two underground water tanks, each with a capacity of 72 tons
two overhead water tanks, each with a capacity of 5 tons

**selling price: 3,500,000 sar**
ramz al masakin real estate company
abu saudAl Maizilah, Riyadh",https://sa.aqar.fm/en/villa-for-sale/riyadh/east-of-riyadh/al-maizilah/villa-for-sale-6787741
Big Flat For Rent,140000,160.0,"Floor for Rent in Riyadh Al Olaya§140,000/annually160m²351floor #0
listing number: 3933
to book an appointment or view other units, please visit the aamar website: http://aamar.sa/units/3933
prices:
single payment: 140,000 sar
monthly installments: 140,000 sar
unit details:
3 bedrooms + 5 bathrooms
living room (1) + dressing room
kitchen (american) (fitted)
air conditioners: 5 (fitted)
maid's room
outdoor area (private yard)
private parking (building front)Al Olaya, Riyadh",https://sa.aqar.fm/en/big-flat-for-rent/riyadh/north-of-riyadh/al-olaya/big-flat-for-rent-6843205
Apartment For Rent,85000,145.0,"Apartment for Rent in Riyadh Al Malqa§85,000/annually145m²331apartment #08
listing number: 3471
to book an appointment or view other units, please visit the aamar website: http://aamar.sa/units/3471
prices:
single payment: 85,000 sar
two payments: 90,000 sar
unit details:
3 bedrooms + 3 bathrooms
living room (1)
kitchen (american style) (fitted)
air conditioners: 0 (fitted)
outdoor area (balcony)
private parking (underground)Al Malqa, Riyadh",https://sa.aqar.fm/en/apartment-for-rent/riyadh/north-of-riyadh/al-malqa/apartment-for-rent-6868272
Villa For Rent,150000,224.0,"Villa for Rent in Riyadh Al Arid§150,000/annually224m²5🏡 villa for rent – al-arid district | prime location
📍 very strategic and prime location
opposite al-tarbiya al-namodhajiya schools, next to hamad suleiman al-haidari mosque, and close to tamimi markets and all services.

villa specifications:

facade: east-facing
area: 224 m²
11 installed air conditioners
independent electricity meter
sewage available

ground floor:
private courtyard
car entrance
men's sitting room (majlis)
dining area
spacious living room
large fitted kitchen
two bathrooms
external driver's room with bathroom and independent street entrance

first floor:
4 master bedrooms, each with a private bathroom
living room

second floor:
large and spacious living room
maid's room
bathroom
outdoor rooftop

✨ a spacious villa suitable for families, in a prime location close to schools, mosque, markets, and all services.
location:
https://goo.gl/maps/gvw5huhcvimjcacr7Al Arid, Riyadh",https://sa.aqar.fm/en/villa-for-rent/riyadh/north-of-riyadh/al-arid/villa-for-rent-6867894
Studios For Rent,30,30000312.0,"Studio for rent in Riyadh Al Qadisiyah§30,000312m²studio #0
listing number: 4311
to book an appointment or view other units, please visit the aamar website: http://aamar.sa/units/4311
prices:
single payment: 30,000 sar
two payments: 30,000 sar
monthly installments: 30,000 sar
unit details:
1 bedroom + 1 bathrooms
living room (1)
kitchen (american) (installed)
air conditioners: 0 (installed)
outdoor area (none)
private parking (building_front)Al Qadisiyah, Riyadh",https://sa.aqar.fm/en/Studios-for-rent/riyadh/east-of-riyadh/al-qadisiyah/Studios-for-rent-6874279
Big Flat For Rent,47000,161.0,"Floor for Rent in Riyadh Okaz§47,000/annually161m²541a distinctive rental opportunity — first floor with a private entrance, brand new property, first occupant.

**details:**
located in al-shifa district, sama ukaz plan

- 4 bedrooms, including one master bedroom
- living room + dining room + inner hall + kitchen
- 4 bathrooms

**pricing:**
- monthly: 4,200
- three months: 48,000 (16,000 per installment)
- six months: 47,000 (23,500 per installment)
- one year: 46,000Okaz, Riyadh",https://sa.aqar.fm/en/big-flat-for-rent/riyadh/south-of-riyadh/okaz/big-flat-for-rent-6876098
Big Flat For Rent,60000,179.0,"Floor for Rent in Riyadh Al Yarmouk§60,000/annually179m²631upper floor inside a palace in east yarmouk neighborhood
area: 400 square meters
elevator available
renovated with new plaster and new bathrooms
consists of:
five rooms
two entrances
living room - sitting room - hall - three bedrooms - three bathrooms - kitchen (maid's room)
price: 60,000 in two installmentsAl Yarmouk, Riyadh",https://sa.aqar.fm/en/big-flat-for-rent/riyadh/east-of-riyadh/al-yarmouk/big-flat-for-rent-6881621
Big Flat For Rent,75000,400.0,"Floor for Rent in Riyadh Ghirnatah§75,000/annually400m²541ground floor apartment with four rooms, a hall, and an external annex — very clean — for rent in al gharnata district.

fitted kitchen — split air conditioners installed.

the floor consists of:
- 2 bedrooms
- 5 bathrooms
- kitchen (fitted)
- 8 split air conditioners
- living room / majlis / reception
- small outdoor courtyard
- maid's room
- external annex
- private entrance

rent (1 payment): 75,000
rent (2 payments): 80,000

for contact:
(number appears when pressing ""call"")Ghirnatah, Riyadh",https://sa.aqar.fm/en/big-flat-for-rent/riyadh/east-of-riyadh/ghirnatah/big-flat-for-rent-6881482
Apartment For Sale,540,540000113.0,"Apartment for Sale in Riyadh Dhahrat Namar§540,000113m²3**luxury ownership apartment for sale**
in a residential family building

**ground floor with private courtyard**
price: 596,000 for any ground floor apartment

**first floor**
- front unit: 570,000
- rear unit: 560,000

**second floor**
*(this is the unit currently on display)*
- front unit: 540,000
- rear unit: 550,000

**annex with private rooftop**
- 3 bedrooms
- price: 620,000

---

**ground floor apartment details:**
- private entrance
- area: 183 sqm including the courtyard
- located on a 30m street overlooking a mosque 🕌 and a park

**utilities & features:**
- private electricity meter
- private water meter
- independent underground water tank
- private overhead water tank
- private parking space 🅿️
- elevator
- all services available nearby

---

**unit layout:**
- majlis (men's sitting room) – living room – kitchen
- 3 bedrooms
- 3 bathrooms

---

**location:** tuwaiq

**price: 596,000 – special national day offer**
includes installation of 3 split air conditionersDhahrat Namar, Riyadh",https://sa.aqar.fm/en/apartment-for-sale/riyadh/west-of-riyadh/dhahrat-namar/apartment-for-sale-6888801
Apartment For Rent,75000,131.0,"Apartment for Rent in Riyadh Ash Shuhada§75,000/annually131m²43‼️ **location alert: al-yarmouk district, al-khandaq street (not al-shuhada street)**
the location mentioned in the listing is incorrect.
price: 85,000

**for rent | apartment in a prime location with modern contemporary design – al-mahmil 105 project**
al-yarmouk al-dhahabi

🏢 **apartment details:**

(first occupancy – modern design)
third floor | apartment area: 113 m² 🏡
with a private rooftop of 107 m²

* open reception/living room connected to the kitchen with a private bathroom
* master bedroom with private en-suite bathroom
* two bedrooms with a shared bathroom
* independent electricity meter
* smart entry system for the apartment and building
* smart control of lighting and exterior doors via mobile phone
* intercom system
* security cameras
* fire detection system
* free maintenance for one year

✨ **project features:**

* modern and contemporary architectural design
* upscale and secure residential complex
* smart entry system
* balconies and views 🌇
* private parking space in the basement

🛣️ **amenities** 🤩

* free men's and women's club
* free guest lounges
* free swimming pool 🏊‍♂️
* homeowners association 🧾
* prayer room 🕌
* children's play area 🎢
* nursery at a nominal fee

📍 **prime location:**

* 2 minutes from dammam road 🚗
* 4 minutes from the metro station 🚉 / atiyaf mall
* 9 minutes from al-hamra mall / granada mall
* 12 minutes from imam muhammad ibn saud university 🎓
* 19 minutes from princess nourah university
* 20 minutes from king saud university
* 22 minutes from king khalid international airport
* new air conditioning units will be installed

**rent** 💵
85,000 – two installments
**contact:** (number appears when you press ""call"")Ash Shuhada, Riyadh",https://sa.aqar.fm/en/apartment-for-rent/riyadh/east-of-riyadh/ash-shuhada/apartment-for-rent-6778818
Riyadh,21,,21,https://sa.aqar.fm/en/all/riyadh/21
Apartment For Rent,60000,200.0,"Apartment for Rent in Riyadh Al Arid§60,000/annually200m²53🏡 two-story apartment in a villa for rent

1st & 2nd floor with roof 🪴⛲️
private entrance
car garage 🅿️
5 bedrooms (1 master) 🛌
kitchen cabinets 👩‍🍳
3 bathrooms 🚽
ac concealed & split included ❄️
private roof 🪴

thamer al-hamoud
((number appears when pressing call))Al Arid, Riyadh",https://sa.aqar.fm/en/apartment-for-rent/riyadh/north-of-riyadh/al-arid/apartment-for-rent-6802340
Apartment For Rent,3000,85.0,"Apartment for Rent in Riyadh Ar Rawabi§3,000/annually85m²1family apartments
two bedrooms and a living room
kitchen
bathroom
water and electricity included
air conditioners availableAr Rawabi, Riyadh",https://sa.aqar.fm/en/apartment-for-rent/riyadh/east-of-riyadh/ar-rawabi/apartment-for-rent-6804264
Villa For Rent,110000,300.0,"Villa for Rent in Riyadh Ar Rimal§110,000/annually300m²363villa #0
listing number: 3266
to book an appointment or view other units, please visit aamar's website: http://aamar.sa/units/3266

prices:
single payment: 110,000 sar
two payments: 120,000 sar

unit details:
5 bedrooms + 6 bathrooms
living room (3) + separate majlis + dressing room
american kitchen (fitted)
12 air conditioners (fitted)
maid's room
laundry/storage room
outdoor area (balcony or private roof)
private parking (building front)

property location features:
🛣️ al-janadriyah road – 8 minutes
✈️ king khalid international airport – 17 minutes
🛍️ roshan front – 19 minutes
🎓 princess nourah bint abdulrahman university – 25 minutesAr Rimal, Riyadh",https://sa.aqar.fm/en/villa-for-rent/riyadh/east-of-riyadh/ar-rimal/villa-for-rent-6806897
Big Flat For Rent,52000,367.0,"Floor for Rent in Riyadh Al Qadisiyah§52,000/annually367m²531🏡 for rent – new upper floor in al qadisiyah district

📍 prime location, close to jaber al sabbah road

✨ the floor is new and clean, consisting of:
🛏️ 5 bedrooms
🛋️ living room
🚿 3 bathrooms
🍳 kitchen
🚪 2 independent entrances

💰 price:
• 52,000 riyals — two installments
• 50,000 riyals — one payment

📞 for contact and booking ((number appears when you press call))Al Qadisiyah, Riyadh",https://sa.aqar.fm/en/big-flat-for-rent/riyadh/east-of-riyadh/al-qadisiyah/big-flat-for-rent-6654114
Land For Sale,1200448,5328.0,"Land for Sale in Riyadh Al Mahdiyah§1,200,448.5328m²15mResidential**for sale land area 320 meters**

**specifications**
• land area 320
• 15-meter street north
• dimensions 12.10 x 26.91

**property features**
close to mosque 🕌
- and garden ✨
price - 1,200,000

**we are honored by your visit to the company**
multiple lands available
in al-mahdiya district at different prices

for more information and land visit
_________________________
**muwafaqa real estate company**
abu ahmad
0551031732Al Mahdiyah, Riyadh",https://sa.aqar.fm/en/land-for-sale/riyadh/west-of-riyadh/al-mahdiyah/land-for-sale-6724325
Villa For Sale,1750,1750000287.0,"Villa for Sale in Riyadh Al Fayha§1,750,000287m²1372✴️ elegant fully renovated duplex villa in al-fayha district – two separate floors ✴️

📍 location: al-fayha district – al-farain street
📐 area: 287.5 m²
📆 age: 30 years (fully renovated from the core)
📏 facade: east-facing – 20-meter street
📐 dimensions: 11.5 m × 25 m

📸 photos and video of the property are attached to the listing

🏡 villa specifications:

✅ ground floor (independent unit):
large courtyard + car entrance
- two entrances
- sitting room + washroom + bathroom
- living room + bathroom
- open american kitchen connected to the living room
- 2 bedrooms + bathroom

✅ upper floor (separated with independent entrance):
ground-level annex
- sitting room + bathroom
- living room
- kitchen + storage room
- master bedroom + bathroom
- 3 bedrooms + bathroom

✅ rooftop (part of the upper floor):
- maid's room + bathroom
- 2 rooms + bathroom + kitchen
- spacious rooftop + storage room

✨ additional features:
- two electricity meters
- close to harun al-rashid road and the eastern ring road
- everything you need within minutes — education, healthcare, entertainment, and shopping
- fully renovated property
- fitted kitchens included
- just a short distance from al-fayha square
- close to al-rajhi mosque, exit 15

full documentation:
✔️ plot plan
✔️ building permit
✔️ occupancy certificate (construction completion)
✔️ electricity connection certificate

💰 price:
1,750,000 sar

🌐 msakin rikaz estate 🌐
📞 for inquiries and contact:

abu hamoud (english): 050.808.0959
abu ahmad: 050.113.3379
abu saleh: 055.058.0890
whatsapp direct: 050.665.6563

📄 advertisement license no.: 7201102596
📄 fal real estate brokerage & marketing license: 1200019477Al Fayha, Riyadh",https://sa.aqar.fm/en/villa-for-sale/riyadh/east-of-riyadh/al-fayha/villa-for-sale-6841018
Villa For Rent,260000,186.0,"Villa for Rent in Riyadh Umm Al Hamam Al Gharbi§260,000/annually186m²331villa #54
listing number: 3662
to book an appointment or view other units, please visit the aamar website: http://aamar.sa/units/3662
prices:
one-time payment: 260,000 sar
unit details:
3 bedrooms + 3 bathrooms
living room (1)
american kitchen (built-in)
air conditioners: 0 (built-in)
private entrance
outdoor area (balcony)
private parking (underground)
important note: the tenant will be the first occupantUmm Al Hamam Al Gharbi, Riyadh",https://sa.aqar.fm/en/villa-for-rent/riyadh/west-of-riyadh/umm-al-hamam-al-gharbi/villa-for-rent-6849411
Apartment For Rent,70000,104.0,"Apartment for Rent in Riyadh Al Arid§70,000/annually104m²221apartment b101
listing number: 3639
to book an appointment or view other units, please visit the aamar website: http://aamar.sa/units/3639
prices:
single payment: 70,000 sar
unit details:
2 bedrooms + 2 bathrooms
living room (1)
american kitchen (installed)
4 air conditioners (installed)
outdoor area (none)
private parking (building front)
smart lockAl Arid, Riyadh",https://sa.aqar.fm/en/apartment-for-rent/riyadh/north-of-riyadh/al-arid/apartment-for-rent-6850671
Flat For Sale,700,700000253.0,"Floor for Sale in Riyadh Dirab§700,000253m²552🔹 **floors for sale - al maha district**
**area:** 300 sqm | **street width:** 15m | **facade:** south-west

---

**2. upper floor with annex - 700,000 sar**

- sitting room + bathroom
- living room + hallway
- kitchen
- master bedroom
- 2 bedrooms + bathroom

**annex:**
- living room
- 2 bedrooms + bathroom
- rooftop

*excellent layout - 3 bedrooms per floor*

---

for inquiries, contact:
**muwafaqa real estate company**
*(number appears upon pressing call)*Dirab, Riyadh",https://sa.aqar.fm/en/flat-for-sale/riyadh/west-of-riyadh/dirab/flat-for-sale-6852367
Apartment For Rent,76000,132.0,"Apartment for Rent in Riyadh An Narjis§76,000/annually132m²341apartment #e-3
listing number: 3386
to book an appointment or view other units, please visit the aamar website: http://aamar.sa/units/3386

**prices:**
single payment: 76,000 sar
two payments: 76,000 sar

**unit details:**
3 bedrooms + 4 bathrooms
living room (1) + separate sitting room
american kitchen (installed)
6 air conditioners (installed)
maid's room
outdoor area: none
private parking: building front
smart lock

**property location features:**
🛣️ 1 minute from anas ibn malik road
🛣️ 2 minutes from abu bakr al-siddiq road
🍎 6 minutes from panda supermarket
🍎 5 minutes from lulu market
🎓 10 minutes from imam muhammad ibn saud islamic university
🛫 15 minutes from king khalid international airportAn Narjis, Riyadh",https://sa.aqar.fm/en/apartment-for-rent/riyadh/north-of-riyadh/an-narjis/apartment-for-rent-6855764
Apartment For Sale,550,550000140.0,"Apartment for Sale in Riyadh As Saadah§550,000140m²321✴️ renovated apartment for sale in al-saada neighborhood – prime location ✴️
al-saada neighborhood – abdullah al-salmi street
area: 140.14 m²
facing two streets (east and west)

🏡 apartment specifications:
majlis + bathroom
living room
kitchen + storage room (or maid's room)
two bedrooms + bathroom

💡 property features:
fully renovated apartment
elevator in the building
independent electricity meter
organized homeowners association
security systems (surveillance cameras)
close to public and private schools
strategic location between exit 15 and 16 (eastern ring road)
close to all essential services
spacious and comfortable rooms

📸 photos and video attached within the listing

💵 price:
550,000 sar
five hundred and fifty thousand saudi riyals

🌐 msakin rikaz real estate 🌐
📞 for inquiries and contact:

abu hamoud: ((number appears when clicking call))
abu omar: ((number appears when clicking call))
whatsapp only: ((number appears when clicking call))As Saadah, Riyadh",https://sa.aqar.fm/en/apartment-for-sale/riyadh/east-of-riyadh/as-saadah/apartment-for-sale-6753042
Apartment For Rent,36000,360.0,"Apartment for Rent in Riyadh Al Yarmouk§36,000/annually360m²321three-room and living room apartment for rent in a villa, second floor, no rooftop, in al-yarmouk al-gharbi district.
two entrances - independent meter.
the apartment consists of:
two bedrooms - sitting room - living room - kitchen - two bathrooms.
rent: 36,000
for contact:
((number appears when pressing call))Al Yarmouk, Riyadh",https://sa.aqar.fm/en/apartment-for-rent/riyadh/east-of-riyadh/al-yarmouk/apartment-for-rent-6758758
Building For Rent,1100000,2500.0,"Building for Rent in Riyadh Ar Rimal§1,100,000/annually2,500m²30mfor rent - entire building
76 studios
each studio: 20 sqm
renting the entire building to companies
rental price: 1,100,000
contact via whatsapp:
0534051000Ar Rimal, Riyadh",https://sa.aqar.fm/en/building-for-rent/riyadh/east-of-riyadh/ar-rimal/building-for-rent-6753926
Apartment For Rent,113000,116.0,"Apartment for Rent in Riyadh An Narjis§113,000/annually116m²331apartment 15713
ad number: 2076
to book an appointment or view other units, please visit the aamar website: http://aamar.sa/units/2076

prices:
single payment: 113,000 sar
two payments: 119,000 sar
monthly installments: 129,000 sar

unit details:
3 bedrooms + 3 bathrooms
living room (1)
american kitchen (built-in)
5 air conditioners (built-in)
outdoor area (balcony)
private parking (building front)

property location features:
🛣️ 1 minute from king salman road
🎓 10 minutes from imam university
🍅 8 minutes from lulu market
🛫 13 minutes from king khalid airport
🛣️ 5 minutes from anas ibn malik roadAn Narjis, Riyadh",https://sa.aqar.fm/en/apartment-for-rent/riyadh/north-of-riyadh/an-narjis/apartment-for-rent-6768167
Apartment For Rent,50000,135.0,"Apartment for Rent in Riyadh Al Aqiq§50,000/annually135m²111apartment #2.5
listing number: 3297
to book an appointment or view other units, please visit the aamar website: http://aamar.sa/units/3297

prices:
single payment: 50,000 sar
monthly installments: 72,000 sar

unit details:
1 bedroom + 1 bathroom
living room (1)
american kitchen (installed)
2 air conditioners (installed)
private entrance
outdoor area (none)
private parking (building front)

property location features:
🛣️ mohammed bin salman road – 2 minutes
🛒 riyadh park – 7 minutes
🏙️ king abdullah financial district – 8 minutes
🏙️ boulevard city – 10 minutes
🎓 king saud university – 13 minutesAl Aqiq, Riyadh",https://sa.aqar.fm/en/apartment-for-rent/riyadh/north-of-riyadh/al-aqiq/apartment-for-rent-6768171
Villa For Rent,100000,250.0,"Villa for Rent in Riyadh Al Yarmouk§100,000/annually250m²652🏡🔥 spacious villa for rent | al rimal – al khunaini | east riyadh

the villa is located in al rimal al khunaini neighborhood — not al yarmouk.

✨ large space + very prime location
📍 directly opposite a park
🛣️ on a 25-meter street
📐 area: 454 m²
🚗 car entrance + private parking

🏠 the villa consists of 3 floors:

🔹 ground floor:
• majlis (men's sitting room)
• maqalat (formal reception)
• living room
• kitchen
• 4 bedrooms
• 8 bathrooms
• car entrance

🔹 first floor:
• total of 9 rooms in the villa
• including 4 bedrooms
• 2 master bedrooms

🔹 second floor:
• rooftop

✨ includes some furnishings:
❄️ approximately 5 air conditioners
🍳 fitted kitchen
🛋️ men's majlis sofa set
🪟 curtains
🍽️ dining table with chairs
☕ service table

🌳 location features:
✅ opposite a park
✅ wide 25m street
✅ area: 454 m²
✅ parking and car entrance
✅ suitable for large families
✅ excellent space and practical layout

💰 annual rent: 100,000 sar

📞 contact:
0534088882Al Yarmouk, Riyadh",https://sa.aqar.fm/en/villa-for-rent/riyadh/east-of-riyadh/al-yarmouk/villa-for-rent-6713700
Big Flat For Rent,80000,156.0,"Floor for Rent in Riyadh Al Arid§80,000/annually156m²352floor 84290
listing number: 3175
to book an appointment or view other units, please visit the aamar website: http://aamar.sa/units/3175

**prices:**
single payment: 80,000 sar
two payments: 85,000 sar
monthly installments: 96,000 sar

**unit details:**
3 bedrooms + 5 bathrooms
living room (2) + separate sitting room (majlis)
american kitchen (installed)
8 air conditioners (installed)
maid's room
outdoor area: none
private parking: building front

**property location features:**
🕌 mosque – 1 minute
🛣️ king fahd road – 3 minutes
🎓 al yamamah university – 13 minutes
✈️ king khalid international airport – 21 minutesAl Arid, Riyadh",https://sa.aqar.fm/en/big-flat-for-rent/riyadh/north-of-riyadh/al-arid/big-flat-for-rent-6816684
Apartment For Rent,90000,138.0,"Apartment for Rent in Riyadh Al Ezdihar§90,000/annually138m²331apartment #2
listing number: 3140
to book an appointment or view other units, please visit the aamar website: http://aamar.sa/units/3140

prices:
single payment: 90,000 sar
two payments: 100,000 sar

unit details:
3 bedrooms + 3 bathrooms
living room (1)
american kitchen (built-in)
4 air conditioners (built-in)
private entrance
outdoor area (private yard)
private parking (building front)
smart lock

building features:
elevator

property location features:
🚌 bus stop — 3 minutes
🛒 panda supermarket — 5 minutes
🛣️ eastern ring road sub — 7 minutes
🛍️ granada mall — 9 minutes
🏥 al hammadi hospital — 10 minutesAl Ezdihar, Riyadh",https://sa.aqar.fm/en/apartment-for-rent/riyadh/east-of-riyadh/al-ezdihar/apartment-for-rent-6816884
Apartment For Rent,65000,149.0,"Apartment for Rent in Riyadh Al Arid§65,000/annually149m²431luxurious apartment for rent in al-arid district
✨ rose residence project ✨
consisting of:
majlis + spacious living room + 3 bedrooms + kitchen + storage room + 3 bathrooms
split air conditioners installed + kitchen installed

property features:
• constant cleanliness
• master bedroom
• maid's room
• private parking
• excellent location close to all services

price: 65,000Al Arid, Riyadh",https://sa.aqar.fm/en/apartment-for-rent/riyadh/north-of-riyadh/al-arid/apartment-for-rent-6898644
Riyadh,22,,22,https://sa.aqar.fm/en/all/riyadh/22
Apartment For Rent,150000,86.0,"Apartment for Rent in Riyadh As Sahafah§150,000/annually86m²231apartment #a-8
listing number: 3158
to book an appointment or view other units, please visit the aamar website: http://aamar.sa/units/3158

prices:
single payment: 150,000 sar
two payments: 155,000 sar

unit details:
2 bedrooms + 3 bathrooms
living room (1)
american kitchen (installed)
air conditioners: 1 (installed)
maid's room
outdoor area (balcony)
private parking (building front)
smart lockAs Sahafah, Riyadh",https://sa.aqar.fm/en/apartment-for-rent/riyadh/north-of-riyadh/as-sahafah/apartment-for-rent-6872451
Apartment For Rent,100000,157.0,"Apartment for Rent in Riyadh Al Malqa§100,000/annually157m²332apartment #12
listing number: 2976
to book an appointment or view other units, please visit the aamar website: http://aamar.sa/units/2976

prices:
single payment: 124,000 sar
two payments: 129,000 sar
monthly installments: 139,000 sar

unit details:
2 bedrooms + 3 bathrooms
living room (2) + dressing room
american kitchen (installed)
air conditioners: 0 (installed)
maid's room
outdoor area (balcony)
private parking (both)
smart lock

building features:
elevator

property location features:
🚗 king fahd road ➝ 2 minutes
🏥 dr. sulaiman al habib hospital ➝ 5 minutes
🚇 metro station ➝ 5 minutes
🏢 king abdullah financial district ➝ 20 minutes
boulevard riyadh city ➝ 13 minutesAl Malqa, Riyadh",https://sa.aqar.fm/en/apartment-for-rent/riyadh/north-of-riyadh/al-malqa/apartment-for-rent-6875937
Apartment For Rent,30000,400.0,"Apartment for Rent in Riyadh Dhahrat Laban§30,000/annually400m²211apartment #0
listing number: 3244
to book an appointment or view other units, please visit the aamar website: http://aamar.sa/units/3244
prices:
single payment: 30,000 sar
two payments: 35,000 sar
unit details:
2 bedrooms + 1 bathroom
living room (1)
kitchen: american (built-in)
air conditioners: 3 (built-in)
outdoor area: none
private parking: noneDhahrat Laban, Riyadh",https://sa.aqar.fm/en/apartment-for-rent/riyadh/west-of-riyadh/dhahrat-laban/apartment-for-rent-6875899
Apartment For Rent,90000,455.0,"Apartment for Rent in Riyadh Al Malqa§90,000/annually455m²342apartment #0
ad number: 3093
to book an appointment or view other units, please visit the aamar website: http://aamar.sa/units/3093

prices:
single payment: 100,000 sar
two payments: 105,000 sar

unit details:
3 bedrooms + 4 bathrooms
living room (2) + separate majlis
american kitchen (installed)
7 air conditioners (installed)
outdoor area (balcony)
private parking (none)

property location features:
🛣️ king salman road — 10 minutes
🛣️ anas ibn malik road — 3 minutes
🎡 riyadh boulevard — 7 minutes
🏙️ king abdullah financial district — 15 minutesAl Malqa, Riyadh",https://sa.aqar.fm/en/apartment-for-rent/riyadh/north-of-riyadh/al-malqa/apartment-for-rent-6875886
Villa For Rent,100000,370.0,"Villa for Rent in Riyadh Ar Rimal§100,000/annually370m²364villa #0
listing number: 4299
to book an appointment or view other units, please visit the aamar website: http://aamar.sa/units/4299
prices:
single payment: 100,000 sar
two payments: 100,000 sar
monthly installments: 102,000 sar
unit details:
4 bedrooms + 6 bathrooms
living room (4) + separate sitting room + dressing room
american kitchen (installed)
11 air conditioners (installed)
maid's room
laundry room
outdoor area (private roof)
private parking (building front)Ar Rimal, Riyadh",https://sa.aqar.fm/en/villa-for-rent/riyadh/east-of-riyadh/ar-rimal/villa-for-rent-6879400
Villa For Rent,131000,472.0,"Villa for Rent in Riyadh Al Arid§131,000/annually472m²352townhouse #0
listing number: 4244
to book an appointment or view other units, please visit the aamar website: http://aamar.sa/units/4244
prices:
single payment: 131,000 sar
two payments: 131,000 sar
unit details:
3 bedrooms + 5 bathrooms
living room (2) + separate sitting room
american kitchen (not installed)
5 air conditioners (installed)
maid's room
outdoor area (private yard)
private parking (building front)Al Arid, Riyadh",https://sa.aqar.fm/en/villa-for-rent/riyadh/north-of-riyadh/al-arid/villa-for-rent-6885969
Apartment For Rent,28000,100.0,"Apartment for Rent in Riyadh Ar Rawdah§28,000/annually100m²111for rent, an apartment in al-rawdah district, renovated and only needs cleaning, second floor.

it consists of:
- 2 bedrooms
- kitchen
- bathroom
- independent electricity meter
- rent: 30,000 in two paymentsAr Rawdah, Riyadh",https://sa.aqar.fm/en/apartment-for-rent/riyadh/east-of-riyadh/ar-rawdah/apartment-for-rent-6888664
Villa For Sale,650,650000217.0,"Villa for Sale in Riyadh Dirab§650,000217m²331**🔹 townhouse for sale - al maha district, behind the garden**
**area:** 300 sqm | **street width:** 15m | **facing:** west

**2. upper townhouse - 650,000 sar**
- storage room
- majlis + bathroom + maqalat
- living room
- kitchen + bathroom
- master bedroom
- 2 bedrooms + bathroom
- upper lounge
- **rooftop**

**for contact:**
muwafaqa real estate company
((Advertiser's number appears upon contact))Dirab, Riyadh",https://sa.aqar.fm/en/villa-for-sale/riyadh/west-of-riyadh/dirab/villa-for-sale-6893878
Villa For Rent,101500,600.0,"Villa for Rent in Riyadh Al Olaya§101,500/annually600m²431villa #0
listing number: 4383
to book an appointment or view other units, please visit the aamar website: http://aamar.sa/units/4383
prices:
single payment: 1,001,500 sar
two payments: 1,001,500 sar
unit details:
3 bedrooms + 3 bathrooms
living room (1)
american kitchen (built-in)
6 air conditioners (built-in)
outdoor area (none)
private parking (building front)Al Olaya, Riyadh",https://sa.aqar.fm/en/villa-for-rent/riyadh/north-of-riyadh/al-olaya/villa-for-rent-6895641
Studios For Rent,36,3600025.0,"Studio for rent in Riyadh Al Yasmin§36,00025m²studio 6652113
ad number: 4219
to book an appointment or view other units, please visit the aamar website: http://aamar.sa/units/4219

prices:
single payment: 36,000 sar

unit details:
1 bedroom + 1 bathroom
living room (0)
kitchen (american) (installed)
air conditioners: 1 (installed)
outdoor area (none)
private parking (building_front)

building features:
elevator
security cameras + pin-code gateAl Yasmin, Riyadh",https://sa.aqar.fm/en/Studios-for-rent/riyadh/north-of-riyadh/al-yasmin/Studios-for-rent-6896433
Flat For Sale,700,700000107.0,"Floor for Sale in Riyadh Al Uraija Al Wusta§700,000107m²4property type: townhouse (upper floor)
location: al-uraija al-awsat district (riyadh)
area: 250 square meters
street width: 15 meters
asking price: 700,000 saudi riyals
upper floor components:
men's sitting room
living room
kitchen
3 bedroomsAl Uraija Al Wusta, Riyadh",https://sa.aqar.fm/en/flat-for-sale/riyadh/west-of-riyadh/al-uraija-al-wusta/flat-for-sale-6895231
Apartment For Rent,71500,90.0,"Apartment for Rent in Riyadh Al Murabba§71,500/annually90m²341apartment #0
listing number: 4387
to book an appointment or view other units, please visit the aamar website: http://aamar.sa/units/4387
prices:
single payment: 71,500 sar
two payments: 35,750 sar
unit details:
3 bedrooms + 4 bathrooms
living room (1)
american kitchen (built-in)
5 air conditioners (built-in)
outdoor area (balcony or private roof)
smart lockAl Murabba, Riyadh",https://sa.aqar.fm/en/apartment-for-rent/riyadh/center-of-riyadh/al-murabba/apartment-for-rent-6895859
Studios For Rent,10,10000429.0,"Studio for rent in Riyadh Ar Rimal§10,000429m²studio #0
listing number: 4375
to book an appointment or view other units, please visit the aamar website: http://aamar.sa/units/4375
prices:
single payment: 10,000 sar
two payments: 10,000 sar
monthly installments: 10,000 sar
unit details:
1 bedroom + 1 bathroom
living room (0)
kitchen (american) (not installed)
air conditioners: 1 (installed)
outdoor area (none)
private parking (building_front)Ar Rimal, Riyadh",https://sa.aqar.fm/en/Studios-for-rent/riyadh/east-of-riyadh/ar-rimal/Studios-for-rent-6890499
Villa For Rent,120000,337.0,"Villa for Rent in Riyadh Al Arid§120,000/annually337m²851luxurious villa for rent in al-arid district

consists of:

first floor:
- external majlis with a bathroom
- courtyard with car entrance and garage
- majlis + sitting room + large living room
- elderly room + bedroom
- fitted kitchen + 2 bathrooms
- internal staircase

second floor:
- 3 bedrooms, 2 of them master + laundry room
- 3 bathrooms

third floor:
- maid's room with a bathroom
- large private roof

property features:
- excellent location close to services
- quiet neighborhood
- excellent area
- driver's room available

rent price: 120,000 in two payments
one payment: 110,000Al Arid, Riyadh",https://sa.aqar.fm/en/villa-for-rent/riyadh/north-of-riyadh/al-arid/villa-for-rent-6902901
Villa For Sale,2299,2299000197.0,"Villa for Sale in Riyadh Al Malqa§2,299,000197m²442🔥 discounts up to sar 275,000 | returns up to 8%
alajlan riviera 23 – al malqa district

an exceptional opportunity for living or investment in one of north riyadh's most strategic locations.

**available unit types (prices after discount):**

🔹 2-bedroom apartments
starting from **sar 1,149,000**
sizes from **109 to 163 sqm**

🔹 3-bedroom apartments
starting from **sar 1,399,000**
sizes from **126 to 236 sqm**

🔹 townhouses | 4 bedrooms | 3 floors
starting from **sar 2,300,000**
sizes from **250 to 315 sqm**

**prime location:**
📍 1 minute to **king fahd road**
📍 3 minutes to **king salman road**
📍 3 minutes to **the avenues mall**
📍 3 minutes to **anas bin malik road**

**reserve your unit today before the offer ends**Al Malqa, Riyadh",https://sa.aqar.fm/en/villa-for-sale/riyadh/north-of-riyadh/al-malqa/villa-for-sale-6661459
Flat For Sale,750,750000235.0,"Floor for Sale in Riyadh Al Marwah§750,000235m²742**advertisement license number: 7200842600**

**for sale – ground floor | upper floor townhouse**
📍 location: al marwa district – south riyadh, near dirab road

💵 **selling price: 850,000 sar**

- land area: 295 m²
- street width: 20 m
- facade: north-east facing
- total built-up area of upper townhouse: 332 m²

🔻 **townhouse components**

- private parking space + secure and private ground-floor entrance for the unit

🔷⬜ **first floor**
- private entrance with double-height feature, with separate entry for men's and family sections
- separate majlis (sitting room)
- washbasins + restroom
- private indoor garden with full view of the majlis, family lounge, and entrance
- family lounge area + dining table area
- kitchen connected and open to the lounge
- washbasins + restroom
- internal lounge staircase

🔶 **annex**
- large master bedroom with private garden
- 3 additional bedrooms
- sitting lounge
- dedicated laundry area
- shared restroom

✨ **additional features**
- dedicated infrastructure area housing all townhouse utilities (water tank, plumbing, a/c extensions, and room outlooks), fully separate and independent from the ground-floor neighbor
- ground-floor neighbor never needs to access upstairs, as all their infrastructure is located below
- nearby mosque 🕌
- school complex
- park/garden
- close to dirab main road
- separate underground water tank
- separate rooftop water tank
- separate electricity meter
- separate water meter

🔳 **contact & inquiries**
📞 faisal bin saeed: *(advertiser's number appears upon contact)*
**quwwat [faisal_faisal] real estate office** 🏠
we welcome your real estate requests and offers – financing solutions and facilities available.Al Marwah, Riyadh",https://sa.aqar.fm/en/flat-for-sale/riyadh/south-of-riyadh/al-marwah/flat-for-sale-6560484
Flat For Sale,796,79600090.0,"Floor for Sale in Riyadh Ar Rawabi§796,00090m²221✨🇸🇦 national day offer 🇸🇦✨
💚 796,000 sar instead of 850,000 sar 💚
🏡 for a limited time

floor for sale
📏 area: 188.2 m²
🏗️ construction: under engineering supervision
🛡️ warranties: available for insulation, plumbing, electrical, and structural framework

features:

living room
kitchen
master bedroom
bedroom
2 bathrooms
private rooftop
private parking
installed air conditioners

📞 for inquiries: ((advertiser's number appears upon contact))
🏢 numuw al-assets real estate companyAr Rawabi, Riyadh",https://sa.aqar.fm/en/flat-for-sale/riyadh/east-of-riyadh/ar-rawabi/flat-for-sale-6453183
Villa For Sale,750,750000188.0,"Villa for Sale in Riyadh Dirab§750,000188m²7*for sale: new corner villa in al-fawwaz neighborhood - south riyadh*

a distinguished opportunity to own a new villa located on two streets in a quiet and prime location in al-fawwaz neighborhood, with modern design and carefully distributed spaces to suit family needs.

*property details:*
- the villa consists of *two floors and an upper annex*.
- *each floor is independent with separate deed*, allowing for residential or investment purposes.

*specifications:*

*ground floor:*
- men's majlis
- spacious living room
- kitchen
- 3 bedrooms
- 3 bathrooms
- car parking

*first floor (similar to ground floor):*
- majlis
- living room
- kitchen
- 3 bedrooms
- 3 bathrooms
- car parking

*annex (roof):*
- 2 bedrooms
- living room
- 1 bathroom
- spacious roof terrace

*additional features:*
- modern design
- corner location on two streets
- suitable for family residence or investment
- ready for immediate occupancy

for viewing or inquiries, please contact privately.
* sale in cash or through banks.
with the possibility of selling the complete villa or by floors

contact:
((Advertiser's number appears upon contact))
((Advertiser's number appears upon contact))
((Advertiser's number appears upon contact))Dirab, Riyadh",https://sa.aqar.fm/en/villa-for-sale/riyadh/west-of-riyadh/dirab/villa-for-sale-6500041
Flat For Sale,2099,2099000158.0,"Floor for Sale in Riyadh Al Wadi§2,099,000158m²451ground floor apartment with an area of 338 sqm - 20-15 street

has 3 entrances
(majlis - living room - main master bedroom)

3 spacious master bedrooms
kitchen
living room
maid's room
independent majlis
hidden gree air conditioning system
in the living room, main master bedroom, and majlis

private driver's room on the floor
smart electrical outlets
ceiling height 4 metersAl Wadi, Riyadh",https://sa.aqar.fm/en/flat-for-sale/riyadh/north-of-riyadh/al-wadi/flat-for-sale-6655280
Riyadh,23,,23,https://sa.aqar.fm/en/all/riyadh/23
Flat For Sale,850,850000145.0,"Floor for Sale in Riyadh Sultana§850,000145m²3🏡 distinguished ground floor for sale - sultana district
📍 excellent location | practical design | ready for immediate occupancy

area 240 sqm
🔹 property details:

ground floor:
- car entrance
- spacious majlis with bathroom and washbasin
- family hall
- storage inside kitchen
- 4 bathrooms
- 2 master bedrooms
- 1 bedroom

first floor:
- 3 master bedrooms
- 1 bedroom with external bathroom
- hall

📄 property readiness:
- all documents complete and ready
- building completion certificate available
- warranties included

contact | 0579872225
youssef | mowafaqa real estateSultana, Riyadh",https://sa.aqar.fm/en/flat-for-sale/riyadh/west-of-riyadh/sultana/flat-for-sale-6699837
Apartment For Rent,130000,166.0,"Apartment for Rent in Riyadh Hittin§130,000/annually166m²331apartment 113_s_a1
listing number: 3167
to book an appointment or view other units, please visit the aamar website: http://aamar.sa/units/3167

**prices:**
single payment: 130,000 sar
two payments: 135,000 sar

**unit details:**
3 bedrooms + 3 bathrooms
living room (1)
american kitchen (built-in)
5 air conditioners (built-in)
laundry room
outdoor area (none)
private parking (both)
smart lock

**building features:**
shared garden

**property location highlights:**
🛣️ 2 minutes from anas ibn malik road
🛣️ 3 minutes from king khalid road
🍎 4 minutes from tamimi markets
🌍 6 minutes from boulevard world
🎓 15 minutes from imam muhammad ibn saud islamic university
🛫 20 minutes from king khalid international airportHittin, Riyadh",https://sa.aqar.fm/en/apartment-for-rent/riyadh/north-of-riyadh/hittin/apartment-for-rent-6791145
Apartment For Sale,580,580000131.0,"Apartment for Sale in Riyadh Dhahrat Laban§580,000131m²332for sale: distinctive apartment in dhahrat laban district
area: 134 sqm - first floor - prime location, close to all amenities
price: 650,000 sar
apartment specifications:
3 bedrooms

spacious living room

independent sitting room (majlis)

kitchen

3 bathrooms

elevator available

for contact and inquiries:Dhahrat Laban, Riyadh",https://sa.aqar.fm/en/apartment-for-sale/riyadh/west-of-riyadh/dhahrat-laban/apartment-for-sale-6791919
Apartment For Sale,1380,1380000164.0,"Apartment for Sale in Riyadh Qurtubah§1,380,000164m²331✨ apartment for sale in al mahmal complex project 70, qurtuba district, behind roshan ✨

building no. 3, second floor
currently rented under an annual contract for 80,000 sar

• 🛌 master bedroom with en-suite bathroom
• 🛌 two bedrooms with a shared external bathroom
• 🛋️ living room with balcony
• 👩‍🍳 elegant kitchen with full appliances
• ❄️ installed air conditioners
• 🅿️ private outdoor parking space

**building features:**
• 📲 surveillance cameras
• outdoor seating areas and children's play areas within the complex
• 🏋️‍♀️ sports club (men/women)
• 🛝 swimming pool, prayer room, and children's nursery

**nearby locations:**
• 📍 imam university – 9 minutes away
• 📍 princess nourah university – 7 minutes away
• 📍 park avenue – 6 minutes away
• 📍 roshan front – 5 minutes away
• 📍 king khalid international airport – 14 minutes awayQurtubah, Riyadh",https://sa.aqar.fm/en/apartment-for-sale/riyadh/east-of-riyadh/qurtubah/apartment-for-sale-6803461
Villa For Sale,940,940000193.0,"Villa for Sale in Riyadh Al Hazm§940,000193m²5# townhouse villa - elegant architectural design

**comprising:**

♦️ private garage
♦️ men's sitting room (majlis) with full service, bathroom, and washbasins
♦️ kitchen

**first floor:**
♦️ 3 bedrooms (2 master bedrooms)

**upper floor:**
♦️ 1 bedroom
♦️ rooftop terrace

---

**full warranty on all property components including:**
structural building, all plumbing and electrical materials, interior doors and door locks, storage tanks, and insulation materials.Al Hazm, Riyadh",https://sa.aqar.fm/en/villa-for-sale/riyadh/west-of-riyadh/al-hazm/villa-for-sale-6886363
Apartment For Rent,65000,115.0,"Apartment for Rent in Riyadh Al Arid§65,000/annually115m²231apartment 77446
listing number: 3659
to book an appointment or view other units, please visit the aamar website: http://aamar.sa/units/3659

prices:
single payment: 65,000 sar

unit details:
2 bedrooms + 3 bathrooms
living room (1)
american kitchen (built-in)
4 air conditioners (built-in)
outdoor area (none)
private parking (building front)
smart lock

building features:
elevator
security cameras + pin-code gate
swimming pool

property location features:
🛣️ abu bakr al-siddiq road – 3 minutes
🛣️ king salman road – 20 minutes
✈️ king khalid international airport – 24 minutes
🛍️ roshan boulevard – 25 minutesAl Arid, Riyadh",https://sa.aqar.fm/en/apartment-for-rent/riyadh/north-of-riyadh/al-arid/apartment-for-rent-6892090
Apartment For Rent,90000,123.0,"Apartment for Rent in Riyadh An Nuzhah§90,000/annually123m²331apartment #7
listing number: 3151
to book an appointment or view other units, please visit the aamar website: http://aamar.sa/units/3151
prices:
one payment: 90,000 sar
two payments: 95,000 sar
unit details:
3 bedrooms + 3 bathrooms
living room (1)
kitchen (american) (installed)
2 air conditioners (installed)
outdoor area (balcony_or_private_roof)
private parking (building_front)
smart lock
building features:
elevator
property location features:
🌳 al nuzha park — 1 minute 🏥 al hammadi hospital — 4 minutes 🚌 bus station — 5 minutes 🏫 al rowad international schools — 5 minutes 🛍️ al nakheel mall — 11 minutes 🚇 al nuzha metro station — 12 minutesAn Nuzhah, Riyadh",https://sa.aqar.fm/en/apartment-for-rent/riyadh/north-of-riyadh/an-nuzhah/apartment-for-rent-6902885
Villa For Sale,3500,3500000300.0,"Villa for Sale in Riyadh Al Arid§3,500,000300m²452✨ **villa for sale in al-aarid district** ✨

new
owner-built construction
prime location between king abdulaziz road and abu bakr al-siddiq road
area: 300 square meters
east-facing on a 15-meter street, opposite a t-intersection street

**ground floor:**
🛋️ guest entrance leading to a sitting room with a bathroom
🛋️ very spacious double-height living room with a bathroom
🍽️ open kitchen/dining area connected to the living room
👩‍🍳 separate kitchen
👩‍🍳 maid's room with bathroom
backyard with a garden + car entrance

**first floor:**
🛌 master bedroom with a dressing room
🛌 two additional master bedrooms

**second floor:**
🛋️ living room with a rooftop terrace + bathroom
🛌 master bedroom
🧺 laundry area

elevator installed
split ac connections pre-installed

**asking price: 3,800,000 sar**

for inquiries, contact hisham al-qazlan: *(advertiser's number appears upon contact)*Al Arid, Riyadh",https://sa.aqar.fm/en/villa-for-sale/riyadh/north-of-riyadh/al-arid/villa-for-sale-6815892
Apartment For Rent,32000,600.0,"Apartment for Rent in Riyadh Jarir§32,000/annually600m²221apartment for rent in al malaz district
it consists of:
2 bedrooms + living room + kitchen + 2 bathrooms

apartment features:
• installed air conditioners
• private entrance
• close to services

rental price: 37,000

2 apartments available:
apartment: 36,000
apartment: 50,000Jarir, Riyadh",https://sa.aqar.fm/en/apartment-for-rent/riyadh/center-of-riyadh/jarir/apartment-for-rent-6852332
Villa For Rent,75000,325.0,"Villa for Rent in Riyadh As Sahafah§75,000/annually325m²531villa #7a
listing number: 4109
to book an appointment or view other units, please visit the aamar website: http://aamar.sa/units/4109
prices:
single payment: 75,000 sar
two payments: 75,000 sar
monthly installments: 75,000 sar
unit details:
3 bedrooms + 3 bathrooms
living room (1) + separate lounge
split kitchen (installed)
air conditioners: 0 (not installed)
outdoor area (private yard)
private parking (building front)As Sahafah, Riyadh",https://sa.aqar.fm/en/villa-for-rent/riyadh/north-of-riyadh/as-sahafah/villa-for-rent-6850899
Villa For Rent,85000,200.0,"Villa for Rent in Riyadh Al Qadisiyah§85,000/annually200m²472villa 91443715
ad number: 992
to book an appointment or view other units, please visit the aamar website: http://aamar.sa/units/992

prices:
single payment: 86,000 sar
two payments: 95,000 sar

unit details:
4 bedrooms + 7 bathrooms
living room (2) + separate majlis
split kitchen (installed)
10 air conditioners (installed)
maid's room
laundry room
private entrance
outdoor area (none)
private parking (building front)

property location features:
eastern ring road – 28 minutes
imam muhammad bin saud islamic university – 30 minutes
princess nourah bint abdulrahman university – 32 minutesAl Qadisiyah, Riyadh",https://sa.aqar.fm/en/villa-for-rent/riyadh/east-of-riyadh/al-qadisiyah/villa-for-rent-6873498
Villa For Rent,60000,330.0,"Villa for Rent in Riyadh Okaz§60,000/annually330m²5a distinctive opportunity - a two-floor villa with an internal staircase in al-shifa district, sama okaz plan, with a private entrance, car entrance, and a new property.

**details:**
- 4 bedrooms, including one master bedroom
- majlis + reception + large living room + internal hall
- 2 fully equipped kitchens: a large ground floor kitchen and a first floor kitchen with an american-style layout
- 4 bathrooms

**annual rent: 60,000 sar in two installments**Okaz, Riyadh",https://sa.aqar.fm/en/villa-for-rent/riyadh/south-of-riyadh/okaz/villa-for-rent-6876949
Apartment For Rent,50000,325.0,"Apartment for Rent in Riyadh Ash Shuhada§50,000/annually325m²2✨ **for rent: apartment in al-shuhada district (private villa - second floor)**

📍 **location:** al-shuhada district

🏠 **the apartment consists of:**
• guest living room with decorations.
• master bedroom with an en-suite bathroom.
• children's bedroom.
• brand new fully equipped kitchen, with installed split air conditioners.
• 2 bathrooms.
• private terrace / rooftop.

💵 **annual rent:** 50,000 sar.Ash Shuhada, Riyadh",https://sa.aqar.fm/en/apartment-for-rent/riyadh/east-of-riyadh/ash-shuhada/apartment-for-rent-6876434
Apartment For Rent,5500,102.0,"Apartment for Rent in Riyadh Ash Shuhada§5,500/annually102m²121🏡 for rent | modern furnished apartments 🏡

📍 west yarmouk district – behind atiyaf mall
🏢 al fakhama building

✨ fully modern and furnished apartments

🔹 1- one bedroom and living room
🛏️ bedroom
🛋️ living room
🚿 one or two bathrooms
🍳 kitchen
💰 rent: 5,500 sar per month
💧⚡ water and electricity included

🔹 2- two bedrooms and living room
🛏️ two bedrooms
🛋️ living room
🚿 one or two bathrooms
🍳 kitchen
💰 rent: 6,500 sar per month
💧⚡ water and electricity included

💵 security deposit: 1,500 sar

📞 to contact: ((number appears when you click call))Ash Shuhada, Riyadh",https://sa.aqar.fm/en/apartment-for-rent/riyadh/east-of-riyadh/ash-shuhada/apartment-for-rent-6880370
Apartment For Rent,73000,117.0,"Apartment for Rent in Riyadh An Narjis§73,000/annually117m²331🏡 luxury apartment for rent
al majediah 142 a1
ground floor
3 bedrooms (1 master)
large living room 🛋️
kitchen cabinets 👩‍🍳
3 bathrooms 🚽
concealed ac units installed ❄️
assigned parking 🅿️

thamer al-hamoud
((number appears when you press call))An Narjis, Riyadh",https://sa.aqar.fm/en/apartment-for-rent/riyadh/north-of-riyadh/an-narjis/apartment-for-rent-6880210
Apartment For Rent,36000,493.0,"Apartment for Rent in Riyadh Al Munsiyah§36,000/annually493m²321🏡 distinguished family apartment for rent - al-khunini district (al-ramal al-khunini)

📍 location:
the apartment is located in a corner villa (west-south facing) in a quiet and distinguished location, with adequate parking spaces and easy access via sheikh jaber al-sabah street. it is also distinguished by its proximity to al-khunini mosque and behind the octane station, providing easy access to services and transportation.

🏠 apartment details:

* third floor
* 3 bedrooms
* spacious living room
* kitchen
* 2 bathrooms
* two entrances
* very clean and ready to move in

🔹 services and facilities:

* shared electricity meter with another apartment
* shared water meter for the villa
* no elevator

💰 rental value:

* 35,000 riyals annually
* or 3,300 riyals monthly

📞 contact:

0534088882Al Munsiyah, Riyadh",https://sa.aqar.fm/en/apartment-for-rent/riyadh/east-of-riyadh/al-munsiyah/apartment-for-rent-6714382
Warehouse For Rent,150000,900.0,"Warehouse for Rent in Riyadh Al Manakh§150,000/annually900m²warehouse for rent in al manakh neighborhood, al kharj road
area: 900 square meters
osoul al khibra real estate companyAl Manakh, Riyadh",https://sa.aqar.fm/en/warehouse-for-rent/riyadh/south-of-riyadh/al-manakh/warehouse-for-rent-6761969
Villa For Rent,65000,195.0,"Villa for Rent in Riyadh Sedra§65,000/annually195m²451unfurnished villa - al narjis district
listing number: 3303
to book an appointment or view other units, please visit the aamar website: http://aamar.sa/units/3303

prices:
single payment: 65,000 sar
two payments: 70,000 sar

unit details:
4 bedrooms + 5 bathrooms
living room (1) + separate sitting room + dressing room
split kitchen (built-in) without appliances
6 air conditioners (built-in)
maid's room
laundry room / storage room
private entrance
outdoor area (balcony or private roof)
private parking (both)

property location features:
🌳 ishraq garden – 1 minute
🛣️ prince faisal bin bandar road – 8 minutes
✈️ king khalid international airport – 29 minutes
🛍️ roshan boulevard – 35 minutesSedra, Riyadh",https://sa.aqar.fm/en/villa-for-rent/riyadh/north-of-riyadh/sedra/villa-for-rent-6771824
Apartment For Sale,320,320000151.0,"Apartment for Sale in Riyadh Ad Dar Al Baida§320,000151m²422🏡 apartment for sale – al-dar al-baida district

📍 location: al-dar al-baida district

📐 area: 151 m²
🏗️ property age: 20 years

✨ apartment details:

* 🛋️ living room (majlis)
* 🍽️ dining area
* 🏠 two spacious halls
* 🛏️ two bedrooms
* 🍳 kitchen
* 🚿 two bathrooms

⭐ property features:

* ✅ prime location, close to all services.
* 🚇 just a few minutes from the metro station.
* ⚡ independent electricity meter.
* 🏙️ suitable for residential or investment purposes.

💵 asking price: 320,000


osoul al-khibra real estate company

sale – purchase – marketing – property management – full building leasing

((number appears upon pressing call)) 533908444 – ((number appears upon pressing call))Ad Dar Al Baida, Riyadh",https://sa.aqar.fm/en/apartment-for-sale/riyadh/south-of-riyadh/ad-dar-al-baida/apartment-for-sale-6791159
Apartment For Rent,85000,104.0,"Apartment for Rent in Riyadh An Narjis§85,000/annually104m²231**apartment for rent in al narjis district - prime location close to king salman road**

a modern, fully-equipped apartment within an upscale compound, offering comfort and comprehensive amenities:

**apartment details:**
* spacious living room
* 2 bedrooms (one master bedroom)
* 3 bathrooms
* laundry room
* maid's room
* courtyard with an area of 40 sqm
* fully fitted kitchen with all appliances: refrigerator, oven, microwave, dishwasher, electric cooktop
* laundry room

**compound features:**
* garden and green spaces
* children's play area
* sports club (male and female sections)
* swimming pool
* sauna and steam room

**additional services:**
* private parking space in the basement
* free maintenance
* reception and 24-hour concierge service
* apartment cleaning and car wash service (for a nominal fee)

**price: 85,000**An Narjis, Riyadh",https://sa.aqar.fm/en/apartment-for-rent/riyadh/north-of-riyadh/an-narjis/apartment-for-rent-6791911
Riyadh,24,,24,https://sa.aqar.fm/en/all/riyadh/24
Apartment For Rent,95000,123.0,"Apartment for Rent in Riyadh An Narjis§95,000/annually123m²331🏡 for rent | fully furnished apartment – safa 71 compound

📍 al narjis district – north riyadh
near king salman road

🏢 floor: first
📐 area: 123.81 m²
🏘️ within a distinguished and secure residential compound

✨ apartment features:
• 3 bedrooms
• 3 bathrooms
• spacious living room
• fully equipped kitchen
• furnished balcony
• fully furnished and ready to move in directly
• furniture, appliances, and tv provided
• internet installed
• air conditioning
• purified water filter
• smart entry
• intercom
• private parking space in the basement
• maintenance services available
• the compound is secure and equipped with surveillance cameras, providing a safe residential environment and high privacy

📍 strategic location close to the main roads and services:
• king salman road: 1–2 minutes
• abu bakr al siddiq road: 3–5 minutes
• othman bin affan road: 5–7 minutes
• anas bin malik road: 7–10 minutes
• the avenues: 10–15 minutes
• nearest metro station: 10–15 minutes
• king khalid international airport: 15–20 minutes

💰 annual rent:
100,000 sar in two payments.
95,000 sar in a single payment.
🔒 security deposit: 5,000 sar

✨ a complete apartment, ready to move in directly, combining a prime location, safety, privacy, full furnishing, and all the essentials for comfortable living.

📞 for contact and viewing:
khalid al-qahtani
((the number appears when you press call))An Narjis, Riyadh",https://sa.aqar.fm/en/apartment-for-rent/riyadh/north-of-riyadh/an-narjis/apartment-for-rent-6870986
Big Flat For Rent,76000,472.0,"Floor for Rent in Riyadh An Narjis§76,000/annually472m²342floor 28830
ad number: 3300
to book an appointment or view other units, please visit the aamar website: http://aamar.sa/units/3300

prices:
single payment: 76,000 sar
two payments: 81,000 sar

unit details:
3 bedrooms + 4 bathrooms
living room (2) + separate sitting room (majlis)
american kitchen (fitted)
air conditioners: 0 (not installed)
laundry room / storage room
outdoor area (balcony or private roof)
private parking (building front)

property location features:
🕌 al-shabab mosque — 1 minute away (~230 meters)
🕌 sheikh mohammed saleh al sif grand mosque — 2 minutes away (~450 meters)
🛣️ king salman road — approximately 5 minutes away
🚇 riyadh metro station (sabb) — approximately 10 minutes away (~7.6 km)
🎓 princess nourah bint abdulrahman university — approximately 13 minutes away (~11.5 km)
✈️ king khalid international airport — approximately 12 minutes away (~10.6 km)An Narjis, Riyadh",https://sa.aqar.fm/en/big-flat-for-rent/riyadh/north-of-riyadh/an-narjis/big-flat-for-rent-6875603
Apartment For Rent,55000,146.0,"Apartment for Rent in Riyadh Dhahrat Laban§55,000/annually146m²431luxury apartment for rent (families)
dhahrat laban district
ground floor

riyadh city

it consists of:
• living room (majlis)
• sitting room
• kitchen
• 3 bedrooms, one of which is a master bedroom
• storage room or maid's room

building features:
• close to all services
• adjacent to commercial markets
• all windows face the street
• fitted kitchen
• air conditioners installed
• brand new, first occupant
• two private parking spaces

rental price:
55,000 annuallyDhahrat Laban, Riyadh",https://sa.aqar.fm/en/apartment-for-rent/riyadh/west-of-riyadh/dhahrat-laban/apartment-for-rent-6876348
Apartment For Rent,38000,471.0,"Apartment for Rent in Riyadh Al Arid§38,000/annually471m²321for rent: apartment in a villa, al-arid district
super deluxe finishing
fully renovated with new plumbing and electrical systems
independent electricity meter

built-in kitchen
consists of:
- two bedrooms
- living room
- hall
- kitchen

two bathrooms
private rooftop
two entrancesAl Arid, Riyadh",https://sa.aqar.fm/en/apartment-for-rent/riyadh/north-of-riyadh/al-arid/apartment-for-rent-6792696
Apartment For Rent,6500,150.0,"Apartment for Rent in Riyadh Al Yarmouk§6,500/annually150m²211📢 featured listing – brand new apartment for rent

fully furnished brand new apartment in al yarmouk al gharbi – behind atyaf mall
📍 prime location near the metro station

✨ features:
• 2 bedrooms
• spacious living room
• fully equipped kitchen
• bathroom
• modern new furniture
• rent includes (electricity – water – gas)

💰 monthly rent: sar 6,500

⸻

📢 featured listing – brand new apartment for rent

fully furnished brand new apartment in al yarmouk al gharbi – behind atyaf mall
📍 prime location near the metro station

✨ features:
• 1 bedroom
• spacious living room
• fully equipped kitchen
• bathroom
• modern new furniture
• rent includes (electricity – water – gas)

💰 monthly rent: sar 5,500Al Yarmouk, Riyadh",https://sa.aqar.fm/en/apartment-for-rent/riyadh/east-of-riyadh/al-yarmouk/apartment-for-rent-6890010
Apartment For Rent,45000,840.0,"Apartment for Rent in Riyadh Al Masif§45,000/annually840m²3apartment for rent in al-musaif district in riyadh
consisting of:
3 bedrooms
living room
kitchen
bathrooms
rent: 45,000 sar including water only
contact via whatsapp:
0534051000Al Masif, Riyadh",https://sa.aqar.fm/en/apartment-for-rent/riyadh/north-of-riyadh/al-masif/apartment-for-rent-6897236
Villa For Sale,1700,1700000370.0,"Villa for Sale in Riyadh Al Mahdiyah§1,700,000370m²5assalamu alaikum wa rahmatullahi wa barakatuh

villa with an area of 200 sqm and a built-up area of 370 sqm
with central air conditioning 🌹
20-meter street in the golden square 🌹
facing a garden and a mosque in al-mahdia district 🌹

**villa details:**

**ground floor:**
garage + villa courtyard + men's entrance and women's entrance + men's sitting room with bathroom and washbasins + dining area + spacious family hall with bathroom and washbasins + kitchen

**first floor:**
four bedrooms — two master bedrooms and two regular bedrooms with a shared bathroom and washbasins + rear and side setbacks

**second floor:**
two bedrooms with a shared bathroom and washbasins + spacious main rooftop terrace

for more information and to visit the villa, please contact:
**0553322312**Al Mahdiyah, Riyadh",https://sa.aqar.fm/en/villa-for-sale/riyadh/west-of-riyadh/al-mahdiyah/villa-for-sale-6896173
Apartment For Rent,65000,425.0,"Apartment for Rent in Riyadh Al Falah§65,000/annually425m²321apartment in a villa for rent - al falah district
two entrances
consists of:
living room + spacious hall + 2 bedrooms + kitchen + 2 bathrooms
built-in kitchen + installed air conditioners
excellent location
*private entrance*
rent: 65,000Al Falah, Riyadh",https://sa.aqar.fm/en/apartment-for-rent/riyadh/north-of-riyadh/al-falah/apartment-for-rent-6897434
Villa For Sale,970,970000202.0,"Villa for Sale in Riyadh Dhahrat Al Badi'ah§970,000202m²441assalamu alaikum wa rahmatullahi wa barakatuh
may allah bless your times with all goodness

i present to you a ground-floor townhouse
two-story system in the dhahrat al-badiah neighborhood, on al-madinah al-munawwarah road

- area: 250 sqm
- street width: 20 m
- price: 970,000 sar

**details:**
- car entrance
- men's majlis
- porcelain-tiled reception and living room
- kitchen with central air conditioning installed ✅
- elderly room
- swimming pool at the back ✅

**first floor:**
- three bedrooms, including a master bedroom

excellent personal workmanship with all necessary warranties covering electrical, insulation, and an engineering supervision certificate.
for our valued clients, all financing and real estate facilities are available, along with a construction completion certificate.

**for contact and inquiries: 0550364837**Dhahrat Al Badi'ah, Riyadh",https://sa.aqar.fm/en/villa-for-sale/riyadh/west-of-riyadh/dhahrat-al-badiah/villa-for-sale-6898286
Riyadh,25,,25,https://sa.aqar.fm/en/all/riyadh/25
Big Flat For Rent,50000,300.0,"Floor for Rent in Riyadh Al Yarmouk§50,000/annually300m²531**luxurious upper floor for rent in al yarmouk district**
**(riyadh city)**

fully renovated first floor consisting of:

- living room (majlis) + sitting room (muqlat) + hall + 3 bedrooms + kitchen + 3 bathrooms

**note:**
- kitchen appliances not included
- air conditioners not included

**features:**
- prime location
- close to: services and restaurants
- near the mosque
- ample parking spaces

**price: 50,000 sar**Al Yarmouk, Riyadh",https://sa.aqar.fm/en/big-flat-for-rent/riyadh/east-of-riyadh/al-yarmouk/big-flat-for-rent-6898206
Flat For Sale,1150,1150000217.0,"Floor for Sale in Riyadh Al Arid§1,150,000217m²331first floor in viora | al-aarid district – street 15

sale without commission
💰 price: 1,180,000 sar

property specifications:

* first floor
* 3 bedrooms
* maid's room
* private parking
* concealed air conditioning
* passenger elevator
* independent meters (electricity and water tank)
warranties up to 50 years

✨ part of the viora project, featuring modern design, premium finishes, and a prime location in al-aarid district.

for inquiries and viewing, please get in touch.Al Arid, Riyadh",https://sa.aqar.fm/en/flat-for-sale/riyadh/north-of-riyadh/al-arid/flat-for-sale-6718695
Apartment For Sale,894,89400098.0,"Apartment for Sale in Riyadh Ash Shuhada§894,00098m²2*on the occasion of national day, get a 96,000 sar discount on your residential unit from nomu alasoul real estate!*

🏡 for sale | residential apartments

residential apartments featuring a practical design and suitable living spaces, constructed under engineering supervision with multiple warranties available.

📐 area:
113.71 sqm

✨ property features:

🏗️ construction under engineering supervision
🛡️ insulation warranty
🚿 plumbing warranty
⚡ electrical warranty
🏢 structural framework warranty
❄️ installed air conditioners
🚘 private parking space

🏠 property layout:
🛋️ living room
🍽️ kitchen
🛏️ 2 master bedrooms
🚿 3 bathrooms

📞 for more details & to schedule a viewing, contact us

📱 mobile: ((number appears upon clicking call))

🏢 nomu alasoul real estate companyAsh Shuhada, Riyadh",https://sa.aqar.fm/en/apartment-for-sale/riyadh/east-of-riyadh/ash-shuhada/apartment-for-sale-6635540
Flat For Sale,1819,1819000194.0,"Floor for Sale in Riyadh Al Wadi§1,819,000194m²341first floor, 224 sqm area - 20-15 street
4 spacious bedrooms
kitchen
living room with majlis
hidden gree air conditioning available
in living room, master bedroom and majlis
italian elevators installed
smart electrical outlets
4-meter ceiling height
all construction phases documented for increased customer confidence
with over 30 years of experience

building completion certificate issued - bank customers welcome

maintenance services available
customer handover upon unit delivery
with barcode containing all unit warrantiesAl Wadi, Riyadh",https://sa.aqar.fm/en/flat-for-sale/riyadh/north-of-riyadh/al-wadi/flat-for-sale-6655302
Apartment For Rent,72000,166.0,"Apartment for Rent in Riyadh Al Hamra§72,000/annually166m²331silver arrow real estate company announces the availability of:

🏡 modern apartment for rent | wakan project – al hamra

📍 first floor | property age: 2 years

✨ the apartment includes:
• 3 bedrooms, including a master bedroom with a private bathroom
• separate majlis + bathroom
• separate living room
• fitted kitchen
• maid's room / storage room
• ❄️ 6 newly installed gree air conditioners
• owners' association fees included

💰 sar 72,000 – one payment
💰 sar 75,000 – two payments

📍 wakan project – al hamra district, riyadh


🏡 modern apartment for rent | wakan project – al hamra

📍 first floor | property age: 2 years

✨ the apartment includes:
• 3 bedrooms, including a master bedroom with a private bathroom
• separate majlis + private bathroom
• separate living room
• fitted kitchen
• maid's room / storage room
• ❄️ 6 newly installed split ac units by gree
• owners' association fees included

💰 sar 72,000 – one payment
💰 sar 75,000 – two payments

📍 wakan project – al hamra, riyadhAl Hamra, Riyadh",https://sa.aqar.fm/en/apartment-for-rent/riyadh/east-of-riyadh/al-hamra/apartment-for-rent-6901069
Flat For Sale,1500,1500000248.0,"Floor for Sale in Riyadh Al Yarmouk§1,500,000248m²651**for sale – cash or non-subsidized**

first floor in a personally built villa
• consists of two separate apartments under one deed, with the ability to subdivide the apartments, however selling the entire floor is preferred.

**apartment 1:**
• men's sitting room (majlis)
• dining area + balcony
• family living room
• kitchen
• 2 bedrooms
• 2 bathrooms

---

**apartment 2:**
• men's sitting room (majlis)
• family living room
• kitchen
• 2 bedrooms
• 2 bathrooms
• shared rooftop

---

• private parking spaces
• facade: south-facing
• location: al yarmouk district – riyadh
• prime location, close to services, the airport, and major roads:
- dammam road
- sheikh jaber road
- exit 9 road
• full utilities (water + sewage)
• area: 246 sqm
• 15-meter street
• apartments are fully furnished with luxury furniture, included in the saleAl Yarmouk, Riyadh",https://sa.aqar.fm/en/flat-for-sale/riyadh/east-of-riyadh/al-yarmouk/flat-for-sale-6857493
Apartment For Sale,1050,105000091.0,"Apartment for Sale in Riyadh Al Arid§1,050,00091m²221apartment for sale in al-aridh
al-udhaib project
luxurious finishing
it consists of:
two bedrooms
two bathrooms
living room
open kitchen to the living room
air conditioners installed
videos of the apartment are available on whatsapp
price has been reduced for one week
price: 1,050,000 netAl Arid, Riyadh",https://sa.aqar.fm/en/apartment-for-sale/riyadh/north-of-riyadh/al-arid/apartment-for-sale-6842732
Apartment For Sale,750,75000093.0,"Apartment for Sale in Riyadh Al Khaleej§750,00093m²431a distinctive opportunity to own an apartment in a villa with a practical design and a prime location in al khalij district, featuring suitable spaces and an internal layout that meets family needs.

🔹 apartment specifications:

• a spacious reception lounge for guests
• a comfortable family living room
• a functional kitchen with a distinctive design
• 2 bedrooms
• a master bedroom with a private bathroom
• 2 bathrooms
• good finishes and modern design
• a prime location close to services and vital amenities

✨ an ideal choice for family living and investment, offering comfort and privacy in one of the most sought-after neighborhoods.

for details and viewing, please contact:
hanai: 0559649599Al Khaleej, Riyadh",https://sa.aqar.fm/en/apartment-for-sale/riyadh/east-of-riyadh/al-khaleej/apartment-for-sale-6738762
Flat For Sale,796,796000158.0,"Floor for Sale in Riyadh An Nadhim§796,000158m²33ground floor unit, 158 sqm, located in east riyadh, al-nadwah district
20-meter street, facing a park

designed and built with the finest attention to detail. all project phases have been documented so you are fully informed about your unit's specifications before purchasing.

————————————————————

private entrance and car garage
men's sitting room (majlis)
bathroom
dining room
kitchen
internal living area
master bedroom
two bedrooms
bathroom

______________________________

**warranties**

1. long-term warranty of up to 15 years on plumbing
2. 5-year warranty on electrical wiring
3. roof waterproofing warranty to prevent water leakage
4. insurance against hidden defects (al-ta'awuniyah)
5. warranty on compaction works
6. wpc doors warranty for 10 years

__________________________________

free maintenance service is provided for one year from the date of purchase.

for inquiries and contact:
((number appears when pressing ""call""))
((number appears when pressing ""call""))

offer valid until 30/09/2026An Nadhim, Riyadh",https://sa.aqar.fm/en/flat-for-sale/riyadh/east-of-riyadh/an-nadhim/flat-for-sale-6803251
Villa For Sale,800,800000181.0,"Villa for Sale in Riyadh Az Zahrah§800,000181m²442🏡 **for sale: upper townhouse – a distinctive opportunity**

📐 **area:** 250 m²
💰 **price:** 800,000 sar
🛣️ **street width:** 20 meters
🧭 **frontage:** north-facing

**property details:**
🚗 car entrance
🛋️ sitting room (majlis)
🍽️ kitchen
🛋️ spacious living room
🪜 internal staircase
🌤️ private rooftop
🛋️ small lounge on the upper floor
🛏️ 3 bedrooms, including 2 master bedrooms

✅ practical design with premium finishes.
✅ all necessary warranties available.

📞 **for contact and inquiries:**
**abu faisal**Az Zahrah, Riyadh",https://sa.aqar.fm/en/villa-for-sale/riyadh/west-of-riyadh/az-zahrah/villa-for-sale-6769706
Flat For Sale,750,750000218.0,"Floor for Sale in Riyadh Tuwaiq§750,000218m²312assalamu alaikum warahmatullahi wabarakatuh
may allah bless your times with all goodness

awael nimar real estate company announces the sale of residential units, each floor with its own title deed.

**ground floor**
located in al-tareeq al-ghroub district
area: 310 sqm
north-facing, on a 20-meter street
next to a mosque

the ground floor includes: a car entrance, a reception/sitting room (majlis), an open living/dining area connected to the hall, a kitchen, and three bedrooms — two master bedrooms and one bedroom with an external bathroom.

the company also guarantees all required warranties from the owner. we offer debt settlement and down payment services, and we work with all banks and investment companies. we also have other offers to suit everyone.

**code: 24**Tuwaiq, Riyadh",https://sa.aqar.fm/en/flat-for-sale/riyadh/west-of-riyadh/tuwaiq/flat-for-sale-6899904
Apartment For Rent,50000,306.0,"Apartment for Rent in Riyadh Al Munsiyah§50,000/annually306m²3living room
two bedrooms, one of which is a master bedroom
hall
kitchen
two bathrooms
new installed air conditioners, kitchen will be installed
rent: 50 (in two payments)
the apartment is brand new, never been lived in, second floor without a rooftopAl Munsiyah, Riyadh",https://sa.aqar.fm/en/apartment-for-rent/riyadh/east-of-riyadh/al-munsiyah/apartment-for-rent-6876986
Apartment For Sale,480,480000110.0,"Apartment for Sale in Riyadh Ash Shifa§480,000110m²431may god bless you with all goodness and happiness.
we present to you a luxury apartment project in a floor system in the al-shifa al-qadim neighborhood in badr — an excellent location.
areas starting from 110 sqm to 160 sqm.
prices starting from 480,000 to 600,000 saudi riyals (new saudi real estate standards).
the building is insured by malath insurance company against hidden defects, with warranties on everything.
we deal with all banks and companies.
we also offer settlement of defaulted payments and assistance with down payments.Ash Shifa, Riyadh",https://sa.aqar.fm/en/apartment-for-sale/riyadh/south-of-riyadh/ash-shifa/apartment-for-sale-6841842
Big Flat For Rent,105000,100.0,"Floor for Rent in Riyadh An Narjis§105,000/annually100m²332🏡 floor for rent | masharef hills compound

📍 masharef hills compound

✨ apartment details:
• 3 bedrooms
• living room
• 3 bathrooms
• fully fitted kitchen
• built-in air conditioners
• parking space
• inclusive of utilities/guarantees

💰 annual rent: 115,000 sar

also available are floors in the same compound:

- ground floors:
corner unit: 140,000 sar
single street - without kitchen: 125,000 sar

- first floors:
corner unit: 125,000 sar
single street - without kitchen: 115,000 sar

- second floors:
corner unit: 115,000 sar
single street - without kitchen: 105,000 sarAn Narjis, Riyadh",https://sa.aqar.fm/en/big-flat-for-rent/riyadh/north-of-riyadh/an-narjis/big-flat-for-rent-6895041
Apartment For Sale,480,48000082.0,"Apartment for Sale in Riyadh Al Hazm§480,00082m²3- may allah bless your times with all goodness

for sale: apartment in al-hazm district

price: 480,000

details //
living room, hall, kitchen, three bedrooms, elevator, move-in readyAl Hazm, Riyadh",https://sa.aqar.fm/en/apartment-for-sale/riyadh/west-of-riyadh/al-hazm/apartment-for-sale-6889681
Big Flat For Rent,106000,148.0,"Floor for Rent in Riyadh An Nafal§106,000/annually148m²442first floor for rent, 148 sqm in al nafl district, with elevator + staircase
fully furnished with new furniture
consisting of:
3 bedrooms, one of which is a master bedroom
3 bathrooms
men's sitting room
dining room + living room
fully equipped kitchen with modern appliances
2 balconies
external room with a bathroom, suitable for a driver or as a storage room
private parking

full furniture including sofas, dining table, bedrooms, curtains, air conditioners, and kitchen

rent: 115,000 one payment / 120,000 two paymentsAn Nafal, Riyadh",https://sa.aqar.fm/en/big-flat-for-rent/riyadh/north-of-riyadh/an-nafal/big-flat-for-rent-6830197
Workshops For Rent,1200009,1200009000.0,"Workshop for rent in Riyadh As Sulay§120,0009,000m²workshop for rent – low risk

total area: 562.5 square meters.

workshop specifications:
* a fully compliant workshop with all official documents in order.
* building permit (workshop).
* civil defense installation completion certificate.
* civil defense classification: low risk.
* equipped with an office, kitchen, and restroom.

rental value:
120,000 sar annually, paid in two installments.

notes:
* the rental value does not include 15% vat.

location:
riyadh – al-sali district – mujahid industrial areaAs Sulay, Riyadh",https://sa.aqar.fm/en/Workshops-for-rent/riyadh/south-of-riyadh/as-sulay/Workshops-for-rent-6753504
Apartment For Sale,1100,1100000125.0,"Apartment for Sale in Riyadh Ishbiliyah§1,100,000125m²332for sale: apartment in al-ishbiliyah district
first floor
in hadaf 13 project
property age: 2 years
property area: 125.66 sqm
consisting of the following:
three bedrooms
including one master bedroom
living room and lounge
storage room or maid's room
three bathrooms
fitted kitchen, air conditioners installed
private parking in the basement
selling price: 1,150,000
https://maps.app.goo.gl/1fhubfqqlfkstquh7?g_st=acIshbiliyah, Riyadh",https://sa.aqar.fm/en/apartment-for-sale/riyadh/east-of-riyadh/ishbiliyah/apartment-for-sale-6897788
Riyadh,26,,26,https://sa.aqar.fm/en/all/riyadh/26
Flat For Sale,615,615000176.0,"Floor for Sale in Riyadh Al Janadriyah§615,000176m²331🏡 for sale: 3 upper floors
📍 riyadh — ghusoon district

a distinctive opportunity to live in a quiet and premium location.

📐 area per floor: 176.51 m²
📐 land area: 385 m²
🛣️ street width: 20m – opens onto a facility
🛗 elevator available

details per floor:
• majlis
• muqlat (men's sitting area)
• living room
• 3 bedrooms
• maid's room
• 3 bathrooms
💰 price: 615,000 sar per floorAl Janadriyah, Riyadh",https://sa.aqar.fm/en/flat-for-sale/riyadh/east-of-riyadh/al-janadriyah/flat-for-sale-6870999
Apartment For Rent,110000,128.0,"Apartment for Rent in Riyadh An Nakheel§110,000/annually128m²3for rent: a furnished apartment on the second floor
khuwaled project 7, al nakheel al gharbi
living room, kitchen, 3 bedrooms including a master bedroom, 3 bathrooms, and a laundry room
central air conditioning, built-in kitchen
parking space in the basementAn Nakheel, Riyadh",https://sa.aqar.fm/en/apartment-for-rent/riyadh/north-of-riyadh/an-nakheel/apartment-for-rent-6892807
Apartment For Rent,45000,292.0,"Apartment for Rent in Riyadh As Sulimaniyah§45,000/annually292m²221for rent: a renovated residential apartment
in a residential building consisting of only four apartments in total

comprising two rooms, a living room, and two bathrooms
fitted kitchen and 3 installed split air conditioners
rent includes water
independent electricity meter for the apartment

location is as stated in the adAs Sulimaniyah, Riyadh",https://sa.aqar.fm/en/apartment-for-rent/riyadh/north-of-riyadh/as-sulimaniyah/apartment-for-rent-6852988
Villa For Rent,280000,750.0,"Villa for Rent in Riyadh Ar Rahmaniyah§280,000/annually750m²652No descriptionAr Rahmaniyah, Riyadh",https://sa.aqar.fm/en/villa-for-rent/riyadh/north-of-riyadh/ar-rahmaniyah/villa-for-rent-6847767
Apartment For Rent,103000,2980.0,"Apartment for Rent in Riyadh An Nakheel§103,000/annually2,980m²431for rent: a two-floor apartment on the ground floor, for families, in a residential building in al nakheel al gharbi district.

ground floor: majlis, living room, dining room, and bathroom.
kitchen installed with electrical appliances.

upper floor: 3 bedrooms, including a master bedroom with a bathroom, and a maid's room without a bathroom.

central a/c and split units installed.
independent electricity meter.

110,000 in two payments.
103,000 in one payment.
water included.
two outdoor car parking spots.An Nakheel, Riyadh",https://sa.aqar.fm/en/apartment-for-rent/riyadh/north-of-riyadh/an-nakheel/apartment-for-rent-6727794
Land For Sale,1500919,8418.0,"Land for Sale in Riyadh Al Mahdiyah§1,500,919.8418m²15mResidential🔥 a golden, unmissable opportunity – residential land in al-mahdiyah district 🔥

📍 location: al-mahdiyah district – a strategic location close to all services
📐 area: 418 m²
📏 dimensions:
• width: 18 m
• depth: 22.5 m
• rear side: 19.15 m

✨ land features:
✔ excellent flat terrain – ready for construction
✔ close to all services (schools, mosques, shops)
✔ only 3 minutes from the ring road – easy access
✔ prime location suitable for both residence and investment

💰 price: 1,500,000 sarAl Mahdiyah, Riyadh",https://sa.aqar.fm/en/land-for-sale/riyadh/west-of-riyadh/al-mahdiyah/land-for-sale-6901035
Villa For Rent,65000,207.0,"Villa for Rent in Riyadh Al Janadriyah§65,000/annually207m²531townhouse for rent | al-janaderiyah district – riyadh

two sitting rooms • 3 bedrooms • living room • kitchen • bathrooms • private rooftop
private entrance • private parking

✨ practical design with comfortable spaces, suitable for families

for inquiries ((number appears when pressing call))
abu ali al-shehri: ramda real estate company in riyadh / al-sulaimaniyah district / we are pleased to serve you and market your properties in all regions and provinces of the kingdom, whether selling, buying, or rentingAl Janadriyah, Riyadh",https://sa.aqar.fm/en/villa-for-rent/riyadh/east-of-riyadh/al-janadriyah/villa-for-rent-6786616
Apartment For Rent,70000,149.0,"Apartment for Rent in Riyadh Al Munsiyah§70,000/annually149m²431🏡 apartment for rent | al munsiyah – rafah (40)

new and well-designed apartment:

* 3 bedrooms (1 master)
* spacious living room + separate majlis
* fitted kitchen
* 3 bathrooms
* installed acs
* private parking

project features: men's gym, women's gym, nursery, with hoa fees included.

📍 prime location near prince mohammed bin salman road, dammam road, thumamah road, and the northern & eastern ring roads.

💰 sar 70,000 – one payment
💰 sar 75,000 – two payments

code: n-422Al Munsiyah, Riyadh",https://sa.aqar.fm/en/apartment-for-rent/riyadh/east-of-riyadh/al-munsiyah/apartment-for-rent-6822756
Apartment For Rent,42000,450.0,"Apartment for Rent in Riyadh Qurtubah§42,000/annually450m²3apartment for rent | qurtubah district

prime location, close to all services
first floor

property features:

* 2 bedrooms
* living room
* majlis
* 2 bathrooms

annual rent:
sar 42,000
one or two payments

note:

* electricity and water are shared

code: n-436Qurtubah, Riyadh",https://sa.aqar.fm/en/apartment-for-rent/riyadh/east-of-riyadh/qurtubah/apartment-for-rent-6888649
Flat For Sale,770,770000178.0,"Floor for Sale in Riyadh Al Janadriyah§770,000178m²7**luxurious ground floor for sale**

**east riyadh – ghusoon subdivision**
luxurious finishes, independent water tanks, all warranties available.
close to schools and all services.

**floor details:**
- external annex and courtyard
- men's sitting room (majlis) and tiled area
- land area: 319 square meters
- large living room (hall)
- kitchen with storage room and maid's room
- 3 bedrooms, including 2 master bedrooms

the floor features two entrances: a private entrance for women and a separate entrance for men.

**accepts cash and all bank financing options.**Al Janadriyah, Riyadh",https://sa.aqar.fm/en/flat-for-sale/riyadh/east-of-riyadh/al-janadriyah/flat-for-sale-6886549
Apartment For Rent,42000,130.0,"Apartment for Rent in Riyadh Ar Rimal§42,000/annually130m²3apartment for rent in al-rimal district, ribal scheme.
the apartment has a private entrance,
a majlis (sitting room),
2 living rooms,
2 bedrooms,
and 2 bathrooms.
monthly rent: 3,500 (negotiable).
accepts bachelors and families.Ar Rimal, Riyadh",https://sa.aqar.fm/en/apartment-for-rent/riyadh/east-of-riyadh/ar-rimal/apartment-for-rent-6874768
Apartment For Sale,750,750000125.0,"Apartment for Sale in Riyadh Al Qadisiyah§750,000125m²3apartment for sale - al-qadisiyyah district, east riyadh | ground floor

excellent opportunity for ownership in a prime location in al-qadisiyyah district, east riyadh. ground floor apartment with practical design and excellent finishing, close to all services, schools, and main roads.

✨ apartment features:
• private entrance
• spacious sitting room
• family lounge
• comfortable bedrooms
• kitchen
• bathrooms
• private parking space
• independent electricity meter
• independent water meter
• independent water tank
• private garage for the building
• shared drivers' room
• comprehensive guarantees for the entire project
• building insurance for ten years

📍 location: al-qadisiyyah district - east riyadh
💰 price: reasonable

for contact and inquiries, please contact privately or via whatsapp
0500377118
0551203080Al Qadisiyah, Riyadh",https://sa.aqar.fm/en/apartment-for-sale/riyadh/east-of-riyadh/al-qadisiyah/apartment-for-sale-6725937
Villa For Sale,1350,1350000295.0,"Villa for Sale in Riyadh Dhahrat Laban§1,350,000295m²641internal staircase with title deed (sak), standalone — apartments are sold — laban district
very distinctive location, at the beginning of laban, with wadi laban reserve in front of it

💠 property specifications:

🚪 15-meter eastern street, short and quiet
driver's room available
🔸 private car entrance
🔸 large men's sitting room (majlis)
🔸 elegant entrance foyer (muqlat)
🔸 spacious reception hall
🔸 elderly room
🔸 equipped kitchen + storage room

🛏️ first floor:
▪️ 3 bedrooms, one of which is a master bedroom
▪️ price: 1,350,000 sarDhahrat Laban, Riyadh",https://sa.aqar.fm/en/villa-for-sale/riyadh/west-of-riyadh/dhahrat-laban/villa-for-sale-6846186
Apartment For Sale,380,38000074.0,"Apartment for Sale in Riyadh Okaz§380,00074m²211shams okaz project🏡
the project consists of two villas divided into floors.
details are as follows:
3 adjacent villas
three ground floors
area: 176 m²
three upper floors
area: 165 m²
three independent apartments
area: 74 m²
each unit has its own separate title deed
20 m street, east-facing

the apartment (annex)
area: 74.87 m²

components and details:
2 bedrooms
1 living room (hall)
1 bathroom
1 kitchen
private areas: a roof of 35.37 m²
parking inside the building
external parking

all warranties and documents are available

approved warranties ☑️ – al awad investment company

comprehensive and structural warranty:
10 years | warranty against hidden defects and the structural frame (covered by company for cooperative insurance).

plumbing warranties:
15 years | green pipe installations.
2 years | water heaters (saudi ceramics).
2 years | cement submersible pump.

electrical warranties:
20 years | panasonic switches and sockets.
5 years | al fanar distribution boards and circuit breakers.
1 year | lighting warranty (directly from the al awad company branch).
approved warranty | electrical cables

aluminum and iron door warranties:
5 years

door and insulation warranties:
10 years | wooden doors.
5 years | waterproofing

💵 prices:
ground floor: 650,000 sar
upper floor: 550,000 sar
apartment: 380,000 sar
photos and explanatory videos:
https://drive.google.com/drive/folders/1kqrr8_h_zdkzkq4epo83zawrlppspnyu

location: okaz neighborhood
project location 👇🏻
https://maps.app.goo.gl/bmqjgfusy7xz9gvc7?g_st=ic

for contact and inquiries | ((the number appears when you tap call))Okaz, RiyadhPromoted",https://sa.aqar.fm/en/apartment-for-sale/riyadh/south-of-riyadh/okaz/apartment-for-sale-6872730
Building For Sale,1200,1200000126.0,"Building for Sale in Riyadh Al Shamicy§1,200,000126m²15mfor sale – residential building with six apartments, al-shumaisi district

- area: 160 sqm
- prime location
- fully rented – annual income: 115,000 sar
- electronic lease contracts
- close to king fahd road
- real estate development fund (redf) loan: 220,000 sar
- building age: 15 years
- in-kind registration (tasjeel ayni)
- has a building completion certificate
- personal construction – built to standard
- asking price: 1,100,000 sar net to owner – negotiable

current highest offer: 900,000 sar net
final asking price: 1,100,000 sar
conditional bidding appliesAl Shamicy, Riyadh",https://sa.aqar.fm/en/building-for-sale/riyadh/center-of-riyadh/al-shamicy/building-for-sale-6850611
Land For Sale,3290,3290000700.0,"Land for Sale in Riyadh As Saadah§3,290,000700m²30m✴️ corner villa on two commercial streets for sale – prime location ✴️

📍 al-saada district – intersection of al-nahar street and al-kawakib street

📐 area: 700 m²
🛣️ facade: northwest-facing corner on two commercial streets, 30m wide
🧱 building system: three and a half floors
🏗️ age: 40 years

📏 dimensions:
- north: 30m-wide street, 28m frontage
- south: adjacent land plot, 28m
- east: adjacent land plot, 25m
- west: 30m-wide street, 25m frontage

🌟 additional property features:
- building system: up to 3.5 floors
- strategic location close to all essential services
- commercial land eligible for subdivision, commercial building construction, or ownership apartments
- frontage on two streets: 30m northern street and 30m western street
- adjacent to al-hijra mosque
- opposite the ministry of sports project (stadiums and training centers)
- close to the national guard hospital
- near schools (private, government, and international)
- easy access from exits 15 and 16
- 5 minutes from the metro (3 km)

💵 price:
3,290,000 sar
three million two hundred and ninety thousand saudi riyals
4,700 sar per square meter

🌐 msakin rikaz real estate 🌐
📞 contact:

abu hamoud:
050.808.0959

abu saleh:
055.058.0890

whatsapp:
050.665.6563As Saadah, Riyadh",https://sa.aqar.fm/en/land-for-sale/riyadh/east-of-riyadh/as-saadah/land-for-sale-6849429
Flat For Sale,800,800000168.0,"Floor for Sale in Riyadh Ash Sharq§800,000168m²4ground floor and upper floor with an apartment in al murjan
area: 340
ground floor: 800,000
upper floor with apartment: 1,200,000
20-meter street

**details:**

**ground floor:**
- private car entrance
- men's sitting room with bathroom and washbasins
- tiled hall with women's sitting room with private entrance and kitchen
- 3 master bedrooms
- back yard

**upper floor:**
- elevator foundation
- private car entrance
- men's sitting room with bathroom and washbasins
- tiled hall and kitchen
- 3 bedrooms, one of which is master

**annex:**
- men's sitting room with bathroom and washbasins
- hall, bedroom, and rooftop

**for contact:**
0564485290Ash Sharq, Riyadh",https://sa.aqar.fm/en/flat-for-sale/riyadh/east-of-riyadh/ash-sharq/flat-for-sale-6778089
Apartment For Rent,38000,99.0,"Apartment for Rent in Riyadh Al Munsiyah§38,000/annually99m²321No descriptionAl Munsiyah, Riyadh",https://sa.aqar.fm/en/apartment-for-rent/riyadh/east-of-riyadh/al-munsiyah/apartment-for-rent-6847255
Flat For Sale,700,700000138.0,"Floor for Sale in Riyadh Ash Sharq§700,000138m²41No descriptionAsh Sharq, Riyadh",https://sa.aqar.fm/en/flat-for-sale/riyadh/east-of-riyadh/ash-sharq/flat-for-sale-6848708
Flat For Sale,550,550000214.0,"Floor for Sale in Riyadh Dahiat Namar§550,000214m²341may allah bless your times with all goodness 🇸🇦
- i am pleased to present to you a special offer 🏠
____________________________________

🟣 for sale: first floor (no rooftop) in dahiyat namar district, plan 2030 🟣
modern finishing with distinctive decorations, covered by all necessary warranties, and close to all services 🌿 👌

🟣 area: 420 sqm 🟣

🟣 price: 550,000 sar 💸

💎💎 property details 💎💎

✅️ car entrance, men's sitting room, reception area, living room, kitchen, and 4 bedrooms including 2 master bedrooms 🌟 ✔️
____________________________________

📝 our services:

1️⃣ we offer all available financing solutions.
2️⃣ we accept all sectors (civilians - military - private sector - public sector).
3️⃣ possibility of bank transfer from one bank to another.
4️⃣ we have offers in all neighborhoods to suit everyone.

contact us via whatsapp or phone call 🌿Dahiat Namar, Riyadh",https://sa.aqar.fm/en/flat-for-sale/riyadh/west-of-riyadh/dahiat-namar/flat-for-sale-6861560
Riyadh,27,,27,https://sa.aqar.fm/en/all/riyadh/27
Villa For Sale,730,730000252.0,"Villa for Sale in Riyadh Okaz§730,000252m²6townhouse villa for sale in okaz
price: 730,000
code: 3Okaz, Riyadh",https://sa.aqar.fm/en/villa-for-sale/riyadh/south-of-riyadh/okaz/villa-for-sale-6898224
Villa For Sale,2200,2200000337.0,"Villa for Sale in Riyadh Al Yarmouk§2,200,000337m²731villa for sale in al-yarmuk neighborhood
asking price: 2,200,000 | final price: 2,500,000

the villa consists of:

**ground floor:**
- fireplace
- tiled sitting room (majlis)
- hall
- three bedrooms including a master bedroom
- maid's room

**upper floor:**
- tiled sitting room (majlis)
- hall
- three bedrooms

**roof apartment:**
- four rooms
- hall
- rooftop

**age of property:** 13 yearsAl Yarmouk, Riyadh",https://sa.aqar.fm/en/villa-for-sale/riyadh/east-of-riyadh/al-yarmouk/villa-for-sale-6802136
Villa For Sale,1700,1700000200.0,"Villa for Sale in Riyadh Al Faruq§1,700,000200m²41for sale – modern villa with hall staircase, al-farouq district, 200 sqm

**villa specifications:**

**ground floor:** car entrance, living room (majlis), dining room, family lounge, and kitchen

**upper floor:** 4 bedrooms

**rooftop:** room with lounge and maid's room

**facade:** 18m west-facing

**price:** 1,700,000Al Faruq, Riyadh",https://sa.aqar.fm/en/villa-for-sale/riyadh/center-of-riyadh/al-faruq/villa-for-sale-6783676
Apartment For Rent,45000,360.0,"Apartment for Rent in Riyadh As Saadah§45,000/annually360m²321✴️ apartment for rent in a villa – upper floor ✴️
al-saada district – mahdharah street

photos and a video of the apartment are attached.

🏡 facilities 🏡
guest sitting room + bathroom
living room + fitted kitchen
2 bedrooms + shared bathroom

💡 additional property features 💡
1- conveniently located near services such as schools, shopping centers, and more.
2- spacious rooms.
3- close to khashm al aan.
4- fitted kitchen.
5- installed split air conditioners.
6- fully renovated apartment.
7- two separate entrances to the apartment.
8- shared electricity meter.

💵 rent 💵
rent: 45,000 (annual)
forty-five thousand riyals per year

🌐 rakaz properties – real estate & property management 🌐
for inquiries:

abu ibrahim / 055.711.1766 - english
abu suleiman / 055.580.5878
abu fahd / 050.113.3379

advertisement license number: (7201112848)
fal brokerage & marketing license number: 1200019477As Saadah, Riyadh",https://sa.aqar.fm/en/apartment-for-rent/riyadh/east-of-riyadh/as-saadah/apartment-for-rent-6852544
Apartment For Sale,650,650000106.0,"Apartment for Sale in Riyadh Ar Rawabi§650,000106m²3🏡 for sale: distinctive apartment in al-rawabi district

📐 area: 106 m²

🔹 consists of:
• sitting room
• living room
• 2 bedrooms
• fitted kitchen
• built-in air conditioners

✨ features:
• quiet neighborhood suitable for residential living
• close to all services and facilities
• prime location with easy accessAr Rawabi, Riyadh",https://sa.aqar.fm/en/apartment-for-sale/riyadh/east-of-riyadh/ar-rawabi/apartment-for-sale-6855675
Apartment For Sale,700,700000133.0,"Apartment for Sale in Riyadh Ishbiliyah§700,000133m²321**distinctive ground floor apartment for sale**

a wonderful opportunity to live in a practical and comfortable apartment in a vibrant location close to services.

**apartment components:**
- majlis (sitting room)
- muqlat (small lounge/anteroom)
- spacious living room
- two bedrooms
- fitted kitchen
- two bathrooms
- private yard/courtyard

**features:**
- 5 fitted air conditioners
- parking space in the building's basement
- bus stop directly in front of the building
- excellent and easily accessible location
- close to services and shops

**currently rented**Ishbiliyah, Riyadh",https://sa.aqar.fm/en/apartment-for-sale/riyadh/east-of-riyadh/ishbiliyah/apartment-for-sale-6897059
Apartment For Rent,2100,100.0,"Apartment for Rent in Riyadh Dhahrat Laban§2,100/annually100m²111🏡 luxury furnished apartment for families for rent
al-fadhli b7
📍 laban district
✨ bedroom
✨ living room
✨ office kitchen
✨ bathroom
✨ split air conditioning
⚡ electricity and water included
✨ rent: monthly
📌 payment: monthly
💴💰2275
contact: ((Advertiser's number appears upon contact))
https://maps.google.com/?q=24.626339,46.568230Dhahrat Laban, Riyadh",https://sa.aqar.fm/en/apartment-for-rent/riyadh/west-of-riyadh/dhahrat-laban/apartment-for-rent-6731001
Apartment For Rent,125000,147.0,"Apartment for Rent in Riyadh As Sahafah§125,000/annually147m²441for rent: furnished apartment in meem tower with a distinctive view
location: riyadh - al sahafa
floor: 9th
area: 147 sqm
street: 20m, west-facing
age: approximately 4 years
consists of:
3 bedrooms (one master), kitchen, living room, maid's room.

number of bathrooms: 4

- 6 split air conditioners
- independent electricity meter
- installed kitchen with electrical appliances
- private parking in the basement
- men's and women's gym
- swimming pool
- children's play area

price: 125,000

for more details, contact the number: ((the number appears when you click call))As Sahafah, Riyadh",https://sa.aqar.fm/en/apartment-for-rent/riyadh/north-of-riyadh/as-sahafah/apartment-for-rent-6901824
Big Flat For Rent,85000,164.0,"Floor for Rent in Riyadh Al Faruq§85,000/annually164m²342new ground floor for rent in al-farouq neighborhood, consisting of: [b165]
courtyard with car entrance
outdoor majlis
living room
american kitchen, installed
bathroom and sinks
maid's room with bathroom
three bedrooms, including a master room
bathroom*

features:
modern design and high-end finishing
kitchen and air conditioners are installed
vibrant location close to services and main roads

price: 85,000 riyals

for contact and inquiries: ((the number appears when you click on call))

ittihad al-najah real estateAl Faruq, Riyadh",https://sa.aqar.fm/en/big-flat-for-rent/riyadh/center-of-riyadh/al-faruq/big-flat-for-rent-6904567
Flat For Sale,1780,1780000207.0,"Floor for Sale in Riyadh Al Ezdihar§1,780,000207m²342🔸 for sale – a distinguished residential opportunity

🔸 the project is located on a 20-meter-wide street with a distinctive west-facing facade. it comprises 6 separate floors, providing complete privacy for each unit, ensuring easy access and smooth movement, in addition to a strategic location close to key services and vital facilities.

🔸 prices start from 1,320,000 to 1,780,000 💵
🔸 areas range from 158 m² to 207 m² 🏠
🔸 warranties extending up to 30 years

🔸 project features:
- private parking space for each residential unit
- independent water tank for each unit
- independent electricity meter for each unit
- surveillance cameras
- elevators
- fully installed air conditioning

property type: ground floor unit 🏠
neighborhood: al-izdihar 📍
area: 207 m² 📐

🔸 the floor consists of:
- master bedroom
- 2 bedrooms
- maid's room
- 4 bathrooms
- sitting room (majlis)
- living room
- dining area
- car entrance
- private entrance
- courtyard
- terrace
- independent electricity and water meters
- sale without agent commissionAl Ezdihar, Riyadh",https://sa.aqar.fm/en/flat-for-sale/riyadh/east-of-riyadh/al-ezdihar/flat-for-sale-6794628
Flat For Sale,430,430000179.0,"Floor for Sale in Riyadh Taiba§430,000179m²34**project 9**

peace, mercy, and blessings of allah be upon you.

a once-in-a-lifetime opportunity that won't be repeated.

looking for elegance in design and optimal use of space?
looking to save money and deal with credibility and transparency?

we have what will delight you.

we present to you a **luxurious upper floor** located in:

**neighborhood:** taybah al-aziziyyah
**area:** 300 sqm
**price:** 430,000 sar (elevator included)
**facing:** north
**street width:** 18 meters

we offer:
- debt settlement
- free down payment of 10% with no interest whatsoever

we save you time by working with all banks and real estate financing companies, with the possibility of transferring from one bank to another and facilitating all matters.

all you need to do is contact us via whatsapp or phone call.

**(project 9)**Taiba, Riyadh",https://sa.aqar.fm/en/flat-for-sale/riyadh/south-of-riyadh/taiba/flat-for-sale-6799249
Apartment For Sale,650,650000159.0,"Apartment for Sale in Riyadh Az Zahrah§650,000159m²2assalamu alaikum wa rahmatullahi wa barakatuh

your unique opportunity to own your dream apartment in the prestigious al-suwaydi al-zahra neighborhood, where elegant design meets family tranquility for an exceptional living experience.

the apartment features a car entrance, a luxurious men's sitting room, and an open reception area connected to the living room to enhance social interaction, in addition to a spacious kitchen, three bedrooms including a master suite, two well-equipped external bathrooms, and a large rooftop for relaxation.

the building is equipped with a passenger elevator and is located on a wide street exceeding 20 meters in width, with easy access to all entertainment, educational, and religious services surrounding the neighborhood.

all this for a price of only 600,000, and it is also negotiable.Az Zahrah, Riyadh",https://sa.aqar.fm/en/apartment-for-sale/riyadh/west-of-riyadh/az-zahrah/apartment-for-sale-6859390
Apartment For Rent,40000,172.0,"Apartment for Rent in Riyadh Okaz§40,000/annually172m²4apartment consisting of two floors
contains a living room, hallway, kitchen, 3 bedrooms with one master bedroom, 4 bathrooms, rooftop, and a car garage
brand new, never been occupied – one payment required

saad: 0508104552Okaz, Riyadh",https://sa.aqar.fm/en/apartment-for-rent/riyadh/south-of-riyadh/okaz/apartment-for-rent-6767360
Studios For Rent,30,30000426.0,"Studio for rent in Riyadh Al Munsiyah§30,000426m²a studio is available in al-munasiyah neighborhood, in an upscale and fully serviced residential complex, close to all amenities.

suitable only for a female employee or female student.
inclusive of electricity and water.Al Munsiyah, Riyadh",https://sa.aqar.fm/en/Studios-for-rent/riyadh/east-of-riyadh/al-munsiyah/Studios-for-rent-6811649
Villa For Sale,1250,1250000197.0,"Villa for Sale in Riyadh Al Munsiyah§1,250,000197m²54penthouse (upper duplex apartment)
contains 3 bedrooms, kitchen, living room, maid's room, sitting room, rooftop
private entrance
warranties and shelter insurance availableAl Munsiyah, Riyadh",https://sa.aqar.fm/en/villa-for-sale/riyadh/east-of-riyadh/al-munsiyah/villa-for-sale-6840455
Flat For Sale,570,570000159.0,"Floor for Sale in Riyadh Sultanah§570,000159m²331peace be upon you, and god's mercy and blessings.
may god bless your time with all good.
we offer a first-floor unit in al-suwaidi neighborhood, next to all services.
area: 280 sqm, priced at 570,000.
design:
- private car parking
- two separate entrances
- majlis, living room, kitchen, three bedrooms
- separate meters
- separate ground and rooftop water tanks
........
- we also have excellent financing solutions
- we deal with all banks and companiesSultanah, Riyadh",https://sa.aqar.fm/en/flat-for-sale/riyadh/west-of-riyadh/sultanah/flat-for-sale-6903352
Stations For Sale,45000001,45000001506.0,"Station for sale in Riyadh Ad Dar Al Baida§4,500,0001,506m²a gas station for sale in al-aziziyah neighborhood, located on two streets — arafat street with a width of 60 meters and a width of 20 meters. fully leased (gas station, car wash, grocery supplies, oil change, tire repair). electronic contracts. income: 242,000.Ad Dar Al Baida, Riyadh",https://sa.aqar.fm/en/Stations-for-sale/riyadh/south-of-riyadh/ad-dar-al-baida/Stations-for-sale-6837315
Flat For Sale,700,700000144.0,"Floor for Sale in Riyadh Al Uraija Al Gharbiyah§700,000144m²3peace be upon you and the mercy of god.

floor-by-floor apartments, each floor with its own separate title deed.
excellent location.
all services are available.
all guarantees are available.
total land area: 575 sqm.
area of the upper floor per the title deed: 144 sqm.

upper floor details:
private car parking
majlis (sitting room) with a bathroom and a private entrance
living room
kitchen
3 bedrooms, each with an en-suite bathroom
2Al Uraija Al Gharbiyah, Riyadh",https://sa.aqar.fm/en/flat-for-sale/riyadh/west-of-riyadh/al-uraija-al-gharbiyah/flat-for-sale-6902484
Apartment For Sale,1100,1100000106.0,"Apartment for Sale in Riyadh Al Yarmouk§1,100,000106m²221apartment details

neighborhood: al-yarmouk
project: makeen 31
apartment number: a14
area: 217 sqm
floor: rooftop level
number of bedrooms: 2 bedrooms
private courtyard or roof?: two private roof terraces
maid's room?: yes
basement parking?: nearest parking space is directly in front of the building entrance
front facing?: corner unit
a/c and kitchen installed?: a/c units and kitchen are installed
current rental income: 65,000 sar

smart access / smart home
apartment features: two balconies and two large roof terraces, parking space located directly in front of the building, close to services, national guard hospital, imam university, princess nourah university, sabic, and riyadh front, among others.
commission: 2.5% + 15% vat on commission
for inquiries, contact via whatsapp (advertiser's number will appear upon contact)Al Yarmouk, Riyadh",https://sa.aqar.fm/en/apartment-for-sale/riyadh/east-of-riyadh/al-yarmouk/apartment-for-sale-6875180
Riyadh,28,,28,https://sa.aqar.fm/en/all/riyadh/28
Apartment For Rent,65000,180.0,"Apartment for Rent in Riyadh An Nahdah§65,000/annually180m²441for rent: apartment in al nahda district

age: 3 years old | kitchen not yet installed
second floor with elevator

unit features:
4 rooms + living room + 4 bathrooms + external parking (finished)
split air conditioners installed

financial terms:
annual rent: 65,000 sar
payment system: semi-annual (6 months / 6 months)
monthly payment also available through rise company (exclusively through us)
security deposit: 5,000 sar
water: 1,200 sar
commission: 2.5% + 15% vat on commission

viewing by prior appointment onlyAn Nahdah, Riyadh",https://sa.aqar.fm/en/apartment-for-rent/riyadh/east-of-riyadh/an-nahdah/apartment-for-rent-6851547
Villa For Sale,1420,1420000209.0,"Villa for Sale in Riyadh An Narjis§1,420,000209m²332🏡 exclusive – opportunity to own a 3-floor townhouse in al narjis district 🔴

🏠 unit details:
▫️ 3-floor townhouse
▫️ areas starting from 209 m² up to 301 m²
▫️ prices starting from sar 1,590,000 only

unit components:
✔️ 🛏️ 3 bedrooms
✔️ 🛋️ majlis and living room
✔️ 🧹 maid's room
✔️ ❄️ concealed ac on the ground floor
✔️ 🚘 shared driver's rooms

project features:
✅ comprehensive project warranties
✅ 3 minutes from abu bakr al siddiq road
✅ 1 minute from othman bin affan road
✅ fully independent utilities

📞 for more details or to schedule a project visit, contact us now — we'd be happy to assist you 🌹

🏡 exclusive opportunity – own a 3-floor townhouse in al narjis district 🔴
✨ a luxurious residential project featuring 12 townhouses, with modern design, optimal use of space, and natural lighting — offering you a living experience that combines comfort and privacy 🏠✨
✅ ready to move in
🏠 unit details:
▫️ 3-floor townhouse
▫️ areas ranging from 209 m² to 301 m²
▫️ prices starting from sar 1,590,000
unit features:
✔️ 🛏️ 3 bedrooms
✔️ 🛋️ spacious majlis and living room
✔️ 🧹 maid's room
✔️ ❄️ concealed ac on the ground floor
✔️ 👦 shared driver's rooms

project highlights:
✅ comprehensive project warranties
✅ 4 minutes from abu bakr al siddiq road
✅ 2 minutes from prince faisal bin bandar road
✅ 2 minutes from othman bin affan road
✅ fully independent utilities
✅ private parking

📞 for more details or to schedule a visit, contact us now — we'd be happy to assist you 🌹An Narjis, Riyadh",https://sa.aqar.fm/en/villa-for-sale/riyadh/north-of-riyadh/an-narjis/villa-for-sale-6775754
Flat For Sale,750,750000189.0,"Floor for Sale in Riyadh Al Janadriyah§750,000189m²5ground floor unit
ghusoon al-janadriyah subdivision

- car garage and courtyard
- majlis (sitting room) with bathroom and sinks
- maqalt (entrance lobby)
- hall with bathroom and sinks
- 3 bedrooms, one of which is a master bedroom
- bathroom serving the other two bedrooms
- underground water tank and overhead water tank
- water meter
- fully private and independent electricity meter
- all warranties available
- built to the new saudi building code
- all financing solutions available
- several other offers available

for contact:
abu saleh: 0579807049Al Janadriyah, Riyadh",https://sa.aqar.fm/en/flat-for-sale/riyadh/east-of-riyadh/al-janadriyah/flat-for-sale-6812374
Villa For Sale,1250,1250000250.0,"Villa for Sale in Riyadh Al Janadriyah§1,250,000250m²155🏡 for sale – internal staircase with apartment in bawabat al sharq

📐 area: 250 m²
💰 price: 1,250,000 sar – negotiable
north-facing

🔹 ground floor:
2 sitting rooms + 1 room + maqalat + kitchen + 3 bathrooms + 2 entrances

🔹 first floor:
4 bedrooms, including 2 master bedrooms + maid's room + 2 bathrooms

🔹 apartment:
2 bedrooms + living room + kitchen + 2 bathrooms + rooftop

📞 for contact and inquiries: aAl Janadriyah, Riyadh",https://sa.aqar.fm/en/villa-for-sale/riyadh/east-of-riyadh/al-janadriyah/villa-for-sale-6861844
Villa For Sale,1450,1450000302.0,"Villa for Sale in Riyadh Al Janadriyah§1,450,000302m²61👌🏻 **a distinctive residential opportunity in bawabat al sharq district, east riyadh**
📍 a prime location, close to all services.

🔘 **(villa with internal staircase + apartment)**

✏️ area: 250 m²
💵 price: 1,450,000 sar – negotiable

🏠 **specifications:**

* majlis (reception room)
* maqlaṭ (sitting area)
* 5 bedrooms, including a master bedroom
* kitchen
* maid's room with bathroom
* laundry room
* large living hall
* separate entrances for men and women
* independent water tank and meter
* garage entrance

**💥 apartment specifications 💥**

* 2 bedrooms
* living hall
* kitchen
* majlis (reception room)
* rooftop
* independent water tank
* independent water meter
* independent electricity meter

**additional specifications:**

* compliant with saudi building code
* 25-year warranty
* brand new property
* south-facing façade
* corner-adjacent
* street width: 15 meters
* water and electricity connected
* close to a park and mosque

**for inquiries, contact: abu abdullah**
[((Advertiser's number appears upon contact))]Al Janadriyah, Riyadh",https://sa.aqar.fm/en/villa-for-sale/riyadh/east-of-riyadh/al-janadriyah/villa-for-sale-6829663
Flat For Sale,700,700000191.0,"Floor for Sale in Riyadh Al Janadriyah§700,000191m²5a distinctive real estate opportunity – ground floor for sale – ghusoon subdivision

📍 location: ghusoon subdivision
📐 area: 300 m²
🛣️ frontage: north-facing
🛣️ 15m street

consists of:

- 3 bedrooms including a master bedroom
- sitting room (majlis)
- reception room (muqlat)
- living room (hall)
- 3 bathrooms

💰 price: 700,000 sar

a property suitable for family living, with a prime location and practical design.
comes with all warranties:
- al-taawuniya insurance
- electrical warranty by al-fanar company – 25 years
- plumbing warranty by green pipes company – 25 years

for contact and inquiries ((number appears when pressing call)) – abu asadAl Janadriyah, Riyadh",https://sa.aqar.fm/en/flat-for-sale/riyadh/east-of-riyadh/al-janadriyah/flat-for-sale-6871020
Apartment For Sale,900,900000123.0,"Apartment for Sale in Riyadh Al Aqiq§900,000123m²221**for sale: distinctive ground floor apartment in al aqiq district – riyadh**

📍 **location:**
the apartment is located in al aqiq district in a strategic location close to all services, most notably:

* king abdullah financial district (kafd)
* the boulevard
* king fahd road
* saud bin faisal road
* al aqiq park (real estate valuation administration)

**apartment specifications**

* floor: ground floor
* area: 123 m²
* courtyard area: 45 m²
* property age: 15 years
* fully furnished and fully renovated

**apartment details**

* 2 bedrooms
* sitting room (majlis)
* living room
* built-in kitchen
* 2 bathrooms
* private courtyard
* built-in air conditioners

**features**

* has a unit subdivision report
* has a building completion certificate
* freehold apartment
* suitable for residential or investment purposes

💰 **asking price: 900,000 sar**
payment via cash or bank transfer.

📍 **contact number:**
((Advertiser's number appears upon contact))Al Aqiq, Riyadh",https://sa.aqar.fm/en/apartment-for-sale/riyadh/north-of-riyadh/al-aqiq/apartment-for-sale-6797713
Villa For Sale,1850,1850000232.0,"Villa for Sale in Riyadh Al Yarmouk§1,850,000232m²661athal real estate presents to its clients the latest real estate offerings with modern contemporary designs.

your first destination for choosing your property.

**for sale: townhouse villa with internal staircase, two floors**
modern design

**al yarmouk district**

built-up area: 232 sqm

fully independent water and electricity connections

---

**property details**

the project is designed in a modern contemporary style, compliant with saudi building code specifications.

**villa details:**

**ground floor:**
- front and side courtyard
- men's sitting room (majlis)
- entrance foyer (miqlat)
- women's living room
- kitchen
- maid's room
- storage room
- master bedroom with private bathroom

**first floor:**
- 2 master bedrooms
- 2 bedrooms sharing a bathroom

**total bedrooms:** 4
**total bathrooms:** 6

---

**excellent location, close to all services:**
- near malls and shopping centers
- near hospitals and medical centers
- near parks and schools
- near the airport
- near universities

---

**warranties:**
- comprehensive warranties on all works
- plumbing warranty – green pipe extensions: 15 years
- electrical warranty – fanar wiring and breakers: 25 years
- waterproofing and thermal insulation: 10 years
- tiles and tanks warranty: 10 years
- insurance policy included

---

**company features:**
- bank procedure facilitation across the kingdom
- dealing with all banks
- down payment provision
- installment consolidation
- settlement of defaulted paymentsAl Yarmouk, Riyadh",https://sa.aqar.fm/en/villa-for-sale/riyadh/east-of-riyadh/al-yarmouk/villa-for-sale-6876345
Apartment For Sale,780,780000119.0,"Apartment for Sale in Riyadh Al Munsiyah§780,000119m²3our company offers its clients the latest real estate deals with modern contemporary design

your first destination for choosing your property
apartment for sale in al-munisiyah district

30th street
consists of:
living room
kitchen
3 bedrooms
3 bathrooms

complete independence of water and electricity

__________________
property details
the project is designed in modern contemporary style complying with saudi code specifications

excellent location close to all services
close to malls and shopping centers
close to hospitals and medical centers
close to gardens and schools
close to the airport
close to universities
riyadh walk and metro station 10 minutes away

warranties
comprehensive warranties on all works
plumbing warranties
green pipe installations 15 years
electrical warranties installations and al-fanar circuit breakers 25 years
water and thermal insulation 10 years
tiles and tanks warranties 10 years
insurance policy available

company features
processing banking procedures throughout the kingdom
we deal with all banks
providing down payment
unified installments
payment of arrears
contact: 0503807962Al Munsiyah, Riyadh",https://sa.aqar.fm/en/apartment-for-sale/riyadh/east-of-riyadh/al-munsiyah/apartment-for-sale-6728169
Flat For Sale,680,680000218.0,"Floor for Sale in Riyadh Dahiat Namar§680,000218m²3may allah bless your times with all goodness

an upper floor for sale, area 275 sqm

all guarantees available

we handle all bank procedures

for more inquiries, contact us

abu fares 0534120158Dahiat Namar, Riyadh",https://sa.aqar.fm/en/flat-for-sale/riyadh/west-of-riyadh/dahiat-namar/flat-for-sale-6800979
Villa For Sale,2400,2400000528.0,"Villa for Sale in Riyadh An Nahdah§2,400,000528m²552**villa for sale – a distinguished investment opportunity in al-nahdah district**

located in al-nahdah district, this villa stands out with its frontage on two streets and a southern square.
the land area is suitable for real estate development and subdivision, making it an ideal choice for residential or investment purposes.

📍 **property details:**

* **district:** al-nahdah
* **land area:** 528 m²
* **land dimensions:**
  * south: 32 meters
  * north: 32 meters
  * east: 16.50 meters
  * west: 16.50 meters

**frontages and streets:**

* south: parking square, then a street 12m wide
* east: street 10m wide
* west: street 12m wide

🔹 **ground floor:**

* majlis (sitting room)
* muqalat (reception area)
* living room
* 2 rooms
* kitchen
* 3 bathrooms
* courtyard with space for 6 cars

🔹 **first floor:**

* 5 bedrooms
* living room

🔹 **upper floor:**

* maid's room
* laundry room
* bathroom

✨ **property features:**
✔ prime location in al-nahdah district
✔ three frontages providing privacy and ease of movement and access
✔ southern frontage overlooking a square and parking area
✔ spacious courtyard accommodating six cars
✔ suitable for large family living

💼 **investment advantage:**
this villa represents a distinguished opportunity for investors, as the excellent land dimensions (32m × 16.5m), combined with its position on two parallel streets and a southern square, offer great flexibility for redevelopment and maximum utilization of the location. there is potential to build two residential villas, each consisting of 3 independent units (6 units total), in accordance with applicable requirements and regulations.
*(sold as land)*

💰 **asking price: sar 2,400,000**

for inquiries and to schedule a viewing, please contact us via the number: *(number appears upon pressing call)*

**note:** the villa is currently occupied.
upon agreement, a vacancy period will be mutually agreed upon by both parties.An Nahdah, Riyadh",https://sa.aqar.fm/en/villa-for-sale/riyadh/east-of-riyadh/an-nahdah/villa-for-sale-6727443
Flat For Sale,700,700000218.0,"Floor for Sale in Riyadh Dahiat Namar§700,000218m²341for sale — cash or installments through the bank — a ground floor unit with its own title deed, located in dahiyat namar district, riyadh, priced at 700,000 sar.

it consists of a car yard, a men's sitting room, a reception area, a living room, a kitchen with a storage room, and 3 bedrooms.

it comes with all provided warranties, engineering supervision, and insurance.

personal construction work, excellent design, luxurious finishes. we also have other properties at different prices and sizes to suit all real estate financing options.

we offer all bank financing solutions, and we provide debt settlement, financial obligations coverage, and the down payment if required. for inquiries, contact abu nasser by phone or whatsapp.Dahiat Namar, Riyadh",https://sa.aqar.fm/en/flat-for-sale/riyadh/west-of-riyadh/dahiat-namar/flat-for-sale-6799612
Apartment For Sale,550,550000102.0,"Apartment for Sale in Riyadh Ar Rimal§550,000102m²3peace be upon you and god's mercy and blessings

we offer you a special deal in al-rimal district
al-tanal plan
close to king khalid airport
second floor apartment
living room, lounge, kitchen, and two bedrooms

we also have other offers and various spaces at prices suitable for everyone
across all areas of riyadh

we also offer debt settlement with no settlement fees, we provide the first installment for free, and we deal with all banks and private and government companies, as well as military and civilian clients, both subsidized and non-subsidized. we have a complete work team covering all banks and companies.

for contact and inquiries, whatsapp:
0556023153Ar Rimal, Riyadh",https://sa.aqar.fm/en/apartment-for-sale/riyadh/east-of-riyadh/ar-rimal/apartment-for-sale-6888418
Villa For Sale,2600,2600000360.0,"Villa for Sale in Riyadh Al Yarmouk§2,600,000360m²15🏡 exceptional sale opportunity – villa in east yarmouk district

📍 location: east yarmouk district
📐 area: 360 m²
🛣️ street: 20m west-facing

🏠 consists of 3 floors
▪️ each floor contains 5 rooms + living room
▪️ 3 bathrooms per floor

📄 building completion certificate available
✅ property is free and clear with no obligations

💰 asking price: 2,600,000 sar

✨ a great opportunity for residential or investment purposes in a prime location.

📞 for contact and viewing:
abu malik al-harbi
📱 ((number appears upon pressing call))Al Yarmouk, Riyadh",https://sa.aqar.fm/en/villa-for-sale/riyadh/east-of-riyadh/al-yarmouk/villa-for-sale-6865044
Flat For Sale,470,470000286.0,"Floor for Sale in Riyadh Badr§470,000286m²353peace be upon you and god's mercy and blessings.

a once-in-a-lifetime opportunity that will not be repeated.

looking for elegance in design and optimal use of space?
looking to save money and deal with credibility?
rest assured, we have what will please you.

we offer you luxury floors:

**district:** badr
**available sizes:** 370 sqm and 320 sqm

**pricing for 370 sqm:**
- ground floor with a pool and yard: 600,000 sar
- upper floor: 500,000 sar
- apartment: 370,000 sar

**pricing for 320 sqm:**
- ground floor: 530,000 sar
- upper floor: 470,000 sar
- apartment: 370,000 sar

**street width:** 20 meters

- own your home with real estate solutions and facilities available for both military and civilian personnel.
- as your ideal consultant, we provide you with bank exemptions and financing solutions.
- in the fastest time, with the lowest rate and the highest available amount!!
(compare our calculations with the bank's calculations yourself!)
- providing a surplus amount above the property value for furniture.
- free down payment provided.
- settlement of the client's existing financial obligations.
- direct supervision of property valuation to ensure a fair and accurate assessment.
- direct dealings with bank management.
- all offers available ☆

**code: (5)**Badr, Riyadh",https://sa.aqar.fm/en/flat-for-sale/riyadh/south-of-riyadh/badr/flat-for-sale-6800008
Apartment For Rent,65000,362.0,"Apartment for Rent in Riyadh Al Yasmin§65,000/annually362m²331apartment inside a villa, al yasmine neighborhood
second floor
consists of 2 bedrooms
living room and sitting room
kitchen
private rooftop
installed air conditioners
installed kitchen
room with built-in wardrobes
kitchen includes an oven
down payment: 60,000
two installments: 65,000Al Yasmin, Riyadh",https://sa.aqar.fm/en/apartment-for-rent/riyadh/north-of-riyadh/al-yasmin/apartment-for-rent-6869818
Villa For Sale,1800,1800000390.0,"Villa for Sale in Riyadh Tuwaiq§1,800,000390m²7for sale: villa + 3 apartments
tuwaiq district
area: 390 sqm
fully renovated
4 meters available, water meter and drainage available
saud: 0538881613Tuwaiq, Riyadh",https://sa.aqar.fm/en/villa-for-sale/riyadh/west-of-riyadh/tuwaiq/villa-for-sale-6833254
Villa For Sale,1150,1150000200.0,"Villa for Sale in Riyadh Al Uraija Al Wusta§1,150,000200m²7duplex, one year old
al-uraija neighborhood
the duplex is freehold, all documents are available
saud: 0538881613Al Uraija Al Wusta, Riyadh",https://sa.aqar.fm/en/villa-for-sale/riyadh/west-of-riyadh/al-uraija-al-wusta/villa-for-sale-6891835
Apartment For Rent,3500,176.0,"Apartment for Rent in Riyadh Tuwaiq§3,500/annually176m²5for rent, a two-floor apartment
consisting of a sitting room and a majlis (formal reception room)
and a hall, 3 master bedrooms
and a room with the rooftop with a bathroom
saud: 0538881613Tuwaiq, Riyadh",https://sa.aqar.fm/en/apartment-for-rent/riyadh/west-of-riyadh/tuwaiq/apartment-for-rent-6879828
Flat For Sale,450,450000206.0,"Floor for Sale in Riyadh Taiba§450,000206m²343**project 9**

assam alaikum warahmatullahi wabarakatuh
a once-in-a-lifetime opportunity that won't be repeated.

looking for elegance in design and optimal use of space?
looking to save money and deal with credibility?
we've got everything that will make you happy.

we offer you luxury floors in:
**neighborhood:** taybah
**area:** 265 sqm
**price:**
- ground floor: 450,000 sar
- upper floor with apartment: 550,000 sar
**orientation:** east-facing
**street width:** 15 meters

we provide debt settlement and the first installment at **10% free of charge and with no interest.**

we save you time by dealing with all banks and real estate financing companies, with the possibility of transferring from one bank to another and facilitating all matters.

all you have to do is contact us via whatsapp or call:
**(project 9)**Taiba, Riyadh",https://sa.aqar.fm/en/flat-for-sale/riyadh/south-of-riyadh/taiba/flat-for-sale-6867082
Riyadh,29,,29,https://sa.aqar.fm/en/all/riyadh/29
Apartment For Rent,41500,600.0,"Apartment for Rent in Riyadh Al Fayha§41,500/annually600m²3apartment for rent in a building
al-fayha district - fadalah bin mubarak street

the apartment consists of:
- living room (majlis)
- hall
- fitted kitchen
- 2 bedrooms
- 2 bathrooms
- independent electricity meter ⚡️
(plumbing, electricity, paint, and ceramic tiles are all renovated)

the building has an elevator
the building has a cleaning guard

🌐 ruba al-mustaqbal real estate company 🌐
for inquiries:
050.512.4223
050.908.2246
058.238.0306Al Fayha, Riyadh",https://sa.aqar.fm/en/apartment-for-rent/riyadh/east-of-riyadh/al-fayha/apartment-for-rent-6897901
Apartment For Sale,800,800000179.0,"Apartment for Sale in Riyadh Ar Rimal§800,000179m²431for sale: luxury second-floor apartment – freehold ownership in a distinguished residential project

a wonderful opportunity to own a spacious apartment in a strategic location on a commercial street, with all services and warranties available, and bank financing accepted.

apartment details:

* 📐 area: 179 m²
* 🛋️ sitting room
* 🛋️ spacious living room
* 🛏️ 3 bedrooms
* 🍽️ kitchen
* 📦 storage room
* 🚗 private parking space

✅ all warranties available
✅ bank financing accepted
sale without commission
📞 for inquiries and contact, please reach out via phone call or whatsappAr Rimal, Riyadh",https://sa.aqar.fm/en/apartment-for-sale/riyadh/east-of-riyadh/ar-rimal/apartment-for-sale-6787458
Apartment For Sale,1150,1150000142.0,"Apartment for Sale in Riyadh Al Malqa§1,150,000142m²3residential apartment for sale in taleed compound in north riyadh, between al malqa and hittin neighborhoods, close to the boulevard.

**compound features:**
- men's and women's club
- outdoor swimming pool
- dedicated children's play area
- security guards

**apartment specifications:**
- apartment area: 142 sqm
- fully equipped kitchen
- living room
- majlis (sitting room)
- 3 bedrooms
- 3 bathrooms
- built-in air conditioners
- private parking space
- first floor in building a

**price: 1,150,000 sar**

**contact:**
0598452149Al Malqa, Riyadh",https://sa.aqar.fm/en/apartment-for-sale/riyadh/north-of-riyadh/al-malqa/apartment-for-sale-6792805
Apartment For Rent,65000,108.0,"Apartment for Rent in Riyadh Al Arid§65,000/annually108m²231apartment for rent
in al-arid district
inside makeen 64 complex

**new**

two master bedrooms
and a spacious living room

without air conditioners or kitchen

private parking

sports club

price: 65,000

annual rent

🔴 to contact:
0598452149

""a full video of the apartment is attached""

https://maps.app.goo.gl/d5xynhglsubuv1cwa?g_st=icAl Arid, Riyadh",https://sa.aqar.fm/en/apartment-for-rent/riyadh/north-of-riyadh/al-arid/apartment-for-rent-6837436
Building For Rent,190000,117.0,"Building for Rent in Riyadh Umm Al Hamam Al Sharqi§190,000/annually117m²12mResidentialbuilding for rent in full - umm al hamam al sharqi

6 apartments

each apartment consists of:
- 2 bedrooms
- 2 bathrooms
- kitchenUmm Al Hamam Al Sharqi, Riyadh",https://sa.aqar.fm/en/building-for-rent/riyadh/west-of-riyadh/umm-al-hamam-al-sharqi/building-for-rent-6864354
Apartment For Rent,80000,342.0,"Apartment for Rent in Riyadh Al Olaya§80,000/annually342m²2apartment for rent in al-olaya district

- first floor

living room
2 bedrooms
2 bathrooms
kitchen

- kitchen and air conditioners installed
- electrical appliances (oven)Al Olaya, Riyadh",https://sa.aqar.fm/en/apartment-for-rent/riyadh/north-of-riyadh/al-olaya/apartment-for-rent-6902529
Apartment For Rent,75000,450.0,"Apartment for Rent in Riyadh An Narjis§75,000/annually450m²451for rent: a two-floor apartment in a villa, south of anas ibn malik, in al narjis district.

(consisting of…
first floor:
living room, reception hall, elderly room, kitchen, and two bathrooms.
second floor:
two bedrooms, one of which is a master bedroom, private rooftop, and three bathrooms.
air conditioners installed and kitchen installed.

#price: 75,000.
#brokerage contract number: 6200982394.
#to contact: ((advertiser's number appears upon contact))
((advertiser's number appears upon contact))An Narjis, Riyadh",https://sa.aqar.fm/en/apartment-for-rent/riyadh/north-of-riyadh/an-narjis/apartment-for-rent-6767043
Villa For Rent,110000,275.0,"Villa for Rent in Riyadh Al Munsiyah§110,000/annually275m²621villa with internal staircase
area: 275 sqm

details:
external annex that can be used as a driver's room, with a closed door on the street

men's section:
- majlis (sitting room)
- muqlat (reception room)
- bathroom

women's section:
- spacious hall
- kitchen + kitchen storage room

first floor:
- 1 large master bedroom
- 1 medium master bedroom
- 2 bedrooms sharing a bathroom
- laundry room
- kitchen with installed air conditioners

rental price: 110,000 sar in 2 installments

note: the location shown in the app is not accurate. please contact via whatsapp to receive the correct location.Al Munsiyah, Riyadh",https://sa.aqar.fm/en/villa-for-rent/riyadh/east-of-riyadh/al-munsiyah/villa-for-rent-6727374
Big Flat For Rent,50000,218.0,"Floor for Rent in Riyadh Al Janadriyah§50,000/annually218m²4🏡 distinctive ground floor for rent in ghusoon plan – al janaderiyah district

📐 area: 340 m²

consists of:
• 4 bedrooms
• majlis
• living room
• maqlaṭ
• kitchen
• master bedroom
• 2 entrances
• car entrance

💰 annual rent: 65,000 sar
• one or two paymentsAl Janadriyah, Riyadh",https://sa.aqar.fm/en/big-flat-for-rent/riyadh/east-of-riyadh/al-janadriyah/big-flat-for-rent-6835721
Flat For Sale,800,800000265.0,"Floor for Sale in Riyadh Dahiat Namar§800,000265m²441ground floor for sale – namar suburb district 3020

area: 450 sqm
street width: 15m
price: 800,000 sar
prime location, close to amenities

floor details:
car entrance, men's sitting room (majlis), entrance hall, and living room
kitchen with storage room and maid's room
3 bedrooms, including a master bedroom

all warranties available, with warranties of up to 25 years

for contact:
((number appears when you press call))Dahiat Namar, Riyadh",https://sa.aqar.fm/en/flat-for-sale/riyadh/west-of-riyadh/dahiat-namar/flat-for-sale-6888182
Apartment For Sale,550,550000112.0,"Apartment for Sale in Riyadh Tuwaiq§550,000112m²3🏠🏠 may allah bless your time with all goodness

🟥 for sale – cash or installments through the bank

🟥 apartment in a villa

🟥 floor-by-floor design (one apartment per floor)

🔥🔥 apartment price: 550,000 sar

1️⃣ shared entrance with elevator
men's sitting room, living room, kitchen, 3 bedrooms

☎️ we are happy to follow up and communicate with youTuwaiq, Riyadh",https://sa.aqar.fm/en/apartment-for-sale/riyadh/west-of-riyadh/tuwaiq/apartment-for-sale-6896954
Apartment For Rent,55000,87.0,"Apartment for Rent in Riyadh Al Badi'ah§55,000/annually87m²231✨ distinctive apartment for rent in maghna 130 project
📍 al-budi'ah district

a first-floor apartment with a practical design and comfortable layout, in a prime location close to the most important amenities:

• 2 bedrooms
• 1 master bedroom
• living room
• kitchen
• distinctive facade

📍 4 minutes from the metro
📍 7 minutes from king saud medical cityAl Badi'ah, Riyadh",https://sa.aqar.fm/en/apartment-for-rent/riyadh/west-of-riyadh/al-badiah/apartment-for-rent-6886722
Flat For Sale,560,560000159.0,"Floor for Sale in Riyadh Badr§560,000159m²441ground floor in badر neighborhood

land area: 300 sqm

price: 560,000 sarBadr, Riyadh",https://sa.aqar.fm/en/flat-for-sale/riyadh/south-of-riyadh/badr/flat-for-sale-6858715
Apartment For Rent,52000,1268.0,"Apartment for Rent in Riyadh An Narjis§52,000/annually1,268m²321🏠 apartment for rent in al narjis district

📍 location: al narjis district – south of king salman road
🏢 property type: apartment in a residential building
🔢 apartment no.: 1

property features:
• majlis
• living room
• 2 bedrooms
• storage room
• installed kitchen
• 2 bathrooms
• installed air conditioners

💰 annual rent: sar 52,000
💳 payment: 2 installments

📄 brokerage contract no.: 6201081595

📞 contact:
0504178885
0533886000An Narjis, Riyadh",https://sa.aqar.fm/en/apartment-for-rent/riyadh/north-of-riyadh/an-narjis/apartment-for-rent-6873465
Apartment For Rent,75000,390.0,"Apartment for Rent in Riyadh An Narjis§75,000/annually390m²451✨ duplex apartment for rent in al narjis district ✨🏡

📍 al narjis district – south of king salman road

🔹 first floor:
• majlis
• living room
• elderly room
• fitted kitchen
• 2 bathrooms

🔹 second floor:
• 2 master bedrooms
• 3 bathrooms
• private rooftop
• installed air conditioners

⭐ features:
• duplex apartment
• private rooftop
• master bedrooms
• fitted kitchen and installed air conditioners
• suitable for families

💰 annual rent: sar 75,000

📋 mediation contract no.: 6201065005

📞 contact:
((number appears when pressing call))
((number appears when pressing call))An Narjis, Riyadh",https://sa.aqar.fm/en/apartment-for-rent/riyadh/north-of-riyadh/an-narjis/apartment-for-rent-6856272
Apartment For Rent,140000,225.0,"Apartment for Rent in Riyadh An Narjis§140,000/annually225m²351for rent, a new two-floor apartment with a private entrance, south of anas bin malik road in al narjis district.

(consisting of…
#first floor…
car entrance, sitting room, living room, kitchen, laundry room, and maid's room.

#second floor…
three master bedrooms with two private rooftops.

#equipped with air conditioners, without kitchen.
#price: 140,000.
#brokerage contract number: 6200979098.
#for contact…
((Advertiser's number appears upon contact))
((Advertiser's number appears upon contact))An Narjis, Riyadh",https://sa.aqar.fm/en/apartment-for-rent/riyadh/north-of-riyadh/an-narjis/apartment-for-rent-6764011
Apartment For Rent,43000,360.0,"Apartment for Rent in Riyadh An Narjis§43,000/annually360m²321a distinctive apartment close to abu bakra road, al-saif mosque, and girls' schools.

features a private and independent entrance.

private parking for the apartment.
upper floor.
20-meter street.
age: 4 years.

apartment details: two entrances, independent sitting room with a bathroom, living room, kitchen, two bedrooms with a bathroom, storage room, and a private rooftop for the apartment.An Narjis, Riyadh",https://sa.aqar.fm/en/apartment-for-rent/riyadh/north-of-riyadh/an-narjis/apartment-for-rent-6768686
Office For Rent,72000,92.0,"Commercial Office for Rent in Riyadh Al Malqa§72,000/annually92m²distinguished and luxurious ready-to-use office
al malqa district
first floor
elevator
area: 92 sqmAl Malqa, Riyadh",https://sa.aqar.fm/en/office-for-rent/riyadh/north-of-riyadh/al-malqa/office-for-rent-6793204
Villa For Rent,77000,296.0,"Villa for Rent in Riyadh An Narjis§77,000/annually296m²6luxurious villa in al narjis neighborhood, in a prime location. the villa is located in the saraya al narjis project, close to all services.

- area: 297 sqm
- age: 3 years
- distance from the airport: 13 minutes

**villa specifications:**

three private parking spaces, a garage, and two entrances to the villa.
an independent sitting room with a bathroom, a lounge with a bathroom, a kitchen, and a garden behind the villa.

**first floor:** 4 bedrooms, two of which are master bedrooms, and two with shared bathrooms.

**second floor:** a bedroom with a bathroom, a rooftop, a maid's room with a bathroom, a laundry room, and a service rooftop.An Narjis, Riyadh",https://sa.aqar.fm/en/villa-for-rent/riyadh/north-of-riyadh/an-narjis/villa-for-rent-6765822
Studios For Rent,48,4800035.0,"Studio for rent in Riyadh An Narjis§48,00035m²**for monthly rent – furnished studio apartment with garden, north riyadh, al narjis district (families only)**

* bedroom, kitchen, and bathroom with a garden – ground floor
* price: 4,000 sar/month or 48,000 sar/year
**(special discount for long-term contracts)**

- contract documented on the ejar platform
- includes electricity, water, and internet
- includes maintenance throughout the contract duration (electrical & plumbing)
- new furniture
- television
- kitchen fully equipped with all cooking utensils
- washing machine
- iron, ironing board, and clothes drying rack
- prime location
- 18 minutes from king khalid international airport
- 15 minutes from princess nourah university
- 20 minutes from boulevard riyadhAn Narjis, Riyadh",https://sa.aqar.fm/en/Studios-for-rent/riyadh/north-of-riyadh/an-narjis/Studios-for-rent-6766788
Riyadh,30,,30,https://sa.aqar.fm/en/all/riyadh/30
Big Flat For Rent,50000,405.0,"Floor for Rent in Riyadh Uraidh§50,000/annually405m²431rukn saleem real estate company announces
two floors for rent in oraija
area 405 sqm, consisting of a patio, fireplace, two sitting rooms,
4 bedrooms, one master, a spacious living room, and a kitchen
rent: 50,000
contact: ((Advertiser's number appears upon contact))Uraidh, Riyadh",https://sa.aqar.fm/en/big-flat-for-rent/riyadh/south-of-riyadh/uraidh/big-flat-for-rent-6736623
Apartment For Sale,450,450000114.0,"Apartment for Sale in Riyadh Al Marwah§450,000114m²331welcome 📢
i present to you a special offer for ownership or investment

in al-marwah neighborhood, southwest of riyadh
the location is close to all services, facilities, and main roads

for sale: luxury apartments in al-marwah neighborhood on dirab road, close to all services

the apartment consists of a sitting room, a hall, a kitchen, and 3 bedrooms

our services for you 📢
▪️ we provide other offers with different designs, spacious areas, and varying prices
▪️ providing easy financing solutions and completing all banking procedures in the shortest time possibleAl Marwah, Riyadh",https://sa.aqar.fm/en/apartment-for-sale/riyadh/south-of-riyadh/al-marwah/apartment-for-sale-6883207
Flat For Sale,550,550000182.0,"Floor for Sale in Riyadh Taiba§550,000182m²4📍 taybah district, south riyadh

🏡 for sale – upper townhouse (two floors)

it consists of:
private entrance 👈 separate men's and women's entrances, men's majlis with a bathroom and washbasins
large living room, kitchen, bathroom, and washbasins
upper floor 👈 living room, 4 bedrooms including 2 master bedrooms, and a rooftop

a ground-floor townhouse (two floors) is also available.

our services 📢
▪️ we offer other options with different designs, various sizes, and different price ranges
▪️ we provide convenient financing solutions and handle all bank procedures in the shortest time possible

📞 contact me by call or send your request via whatsappTaiba, Riyadh",https://sa.aqar.fm/en/flat-for-sale/riyadh/south-of-riyadh/taiba/flat-for-sale-6890017
Villa For Sale,5400,5400000684.0,"Villa for Sale in Riyadh Irqah§5,400,000684m²1174🏡 a rare opportunity to own a luxury villa in urqah district 🏡

if you are looking for a home that combines a prime location, luxury, and move-in readiness, this is the opportunity that deserves your attention.

✨ villa features:
✔ located in one of the best spots in urqah district.
✔ 10 years old, fully renovated.
✔ furnished with new and modern furniture.
✔ high-end finishes and superior quality.
✔ ready to move in with no additional costs.
✔ close to all services and main roads.

🌟 a villa you can move into today… and live in comfortably from day one.

📞 to get in touch and schedule a viewing appointment, reach out now before the opportunity is gone.

(the number appears when you press call)

""distinguished villas don't stay on the market for long.""Irqah, Riyadh",https://sa.aqar.fm/en/villa-for-sale/riyadh/west-of-riyadh/irqah/villa-for-sale-6752360
Building For Sale,2950,2950000420.0,"Building for Sale in Riyadh Ghubairah§2,950,000420m²10mResidential🏠 for sale: a distinctive building in riyadh – ghubairah district

📐 area: 420 m²
🏢 age: approximately 12 years
✨ the building has been fully renovated
⚡ 10 electricity meters
🏠 number of apartments: 11 apartments

💰 rental income: 300 thousand annually

sale price: 2 million 950 thousand

video link:
https://vt.tiktok.com/zsb5vxjch/

snapchat link:
https://snapchat.com/t/lfdjmzeq

location:
https://maps.app.goo.gl/a5epnsvka7n8gxsta?g_st=icGhubairah, Riyadh",https://sa.aqar.fm/en/building-for-sale/riyadh/center-of-riyadh/ghubairah/building-for-sale-6904352
Villa For Rent,66000,440.0,"Villa for Rent in Riyadh Sultanah§66,000/annually440m²9villa for rent in a location close to services 🏠📍

it consists of:

**ground floor:**
2 bedrooms – sitting room – fitted kitchen – hall – 3 rooms

**first floor:**
4 bedrooms (one of which is a master bedroom) – fitted kitchen – 2 bathrooms

**roof:**
laundry room + room with bathroom

built-in air conditioners available

---

**emaar al-budayi'ah real estate office**Sultanah, Riyadh",https://sa.aqar.fm/en/villa-for-rent/riyadh/west-of-riyadh/sultanah/villa-for-rent-6847425
Flat For Sale,420,420000201.0,"Floor for Sale in Riyadh Taiba§420,000201m²332assalamu alaikum wa rahmatullahi wa barakatuh
a once-in-a-lifetime opportunity that won't be repeated!

looking for elegance in design and optimal use of space?
looking to save money, get surplus furnishing budget, and deal with a trustworthy party?
we have exactly what will make you happy!

we present to you a luxurious villa: ground floor | upper floor | apartment
located in: taibah district
area: 280 sqm
price:
- ground floor: 500,000 sar
- upper floor: 420,000 sar (includes rooftop)
- apartment: 320,000 sar
façade: south-facing
street width: 20 meters

- own your home with real estate solutions and facilities available for both military and civilian personnel
- as your ideal consultant, we offer you bank exemptions and provide financing
- in the fastest time, at the lowest rate, and with the highest available amount!!
(compare our calculations with the bank's calculations yourself!)
- providing a surplus amount above the property value for furniture
★ free down payment provision
★ settling the client's existing bank obligations
★ direct supervision of property valuation to ensure a fair and accurate assessment
★ direct dealings with bank management
★ all offers available ☆

various spaces at different prices to suit your needs
code: ((7))Taiba, Riyadh",https://sa.aqar.fm/en/flat-for-sale/riyadh/south-of-riyadh/taiba/flat-for-sale-6745962
Villa For Sale,480,480000201.0,"Villa for Sale in Riyadh Taiba§480,000201m²432assalamu alaikum wa rahmatullahi wa barakatuh
a once-in-a-lifetime opportunity that will not be repeated.

looking for elegance in design and optimal use of space?
looking to save money, get surplus furnishing budget, and deal with credibility?
we have what will make you happy!

we present to you a luxury villa: townhouse
district: taybah
area: 270 sqm
price: 480,000 – upper townhouse
facade: south-facing
street width: 20m

- own your home with real estate solutions and facilities available for both military and civilian personnel.
- as your ideal consultant, we offer you exclusive bank exceptions and provide financing.
- in the fastest time, at the lowest rate, and with the highest available amount!!
(compare our calculations with the bank's calculations yourself!)
- providing a surplus amount above the property value for furniture.
* free down payment provision
* settling the client's existing bank obligations
* direct supervision of property valuation to ensure a fair and accurate assessment
* direct dealings with bank management
* providing all available offers ☆

various sizes at different prices to suit your needs.
code: ((7))Taiba, Riyadh",https://sa.aqar.fm/en/villa-for-sale/riyadh/south-of-riyadh/taiba/villa-for-sale-6745944
Villa For Sale,950,950000206.0,"Villa for Sale in Riyadh Taiba§950,000206m²753wa alaikum assalam wa rahmatullahi wa barakatuh
a once-in-a-lifetime opportunity, not to be repeated!

looking for elegance in design and optimal use of space?
looking to save money, get surplus furnishing budget, and deal with a trustworthy partner?
we have exactly what will make you happy!

we present to you a luxury villa – duplex:
- **district:** taybah
- **area:** 250 sqm
- **price:** 920,000 sar
- **facing:** south
- **street width:** 20 meters

own your home with real estate solutions and financing facilities available for both military and civilian personnel.

with your ideal consultant, we offer you:
- exclusive exceptions from banks and full financing support
- fastest processing time, lowest interest rate, and highest available amount!!
*(compare our calculations with the bank's yourself!)*
- a surplus amount above the property value for furniture
- free down payment provision
- settlement of existing liabilities at the client's bank
- direct supervision of property valuation for a fair and accurate assessment
- direct dealings with bank management
- all offers provided ☆

various sizes at different prices to suit your needs.

**code: (7)**Taiba, Riyadh",https://sa.aqar.fm/en/villa-for-sale/riyadh/south-of-riyadh/taiba/villa-for-sale-6845428
Apartment For Sale,1000,100000081.0,"Apartment for Sale in Riyadh Al Quds§1,000,00081m²331our company offers its clients the latest real estate listings with modern contemporary designs.

your first destination for choosing your property.

**for sale – upper floor apartment | modern design**
al-quds district, northeast riyadh

fully independent utilities (water and electricity)

---

**property details**

the project is designed in a modern contemporary style, compliant with saudi building code specifications.

**apartment details:**

- second floor
- passenger elevator
- living room
- master bedroom
- two bedrooms with a shared bathroom
- kitchen + private enclosed laundry room
- private rooftop

---

**excellent location – close to all services:**

- near malls and shopping centers
- near hospitals and medical centers
- near parks and schools
- near the airport
- near universities
- riyadh walk and metro station – 10 minutes away

---

**warranties:**

- comprehensive warranties on all works
- plumbing warranty
- green pipe extensions – 15 years
- electrical wiring and al-fanar circuit breakers – 25 years
- waterproofing and thermal insulation – 10 years
- tanks and waterproofing membrane – 10 years
- insurance policy included

---

**company advantages:**

- bank procedure processing across the entire kingdom
- works with all banks
- down payment provision
- installment unification
- settlement of outstanding debtsAl Quds, Riyadh",https://sa.aqar.fm/en/apartment-for-sale/riyadh/east-of-riyadh/al-quds/apartment-for-sale-6853642
Big Flat For Rent,77000,475.0,"Floor for Rent in Riyadh Al Malqa§77,000/annually475m²541* upper first floor for rent *
* has two main entrances
consists of: 5 rooms + hall (men's majlis + women's majlis + large hall + kitchen + 3 master bedrooms + 4 bathrooms)
* fully renovated (plumbing + electricity + paint)
* independent electricity meter

location: al-malqa district, tilal riyadh
contact: 0556036111Al Malqa, Riyadh",https://sa.aqar.fm/en/big-flat-for-rent/riyadh/north-of-riyadh/al-malqa/big-flat-for-rent-6865539
Apartment For Rent,85000,118.0,"Apartment for Rent in Riyadh Ar Rawdah§85,000/annually118m²331apartment a15
total apartment area: 367
listing number: 3250
to book an appointment or view other units, please visit the aamar website: http://aamar.sa/units/3250

**prices:**
single payment: 85,000 sar
two payments: 90,000 sar

**unit details:**
3 bedrooms + 3 bathrooms
living room (1)
american kitchen (installed)
5 air conditioners (installed)
laundry/storage room
outdoor area (private roof)
private parking (building front)
smart lock

**building features:**
elevator

**property location features:**
📚 jarir bookstore — 3 minutes
🚌 bus station — 4 minutes
🛒 walmart hypermarket — 7 minutes
🏥 prince mohammed bin abdulaziz hospital — 8 minutes
🚇 harun al-rashid road metro station — 10 minutesAr Rawdah, Riyadh",https://sa.aqar.fm/en/apartment-for-rent/riyadh/east-of-riyadh/ar-rawdah/apartment-for-rent-6765182
Apartment For Sale,380,38000065.0,"Apartment for Sale in Riyadh Ash Sharq§380,00065m²321# apartment for sale

**al-bayan district**

- area: 65 m²
- facade: west-facing
- street width: 20 m
- warranties available
- construction completion certificate available
- bank financing accepted

---

**details:**
- independent electricity meter
- living room with bathroom
- kitchen
- bedroom
- bedroom
- bathroom

---

we also welcome your offers and requests.
**ahkam al-rimal real estate company**

for contact:
*(number appears when pressing call)*
**abu turki**Ash Sharq, Riyadh",https://sa.aqar.fm/en/apartment-for-sale/riyadh/east-of-riyadh/ash-sharq/apartment-for-sale-6898747
Villa For Sale,2400,2400000279.0,"Villa for Sale in Riyadh Ar Rimal§2,400,000279m²542for sale: villas
location: al-rimal al-dhahabi district
areas: 279, 317, 336 sqm
15m street
east-facing

5 minutes away from dammam road

villa specifications ✨
* standalone villa
* formal men's sitting room
* women's sitting room
* large living room
* 5 bedrooms (3 master)
* spacious kitchen with maid's room
* elevator shaft provision

price starts from 2,300,000

practical location and design, suitable for families ✨
prices vary depending on the areaAr Rimal, Riyadh",https://sa.aqar.fm/en/villa-for-sale/riyadh/east-of-riyadh/ar-rimal/villa-for-sale-6757655
Villa For Sale,1100,1100000404.0,"Villa for Sale in Riyadh Dirab§1,100,000404m²652✨ **exceptional sale opportunity – duplex villa with internal staircase + apartment**

📍 **location:** al maha district – west riyadh
📐 **area:** 250 m²
🧭 **facing:** east – 20m street
🏠 **age:** new

💰 **price: 1,150,000 sar only** 🔥

---

🏡 **villa details (internal staircase):**

🚪 two entrances to the villa
🌿 spacious courtyard
🏠 external annex
🛋️ sitting room + 🚻 bathroom
🍽️ kitchenette
🛋️ living room + 🚻 bathroom
🍳 kitchen

🔹 **first floor:**

🛏️🛏️ two master bedrooms
🛏️🛏️ two additional bedrooms sharing 🚻 one bathroom
🛋️ living room

---

🏢 **apartment details (two entrances per apartment):**

🚪🚪 two entrances per apartment
🛋️ sitting room + 🚻 bathroom
🛋️ living room
🍳 fitted kitchen
🛏️🛏️ two bedrooms + 🚻 fitted bathroom

---

📍 **location highlights:**

🚗 close to qiddiya project 🎢
🏥 near the national guard
🛍️ served by al fawaz and al mash'al districts
🛣️ easy access to main roads

---

🌟 **features & guarantees:**

⚡ independent electricity meter for the villa
💧 independent water tank for the villa
⚡💧 separate meter and tank for each apartment

📄 building completion certificate
🛡️ hidden defects insurance (al-ta'awuniya)

🔧 **quality & warranties:**
⚡ electrical works by al-fanar company
🧱 tank and roof insulation with warranty
🚰 water piping (green pipes) with warranty

---

🔥 **why is this a great opportunity?**
✔️ additional rental income from the apartments 💸
✔️ strategic location near major projects 📍
✔️ suitable for both residential and investment purposes 🏡
✔️ new finishing with full warranties 🛠️

---

📞 **don't miss out – contact us now**Dirab, Riyadh",https://sa.aqar.fm/en/villa-for-sale/riyadh/west-of-riyadh/dirab/villa-for-sale-6889866
Flat For Sale,660,660000211.0,"Floor for Sale in Riyadh Badr§660,000211m²641luxury ground floor for sale (new)
in badr neighborhood, consisting of:
area: 211 m²
outdoor unit: 46 m²
majlis + sitting area + living room + 4 bedrooms (2 of them master) + kitchen + 4 bathrooms + outdoor and indoor courtyard + car entrance
notes:
- barbecue area available
- laundry room available
- all warranties available
occupancy certificate, building permit, and subdivision report available
price: 660,000, negotiable

bassmat al-ibdaa real estate
leasing - sales - property management - renting entire buildings
((the number appears when you click call))((the number appears when you click call))559638555Badr, Riyadh",https://sa.aqar.fm/en/flat-for-sale/riyadh/south-of-riyadh/badr/flat-for-sale-6871202
Villa For Rent,4500,300.0,"Villa for Rent in Riyadh Tuwaiq§4,500/annually300m²743**villa for rent**
in riyadh, tuwaiq district
the villa is brand new
it consists of:
- majlis (men's sitting room)
- entrance hall
- living room
- elderly/senior bedroom
- kitchen

**first floor:**
- 4 bedrooms
- 2 of them are master bedrooms

**second floor:**
- 2 bedrooms
- living room

total bathrooms: 5

**rent:**
- annual: 54,000 sar
- every 6 months: 27,000 sar
- monthly: 4,500 sar

a small family is preferred.
all services are nearby.

**contact:** ((Advertiser's number appears upon contact))Tuwaiq, Riyadh",https://sa.aqar.fm/en/villa-for-rent/riyadh/west-of-riyadh/tuwaiq/villa-for-rent-6892624
Apartment For Rent,37200,123.0,"Apartment for Rent in Riyadh Tuwaiq§37,200/annually123m²431apartment for rent – new
in riyadh, tuwaiq district
all services are nearby
independent electricity meter
independent water tank

apartment specifications:
- master bedroom
- 2 additional bedrooms
- living room
- sitting room (majlis)
- kitchen
- 3 bathrooms

annual rent: 37,000 sar
every 6 months: 18,500 sar

payment options:
- annual
- semi-annual
- 3 installments

contact: (number appears when you click ""call"")Tuwaiq, Riyadh",https://sa.aqar.fm/en/apartment-for-rent/riyadh/west-of-riyadh/tuwaiq/apartment-for-rent-6872323
Flat For Sale,750,750000176.0,"Floor for Sale in Riyadh Ash Sharq§750,000176m²333al-raed real estate marketing company
we offer you the best real estate deals in north and east riyadh
villa floors project in al-wissam district on dammam road

🔶 ground floor consists of:
private car entrance + external annex for the barbecue area + men's sitting room + dining area + living room + kitchen + three master bedrooms

🔶 financing solutions available at all banks
🔶 possibility of providing the down payment
🔶 possibility of settling existing debts
for inquiries, call or contact via whatsapp
((number appears when pressing call))Ash Sharq, Riyadh",https://sa.aqar.fm/en/flat-for-sale/riyadh/east-of-riyadh/ash-sharq/flat-for-sale-6881158
Lounge For Sale,2700,2700000450.0,"Rest House for Sale in Riyadh Al Mahdiyah§2,700,000450m²43offer number (3091)

a distinguished investment opportunity for sale in al-mahdiyah

a chalet/rest house with a prime location on two streets, each street 20 meters wide.
area: **450 m²
price per meter: **6,000 sar
fully furnished

final price: 2,700,000 sar only

📌 final price, non-negotiableAl Mahdiyah, Riyadh",https://sa.aqar.fm/en/lounge-for-sale/riyadh/west-of-riyadh/al-mahdiyah/lounge-for-sale-6841002
Riyadh,31,,31,https://sa.aqar.fm/en/all/riyadh/31
Apartment For Rent,90000,137.0,"Apartment for Rent in Riyadh An Nafal§90,000/annually137m²33apartment no. (f4) on the ground floor in the diyar 27 project in al-nafl district:

specifications:
* 3 bedrooms, living room, kitchen, laundry room, and 3 bathrooms
* basement parking space

area:
* 137.28 m²

features:
* concealed air conditioning
* installed kitchen (with appliances)
* private terrace
* project services (nursery - reception area - men's and women's gym - outdoor seating areas)

rent:
95,000 in two payments
90,000 in one paymentAn Nafal, Riyadh",https://sa.aqar.fm/en/apartment-for-rent/riyadh/north-of-riyadh/an-nafal/apartment-for-rent-6868392
Villa For Sale,820,820000299.0,"Villa for Sale in Riyadh Dirab§820,000299m²553💥 excellent residential or investment opportunity
👈 for sale — cash or installments through the bank. a duplex villa with an area of 200 sqm, priced at 820,000 (negotiable), located in al maha, dirab, riyadh.

👈 consists of 3 floors:
ground floor: full reception area with an elderly room and elevator foundation.
👈 upper floor: living room and 3 bedrooms, including a master bedroom.
👈 roof annex: living room, a master maid's room, an additional room, and rooftop access.

💥 comes with all provided warranties, engineering supervision, and insurance.
👈 personal workmanship, excellent design, and luxury finishes. we also have other properties at different prices and sizes to suit all real estate financing options.
👈👈 we offer all bank financing solutions and provide debt settlement, obligations coverage, and the initial down payment if required.

for inquiries and communication, call or whatsapp: abu nasserDirab, Riyadh",https://sa.aqar.fm/en/villa-for-sale/riyadh/west-of-riyadh/dirab/villa-for-sale-6867262
Flat For Sale,980,980000190.0,"Floor for Sale in Riyadh Ar Rimal§980,000190m²531we are pleased to present al-raed real estate company, offering the best of what it has in the real estate market.
a distinguished location with a design that suits all tastes.
a ground floor unit built according to the new saudi code, modern style, located in al-rimal neighborhood.

**area:** 190 m²
**facade:** north-facing
**street width:** 20 m

**the unit consists of:**
- car parking
- men's majlis with bathroom and washbasins
- entrance foyer (maqlat)
- 3 bedrooms, including a master bedroom
- rear setback
- living room
- kitchen
- 3 bathrooms

**warranties:**
- engineering supervision certificate
- thermal insulation certificate
- 15-year plumbing warranty from al-anabeeb al-khudr company
- 25-year electrical warranty from al-fanar company
- building completion certificate available

- option for down payment
- debt settlement available
- we work with all banks and companies

**(number appears upon clicking the call button)**Ar Rimal, Riyadh",https://sa.aqar.fm/en/flat-for-sale/riyadh/east-of-riyadh/ar-rimal/flat-for-sale-6876556
Apartment For Sale,850,850000146.0,"Apartment for Sale in Riyadh Ar Rimal§850,000146m²431we are pleased to present to you al-rayed real estate company
an apartment built according to the new saudi code, modern style, in al-rimal neighborhood

total area: 150 sqm
north-facing
15-meter street

consisting of:
* external car parking
* men's sitting room with bathroom and washbasins
* 3 bedrooms including a master bedroom and a rear roof
* living room
* american kitchen
* 3 bathrooms
* elevator installed

warranties:
# engineering supervision certificate
# thermal insulation certificate
# 15-year plumbing warranty from al-anabib al-khudr company
# 25-year electrical warranty from al-fanar company
# building completion certificate available

- option to pay the down payment
- debt settlement available
- we work with all banks and companies
((number appears when you press call))Ar Rimal, Riyadh",https://sa.aqar.fm/en/apartment-for-sale/riyadh/east-of-riyadh/ar-rimal/apartment-for-sale-6876627
Flat For Sale,550,550000185.0,"Floor for Sale in Riyadh Al Janadriyah§550,000185m²441we are pleased to present to you al-raed real estate company
first floor in ghusoon district

area: 185 sqm
north-facing facade
15m street

consisting of:
* external car parking
* men's sitting room with bathroom and washbasins
* entrance hall
* living room
* 3 bedrooms including 1 master bedroom
* kitchen with maid's room
* 3 bathrooms
* elevator foundation

warranties:
# engineering supervision certificate
# thermal insulation certificate
# 15-year plumbing warranty from al-anabib al-khudr company
# 25-year electrical warranty from al-fanar company
# building completion certificate

- option to pay the first installment
- settlement of liabilities
- we deal with all banks and companies
((number appears when pressing call))Al Janadriyah, Riyadh",https://sa.aqar.fm/en/flat-for-sale/riyadh/east-of-riyadh/al-janadriyah/flat-for-sale-6880050
Apartment For Rent,2500,163.0,"Apartment for Rent in Riyadh Tuwaiq§2,500/annually163m²31apartment for rent in tuwaiq neighborhood.
independent apartment (second floor, with a new rooftop), separate entrance (east-facing), separate electricity meter, shared water.
majlis, living room, two bedrooms,
installed kitchen,
3 bathrooms, private rooftop.
monthly: 2,500
cash: 25,000Tuwaiq, Riyadh",https://sa.aqar.fm/en/apartment-for-rent/riyadh/west-of-riyadh/tuwaiq/apartment-for-rent-6868522
Villa For Sale,1350,1350000306.0,"Villa for Sale in Riyadh Al Uraija Al Wusta§1,350,000306m²653assalamu alaikum wa rahmatullahi wa barakatuh

we offer duplex villas for sale
al-uraija al-awsat district
corner plot with one street, 15m
price: 1,350,000 sar
next to king salman hospital

all documents and guarantees are ready
elevator installed and a room for the elderly is available

dealings with all banks and real estate financing companies

for contact: ((number appears when pressing call)) / ((number appears when pressing call))Al Uraija Al Wusta, Riyadh",https://sa.aqar.fm/en/villa-for-sale/riyadh/west-of-riyadh/al-uraija-al-wusta/villa-for-sale-6875836
Apartment For Sale,465,465000105.0,"Apartment for Sale in Riyadh Dhahrat Laban§465,000105m²321🏡 apartment for sale – dhahrat laban district

📍 location: al-nuwaybe'a street at the intersection with sakaka

📌 location link:
https://maps.google.com/?q=24.620800,46.560780

🏢 floor: second floor

📐 area: 105.46 m²

🚪 entrance: single entrance

✨ apartment features:
• sitting room (majlis)
• 2 bedrooms
• living room (hall)
• fully fitted kitchen
• 2 bathrooms

✅ advantages:
• apartment is vacant/free

available documents: title deed – building permit only

💰 selling price:
465,000 sar for cash buyers

⚠️ note: price does not include vat or commission fees, which are to be paid by the buyer.

📞 contact:
al-khyar al-sahih real estate services office
therc.saDhahrat Laban, Riyadh",https://sa.aqar.fm/en/apartment-for-sale/riyadh/west-of-riyadh/dhahrat-laban/apartment-for-sale-6793958
Big Flat For Rent,42000,390.0,"Floor for Rent in Riyadh Dahiat Namar§42,000/annually390m²6floor for rent in namar district
new
consists of:
3 bedrooms, one of which is a master bedroom
living room
men's sitting room
women's sitting room
external annex
price:
annual / 42,000 sarDahiat Namar, Riyadh",https://sa.aqar.fm/en/big-flat-for-rent/riyadh/west-of-riyadh/dahiat-namar/big-flat-for-rent-6872853
Villa For Rent,150000,300.0,"Villa for Rent in Riyadh King Khalid International Airport§150,000/annually300m²451🏡 elegant villa in sidra (roshn) | 300m² | modern luxury

🌿 property features:
✔ ground floor:
• 2 shaded parking spaces 🚗
• separate guest and family entrances
• guest living room with bathroom 🛋️
• spacious living and dining area
• fully equipped kitchen 🍳
• laundry area
• maid's room with bathroom 👩‍🍳
• storage room
• private garden 🌸

✔ first floor:
• family living room
• master bedroom with walk-in closet and ensuite bathroom 🛌
• 1 bedroom with private bathroom
• 2 bedrooms with shared bathroom

⚡ amenities:
• smart ac units ❄️
• solar-powered water heater ☀️
• fire alarm system 🔥
• electric vehicle charger ⚡
• building and appliance warranty 📜

📍 prime location: close to king salman airport, expo 2030, princess nourah university, and roshn front.

((the number appears when you press call))King Khalid International Airport, Riyadh",https://sa.aqar.fm/en/villa-for-rent/riyadh/north-of-riyadh/king-khalid-international-airport/villa-for-rent-6870479
Apartment For Rent,130000,94.0,"Apartment for Rent in Riyadh An Narjis§130,000/annually94m²221two-bedroom apartment (both master bedrooms) with a living room, kitchen, and 3 bathrooms — fully smart | 5-star hotel-level privacy | located in al narjis district, south of king salman road.

**features:**
- first floor independent apartment, characterized by privacy and security.
- smart building: control the door, lighting, air conditioners, shutters, and appliances from your phone via a unified smart home system for the building.
- furnishings: very high-end hotel furniture, automatic shutters on the balcony and master bedroom, 5 gree air conditioners.
- kitchen: equipped with the finest brands, quiet balcony, private elevator, private parking.
- location: minutes from king khalid international airport, princess nourah university, mbc, king salman park, and surrounded by services.
- utilities: independent electricity meter + independent water meter.

**rental price: 130,000 sar — monthly/annually.**

for those seeking privacy + 5-star hotel living.An Narjis, Riyadh",https://sa.aqar.fm/en/apartment-for-rent/riyadh/north-of-riyadh/an-narjis/apartment-for-rent-6729046
Villa For Rent,90000,296.0,"Villa for Rent in Riyadh An Narjis§90,000/annually296m²753villa for rent
al narjis district
south of raihanah

the villa consists of:
- a courtyard and car entrance
- a separate men's sitting room (majlis) with a bathroom
- a large living room (salon) open to the back courtyard
- a fitted kitchen
- first floor: 4 bedrooms and 3 bathrooms
- roof: 1 room with a bathroom

villa no. 1117

rent: one payment: 90,000 sar / two payments: 100,000 sar

https://maps.google.com/?q=24.884525,46.648338An Narjis, Riyadh",https://sa.aqar.fm/en/villa-for-rent/riyadh/north-of-riyadh/an-narjis/villa-for-rent-6856280
Apartment For Rent,30000,55.0,"Apartment for Rent in Riyadh Al Malaz§30,000/annually55m²1🏢 one bedroom and living room in a quiet building

✨ consists of a bedroom, living room, studio kitchen, and bathroom

✅ built-in air conditioners
✅ built-in kitchen

✨ close to the metro station 🚄 ten minutes walking 🚶

✨ close to services and vital areas 🕌 🏨 🏫 🏪Al Malaz, Riyadh",https://sa.aqar.fm/en/apartment-for-rent/riyadh/east-of-riyadh/al-malaz/apartment-for-rent-6763819
Villa For Sale,1500,1500000300.0,"Villa for Sale in Riyadh Tuwaiq§1,500,000300m²45duplex villa for sale in tuwaiq district, al-rajhi plan, mortgaged to bank albilad.

car entrance
majlis tent (bayt sha'r) + bathroom and sinks
l-shaped courtyard
majlis + bathroom and sinks

large living hall (muqallat) + women's room
+ sinks
internal staircase

the second section: upper hall with four rooms
two master bedrooms with bathrooms
and two facing bedrooms with a bathroom between them
upper floor: upper hall, majlis, laundry room, and two bathrooms
the roof is divided into two apartments, east and west
the villa is three years old

final price: 1,500,000
mortgaged to bank albilad for 1,270,000Tuwaiq, Riyadh",https://sa.aqar.fm/en/villa-for-sale/riyadh/west-of-riyadh/tuwaiq/villa-for-sale-6902174
Apartment For Rent,60000,1522.0,"Apartment for Rent in Riyadh Al Malqa§60,000/annually1,522m²331for rent - apartment for families only, second floor, consisting of:
two bedrooms, a living room, a sitting room, a kitchen, and three bathrooms.
air conditioning units installed and fitted kitchen included.
full maintenance has been done including plumbing, electrical, painting, and air conditioning.
for contact: ((number appears when pressing call))Al Malqa, Riyadh",https://sa.aqar.fm/en/apartment-for-rent/riyadh/north-of-riyadh/al-malqa/apartment-for-rent-6856049
Villa For Sale,2100,2100000250.0,"Villa for Sale in Riyadh King Khalid International Airport§2,100,000250m²342new townhouse for sale in roshn sedra community 🏘️
new town house for sale in roshn sedra community 🏡

3 bedrooms (1 master with walk-in closet) 🛏️
3 bedrooms (1 master with walk-in closet) 🛌

reception room ☕️
large living area 🛋️ ☕️
kitchen with cabinets installed 👨‍🍳
4 bathrooms 🚽 🛁
backyard 🪴 ⛲️
2 shaded car parking spots 🅿️

thamer al-hamoud
(number appears when pressing call)King Khalid International Airport, Riyadh",https://sa.aqar.fm/en/villa-for-sale/riyadh/north-of-riyadh/king-khalid-international-airport/villa-for-sale-6856025
Big Flat For Rent,85000,68.0,"Floor for Rent in Riyadh An Narjis§85,000/annually68m²331🏡 new floor for rent in al-narjis district

📍 prime location north of king salman road, between the intersection of king salman road and abu bakr al-siddiq road.

📌 second floor includes an (elevator)

it consists of:

* 3 bedrooms (one master bedroom)
* living room
* kitchen
* 3 bathrooms
* maid's room with bathroom
* private rooftop

✨ features:

* private parking
* independent electricity meter
* independent water meter
* vibrant location, close to services and main roads

📞 to contact:
((number appears when pressing call))An Narjis, Riyadh",https://sa.aqar.fm/en/big-flat-for-rent/riyadh/north-of-riyadh/an-narjis/big-flat-for-rent-6747691
Apartment For Rent,110000,109.0,"Apartment for Rent in Riyadh An Nakheel§110,000/annually109m²331apartment for rent in al-nakheel district
ground floor – opposite king saud university

it consists of:
• living room
• 3 bedrooms, one of which is a master bedroom
• 3 bathrooms
• fully fitted and equipped kitchen with appliances
• built-in air conditioners

features:
• private parking
• private entrance
• private yard

contact:
((number appears when pressing call))An Nakheel, Riyadh",https://sa.aqar.fm/en/apartment-for-rent/riyadh/north-of-riyadh/an-nakheel/apartment-for-rent-6877294
Apartment For Sale,1250,1250000135.0,"Apartment for Sale in Riyadh Qurtubah§1,250,000135m²331apartment for sale in qurtuba district

a distinctive apartment for sale in qurtuba district, located on the first floor, fully furnished with new and luxurious furniture.

it consists of:
living room
dining room
3 bedrooms, one of which is a master bedroom
fully fitted kitchen equipped with all appliances
covered outdoor parking space

for contact:
((Advertiser's number appears upon contact))
((Advertiser's number appears upon contact))
((Advertiser's number appears upon contact))Qurtubah, Riyadh",https://sa.aqar.fm/en/apartment-for-sale/riyadh/east-of-riyadh/qurtubah/apartment-for-sale-6830075
Villa For Sale,2000,2000000416.0,"Villa for Sale in Riyadh Al Maizilah§2,000,000416m²553**▪️ for sale – corner villa with internal staircase, modern design, plus double height**
**▪️ al muaizilah district – prime location**
**▪️ east riyadh**
**▪️ prime location close to all services**
**▪️ near a train station**
**▪️ near khurais road**
**▪️ near sheikh jaber al-sabah road**
**▪️ south-west facing**
**▪️ 18m street width**

📐 land area: 276 sqm
📐 built-up area: 416 sqm
🔥 price: 2 million
✨ property is ready
✨ elevator foundation included

---

**☑️ villa details**

**⬇️ ground floor:**
▪️ private car entrance
▪️ two entrances to the villa
▪️ external annex
▪️ men's sitting room (majlis)
▪️ dining room
▪️ women's lounge with private entrance
▪️ kitchen
▪️ 2 bathrooms on this floor

---

**⬇️ first floor details:**
▪️ living room
▪️ main bedroom suite
▪️ 2 master bedrooms
▪️ 1 bedroom with en-suite bathroom

---

**⬇️ upper annex details:**
▪️ 2 master bedrooms
▪️ maid's room & laundry room
▪️ rooftop with seating area

---

**▪️ total bedrooms: 6**
**▪️ total bathrooms: 6**

---

**✅ warranties:**
▪️ cooperative insurance
▪️ comprehensive warranties on all works
▪️ plumbing warranty: 25 years (green pipes)
▪️ electrical warranty: 15 years (al-manar) + warranty on circuit breakers and outlets
▪️ insulation warranty: 10 years
▪️ doors warranty: 10 years
▪️ upper water tank warranty: 5 years

---

**✅ company features:**
▪️ comprehensive coverage of the latest real estate listings in east riyadh
▪️ bank procedure processing across the kingdom
▪️ we work with all banks
▪️ down payment provision
▪️ debt settlement

---

**for contact and inquiries:**
*(number appears upon pressing call)*
0552980027
*(number appears upon pressing call)*Al Maizilah, Riyadh",https://sa.aqar.fm/en/villa-for-sale/riyadh/east-of-riyadh/al-maizilah/villa-for-sale-6723402
Riyadh,32,,32,https://sa.aqar.fm/en/all/riyadh/32
Apartment For Rent,60000,82.0,"Apartment for Rent in Riyadh Ar Rimal§60,000/annually82m²331apartment for rent – first floor | kalma 140 project – al rimal district

a distinctive opportunity to reside in an upscale residential project characterized by tranquility, spacious areas, and a strategic location close to all essential services and facilities.

floor specifications:

* spacious living room
* rooftop
* 3 spacious bedrooms, including a master bedroom
* kitchen
* 2 bathrooms
* maid's room
* elevator

features:

* spacious rooms with a practical and comfortable design
* fully equipped and fitted kitchen
* private parking space

annual rent: 60,000 in one payment or 65,000 in two payments

code number: n-299

for inquiries and contact: ((number appears upon pressing call))Ar Rimal, Riyadh",https://sa.aqar.fm/en/apartment-for-rent/riyadh/east-of-riyadh/ar-rimal/apartment-for-rent-6762818
Apartment For Sale,1050,1050000105.0,"Apartment for Sale in Riyadh Al Yasmin§1,050,000105m²231**new furnished apartment for sale 🏠**

**district |** al yasmin
**area |** 105 sqm
**project |** raya 4
**floor |** ground floor

**✨ specifications ✨**

* 2 bedrooms
* living room
* fully equipped fitted kitchen with all appliances
* central air conditioning
* laundry room
* 3 bathrooms
* smart entry
* smart home
* private external parking space

the apartment has never been lived in before.
the project is brand new.

**🌟 price 🌟**
1,050,000

for coordination, dear client ♥️
contact us via whatsapp and we will be happy to serve you.Al Yasmin, Riyadh",https://sa.aqar.fm/en/apartment-for-sale/riyadh/north-of-riyadh/al-yasmin/apartment-for-sale-6827309
Apartment For Sale,780,780000180.0,"Apartment for Sale in Riyadh Dhahrat Laban§780,000180m²531🏡 apartment for sale | dhahrat laban district – riyadh – buraidah street
a residential apartment with excellent space, free and unmortgaged, with complete documents ready for transfer, and it accepts bank financing or cash purchase.
📐 area: 180 m²
🏢 floor: third
🚪 apartment no.: 2/3
🏗 property age: 4 years
the apartment faces the street directly
🛗 elevator available
apartment details:
* majlis (formal reception room)
* muqallat (family sitting room)
* kitchen
* side living room
* 3 bedrooms, one of them a master
* 3 bathrooms
* independent electricity meter
* independent water meter
* single entrance
💰 price: 780,000 sar
📌 the price does not include real estate transaction tax or real estate brokerage commission, which are to be paid by the buyer.
📍 location:
https://maps.app.goo.gl/d6k7uaijybpjjyhx9?g_st=iw
🏢 al-khiyar al-saheeh real estate services office
🌐 therc.saDhahrat Laban, Riyadh",https://sa.aqar.fm/en/apartment-for-sale/riyadh/west-of-riyadh/dhahrat-laban/apartment-for-sale-6895793
Apartment For Rent,36000,520.0,"Apartment for Rent in Riyadh Ar Rimal§36,000/annually520m²321📍 apartment for rent in al-rimal al-dhahabi district – prime location

second floor
consists of:
living room – hall – kitchen – 2 bedrooms – 2 bathrooms
independent electricity meter – rooftop access

price:
36,000 – one or two payments
water included
code number: n447Ar Rimal, Riyadh",https://sa.aqar.fm/en/apartment-for-rent/riyadh/east-of-riyadh/ar-rimal/apartment-for-rent-6813417
Apartment For Rent,38000,42.0,"Apartment for Rent in Riyadh Hittin§38,000/annually42m²111a distinctive apartment in hittin neighborhood

consisting of:
- bedroom
- living room
- counter kitchen
- bathroom

air conditioners and kitchen included

the building is in a prime location, close to services

more than one apartment available in the building

rent includes water only
electricity is shared (fixed percentage)

for contact, call or whatsapp:
((number appears when pressing call))Hittin, Riyadh",https://sa.aqar.fm/en/apartment-for-rent/riyadh/north-of-riyadh/hittin/apartment-for-rent-6796599
Apartment For Rent,28000,26.0,"Apartment for Rent in Riyadh Al Malqa§28,000/annually26m²11distinctive apartment in al malqa neighborhood

the building's location is vibrant and close to services

consists of:
one bedroom only
counter kitchen
bathroom

air conditioner installed and kitchen installed

for contact: call or whatsapp
((Advertiser's number appears upon contact))Al Malqa, Riyadh",https://sa.aqar.fm/en/apartment-for-rent/riyadh/north-of-riyadh/al-malqa/apartment-for-rent-6901544
Complexes For Sale,180000002,180000002499.0,"Complex for sale in Riyadh Al Olaya§18,000,0002,499m²🏡 rare investment opportunity in the heart of al-olaya district – residential complex on 3 streets

✨ a strategic location and one of the strongest investment sites in riyadh, suitable for real estate developers and investors seeking high-value land with outstanding development potential.

📍 location – al-olaya district
distinguished by its proximity to major arterials and services, including:
✅ king fahad medical city
✅ military hospital
✅ al-dabab street
✅ al-olaya road
✅ king fahad road
✅ khurais road
✅ ministries and government entities
✅ a business and commercial area with high demand for residential and investment use.

📐 property details
▪️ property type: residential complex (requires demolition)
▪️ area: 2,499.84 m²
▪️ district: al-olaya – riyadh
▪️ age: approximately 40 years
▪️ condition: the complex is vacant with no occupants

🛣️ on three streets
🔹 south: 20m street with a length of 40.32m
🔹 north: 16m street with a length of 40.32m
🔹 west: 16m street with a length of 62m
🔹 east: bordered by property no. 2574

💼 why is this an investment opportunity?
⭐ one of the strongest locations in al-olaya.
⭐ suitable for redevelopment into luxury apartments, a modern residential complex, or a premium investment project.
⭐ close to hospitals, ministries, and business centers.

💰 asking price: 6,500 sar per square meter

location:
https://maps.app.goo.gl/awtwpdgg55q8cxmy6?g_st=ic

offer brochure:
https://olayainvest-7dig5cvy.manus.space/

📞 contact
al-haqbani real estate
📱 0595915555Al Olaya, Riyadh",https://sa.aqar.fm/en/Complexes-for-sale/riyadh/north-of-riyadh/al-olaya/Complexes-for-sale-6789393
Building For Sale,17000,17000000900.0,"Building for Sale in Riyadh Al Quds§17,000,000900m²100mcommercial & residential building for sale | al-quds district – east riyadh

✨ a distinctive investment opportunity directly on the eastern ring road

invest in a property that combines commercial showrooms and residential units in one of the most vibrant locations in riyadh, with a promising investment return and a strategic location.

📍 location

	•	📌 al-quds district – east riyadh
	•	🛣️ direct western frontage on the eastern ring road
	•	🚗 near exit (10)
	•	🌆 in a high-density commercial and residential area

⸻

📐 property details

	•	📏 land area: 900 m²
	•	🏬 5 commercial showrooms with glass facades overlooking the ring road
	•	🏢 8 apartments comprising 16 residential rental units
	•	🔑 ready for immediate operation and investment

⸻

✨ building features

	•	🏨 luxury finishes to hotel standards
	•	💡 hotel-style corridors with concealed lighting
	•	🚪 luxury wooden doors
	•	🪨 travertine marble flooring and bathrooms
	•	🟤 illuminated copper mashrabiya facade with a modern design
	•	📱 smart screen in every residential unit
	•	🎥 video intercom system with a secret code
	•	💰 an income-generating real estate asset, ready to receive tenants


💰 asking price: 14,000,000 sar
⸻

🎥 virtual tour

🌐 watch the full property tour:
https://alhaqbani-dz7klipo.manus.space/

⸻

📍 property location on the map

🗺️
https://maps.app.goo.gl/qh8a5966qjx2vx5xa?g_st=ic

⸻

📞 contact & inquiries

al-haqbani real estate

📱 mobile: ((the number appears when you press call))

💬 whatsapp:
https://wa.me/((the number appears when you press call))

⸻

📲 follow us

👻 snapchat
🎵 tiktok
𝕏 x
▶️ youtube

@alhaqbani74

⸻

📜 real estate advertisement license: 7201025483Al Quds, Riyadh",https://sa.aqar.fm/en/building-for-sale/riyadh/east-of-riyadh/al-quds/building-for-sale-6789447
Flat For Sale,1650,1650000405.0,"Floor for Sale in Riyadh Al Yasmin§1,650,000405m²4No descriptionAl Yasmin, Riyadh",https://sa.aqar.fm/en/flat-for-sale/riyadh/north-of-riyadh/al-yasmin/flat-for-sale-6834323
Apartment For Sale,650,650000148.0,"Apartment for Sale in Riyadh Badr§650,000148m²4# l5 # riyadh, al-shafa - badr district (prime location, close to all services and facilities)

a luxurious family apartment on the ground floor with two independent entrances and a comfortable design, featuring a courtyard and a large external storage room, fully equipped with air conditioners, a fitted kitchen, and most of the home's furniture ready for those seeking immediate occupancy without additional costs.

🏡 general property details
• 🏗️ property type: ground floor apartment
• 🚪 entrances: two independent entrances
• 🔑 features & special amenities:
❄️ fully installed air conditioners
🍳 ready and fitted kitchen
🛋️ most home furniture ready and installed
🌳 spacious courtyard
📦 large external storage room
• 📍 map location: [ insert google maps link here ]

📋 internal layout & specifications:
🛋️ living & utility sections:
• 👪 living area: spacious and open family living room
• 🍳 kitchen & utilities: fitted kitchen + large external storage room
• 🚿 bathrooms: 3 bathrooms with a practical layout

🛏️ bedrooms:
• 🛏️ bedrooms: 4 spacious and independent bedrooms

💰 financial details
• 💵 price: 650,000Badr, Riyadh",https://sa.aqar.fm/en/apartment-for-sale/riyadh/south-of-riyadh/badr/apartment-for-sale-6901031
Flat For Sale,2000,2000000265.0,"Floor for Sale in Riyadh Qurtubah§2,000,000265m²641▪️ for sale: ground floor in a residential villa with modern design and a swimming pool
▪️ qurtuba district, northeast riyadh
▪️ prime location, close to all amenities
▪️ near prince mohammed bin salman road
▪️ near saeed bin zayed road and al-thumama road

---

▪️ west-facing, corner plot
▪️ 20m street, corner
📐 land area: 437 sqm
📐 built-up area: 265 sqm, in addition to private sections
▪️ fully independent utilities
✨ property is move-in ready
✨ central air conditioning ready for the entire floor
✨ private swimming pool for the floor

---

**property details:**
▪️ car entrance and courtyard
▪️ two entrances
▪️ men's sitting room (majlis)
▪️ dining room
▪️ women's sitting room
▪️ kitchen, maid's room, laundry room
▪️ private swimming pool with seating area

---

▪️ master bedroom
▪️ master en-suite bedroom
▪️ two bedrooms with a shared bathroom
▪️ total bedrooms on this floor: 4
▪️ total bathrooms on this floor: 5

---

✅ **warranties:**
- comprehensive warranties on all works
- plumbing warranty: 25 years (green pipes)
- electrical warranty: 15 years (al-fanar), plus warranty on circuit breakers and outlets
- insulation warranty: 10 years
- doors warranty: 10 years
- upper water tank warranty: 5 years

---

**for inquiries:**
(number appears upon pressing ""call"")Qurtubah, Riyadh",https://sa.aqar.fm/en/flat-for-sale/riyadh/east-of-riyadh/qurtubah/flat-for-sale-6761067
Big Flat For Rent,57000,249.0,"Floor for Rent in Riyadh Ar Rabwah§57,000/annually249m²33ground floor apartment for rent in al-rabwa district
consisting of:
3 bedrooms
kitchen
3 bathrooms
air conditioners installed
no built-in kitchen
independent electricity meter
annual rent: 57,000
for contact and inquiries:
((Advertiser's number appears upon contact))
advertisement license number: 7201116960
fal license number: 1200010605
we are pleased to serve you and receive your requests and offers
working hours: saturday to thursday, contact hours from 9:00 am to 9:00 pm
we apologize for not responding outside working hoursAr Rabwah, Riyadh",https://sa.aqar.fm/en/big-flat-for-rent/riyadh/center-of-riyadh/ar-rabwah/big-flat-for-rent-6876951
Apartment For Rent,42000,577.0,"Apartment for Rent in Riyadh Al Mahdiyah§42,000/annually577m²11🏡 furnished apartment for rent | al mahdiyah district – riyadh

a great opportunity to live in one of west riyadh's most prestigious neighborhoods. this fully furnished apartment offers a practical layout with complete modern amenities.

✨ apartment components:
🛋️ living room with tv
🍽️ dining area
🛏️ fully equipped bedroom
🚿 bathroom
🌤️ private rooftop terrace (8 × 8 m)
🔐 smart lock entry
🚗 parking space

🍴 appliances:
✅ refrigerator
✅ microwave

📍 location: al mahdiyah district – riyadh
a quiet and distinguished neighborhood, close to services and main roads.

📞 for inquiries and contact, please reach us at:
0558998924Al Mahdiyah, Riyadh",https://sa.aqar.fm/en/apartment-for-rent/riyadh/west-of-riyadh/al-mahdiyah/apartment-for-rent-6742624
Apartment For Rent,26000,400.0,"Apartment for Rent in Riyadh Ad Duraihimiyah§26,000/annually400m²3# a04

an apartment located on the first floor within a residential-commercial building, consisting of:

* sitting room
* restroom
* living room
* kitchen
* two bedrooms
* bathroom

annual rent: 26,000 sar
payment method: two installmentsAd Duraihimiyah, Riyadh",https://sa.aqar.fm/en/apartment-for-rent/riyadh/west-of-riyadh/ad-duraihimiyah/apartment-for-rent-6804055
Big Flat For Rent,80000,475.0,"Floor for Rent in Riyadh An Nafal§80,000/annually475m²6🏡 first floor for rent – 6 bedrooms – special opportunity

✨ a spacious floor suitable for families, with a practical layout and comfortable spaces.

property features:
• first floor
• 2 separate entrances
• sitting room (majlis)
• maqalat (reception/formal sitting area)
• spacious living room
• 4 bedrooms
• including 2 master bedrooms
• kitchen
• installed air conditioners
• a floor with a distinctive layout and spaces suitable for families

al-shuaibi real estate office – we are pleased to serve youAn Nafal, Riyadh",https://sa.aqar.fm/en/big-flat-for-rent/riyadh/north-of-riyadh/an-nafal/big-flat-for-rent-6899368
Building For Sale,780,780000115.0,"Building for Sale in Riyadh Skirinah§780,000115m²9m**for sale: investment building – south riyadh**

📍 **location:** al manfouha al jadidah district – near manfouha park and skurinah metro station (approximately 1 km away)

* **area:** 116 m²
* **facade:** east-facing, on a street approximately 10 meters wide
* **property age:** approximately 13 years
* **distance to skurinah metro station:** approximately 1 km
* **annual income:** 80,000 sar
* **number of units:** 6 apartments
* 5 apartments: 2 bedrooms + living room + kitchen + 2 bathrooms
* 1 apartment: 1 bedroom + living room + 1 bathroom
* 1 water meter + 2 electricity meters
* all lease contracts are electronic
* property documents attached

**asking price:** 750,000 sar
**maximum price:** 800,000 sar

**for contact:**
((number appears when pressing call))Skirinah, Riyadh",https://sa.aqar.fm/en/building-for-sale/riyadh/center-of-riyadh/skirinah/building-for-sale-6811646
Flat For Sale,1300,1300000207.0,"Floor for Sale in Riyadh Al Qirawan§1,300,000207m²331**offer no. 4238**

in the name of allah, the most gracious, the most merciful
please read the advertisement carefully
peace, mercy, and blessings of allah be upon you

**floor/apartment for sale**
〰️〰️〰️

1. area: 207 sqm
2. distinguished by its proximity to kafd and the boulevard
3. located on street 18
4. smart entry system for both the building and the floor
5. elevator available
6. central hidden air conditioning in the living room and master bedroom; lg split units in the rooms and kitchen
7. modern kitchen
8. balcony and large rooftop with two access points — from inside the floor and from the master bedroom
9. private parking space for the floor
10. two mosques nearby

the floor is currently rented.

**selling price:**
1,300,000 (one million and three hundred thousand)

**contact:**
abu abdulaziz: 059092-8680

**rukn al-ibra real estate company**
our services: marketing – property management – real estate development – electronic contract writing – owners association – off-plan sales services
working hours: 4 pm to 10 pm
whatsapp: 24 hoursAl Qirawan, Riyadh",https://sa.aqar.fm/en/flat-for-sale/riyadh/north-of-riyadh/al-qirawan/flat-for-sale-6823660
Apartment For Sale,1200,1200000125.0,"Apartment for Sale in Riyadh Al Yasmin§1,200,000125m²431apartment for sale

al yasmin district

living room
and lounge
3 bedrooms, one of which is a master bedroom
3 bathrooms
fitted kitchen
fitted air conditioners

overlooking king salman road
private parking space for the apartmentAl Yasmin, Riyadh",https://sa.aqar.fm/en/apartment-for-sale/riyadh/north-of-riyadh/al-yasmin/apartment-for-sale-6759603
Apartment For Rent,36000,312.0,"Apartment for Rent in Riyadh Ar Rimal§36,000/annually312m²111🏠 first-floor apartment for rent: one bedroom, living room, bathroom, and kitchen. fully furnished.
📍 riyadh / al-rimal district / tanal plan.
🌟 apartment features and contents:
♦️ new and clean (oven, washing machine, refrigerator, microwave, heater, cooking utensils, tv). close to all services.
⭐️ services included in the rental price:
electricity. water. internet.
💰 rental price: 🔸 annual contract: (36,000)
annual contract with monthly payments of 3,500.

📍 location:
https://maps.app.goo.gl/5lvnt21pzeytk4jg9?g_st=ipc
🔸 to contact via whatsapp: (((number appears when you press call)))Ar Rimal, Riyadh",https://sa.aqar.fm/en/apartment-for-rent/riyadh/east-of-riyadh/ar-rimal/apartment-for-rent-6851999
Apartment For Rent,70000,195.0,"Apartment for Rent in Riyadh Al Arid§70,000/annually195m²231🪧 for rent – modern new apartment in al-arid neighborhood

**area:** 195 sqm
**floor:** second
**price:** 70,000 (one payment) // 75,000 (two payments)

---

🏷 **specifications**

- 2 bedrooms, including a master bedroom
- spacious family living room opening onto the rooftop
- 3 bathrooms
- high-quality fitted kitchen
- installed split air conditioners
- large rooftop accessible from the living room and one of the bedrooms
- maid's room with private bathroom
- private parking space

---

⚜️ **features** ⚜️

- smart home entry system
- sound and thermal insulation
- warranties on plumbing, electrical, and air conditioning systems
- two rooftop areas for the apartment
- vibrant location with access to prince khalid bin bandar road
- prime and prestigious strategic location, close to all services and public facilitiesAl Arid, Riyadh",https://sa.aqar.fm/en/apartment-for-rent/riyadh/north-of-riyadh/al-arid/apartment-for-rent-6781656
Riyadh,33,,33,https://sa.aqar.fm/en/all/riyadh/33
Flat For Sale,1490,1490000213.0,"Floor for Sale in Riyadh Al Munsiyah§1,490,000213m²541🏷️ sales have started in the al-jamee' 60 project, located in al-manousiyah al-gharbiyah district, behind al-qalam street.

areas starting from 213 m² to 268.84 m²
prices starting from 1,290,000 to 1,590,000

**first floor specifications**

area: 228.83 m²
floor: first
price: 1,490,000 sar

⭐️ **unit consists of** ⭐️

- private sitting room with en-suite bathroom
- maqalat (entrance hall)
- large family living room
- 3 bedrooms, including a master bedroom
- 4 bathrooms
- spacious kitchen
- maid's room with private bathroom
- driver's room
- private parking space

💫 **features**

- passenger elevator
- high-quality marble corridors
- warranties of up to 25 years
- independent electricity meter
- prime location near all services and public utilities
- the project is distinguished by its proximity to main roads and has direct access to dammam roadAl Munsiyah, Riyadh",https://sa.aqar.fm/en/flat-for-sale/riyadh/east-of-riyadh/al-munsiyah/flat-for-sale-6783562
Apartment For Rent,70000,119.0,"Apartment for Rent in Riyadh Al Arid§70,000/annually119m²3🏡 luxury apartment for rent

details h5
ground floor
3 bedrooms (1 master)
large living room 🛋️
kitchen with cabinets and appliances 👩‍🍳
3 bathrooms 🚽
laundry room 🫧
built-in ac: concealed + split ❄️

2 gyms (male/female) 🏋️💪
kids playground 🛝

thamer al-hamoud
(number appears when pressing call)Al Arid, Riyadh",https://sa.aqar.fm/en/apartment-for-rent/riyadh/north-of-riyadh/al-arid/apartment-for-rent-6862454
Apartment For Rent,85000,131.0,"Apartment for Rent in Riyadh Ishbiliyah§85,000/annually131m²431in the name of allah, the most gracious, the most merciful

**property description:** apartment for rent
**area:** 138 sqm
**floor:** second

**specifications:**
(men's sitting room / living room / kitchen with storage room / 3 bedrooms / 3 bathrooms / 2 parking spaces in the basement)

air conditioners will be installed, god willing.

**facade:** south-facing
**street:** 40
**location:** ishbiliyah district
close to al-rawad schools, al-sahabah street, and the metro.

**price:** 85,000 sar (one or two installments)Ishbiliyah, Riyadh",https://sa.aqar.fm/en/apartment-for-rent/riyadh/east-of-riyadh/ishbiliyah/apartment-for-rent-6894690
Apartment For Rent,60000,171.0,"Apartment for Rent in Riyadh Al Qadisiyah§60,000/annually171m²331offer no. 4331
in the name of allah, the most gracious, the most merciful
please read the advertisement carefully
peace, mercy, and blessings of allah be upon you

* new apartment for rent in al-qadisiyyah district
* in al saidan project

- area: 171 m²
- first floor

◀️ consists of:

- 3 bedrooms
• living room
• kitchen
• bathrooms
• two balconies overlooking the main street
• private parking

◀️ air conditioners included.
◀️ curtains included.

required /
one payment: 60,000
two payments: 65,000
security deposit required

for contact: 0556678197 (abu rafif)

rukn al-ibra real estate company
our services: marketing - property management - real estate development - electronic contract writing - owners association - off-plan sales services
working hours: from 4 pm to 10 pm
whatsapp available 24 hoursAl Qadisiyah, Riyadh",https://sa.aqar.fm/en/apartment-for-rent/riyadh/east-of-riyadh/al-qadisiyah/apartment-for-rent-6897132
Apartment For Rent,55000,920.0,"Apartment for Rent in Riyadh Al Quds§55,000/annually920m²4**apartment for rent – al-quds district**

📍 location: al-quds district
🏠 apartment in a villa – second floor
🌳 facing a garden
🚗 multiple parking spaces available
📌 prime location near king abdullah road

✨ **apartment specifications:**
🛏️ (2) bedrooms
🛋️ sitting room (majlis)
🛋️ living room
🍽️ separate dining room
🚿 (3) bathrooms
🍳 built-in kitchen
❄️ (6) split air conditionersAl Quds, Riyadh",https://sa.aqar.fm/en/apartment-for-rent/riyadh/east-of-riyadh/al-quds/apartment-for-rent-6798275
Apartment For Sale,1100,1100000180.0,"Apartment for Sale in Riyadh Al Yasmin§1,100,000180m²331🏢 luxury apartment (fully furnished) for sale | al yasmine district

a spacious 180 m² apartment with a smart design that combines privacy and comfort, ready for immediate occupancy in one of the most prestigious neighborhoods in north riyadh.

📐 property details:

🛋️ reception & living area:
a fully independent majlis (sitting room) ensuring complete privacy with its own bathroom.
a wide, open family lounge for daily use.

🛏️ bedroom & rest wing:
an independent master bedroom suite.
two additional bedrooms with excellent finishes and comfortable spaces.

🍳 utilities & services:
a fully equipped and integrated kitchen.
a separate laundry and housekeeping room.
two additional bathrooms with a practical layout.

🌟 additional features:
🛋️ high-end full furnishings and fully installed air conditioning.
🚗 a private parking space dedicated to the unit.
🛗 a modern elevator with continuous building maintenance.

🗺️ strategic location:
📍 al yasmine district: located close to all main services, major roads, and commercial centers.Al Yasmin, Riyadh",https://sa.aqar.fm/en/apartment-for-sale/riyadh/north-of-riyadh/al-yasmin/apartment-for-sale-6897328
Room For Rent,20000,325.0,"Room for Rent in Riyadh An Narjis§20,000/annually325m²for rent: a large room in al narjis district
with a bathroom and a small kitchen, air conditioning and kitchen included, water and electricity included.
price: 20,000 – one payment or two payments only. monthly rent is not accepted.An Narjis, Riyadh",https://sa.aqar.fm/en/room-for-rent/riyadh/north-of-riyadh/an-narjis/room-for-rent-6882958
Villa For Sale,750,750000274.0,"Villa for Sale in Riyadh Ad Dar Al Baida§750,000274m²6duplex villa with a staircase in the hallway, area: 257 sqm
south-facing

**villa details:**
- tiled reception/living room, hallway, kitchen, two bathrooms, and a women's sitting room
- second floor: two bedrooms, each with a private bathroom
- roof room

**price: 750,000 sar**

for inquiries: 0501288812Ad Dar Al Baida, Riyadh",https://sa.aqar.fm/en/villa-for-sale/riyadh/south-of-riyadh/ad-dar-al-baida/villa-for-sale-6753244
Warehouse For Rent,355200,1776.0,"Warehouse for Rent in Riyadh Al Mishal§355,200/annually1,776m²warehouse for rent

a great opportunity to rent a warehouse with practical specifications and a suitable business location.

specifications:

* 📐 area: 1,776 m²
* classification: medium hazard
* two gates for entry and exit from two sides to facilitate movement and loading.
* administrative office inside the warehouse.
* restroom.

suitable for storage, distribution, and logistics activities, with ease of operations and access.Al Mishal, Riyadh",https://sa.aqar.fm/en/warehouse-for-rent/riyadh/south-of-riyadh/al-mishal/warehouse-for-rent-6775462
Apartment For Rent,40000,450.0,"Apartment for Rent in Riyadh Al Mahdiyah§40,000/annually450m²3apartment for rent in a building on the first floor, consisting of a living room, 2 bedrooms including a master bedroom, a hall, 3 bathrooms, a kitchen, and 2 entrances to the apartment.
the building also has an elevator. the apartment is excellent.
there is also another apartment with the same specifications that includes all air conditioners installed, priced at 45,000.Al Mahdiyah, Riyadh",https://sa.aqar.fm/en/apartment-for-rent/riyadh/west-of-riyadh/al-mahdiyah/apartment-for-rent-6800476
Apartment For Rent,36000,315.0,"Apartment for Rent in Riyadh Al Mahdiyah§36,000/annually315m²442apartment for rent in a residential villa, second floor, two entrances, consisting of a living room with a separate bathroom from the rest of the apartment, 3 master bedrooms, a hall, a kitchen, 4 bathrooms, independent electricity meter, rooftop access. the apartment is spacious and excellent.Al Mahdiyah, Riyadh",https://sa.aqar.fm/en/apartment-for-rent/riyadh/west-of-riyadh/al-mahdiyah/apartment-for-rent-6825631
Flat For Sale,1230,1230000187.0,"Floor for Sale in Riyadh An Narjis§1,230,000187m²331looking for a residential home with palace-like specifications? you've come to the right place — **qaswarah 02 project, beit al omr** … and it's all eyes on you ✨

a residence that guarantees quality, stability, and luxury.

spaces reaching up to **260 m²**
prices starting from **1,230,000** 👌🏻

- **ground floor** — 260 m² — **1,760,000**
- **first floor** — 212 m² — **1,660,000**
- **upper floor** — 171 m² — **1,230,000**

contact us at our number — don't hesitate, we're here to serve you!An Narjis, Riyadh",https://sa.aqar.fm/en/flat-for-sale/riyadh/north-of-riyadh/an-narjis/flat-for-sale-6814219
Apartment For Sale,1300,1300000115.0,"Apartment for Sale in Riyadh Qurtubah§1,300,000115m²3a luxurious, fully furnished and equipped apartment in the west qurtuba district, with a total area of 206 m² and a net area of 115 m², located on the first floor with a front-facing view.

it consists of 3 bedrooms, including a master bedroom, a comfortable living room, and a luxury kitchen custom-ordered from germany and fully equipped with appliances, in addition to a laundry room and a balcony.

it also features two private parking spaces in the basement, with a strategic location near king khalid international airport, roshn front, the sports track, and a number of the most prominent destinations and services in northern riyadh.

a distinguished choice for upscale living or investment in one of riyadh's most vibrant neighborhoods.Qurtubah, Riyadh",https://sa.aqar.fm/en/apartment-for-sale/riyadh/east-of-riyadh/qurtubah/apartment-for-sale-6879416
Apartment For Rent,80000,138.0,"Apartment for Rent in Riyadh Al Arid§80,000/annually138m²331luxury apartment for rent | makeen 37 complex

📍 jouharet al-yasmin district – al-arid

✨ apartment specifications:
🛏️ 3 bedrooms
🛋️ living room
🍽️ built-in kitchen
❄️ built-in air conditioners
🌤️ private rooftop
🚗 private parking space

🏢 complex amenities:
🏊 swimming pool
☕️ lounge
🏋️ gym

💰 annual rent:
• 80,000 sar — one payment
• 85,000 sar — two payments

📞 for contact and inquiries:
((number appears when clicking call))Al Arid, Riyadh",https://sa.aqar.fm/en/apartment-for-rent/riyadh/north-of-riyadh/al-arid/apartment-for-rent-6875044
Big Flat For Rent,80000,369.0,"Floor for Rent in Riyadh Al Yarmouk§80,000/annually369m²5ground floor, western yarmouk
consisting of:
- living room (mashab)
- courtyard
- car entrance
- sitting room (majlis)
- laundry room (miqlat)
- three bedrooms, one of which is a master bedroom
- hall and kitchen
- three bathrooms
the floor is fully renovated
- driver's room
price: 80,000Al Yarmouk, Riyadh",https://sa.aqar.fm/en/big-flat-for-rent/riyadh/east-of-riyadh/al-yarmouk/big-flat-for-rent-6870581
Studios For Rent,2,280040.0,"Studio for rent in Riyadh Al Masif§2,80040m²b2

- furnished residential houses 🌃

( close to all services )

studio consisting of: 🚪

- room 🛏️
- bathroom 🧴🫧🚿

all services included:

( guard 👳 - internet - cameras 📷 - regular cleaning 🧹🧽 )

to contact / ((number appears when pressing call)) 📲

monthly rent

3000 💵💵💵Al Masif, Riyadh",https://sa.aqar.fm/en/Studios-for-rent/riyadh/north-of-riyadh/al-masif/Studios-for-rent-6754263
Apartment For Rent,33600,420.0,"Apartment for Rent in Riyadh Ash Sharq§33,600/annually420m²321apartment for rent in al-bayan district, with two entrances, 3 bedrooms, a living room, two bathrooms, a large rooftop, independent electricity meter, and free water. monthly rent is 2,800 riyals.Ash Sharq, Riyadh",https://sa.aqar.fm/en/apartment-for-rent/riyadh/east-of-riyadh/ash-sharq/apartment-for-rent-6886571
Apartment For Sale,727,727750157.0,"Apartment for Sale in Riyadh Ar Rimal§727,750157m²4apartment for sale in a strategic and distinguished location

* area: 157 square meters
* location: very close to mohammed bin salman street, al-thamama road, al-dammam road, and al-bajadi street.

📌 apartment details and features:

* 3 bedrooms (including a master bedroom)
* guest majlis
* living room
* kitchen
* storage room

🛡️ warranties and services:

* electricity: al-fanar company installation (25-year warranty)
* plumbing: green pipes (15-year warranty)
* insulation: waterproof and thermal (10-year warranty)
* elevators: 2 elevators available in the building (10-year warranty)
* utilities: all basic and commercial services and facilities are available and very nearby.

✨ real estate opportunity - apartment for sale, 157 m² ✨
📍 location: near mohammed bin salman street, al-thamama road, al-dammam road, and al-bajadi street.

🏠 features:

* 3 bedrooms (one master)
* majlis + living room + kitchen + storage room

🛡️ warranties:

* al-fanar electricity (25-year warranty)
* green pipes plumbing (15-year warranty)
* insulation (10-year warranty)
* two elevators in the building (10-year warranty)

⚡ comprehensive services, all very nearby

sale without commission (no agent fees)Ar Rimal, Riyadh",https://sa.aqar.fm/en/apartment-for-sale/riyadh/east-of-riyadh/ar-rimal/apartment-for-sale-6787618
Store For Rent,85000,2176.0,"Shop for Rent in Riyadh Qurtubah§85,000/annually2,176m²30m📍 showroom for rent in qurtuba district, prince mohammed bin salman road
prime location.

street: 30m north on the sports track
area: 80 sqm

consists of:

showroom space 4 × 20 depth = 80 sqm
bathroom inside the showroom

price:

85,000 sar – one or two installments
4,000 sar water fees (determined based on the type of commercial activity)

code number: fc266

for contact: ((number appears when clicking on call))Qurtubah, Riyadh",https://sa.aqar.fm/en/store-for-rent/riyadh/east-of-riyadh/qurtubah/store-for-rent-6822083
Big Flat For Rent,70000,621.0,"Floor for Rent in Riyadh Al Fayha§70,000/annually621m²5🔝 ground floor unit in al-fayha district 🔝

🏡 amenities

+ maid's room + bathroom
majlis (reception room)
living room
3 bedrooms (2 master)
kitchen
courtyard
car entrance
independent electricity

💡 features 💡
- all services available
- installed split air conditioners
- fitted kitchen
- very close to public and private schools
- close to all services

◾️ addaq al-uqood real estate & property management office ◾️
abu abdulaziz: 0554969900
abu faisal: 0554989900
mohammed: 0569900993Al Fayha, Riyadh",https://sa.aqar.fm/en/big-flat-for-rent/riyadh/east-of-riyadh/al-fayha/big-flat-for-rent-6890098
Riyadh,34,,34,https://sa.aqar.fm/en/all/riyadh/34
Villa For Sale,1700,1700000329.0,"Villa for Sale in Riyadh Al Mahdiyah§1,700,000329m²7**for sale: modern townhouse – a distinctive opportunity**

📍 **area:** 180 m²

🧭 **facing:** north

**property details:**

* **ground floor:** sitting room, living room, garden, and spacious reception areas.
* **first floor:** 4 master bedrooms.
* **second floor:** 2 master bedrooms.
* private parking spaces at the rear.

✅ modern finishing
✅ all warranties available
✅ building insurance included
✅ ready to move in

**price:** 1,700,000

**for inquiries and contact:** 0546666445Al Mahdiyah, Riyadh",https://sa.aqar.fm/en/villa-for-sale/riyadh/west-of-riyadh/al-mahdiyah/villa-for-sale-6795466
Apartment For Sale,990,99000077.0,"Apartment for Sale in Riyadh An Nada§990,00077m²221✨ for sale: apartment – maskan rakhaa facade ✨

- district | al nada
- area | 77.49 m²
- project | maskan rakhaa
- floor | 2nd
- building | c

✨ specifications ✨
- 2 bedrooms
- living room (majlis)
- hall
- 2 bathrooms
- built-in air conditioners
- built-in kitchen

🌟 price 🌟
990,000 sar

💡 license no. | 1200009844
💡 ad no. | 7200172550

for coordination, dear client ♥️
contact us via whatsapp and we will be happy to serve you.An Nada, Riyadh",https://sa.aqar.fm/en/apartment-for-sale/riyadh/north-of-riyadh/an-nada/apartment-for-sale-6752861
Apartment For Rent,40000,122.0,"Apartment for Rent in Riyadh Ar Rimal§40,000/annually122m²431**apartment for rent – second floor in al-rimal district**

a distinctive apartment for rent in al-rimal district, in a prime location close to the neighborhood mosque, prince mohammed bin salman road, and the airport, making it an ideal choice for family living.

✅ second floor
✅ apartment age: one year only
✅ spacious sitting room (majlis)
✅ comfortable living room
✅ 3 bedrooms, including a master bedroom
✅ kitchen
✅ modern and clean finishes
✅ prime location close to services and main roads

the apartment is move-in ready and suitable for families.

📞 contact: abu abdulaziz
0553466425

((the number appears when you press call))Ar Rimal, Riyadh",https://sa.aqar.fm/en/apartment-for-rent/riyadh/east-of-riyadh/ar-rimal/apartment-for-rent-6752798
Flat For Sale,800,800000168.0,"Floor for Sale in Riyadh Ad Duraihimiyah§800,000168m²33may allah bless your times with all goodness,
dear valued clients,

**ground floor unit with title deed**

**price: 800,000 sar**

**location:** al-duraihimiyah district, close to the southern ring road

**features:**
- car entrance
- tiled sitting room (majlis)
- living room
- three bedrooms
- kitchen

all warranties included, along with a construction completion certificate and malath insurance company coverage.

**(code: 2027)**Ad Duraihimiyah, Riyadh",https://sa.aqar.fm/en/flat-for-sale/riyadh/west-of-riyadh/ad-duraihimiyah/flat-for-sale-6886538
Villa For Rent,45000,182.0,"Villa for Rent in Riyadh Al Qirawan§45,000/annually182m²642ground floor penthouse
- car entrance
- sitting room (majlis)
- reception room (muqallat)
- hall with side courtyard and bathroom
- kitchen
- maid's room with bathroom

bedrooms:
- ground floor master bedroom
- two bedrooms on the first floor with balconies and a shared bathroom — total: 3 bedrooms

modern finishes, air conditioners installed, property age: 1 year

45,000 one payment / 50,000 two payments — price is non-negotiableAl Qirawan, Riyadh",https://sa.aqar.fm/en/villa-for-rent/riyadh/north-of-riyadh/al-qirawan/villa-for-rent-6889173
Flat For Sale,900,900000233.0,"Floor for Sale in Riyadh Ash Sharq§900,000233m²5**■ for sale: ground floor ■**

□ al-bayan district

~ area: 233 m²
~ frontage
~ street: 20m west-facing
~ warranties available
~ construction completion available
~ bank financing accepted

**● details:**
○ independent electricity meter
○ car entrance
○ courtyard
○ external annex
○ men's sitting room with bathroom
○ maqlaṭ (utility/service room)
○ reception hall with bathroom
○ kitchen
○ master bedroom
○ master bedroom
○ master bedroom
○ bathroom

we also welcome your offers and requests.
**ahkam al-rimal real estate foundation**
for contact:
0558558420
abu turkiAsh Sharq, Riyadh",https://sa.aqar.fm/en/flat-for-sale/riyadh/east-of-riyadh/ash-sharq/flat-for-sale-6792247
Apartment For Sale,7990002,7990002449.0,"Apartment for Sale in Riyadh Al Arid§799,0002,449m²231i exclusively present to you, before anyone else, the washah apartments project — an opportunity for residential living and investment in al-aarid district 🏡🔑

one of the most in-demand neighborhoods in north riyadh, now and in the future,
and close to major riyadh landmarks and services such as:
king khalid international airport, expo 2030, king abdulaziz park, and king salman stadium.

**features:**

• sports club
• underground parking garage
• passenger elevator
• meeting lounge
• 3 bedrooms per unit
• 2 private outdoor parking spaces per unit
• landscaped green areas
• high privacy and practical design
• apartment size: 85 m²

**purchase advantages:**
• off-plan sale under the wafi system
• flexible payment plans
• first-phase pricing
• starting from **799,000 sar**
**no commission sale 🤩**
(vat not included)

⏳ **expected delivery date:** may 18, 2028

https://maps.app.goo.gl/wp3nktjqs2hk6agf8?g_st=ic

if you have any questions or inquiries, or would like to schedule a time for a more detailed project presentation, please contact us:
**rakez real estate 🏡**Al Arid, Riyadh",https://sa.aqar.fm/en/apartment-for-sale/riyadh/north-of-riyadh/al-arid/apartment-for-sale-6749687
Apartment For Rent,55000,301.0,"Apartment for Rent in Riyadh Al Qirawan§55,000/annually301m²3apartment in a villa in al-qairawan neighborhood..
consisting of two entrances..

one entrance leading to the living room and a bathroom..
the second entrance leading to the hall, kitchen, two bedrooms with a shared bathroom between them..

the apartment is new, only used for three months..
kitchen and air conditioners are newly installed

for viewing, please contact:

abdullah: ((Advertiser's number appears upon contact))
omar: ((Advertiser's number appears upon contact))Al Qirawan, Riyadh",https://sa.aqar.fm/en/apartment-for-rent/riyadh/north-of-riyadh/al-qirawan/apartment-for-rent-6886599
Villa For Sale,3900,3900000200.0,"Villa for Sale in Riyadh Al Malqa§3,900,000200m²5for sale – villas in al malqa district, north riyadh

**land area:**
- villa 1: 200 square meters
- villa 3: 200 square meters (two streets)

**street:** 15 east

**specifications:**
- 5 master bedrooms
- majlis (sitting room)
- living room
- kitchen
- maid's room
- driver's room
- elevator
- balcony
- various modern facades
- location: https://maps.app.goo.gl/p2r1fc4qjgqvfmjd9?g_st=ipc

modern and contemporary designs

**price** (arranged by villa order from left):
- villa 1: 3,950,000 sar
- villa 3: 4,150,000 sarAl Malqa, Riyadh",https://sa.aqar.fm/en/villa-for-sale/riyadh/north-of-riyadh/al-malqa/villa-for-sale-6789570
Apartment For Rent,60000,112.0,"Apartment for Rent in Riyadh Ar Rimal§60,000/annually112m²3📍 apartment for rent in al-rimal district, deem al-majidiyyah plan, project {musharef 4} — prime location close to all services.

floor: second
building: b8
apartment no.: 11
age: new
area: 184 sqm
electricity meter: independent

it consists of:
living room + kitchen + 3 bathrooms + three bedrooms, one of which is a master + balcony + spacious rooftop.

notes:
* installed air conditioners
* installed kitchen + oven + microwave
* smart home control system inside the apartment
* security cameras
* smart entry
* private indoor parking

price:
55,000 – one installment
60,000 – two installments

2,000 sar refundable security deposit upon vacating

code: fc297Ar Rimal, Riyadh",https://sa.aqar.fm/en/apartment-for-rent/riyadh/east-of-riyadh/ar-rimal/apartment-for-rent-6858554
Apartment For Sale,1350,1350000139.0,"Apartment for Sale in Riyadh Ash Shuhada§1,350,000139m²331apartment in al-shuhada neighborhood, three bedrooms, a living room, a kitchen, and three bathrooms.Ash Shuhada, Riyadh",https://sa.aqar.fm/en/apartment-for-sale/riyadh/east-of-riyadh/ash-shuhada/apartment-for-sale-6886089
Villa For Sale,4100,4100000268.0,"Villa for Sale in Riyadh An Narjis§4,100,000268m²553for sale – villas in al narjis district – north riyadh

south of king salman bin abdulaziz road
land area: 269 square meters
street: 20m eastern – 15m southern

specifications:
- 5 master bedrooms
- sitting room (majlis)
- living room
- kitchen
- maid's room
- driver's room
- elevator
- balcony
- various modern facades
- storage room

for contact: (advertiser's number appears upon contact)
modern and contemporary designs
price: 4,100,000An Narjis, Riyadh",https://sa.aqar.fm/en/villa-for-sale/riyadh/north-of-riyadh/an-narjis/villa-for-sale-6789254
Flat For Sale,750,750000182.0,"Floor for Sale in Riyadh Al Hazm§750,000182m²541listing number (3132)
floor for sale – al-hazm district

✨ new and distinctive
✨ land area: 300

it consists of:
• sitting room (majlis)
• entrance hall (maqlaṭ)
• living room
• 3 bedrooms
• master bedroom
• 4 bathrooms

📍 location: al-hazm district – riyadh

for contact and inquiries:
📞 contact us for details and to schedule a viewingAl Hazm, Riyadh",https://sa.aqar.fm/en/flat-for-sale/riyadh/west-of-riyadh/al-hazm/flat-for-sale-6877715
Apartment For Sale,770,770000117.0,"Apartment for Sale in Riyadh Al Mahdiyah§770,000117m²3apartment for sale with distinctive specifications

a high-end residential apartment that offers you privacy and comfort, with a prime location and a practical design that suits family needs.

specifications:
• 3 bedrooms
• living room
• 3 bathrooms
• spacious kitchen

✨ the apartment is ready to move in immediately, and is suitable for those seeking tranquility and comfort.

for contact // 0502444533Al Mahdiyah, Riyadh",https://sa.aqar.fm/en/apartment-for-sale/riyadh/west-of-riyadh/al-mahdiyah/apartment-for-sale-6739347
Villa For Sale,950,950000238.0,"Villa for Sale in Riyadh Taiba§950,000238m²5villa for sale in taybah district at competitive and affordable prices 🤩

**area:** 239 sqm
**property age:** 3 years
**frontage:** 15m west-facing

**the villa consists of:**

**ground floor:**
car entrance – annex – majlis – maqlaṭ – living room – ladies' sitting room – kitchen – storage room – 2 bathrooms

**upper floor:**
living room – coffee corner – 4 bedrooms (2 master) – 2 bedrooms sharing a bathroom

**second floor:**
private rooftop – maid's room with bathroom

https://maps.app.goo.gl/hes4lyneexiggkmq7?g_st=ac

**price:** 1,000,000 sar

**contact:** 0532937565 – mubarakTaiba, Riyadh",https://sa.aqar.fm/en/villa-for-sale/riyadh/south-of-riyadh/taiba/villa-for-sale-6782145
Apartment For Rent,60000,151.0,"Apartment for Rent in Riyadh Ar Rimal§60,000/annually151m²4apartment for rent in rawabi 25 complex – al-rimal district, al-babtain

second floor

specifications:

* apartment area: 151 m²
* spacious living room
* private rooftop
* built-in kitchen with built-in oven
* 3 bedrooms, including a master bedroom
* maid's room or laundry room
* built-in air conditioners
* private parking space
* all services available

price:

* 60,000 sar in one payment
* 65,000 sar in two paymentsAr Rimal, Riyadh",https://sa.aqar.fm/en/apartment-for-rent/riyadh/east-of-riyadh/ar-rimal/apartment-for-rent-6834393
Flat For Sale,1850,1850000187.0,"Floor for Sale in Riyadh Al Munsiyah§1,850,000187m²452**asin al-munsiyah project**

**(( for sale – no commission ))**

project area: 1,970 m²
street width: 25m – south facing

---

**a) ground floor + basement (ground house):**
comprises: three bedrooms – living room opening onto a spacious hall – maid's room – kitchen – car entrance – courtyard – plus stairs to the basement from the hall
**basement:** two spacious halls – large external stone area – elevator

**area:** 496 m²

price before discount: 2,200,000
price after discount: 1,850,000

---

**b) first floor:**
three bedrooms – maid's room – kitchen – living room opening onto the hall – balconies

**area:**
price before discount: 1,600,000
price after discount: 1,250,000

---

**c) apartment (annex):**
three bedrooms – maid's room – kitchen – living room opening onto a spacious hall – private rooftop

**area:**
price before discount: 1,200,000
price after discount: 1,050,000

---

**for inquiries:**
mubarak – ((Advertiser's number appears upon contact))Al Munsiyah, Riyadh",https://sa.aqar.fm/en/flat-for-sale/riyadh/east-of-riyadh/al-munsiyah/flat-for-sale-6746441
Apartment For Rent,80000,144.0,"Apartment for Rent in Riyadh Ar Rimal§80,000/annually144m²3apartment for rent in al rimal district – prime location, noran 6 project

apartment no.: 1
(first floor)

consists of:
living room – spacious hall – kitchen – 3 bathrooms – 3 bedrooms including a master bedroom.

notes:
(fully furnished)
(smart entry)
(surveillance cameras)

price:
80,000 in one payment or two installments, including homeowners association fees
negotiable
3,000 security deposit

code number: fc139Ar Rimal, Riyadh",https://sa.aqar.fm/en/apartment-for-rent/riyadh/east-of-riyadh/ar-rimal/apartment-for-rent-6745204
Big Flat For Rent,50000,146.0,"Floor for Rent in Riyadh Ar Rimal§50,000/annually146m²4upper floor for rent – al rimal district (riyal)

🏠 upper floor for rent in al rimal district – ribal

📍 features:

* north-facing
* 15m street
* prime location, close to a mosque
* close to the airport
* close to prince mohammed bin salman road

✨ details:

* independent electricity meter
* independent water meter
* parking space
* passenger elevator
* two entrances
* sitting room with bathroom
* living room
* kitchen
* maid's room with bathroom
* master bedroom
* two bedrooms
* bathroom

💰 rent: 50,000 sar annually
📆 monthly payment available

📞 contact: abdulaziz
0553466425Ar Rimal, Riyadh",https://sa.aqar.fm/en/big-flat-for-rent/riyadh/east-of-riyadh/ar-rimal/big-flat-for-rent-6833330
Apartment For Rent,40000,250.0,"Apartment for Rent in Riyadh Al Munsiyah§40,000/annually250m²3📍 apartment for rent in al-munsiyah district – prime location, close to all services.

located on the (second) floor
it consists of:
sitting room + 2 bedrooms + living room + kitchen + 2 bathrooms + private rooftop belonging to the apartment.

features:
- two entrances to the apartment.
- independent electricity meter.
- built-in kitchen.
- installed air conditioners.

water: 1,200 annually
price: 40,000 – one payment or two installments.Al Munsiyah, Riyadh",https://sa.aqar.fm/en/apartment-for-rent/riyadh/east-of-riyadh/al-munsiyah/apartment-for-rent-6879257
Riyadh,35,,35,https://sa.aqar.fm/en/all/riyadh/35
Warehouse For Rent,1100000,4900.0,"Warehouse for Rent in Riyadh As Sulay§1,100,000/annually4,900m²warehouse total area: 4,900
warehouse net area: 3,800
3 electric gates
warehouse is fully shelved
two floors of offices
warehouse height: 6.5 meters
medium hazardAs Sulay, Riyadh",https://sa.aqar.fm/en/warehouse-for-rent/riyadh/south-of-riyadh/as-sulay/warehouse-for-rent-6742789
Apartment For Rent,38000,134.0,"Apartment for Rent in Riyadh Tuwaiq§38,000/annually134m²33🏡 family apartment for rent

📌 tuwaiq district (near tuwaiq makkah)

| 3 bedrooms, living room, and sitting room
components: 3 bedrooms (one master) + sitting room + living room + bathrooms.

rent: 38,000 sar annually.Tuwaiq, Riyadh",https://sa.aqar.fm/en/apartment-for-rent/riyadh/west-of-riyadh/tuwaiq/apartment-for-rent-6742335
Villa For Sale,850,850000277.0,"Villa for Sale in Riyadh Okaz§850,000277m²5🏡 for sale – villa with modern design and contemporary finishes

📐 area: 287 m²
💰 price: 850,000 sar

ground floor:

* car entrance
* sitting room (majlis)
* dining room
* kitchen + storage room
* two bathrooms

first floor:

* 3 bedrooms, including a master bedroom
* bathroom
* living room

second floor:

* bedroom
* maid's master room
* living room
* rooftop

✨ elevator shaft included
✨ modern design and contemporary finishes

📞 for contact and inquiries: ((number appears when pressing call))Okaz, Riyadh",https://sa.aqar.fm/en/villa-for-sale/riyadh/south-of-riyadh/okaz/villa-for-sale-6874614
Flat For Sale,980,980000176.0,"Floor for Sale in Riyadh Ar Rimal§980,000176m²5🏡✨ luxurious first floor for sale in al-rimal district ✨🏡

📍 prime and strategic location
🚗 near prince mohammed bin salman road (sports track)
🛣️ near the northern ring road (dammam road)
📍 near wadi al-sahel road
🕌 adjacent to a mosque

🏠 property components:
🛋️ living room (majlis)
🍽️ dining area (maqlat)
🛏️ 3 bedrooms
👑 master bedroom
🚿 3 bathrooms
🛗 elevator available

🏗️ under the supervision of an engineering office 👷🏻‍♂️

🛡️ reliable property warranties:

🔹 hidden defects:
🏢 al-taawuniya insurance — 10 years

🔹 plumbing:
🚰 warranty for 15 years

🔹 electrical:
⚡ al-fanar company — 15-year warranty

🔹 insulation:
💧 warranty for 10 years

🔹 elevators:
🛗 warranty for 10 years

📋 license number: 7201126891
📞 contact: 0550770936Ar Rimal, Riyadh",https://sa.aqar.fm/en/flat-for-sale/riyadh/east-of-riyadh/ar-rimal/flat-for-sale-6877322
Apartment For Rent,42000,500.0,"Apartment for Rent in Riyadh Al Munsiyah§42,000/annually500m²421- zahrat al-badi real estate office
- apartment for rent in al-munisiyah district
- street (15)
- close to the mosque, schools, and family services
- first floor
- apartment specifications:
- majlis (sitting room)
- maqlaṭ (anteroom)
- living room
- two bedrooms
- independent fitted kitchen
- two bathrooms
- rental price: (42,000) thousand, two installments
- location:
https://maps.google.com/?q=24.825775,46.781452

((zahrat al-badi real estate))

- we welcome your real estate requests and offers
- contact:
(((Advertiser's number appears upon contact))) & (((Advertiser's number appears upon contact)))Al Munsiyah, Riyadh",https://sa.aqar.fm/en/apartment-for-rent/riyadh/east-of-riyadh/al-munsiyah/apartment-for-rent-6779854
Office For Rent,15900000,4073.0,"Commercial Office for Rent in Riyadh An Nafal§15,900,000/annually4,073m²the cliff — an architectural icon that combines sophisticated design with nature in an exceptional workplace experience.
a unique design inspired by the elevation of the hill, featuring smart and advanced glass façades that enhance natural lighting and architectural presence.
beautiful indoor and outdoor green spaces, carefully designed to bring tranquility and vitality to the work environment.
a luxurious lobby exceeding 600 sqm, with private terraces and rooftop areas that give workspaces a distinctive character.
250 parking spaces, meeting rooms on every floor, 4 elevators with provision for a 5th, and storage rooms.
a backup power generator, prayer room, and fully integrated facilities meeting the needs of a modern work environment.An Nafal, Riyadh",https://sa.aqar.fm/en/office-for-rent/riyadh/north-of-riyadh/an-nafal/office-for-rent-6871917
Apartment For Rent,100000,450.0,"Apartment for Rent in Riyadh Qurtubah§100,000/annually450m²44📍 apartment (two floors) in a villa for rent, ibrahim bin dhakwan street, in qurtuba district — prime location, close to all services.

age: new
electricity meter: independent

it consists of:

first floor:
kitchen + living room + lounge + two bathrooms

second floor:
living room + three bedrooms, one of which is a master bedroom + two bathrooms + balcony

notes:
- private entrance
- kitchen equipped
- air conditioners installed

price: 100,000 — one payment or two installmentsQurtubah, Riyadh",https://sa.aqar.fm/en/apartment-for-rent/riyadh/east-of-riyadh/qurtubah/apartment-for-rent-6779052
Apartment For Rent,42000,500.0,"Apartment for Rent in Riyadh Al Qadisiyah§42,000/annually500m²421for rent, an apartment in al-qadisiyyah district, in a villa
second floor, no rooftop access

two entrances
men's sitting room with a bathroom
maqalat (small room/hallway)
living room
kitchen
two bedrooms
bathroom

window air conditioners only (installed)

for contact:
abu ahmad 0552376081Al Qadisiyah, Riyadh",https://sa.aqar.fm/en/apartment-for-rent/riyadh/east-of-riyadh/al-qadisiyah/apartment-for-rent-6769212
Apartment For Sale,1250,1250000181.0,"Apartment for Sale in Riyadh Al Malqa§1,250,000181m²331✨ for sale: furnished apartment in al-malqa district – jouri project ✨

- **district** | al-malqa
- **area** | 183 m²
- **project** | jouri
- **floor** | 2nd
- **age** | 7 years

✨ **specifications** ✨
- 3 bedrooms
- spacious living room
- 3 bathrooms
- laundry / maid's room
- built-in air conditioners
- fully equipped built-in kitchen

🌟 **price** 🌟
1,250,000 sar

for coordination, dear client ♥️
contact us via whatsapp and we will be happy to serve you.Al Malqa, Riyadh",https://sa.aqar.fm/en/apartment-for-sale/riyadh/north-of-riyadh/al-malqa/apartment-for-sale-6820437
Flat For Sale,1100,1100000276.0,"Floor for Sale in Riyadh Ar Rimal§1,100,000276m²34ground floor with modern design and spacious areas 🏡

**area:** 273 m²
**3 bedrooms | 4 bathrooms**
**street width:** 18 m
**price:** 1,100,000 sar

🔸 **ground floor:**
- car parking
- spacious majlis + bathroom
- laundry/washing area
- spacious family living room with bathroom
- kitchen
- bedroom 1
- bedroom 2 with private bathroom
- bedroom 3 with private bathroom

✨ **location features:**
- close to al-janadriyah road and main arterial roads
- close to schools, services, and markets
- well-serviced residential area
- opposite a mosque under constructionAr Rimal, Riyadh",https://sa.aqar.fm/en/flat-for-sale/riyadh/east-of-riyadh/ar-rimal/flat-for-sale-6820327
Apartment For Rent,35000,400.0,"Apartment for Rent in Riyadh Al Mahdiyah§35,000/annually400m²321apartment for rent on the second floor of a residential villa, consisting of a living room, 2 bedrooms, a hall, 2 bathrooms, and a kitchen. all air conditioners are installed, with an independent electricity meter. the apartment has two entrances.Al Mahdiyah, Riyadh",https://sa.aqar.fm/en/apartment-for-rent/riyadh/west-of-riyadh/al-mahdiyah/apartment-for-rent-6816609
Big Flat For Rent,40000,160.0,"Floor for Rent in Riyadh Tuwaiq§40,000/annually160m²6an independent upper floor for rent, consisting of a car entrance, a men's sitting room with a men's bathroom, a maqalt (tea/coffee preparation room), a living room, a kitchen, three bedrooms including a master bedroom, and the full rooftop belonging to the upper floor.Tuwaiq, Riyadh",https://sa.aqar.fm/en/big-flat-for-rent/riyadh/west-of-riyadh/tuwaiq/big-flat-for-rent-6862909
Room For Rent,12000,20.0,"Room for Rent in Riyadh An Nahdah§12,000/annually20m²driver's room for rent 1000 riyals monthly with installed air conditioningAn Nahdah, Riyadh",https://sa.aqar.fm/en/room-for-rent/riyadh/east-of-riyadh/an-nahdah/room-for-rent-6729489
Apartment For Rent,60000,90.0,"Apartment for Rent in Riyadh Al Malqa§60,000/annually90m²2hotel apartment for rent
apartment 32b on the first floor

monthly: 6,000

(fully furnished with hotel-style furniture)
located in al malqa district

apartment specifications:
✅ 2 bedrooms
✅ living room
✅ open-plan kitchen
✅ 1 bathroom
✅ private parking space
❇ smart entry system for apartments

⬅ prime location, very close to all services
⬅ upscale complex with an excellent, quiet location
easy access in and out of the complex to main roads:
anas ibn malik road and king fahd road

apartment furniture contents:
_____________________
✅ sofa set in the living room with a display screen and armchair
✅ complete bedroom set:
(large bed, wardrobe, and dressing table – twin bed, wardrobe, and dressing table)

✅ small kitchen fully equipped with all appliances and essentials:
(refrigerator + microwave + electric oven + washing machine)

additional services:
__________________________

⬅ internet network provided
⬅ periodic maintenance service for apartments (plumbing and electrical)
⬅ cleaning service available twice a weekAl Malqa, Riyadh",https://sa.aqar.fm/en/apartment-for-rent/riyadh/north-of-riyadh/al-malqa/apartment-for-rent-6877249
Flat For Sale,650,650000168.0,"Floor for Sale in Riyadh Al Janadriyah§650,000168m²51first floor
ghusoon al-janadriyah plan

- elevator
- majlis (sitting room) with bathroom and washbasins
- maqlat (entryway/vestibule)
- living room with bathroom and washbasins
- 3 bedrooms, one of which is a master bedroom
- bathroom serving the two remaining bedrooms
- underground water tank and overhead water tank
- water meter
- fully private and independent electricity meter
- all warranties available
- built to the new saudi building code
- all financing solutions available
- we have several other offers available

for contact:
abu saleh: ((Advertiser's number appears upon contact))Al Janadriyah, Riyadh",https://sa.aqar.fm/en/flat-for-sale/riyadh/east-of-riyadh/al-janadriyah/flat-for-sale-6812364
Flat For Sale,900,900000161.0,"Floor for Sale in Riyadh Al Yarmouk§900,000161m²5**for sale – cash or non-subsidized ✅**

second floor with an independent title deed (standalone)

excellent finishing, very elegant design, owner-built construction
**façade:** south-facing
**street width:** 15 meters
**location:** al yarmouk district – riyadh

prime location, close to services, the airport, and main roads:
- dammam road
- sheikh jaber road
- exit 9 road

full utilities (water + sewage)
fully furnished with luxury furniture – included in the sale

**built-up area:** 161 sqm
**price:** 950,000 sar
**sale includes furniture**

---

**the second floor consists of:**

- men's sitting room (majlis) with washbasins and a bathroom
- dining area, living room, and a fully fitted kitchen
- 3 bedrooms, including a master bedroom
- spacious rooftop

---

all property guarantees are available. we deal with all banks.

for inquiries, contact **abu rahaf** *(number appears when you press call)*Al Yarmouk, Riyadh",https://sa.aqar.fm/en/flat-for-sale/riyadh/east-of-riyadh/al-yarmouk/flat-for-sale-6857507
Apartment For Rent,75000,120.0,"Apartment for Rent in Riyadh Al Arid§75,000/annually120m²331✨ luxurious apartment for rent in khawalid 15 complex, al-arid district ✨
ground floor
master bedroom with bathroom 🛌
two bedrooms with a bathroom between them 🛌
living room with bathroom 🛋️
kitchen with appliances 👩‍🍳
laundry room 🧺
shutters on the windows
project features:
📲 smart entry
🅿️ private parking
❄️ split air conditioning
📍 7 km from sab metro station
📍 19 km from the airport
📍 22 km from princess noura university
📍 20 km from kafd
complex features:
🏋️‍♀️ private gym and swimming pool for men
🏋️‍♀️ private gym and swimming pool for women
🛋️ lounge and hospitality area
🌳 green walkways and gardens
📲 smart entry
🅿️ private parking
❄️ split air conditioningAl Arid, Riyadh",https://sa.aqar.fm/en/apartment-for-rent/riyadh/north-of-riyadh/al-arid/apartment-for-rent-6902408
Villa For Sale,888,888000141.0,"Villa for Sale in Riyadh Al Faruq§888,000141m²4🇸🇦 national day offer | luxury townhouse in al-farouq district

own your home in the heart of riyadh at an exceptional price 🇸🇦

on the occasion of saudi national day, a special opportunity to own model b – an upper townhouse with a modern design and practical layout spread across 3 floors + a private rooftop.

🔥 national day offer: only 888,000 sar
⏳ offer valid until october 3rd or until units sell out.

🏡 unit details

area: 226 m² including private sections

ground floor

🚗 private car entrance

🛗 elevator provision

🪜 private staircase


first floor

private men's sitting room (majlis)

private bathroom for the majlis

family living room

bathroom

open-plan kitchen


second floor

🛏️ master bedroom with en-suite bathroom

🛏️ two bedrooms

🚿 shared bathroom

🌿 private outdoor rooftop


✨ independence & privacy

independent electricity meter ⚡

independent water meter 💧

independent water tanks

modern design with high-end finishes

practical layout suitable for families


📍 prime location in al-farouq district – riyadh

strategic location close to the eastern ring road, ikea, exit 16, and al-rajhi mosque metro station.

🇸🇦 only 888,000 sar on the occasion of national day
offer valid until october 3rd

📞 for details, reservations, and viewings:
((number appears when you press call))

don't wait until the offer ends… this could be your chance to own your dream home at an exceptional price.Al Faruq, Riyadh",https://sa.aqar.fm/en/villa-for-sale/riyadh/center-of-riyadh/al-faruq/villa-for-sale-6852058
Apartment For Rent,60000,181.0,"Apartment for Rent in Riyadh Al Arid§60,000/annually181m²341for rent: a duplex family apartment consisting of:

**ground floor:** 👇🏽
living room + lounge + kitchen + 2 bathrooms + storage room + lounge staircase

**upper floor:** 👇🏽
three bedrooms, one of which is a master bedroom + bathroom

fitted kitchen + split ac units included + private basement parking

excellent and quiet location, close to all services and main roads.

to contact: whatsapp
((number appears when pressing call))
((number appears when pressing call))Al Arid, Riyadh",https://sa.aqar.fm/en/apartment-for-rent/riyadh/north-of-riyadh/al-arid/apartment-for-rent-6898923
Apartment For Rent,38000,75.0,"Apartment for Rent in Riyadh Qurtubah§38,000/annually75m²211for rent – ground floor family apartment in a building, consisting of:

- 1 bedroom + living room + hall with built-in kitchen + bathroom
- fitted kitchen + split air conditioners included

excellent location, close to all services and main roads.

to contact, via whatsapp:
((number appears when you press call))
((number appears when you press call))Qurtubah, Riyadh",https://sa.aqar.fm/en/apartment-for-rent/riyadh/east-of-riyadh/qurtubah/apartment-for-rent-6882022
Riyadh,36,,36,https://sa.aqar.fm/en/all/riyadh/36
Apartment For Rent,39000,405.0,"Apartment for Rent in Riyadh Al Fayha§39,000/annually405m²321✴️ apartment for rent in a villa – rooftop apartment ✴️
al-fayha district – al-wadi al-fare' street

*photos and a video of the apartment are attached*

🏡 facilities 🏡
majlis (reception room) + bathroom
living room + kitchen
2 bedrooms + bathroom

💡 additional property features 💡
1- close to services such as schools, shopping centers, and more.
2- spacious rooms
3- close to imam saad bin abdulrahman al-awwal road
4- two entrances to the apartment
5- fitted kitchen
6- close to exits 15 and 16

✴️ apartment for rent in a villa – rooftop apartment ✴️
al-fayha district – al-wadi al-fare' street

photos and a video of the apartment are attached.

🏡 facilities: 🏡
majlis (reception room) + bathroom
living room + kitchen
2 bedrooms + bathroom

💡 additional property features: 💡
- close to essential services, including schools, shopping centers, and more.
- spacious rooms.
- close to imam saad bin abdulrahman al awal road.
- two separate entrances to the apartment.
- fitted kitchen.
- close to exits 15 and 16.

💵 price 💵
rent: 39,000 sar (annually)

🌐 masakin rakaz real estate 🌐
for inquiries:

abu ibrahim / 055.711.1766 - english
abu sulaiman / 055.580.5878
abu fahd / 050.113.3379

advertisement license no. (7201161944)
fal brokerage and marketing license no.: 1200019477Al Fayha, Riyadh",https://sa.aqar.fm/en/apartment-for-rent/riyadh/east-of-riyadh/al-fayha/apartment-for-rent-6906210
Flat For Sale,750,750000165.0,"Floor for Sale in Riyadh Ash Sharq§750,000165m²541floor / floor / apartment – east riyadh, al-bayan district
area: 360 sqm
ground floor: 950,000 sar
first floor: 750,000 sar
apartment: 550,000 sar
prices are negotiable for serious buyers
elevator installed
all warranties availableAsh Sharq, Riyadh",https://sa.aqar.fm/en/flat-for-sale/riyadh/east-of-riyadh/ash-sharq/flat-for-sale-6870190
Lounge For Rent,180000,785.0,"Rest House for Rent in Riyadh Banban§180,000/annually785m²17for rent | rest house suitable for housing company workers
location: banban district
property details:
 areas and layout: 17 bedrooms | 10 bathrooms | 10 kitchens
 features and services:
 5 rooms equipped with split air conditioners
 private water well + two overhead tanks
 independent septic tank + electricity meter
for inquiries and contact:
📞 0505188844Banban, Riyadh",https://sa.aqar.fm/en/lounge-for-rent/riyadh/north-of-riyadh/banban/lounge-for-rent-6906166
Flat For Sale,696,696000135.0,"Floor for Sale in Riyadh An Nadhim§696,000135m²3first floor, 135 sqm, in east riyadh, al-nadwah district
20-meter street, facing a park
designed and built with the finest attention to detail
we have documented all stages of the project so you are fully informed about your unit's details before ownership

---

it consists of:
- men's sitting room (majlis)
- bathroom
- dining room
- kitchen
- women's lounge
- master bedroom
- two bedrooms
- bathroom

equipped with a modern elevator connecting all floors, providing the highest level of comfort

---

**warranties:**
1. long-term warranties of up to 15 years on plumbing
2. 5-year warranty on electrical wiring
3. roof waterproofing warranty against water leakage
3. insurance against hidden defects (al-ta'awuniyyah)
4. compaction warranty
5. wpc doors warranty for 10 years

---

free maintenance is provided for one year from the date of purchase
for contact and inquiries

**offer valid until 30/09/2026**An Nadhim, Riyadh",https://sa.aqar.fm/en/flat-for-sale/riyadh/east-of-riyadh/an-nadhim/flat-for-sale-6877009
Apartment For Sale,1300,1300000106.0,"Apartment for Sale in Riyadh Al Malqa§1,300,000106m²332for sale – apartment in al malqa district

close to all services
in a new, quiet building with high-end finishes
third floor

the apartment consists of:
- 3 bedrooms (one master)
- living room
- 3 bathrooms
- fitted kitchen
- air conditioners (new, hot & cold)
- elevator
- parking space

price: 1,300,000 sar
direct offer with the ownerAl Malqa, Riyadh",https://sa.aqar.fm/en/apartment-for-sale/riyadh/north-of-riyadh/al-malqa/apartment-for-sale-6822702
Flat For Sale,730,730000195.0,"Floor for Sale in Riyadh An Nadhim§730,000195m²631**for sale – 730,000 sar net**

**for sale in al-nazeem district – ground floor**

for those seeking distinction, prestige, and real estate investment:

👈 completion certificate available, along with all documents required by the bank
all guarantees are in place
building insurance company included
👈 constructed according to the saudi building code

🤔 villa area: 350 sqm
🤔 18-meter street, east-facing
🤔 ground floor for sale
consisting of: car entrance, courtyard, two lounges with washbasins, a bathroom, a sitting area, a large living room, a large kitchen, and three bedrooms – one master bedroom and two rooms sharing a bathroom

🤔 private car entrance
🤔 independent water meter
🤔 independent water tank
🤔 independent electricity meterAn Nadhim, Riyadh",https://sa.aqar.fm/en/flat-for-sale/riyadh/east-of-riyadh/an-nadhim/flat-for-sale-6845099
Apartment For Sale,490,49000082.0,"Apartment for Sale in Riyadh An Nasim Al Gharbi§490,00082m²321**real estate opportunity**
**(number appears when pressing ""call"")**

**for sale: 550,000 sar**

**exceptional real estate opportunity**

for sale: a brand new apartment with a very elegant design, ideal for those seeking distinction and sophistication.

- **floor:** third floor with rooftop, no elevator
- **design:** very high-end
- **location:** al-naseem al-gharbi district, al-nakheel street – hassan ibn thabit, south of ahmad ibn hanbal, close to the mosque and all amenities

**land area:** 312.5 m²
**apartment area:** approximately 120 m² (excluding rooftop)

the villa is a corner unit on two streets:
- southern street: 10m
- eastern street: 10m

**unit consists of:** 👇👇
- men's sitting room with wash basins and a bathroom
- two bedrooms with a shared bathroom
- kitchen with a private rooftop for the apartment

**features:** 👇👇
- independent electricity meter
- independent water tank
- building insurance
- construction completion certificate
- built according to saudi building code
- plumbing and electrical warrantiesAn Nasim Al Gharbi, Riyadh",https://sa.aqar.fm/en/apartment-for-sale/riyadh/east-of-riyadh/an-nasim-al-gharbi/apartment-for-sale-6854595
Apartment For Sale,920,920000111.0,"Apartment for Sale in Riyadh Qurtubah§920,000111m²331for sale – apartment in qurtuba district
area: 111 sqm
ground floor
3 bedrooms including a master bedroom
living room + kitchen
3 bathrooms
air conditioners and kitchen appliances included + washing machine
selling price: 950,000

slightly negotiable

https://maps.app.goo.gl/gdghueuxvzpdhgur5?g_st=iwQurtubah, Riyadh",https://sa.aqar.fm/en/apartment-for-sale/riyadh/east-of-riyadh/qurtubah/apartment-for-sale-6860783
Flat For Sale,770,770000267.0,"Floor for Sale in Riyadh Dahiat Namar§770,000267m²312**project 10**

exceptional opportunity – ground floor project in district 3020

📍 area: 450 sqm | west-facing | 15m street
💰 ground floor price: 770,000 sar only

✨ property features:
ground floor:
✔ car entrance
✔ men's lounge
✔ miqlaṭ (vestibule/entryway)
✔ living room
✔ women's entrance and women's lounge
✔ kitchen
✔ 3 bedrooms, two of which are master bedrooms

prime location and practical design suitable for family living.Dahiat Namar, Riyadh",https://sa.aqar.fm/en/flat-for-sale/riyadh/west-of-riyadh/dahiat-namar/flat-for-sale-6750573
Flat For Sale,430,430000153.0,"Floor for Sale in Riyadh Taiba§430,000153m²4peace be upon you and the mercy and blessings of allah. may allah bless your times with all goodness.

project 4 for sale... upper floor (first floor) in al-taybah neighborhood.

excellent construction and excellent location, with all guarantees complying with the saudi code.

we have easy and convenient financing solutions, with representatives at all banks and companies.

we also have other offers available.Taiba, Riyadh",https://sa.aqar.fm/en/flat-for-sale/riyadh/south-of-riyadh/taiba/flat-for-sale-6828084
Apartment For Sale,1350,1350000125.0,"Apartment for Sale in Riyadh Ghirnatah§1,350,000125m²331apartment for sale – granada district, mushayyad project

area: 130 square meters
age: 4 years
first floor, front-facing

the apartment consists of:
- 3 bedrooms, including a master bedroom
- large family living room
- maid's room or laundry room
- open kitchen connected to the living room

features:
- private parking space
- smart entry system
- kitchen cabinets and air conditioners included

selling price: 1,350,000 sar – cash only

there is an outstanding loan of 1,000,000 sar with al rajhi bank

direct from owner

currently rented for 60,000 sar per yearGhirnatah, Riyadh",https://sa.aqar.fm/en/apartment-for-sale/riyadh/east-of-riyadh/ghirnatah/apartment-for-sale-6819425
Apartment For Rent,46000,120.0,"Apartment for Rent in Riyadh Al Arid§46,000/annually120m²3🏡 apartment for rent – al arid district | brand new | first tenant | sar 49,000

✨ excellent opportunity to rent a brand-new apartment in al arid, riyadh. the apartment is first tenant, with a practical family-friendly layout and new finishing.

🔹 apartment features:
• 3 bedrooms
• spacious living room
• 2 bathrooms
• separate kitchen
• independent electricity meter
• brand-new building – first tenant
• prime location in al arid, close to essential services and main roads

💰 annual rent: sar 49,000

📍 al arid district – riyadh

⭐ brand-new apartment with a great location, privacy, and a comfortable layout for families.

📞 for inquiries and viewing: contact us now.Al Arid, Riyadh",https://sa.aqar.fm/en/apartment-for-rent/riyadh/north-of-riyadh/al-arid/apartment-for-rent-6867734
Big Flat For Rent,35000,550.0,"Floor for Rent in Riyadh Al Marwah§35,000/annually550m²421first floor in al-marwa neighborhood

two entrances

first entrance:
men's majlis with a bathroom next to it
independent

second entrance:
two bedrooms with a bathroom between them
living room approximately 5 x 5
the kitchen and a bedroom open onto it, and it leads to a rooftop that has a storage room and a laundry shop

price and payments:
35,000 for one payment
38,000 for two paymentsAl Marwah, Riyadh",https://sa.aqar.fm/en/big-flat-for-rent/riyadh/south-of-riyadh/al-marwah/big-flat-for-rent-6903353
Apartment For Rent,95000,161.0,"Apartment for Rent in Riyadh An Nakheel§95,000/annually161m²331for rent: a family apartment in al nakheel al gharbi district
on the second floor
living room and three bedrooms, including a master bedroom with an en-suite bathroom
two additional bathrooms
central air conditioning and split units installed
built-in kitchen with electrical appliances
external parking space
95,000 (one payment)
98,000 (two payments)An Nakheel, Riyadh",https://sa.aqar.fm/en/apartment-for-rent/riyadh/north-of-riyadh/an-nakheel/apartment-for-rent-6874718
Apartment For Sale,1500,1500000151.0,"Apartment for Sale in Riyadh Ar Raid§1,500,000151m²331for sale: a semi-new ground floor apartment
in qamra 9 project, al-raed neighborhood
large area compared to what's available in the market — 151 square meters
the apartment is currently rented, and the second year of the lease renewal falls on the tenant as of 15/9 last. the six-month amount is 49,250 riyals
private parking in the basement
three bedrooms and a living room
air conditioners and kitchen included for the ownerAr Raid, Riyadh",https://sa.aqar.fm/en/apartment-for-sale/riyadh/west-of-riyadh/ar-raid/apartment-for-sale-6804510
Villa For Sale,2550,2550000325.0,"Villa for Sale in Riyadh Al Yasmin§2,550,000325m²552for sale – residential villa

325 sqm, east-facing, 15-meter street
two separate floors
prime location

**ground floor:** 3 bedrooms + living room + majlis + 3 bathrooms + courtyard and parking space + driver's room

**upper floor:** 3 bedrooms + maqlat + living room + majlis + bathrooms + rooftop annex (maid's room, laundry room, and storage)

two electricity meters
one water meter
air conditioners and kitchen included for the owner

the villa was purchased by the owner in approximately 2010, and underwent some renovations (paint, tiling, bathrooms, and kitchen) in 2017 or 2018.Al Yasmin, Riyadh",https://sa.aqar.fm/en/villa-for-sale/riyadh/north-of-riyadh/al-yasmin/villa-for-sale-6793285
Apartment For Rent,62000,125.0,"Apartment for Rent in Riyadh An Nakheel§62,000/annually125m²331for rent, a family apartment on the first floor of a residential building
in al-nakheel al-gharbi district
three bedrooms, a living room, and a sitting room
three bathrooms
split air conditioners
built-in kitchen
independent electricity meter
private parking space in the basementAn Nakheel, Riyadh",https://sa.aqar.fm/en/apartment-for-rent/riyadh/north-of-riyadh/an-nakheel/apartment-for-rent-6771807
Land For Sale,1399,1399800466.0,"Land for Sale in Riyadh Al Mahdiyah§1,399,800466m²20mResidentialresidential land for sale in al-mahdiyah district

a distinctive opportunity to own residential land in a prime and sought-after location:

* area: 466 m²
* dimensions: 18m width × 25m depth
* frontage: north-facing
* street width: 25m – wide and comfortable

land features:

* wide street providing ease of construction and movement
* flat land (excellent for building)
* location close to services (schools – mosques – main roads)
* suitable for residential or investment purposes

📍 prime location in al-mahdiyah district

for contact and inquiries: don't miss this offer! contact us now at the number below the listing.Al Mahdiyah, Riyadh",https://sa.aqar.fm/en/land-for-sale/riyadh/west-of-riyadh/al-mahdiyah/land-for-sale-6856201
Land For Sale,2475,2475000450.0,"Land for Sale in Riyadh Al Mahdiyah§2,475,000450m²20mResidentialresidential land for sale in al-mahdiyah district
area: 450 sqm
dimensions: 18m width x 25m depth
faces a 15m street, north-facing
land condition: excellent and flat
close to the ring road, only 1 minute away
price: 5,500 sar per sqm, net to the owner
contact:
((advertiser's number appears upon contact))
dana al-gharb real estate office
happy to assist and fulfill your requestAl Mahdiyah, Riyadh",https://sa.aqar.fm/en/land-for-sale/riyadh/west-of-riyadh/al-mahdiyah/land-for-sale-6892245
Apartment For Sale,850,850000132.0,"Apartment for Sale in Riyadh Ar Rimal§850,000132m²3No descriptionAr Rimal, Riyadh",https://sa.aqar.fm/en/apartment-for-sale/riyadh/east-of-riyadh/ar-rimal/apartment-for-sale-6846227
Riyadh,37,,37,https://sa.aqar.fm/en/all/riyadh/37
Flat For Sale,950,950000245.0,"Floor for Sale in Riyadh Dhahrat Namar§950,000245m²5No descriptionDhahrat Namar, Riyadh",https://sa.aqar.fm/en/flat-for-sale/riyadh/west-of-riyadh/dhahrat-namar/flat-for-sale-6848912
Studios For Rent,33,3300060.0,"Studio for rent in Riyadh As Sulimaniyah§33,00060m²distinctive studio in al-sulaymaniyah, al-dabab area
one room, a bathroom, and a kitchen
price: 34,000, payable in two installments + services
the building is a fully equipped hotel-style building
open to investmentAs Sulimaniyah, Riyadh",https://sa.aqar.fm/en/Studios-for-rent/riyadh/north-of-riyadh/as-sulimaniyah/Studios-for-rent-6871856
Villa For Sale,1550,1550000319.0,"Villa for Sale in Riyadh Tuwaiq§1,550,000319m²5✨ for sale | luxury villa in al-awali district ✨

in a prime location on a 25m-wide street, this villa features a practical design and elegant layout, combining spacious areas across multiple floors to provide ideal privacy and comfort for the family.

📐 land area: 200m²

**ground floor**
• elegant reception hall
• cloakroom
• family lounge
• dedicated room for elderly
• kitchen
• 3 bathrooms

**first floor**
• lounge with a distinctive view
• master bedroom suite
• 3 additional bedrooms
• shared bathroom serving the rooms

**upper floor**
• 2 bedrooms
• shared bathroom
• lounge
• private rooftop

🔹 elevator shaft installed
🔹 wide street and prime location
🔹 perfect layout suited to family needs
🔹 a distinguished residential opportunity in al-awali district

a property that combines location, quality layout, and privacy… a choice worth viewing. 🏡Tuwaiq, Riyadh",https://sa.aqar.fm/en/villa-for-sale/riyadh/west-of-riyadh/tuwaiq/villa-for-sale-6854656
Flat For Sale,780,780000175.0,"Floor for Sale in Riyadh Tuwaiq§780,000175m²3🏡 corner ground floor unit for sale – al ghuroub district

📍 prime location, close to makkah road
📐 area: 320 m²
🛣️ facing two streets
🕌 opposite a mosque

details:
• sitting room (majlis)
• dining area
• living room
• kitchen
• 3 bedrooms, including 2 master bedrooms
• ground floor

💰 price: 780,000 sar

for inquiries, contact, and reservations, please message privately.Tuwaiq, Riyadh",https://sa.aqar.fm/en/flat-for-sale/riyadh/west-of-riyadh/tuwaiq/flat-for-sale-6900443
Apartment For Sale,775,775000133.0,"Apartment for Sale in Riyadh Al Mahdiyah§775,000133m²3apartment for sale with distinctive specifications

a high-end residential apartment that offers you privacy and comfort, with a prime location and practical design that suits family needs.

specifications:
• men's sitting room
• 3 bedrooms
• living room
• 3 bathrooms
• spacious kitchen

✨ the apartment is ready for immediate occupancy, and is suitable for those seeking peace and comfort.

for contact: 0502444533Al Mahdiyah, Riyadh",https://sa.aqar.fm/en/apartment-for-sale/riyadh/west-of-riyadh/al-mahdiyah/apartment-for-sale-6807328
Apartment For Rent,55000,450.0,"Apartment for Rent in Riyadh Al Mahdiyah§55,000/annually450m²211**apartment details**

apartment in a villa for rent
independent electricity meter
water is on the owner
air conditioners installed and kitchen installed
two entrances
men's sitting room (majlis)
living room
kitchen
2 bedrooms with an external bathroom
price: 55,000 (one payment)
two payments: 45,000Al Mahdiyah, Riyadh",https://sa.aqar.fm/en/apartment-for-rent/riyadh/west-of-riyadh/al-mahdiyah/apartment-for-rent-6830119
Apartment For Sale,800,800000110.0,"Apartment for Sale in Riyadh Al Mahdiyah§800,000110m²31apartment for sale with distinctive specifications

a high-end residential apartment offering privacy and comfort, with a prime location and practical design that suits family needs.

specifications:
• men's sitting room
• 2 bedrooms
• living room
• independent lounge
• 3 bathrooms
• spacious kitchen

✨ the apartment is ready for immediate occupancy, suitable for those seeking peace and comfort.
for contact // ((number appears when pressing call))Al Mahdiyah, Riyadh",https://sa.aqar.fm/en/apartment-for-sale/riyadh/west-of-riyadh/al-mahdiyah/apartment-for-sale-6770282
Apartment For Sale,750,750000115.0,"Apartment for Sale in Riyadh Al Mahdiyah§750,000115m²311apartment for sale with distinctive specifications

a high-end residential apartment that offers you privacy and comfort, with a prime location and a practical design that suits family needs.

specifications:
• 3 bedrooms
• living room
• 3 bathrooms
• spacious kitchen

✨ the apartment is ready to move in immediately, and is suitable for those seeking tranquility and comfort.

for contact // ((Advertiser's number appears upon contact))Al Mahdiyah, Riyadh",https://sa.aqar.fm/en/apartment-for-sale/riyadh/west-of-riyadh/al-mahdiyah/apartment-for-sale-6739337
Villa For Sale,2300,2300000223.0,"Villa for Sale in Riyadh Ar Rimal§2,300,000223m²81for sale: four villas in al-ramal district

each villa consists of 3 floors:

**ground floor:**
- sitting room (majlis)
- living room (reception)
- elderly bedroom
- three bathrooms
- kitchen
- storage room

**first floor:**
- two master bedrooms
- balcony

**second floor:**
- one master bedroom
- large private rooftop

---

**additional features:**
- driver's room
- car entrance
- independent electricity meter
- warranties extending up to 20 years
- insurance against hidden defects
- internet line infrastructure
- surveillance camerasAr Rimal, Riyadh",https://sa.aqar.fm/en/villa-for-sale/riyadh/east-of-riyadh/ar-rimal/villa-for-sale-6736473
Apartment For Rent,35000,600.0,"Apartment for Rent in Riyadh Al Qadisiyah§35,000/annually600m²221newlyweds only, only
newlyweds only, only
please do not feel embarrassed; we appreciate your understanding of the owner's conditions.

apartment for rent in al-qadisiyah al-dhahabi neighborhood, in a villa close to all services, schools, restaurants, shopping centers, othaim, the economic hall, commercial complexes, dammam road (the northern ring road), and sheikh jaber road.

apartment features: two bedrooms (one of them a master), a living room, and two bathrooms. fitted kitchen. the apartment is spacious and hotel-style. all ceilings are gypsum board with spotlights and energy-saving led lights, porcelain flooring, and wpc doors.

rent is monthly; the first 3 months are paid in full upfront, after which payment is monthly.

electricity: separate meter
monthly rent: 3,500
required: newlyweds; the apartment is in a residential villa.
water: 85 sar monthly

please read the entire ad before calling. if the phone is off or we are unable to answer, we apologize; please contact us via whatsapp and we will reply to you. refundable deposit through the ejar platform: 2,500Al Qadisiyah, Riyadh",https://sa.aqar.fm/en/apartment-for-rent/riyadh/east-of-riyadh/al-qadisiyah/apartment-for-rent-6905756
Apartment For Sale,860,860000159.0,"Apartment for Sale in Riyadh As Saadah§860,000159m²431✴️spacious ground-floor apartment for sale – apartment (b-2)✴️

📍al saadah district
🏠property age: new
🌅facing: three streets
📐total area: 202.75 m²

🖼️property photos and video are attached in the listing

🏡property details:
guest room + bathroom
living room + kitchen
master bedroom + private bathroom
three bedrooms + shared bathroom
private setback area

💡features:
- independent electricity meter
- independent water meter and tank
- stone facades
- mounted water heaters
- green epoxy tank insulation
- luxury finishes
- spacious areas

✨location advantages:
- easy access via several main roads (exit 15, 16)
- close to a mosque
- steps away from digital culture schools
- strategic location near all services:
  * shopping centers
  * schools
  * cafes and sports clubs
  * hospitals and healthcare centers

🛡️warranties:
👷engineering supervision (construction completion certificate + building permit)
💧waterproofing and thermal insulation warranty: 10 years
💧green pipe plumbing warranty: 15 years
⚡fanar electrical warranty: 25 years
🛡️al-taawuniya insurance: 10 years against hidden defects
🛡️door warranty: 10 years

💵price💵
860,000 sar
eight hundred and sixty thousand saudi riyals

🌐msakin rikaz real estate🌐
abu hammoud / - english: 050.808.0959
abu saleh / - english: 055.058.0890
abu fahad: 050.113.3379
abu rashid: 058.151.6171
abu omar: 053.955.9998
whatsapp only: 050.665.6563As Saadah, Riyadh",https://sa.aqar.fm/en/apartment-for-sale/riyadh/east-of-riyadh/as-saadah/apartment-for-sale-6899878
Flat For Sale,650,650000167.0,"Floor for Sale in Riyadh Al Bariah§650,000167m²341🏙️ ground floor apartment for sale | private entrance & exceptional privacy 🏙️

📍 location: al-bariyyah district – al-sidq street
🏗️ age: brand new
📐 total area: 227.59 m²
🛣️ north-facing street – 20 meters wide

✨ a distinctive residential & investment opportunity ✨

📸 illustrative photos and a video of the project are attached to the listing.

💎 interior specifications:
- car entrance + separate entrances for men and women
- majlis (sitting room) + bathroom
- living room + kitchen + storage room
- master bedroom with private en-suite bathroom and walk-in closet room
- two bedrooms + shared bathroom

✨ features:
🔌 independent electricity meter
💧 independent water meter
🛢️ independent water tanks

📍 location highlights:
🚗 close to al-kharj road and the second industrial city
➡️ a prime location for investors with high future value
🏋️ near king salman naval support base in riyadh
🌆 a vibrant location, close to:
🌳 parks
🛍️ shopping centers
🏋️ sports clubs
🏥 health centers
☕ cafes
🕌 nearby mosque
🚗 al-kharj road: easy direct access to al-kharj expressway, the main artery connecting riyadh to southern regions and major industrial cities.
🚗 second ring road: proximity to new link routes facilitating access to east and west riyadh.

🏡 additional features:
📐 spacious and comfortable layouts
🛣️ wide 20-meter street for easy movement
🧱 comprehensive warranties

💵 price:
650,000 sar
six hundred and fifty thousand saudi riyals

🌐 msakin rikaz real estateAl Bariah, Riyadh",https://sa.aqar.fm/en/flat-for-sale/riyadh/south-of-riyadh/al-bariah/flat-for-sale-6802323
Land For Sale,726,726000660.0,"Land for Sale in Riyadh Al Bariah§726,000660m²15mResidential🏡 residential land for sale | prime location in al-bariyah district 🏡

📍 location: riyadh – al-bariyah district
📐 area: 660 m²
🧭 facing: south (15-meter wide street)
📏 dimensions: 22 m frontage × 30 m depth

north: adjacent plot – 22 m
south: 15 m wide street – 22 m frontage
east: adjacent plot – 30 m
west: adjacent plot – 30 m

📍 location highlights:
- close to al-kharj road and the second industrial city.
- very strategic location for investors with high future value.
- near king salman naval support base in riyadh.
- vibrant location close to a wide range of services.
- nearby mosque.
- al-kharj road: easy direct access to al-kharj expressway, the main artery connecting riyadh to southern regions and major industrial cities.
- second ring road: close to new link routes providing easy access to eastern and western riyadh.

🏡 residential land for sale in al-bariyah district – riyadh 🏡

📍 prime and strategic location | excellent investment opportunity

📐 plot size: 660 m²
🧭 facing: south-facing
🛣️ street width: 15 meters
📏 dimensions: 22 m frontage × 30 m depth

plot boundaries:
north: adjacent plot, 22 m
south: 15 m wide street, 22 m frontage
east: adjacent plot, 30 m
west: adjacent plot, 30 m

💵 price 💵
price per m²: sar 1,100
total price: sar 726,000
seven hundred and twenty-six thousand saudi riyals

price is negotiable

🌐 masakin rikaz real estate & property management
📞 for inquiries and contact:
abu ahmed: 050.113.3379
abu saleh: 055.058.0890
abu hammoud: 050.808.0959
abu saud: 057.370.4030
abu rashed: 058.151.6171

📄 advertisement license: 7201154188
📄 fal brokerage & marketing license: 1200019477Al Bariah, Riyadh",https://sa.aqar.fm/en/land-for-sale/riyadh/south-of-riyadh/al-bariah/land-for-sale-6898010
Apartment For Sale,420,42000086.0,"Apartment for Sale in Riyadh Ash Sharq§420,00086m²321💎 luxury apartment for sale with high-quality finishes 💎
location: al murjan district
area: 95.19 m²
facade: south-facing

facilities:
two entrances
- separate sitting room with balcony + bathroom
- living room + kitchen
- 2 bedrooms + bathroom

features:
- electricity and water meters
- independent water tank
- king abdulaziz equestrian field
- al janadriyah road
- king khalid international airport
- king fahd security college and naif arab university for security sciences
- al thumamah park

close to:
schools - shops and markets - restaurants - fuel stations with services

💵 price: 💵
420,000 sar
four hundred and twenty thousand saudi riyals

🌐 rikaz residences real estate and property management
📞 for contact and inquiries:

📞 abu hamoud: ((number appears when clicking call))
📞 abu saleh: ((number appears when clicking call))
📞 abu saud: ((number appears when clicking call))
📞 abu omar: ((number appears when clicking call))
📞 abu ahmad: ((number appears when clicking call))
💬 direct whatsapp: ((number appears when clicking call))

📄 advertisement license: 7201014963
📄 fal brokerage and marketing: 1200019477Ash Sharq, Riyadh",https://sa.aqar.fm/en/apartment-for-sale/riyadh/east-of-riyadh/ash-sharq/apartment-for-sale-6743562
Villa For Sale,2200,2200000240.0,"Villa for Sale in Riyadh Al Faruq§2,200,000240m²411**for sale – corner villa with separate staircase hall and apartment | al-farouq district | 240 sqm**

**♤♤♤ villa specifications ♤♤♤**

**ground floor:** car entrance, sitting room (majlis), muqallat, living room (hall), kitchen, and maid's room

**upper floor:** 4 bedrooms and a living room (hall)

---

**apartment:** sitting room (majlis), living room (hall), 2 bedrooms, and kitchen

---

**facade:** 25m west-facing | 18m north-facing

**price: 2,200,000**Al Faruq, Riyadh",https://sa.aqar.fm/en/villa-for-sale/riyadh/center-of-riyadh/al-faruq/villa-for-sale-6797767
Studios For Rent,3,3000123.0,"Studio for rent in Riyadh An Narjis§3,000123m²studio for rent in al-majidiah 147
private entrance
installed air conditioner
kitchen
monthly 3,000An Narjis, Riyadh",https://sa.aqar.fm/en/Studios-for-rent/riyadh/north-of-riyadh/an-narjis/Studios-for-rent-6854404
Apartment For Sale,470,470000124.0,"Apartment for Sale in Riyadh Badr§470,000124m²3we are pleased to have your continued communication with us.

we offer you the best real estate deals in riyadh:

📍 location: riyadh – badr district
🏘️ type: villa (ground floor, first floor, apartment)
🔸 each unit features a private entrance

**the apartment:**
- car entrance
- independent entrance
- three bedrooms and a living room
- foundation of three rooms

🔸 all guarantees included
🔹 malath insurance

✨ **project features:**
- prime and vibrant location
- modern design and luxurious finishing
- ready for immediate transfer of ownership
- suitable for residential and investment purposesBadr, Riyadh",https://sa.aqar.fm/en/apartment-for-sale/riyadh/south-of-riyadh/badr/apartment-for-sale-6889570
Villa For Sale,1700,1700000135.0,"Villa for Sale in Riyadh Ar Rabwah§1,700,000135m²341**for sale: townhouse and penthouse – al-rabwah district**

**townhouse – 287 sqm**
- ground floor: car entrance, sitting room (majlis), living room, kitchen, and one bedroom
- upper floor: two bedrooms
- total area: 283 sqm
- outdoor areas: 77 sqm

**price: 1,600,000**

---

**penthouse – 251 sqm**
- car entrance, elevator-ready
- first floor: sitting room (majlis), living room, and kitchen
- upper floor: 3 bedrooms
- total area: 185 sqm
- outdoor areas: 50 sqm

**price: 1,500,000**

---

**facade:** 10m south-facing and 10m west-facingAr Rabwah, Riyadh",https://sa.aqar.fm/en/villa-for-sale/riyadh/center-of-riyadh/ar-rabwah/villa-for-sale-6790556
Apartment For Rent,75000,133.0,"Apartment for Rent in Riyadh As Safaa§75,000/annually133m²3🔝 luxury apartment in al-ajlan rivera – first phase 🔝

- a distinctive and quiet location in al-safa district, one of the best locations

🏡 facilities 🏡

- majlis + bathroom
- living room
- kitchen
- 2 bedrooms, one of which is a master bedroom + bathroom

- total rooms: 3
- 3 bathrooms

💡 property features 💡
- installed split air conditioners
- luxury kitchen
- private parking
- very close to private and government schools
- close to all services
- independent electricity meter

◾️ the most precise real estate contracts and property management ◾️

for contact 📞
((number appears when you press call))
((number appears when you press call))As Safaa, Riyadh",https://sa.aqar.fm/en/apartment-for-rent/riyadh/east-of-riyadh/as-safaa/apartment-for-rent-6859710
Villa For Sale,550,550000201.0,"Villa for Sale in Riyadh Taiba§550,000201m²4project 15
peace be upon you and god's mercy and blessings. may god bless your times with all goodness, our valued clients.
a once-in-a-lifetime opportunity that will not be repeated.
looking for elegance in design and optimal use of space?
looking for savings and credibility in dealings?
rest assured, we have what will make you happy.
we present to you a luxury townhouse:
in the neighborhood of: taybah
area: 260 meters
price: 550,000
facade: east-facing
street width: 20 meters
super super lux finishing
we save you time, and therefore we work with all banks and real estate financing companies, with the possibility of transferring from one bank to another and facilitating all matters.
bottom line, bring your furniture and we will hand you the key.
all you need to do is contact us via whatsapp or call. 🤙 project 15Taiba, Riyadh",https://sa.aqar.fm/en/villa-for-sale/riyadh/south-of-riyadh/taiba/villa-for-sale-6870810
Riyadh,38,,38,https://sa.aqar.fm/en/all/riyadh/38
Apartment For Rent,55000,725.0,"Apartment for Rent in Riyadh Al Wadi§55,000/annually725m²3No descriptionAl Wadi, Riyadh",https://sa.aqar.fm/en/apartment-for-rent/riyadh/north-of-riyadh/al-wadi/apartment-for-rent-6848979
Villa For Sale,1880,1880000165.0,"Villa for Sale in Riyadh An Narjis§1,880,000165m²4**al-majidiyah townhouse – al-narjis district**

luxury finishing

**prime location** – direct access to king salman road with no traffic signals

* 3 bedrooms
* separate majlis (men's sitting room)
* living room
* kitchen
* 3 bathrooms
* **full smart home control system for ac units and lighting**
* all air conditioners are installed
* living room, majlis, and master bedroom have concealed (ducted) ac
* remaining rooms have split ac units

**private parking in the basement**

option to add a driver's room

**area:** 178 sqm

**selling price:** 1,980,000 sarAn Narjis, Riyadh",https://sa.aqar.fm/en/villa-for-sale/riyadh/north-of-riyadh/an-narjis/villa-for-sale-6728391
Villa For Sale,950,950000293.0,"Villa for Sale in Riyadh Al Hazm§950,000293m²643**for sale (three-floor townhouse villa)**

**location:** west riyadh, al-hazm district

🔻 **with the following specifications** 🔻

⭕ price: 900,000 sar
⭕ street width: 20 m²
⭕ façade: south-facing

**specifications:**

**ground floor:**
- elevator shaft
- private entrance, car entrance, men's entrance, women's entrance
- men's sitting room (majlis) with a bathroom and washbasins
- living room
- kitchen
- internal staircase
- landscaped rear annex

**first floor:**
- living room
- 3 bedrooms, including 2 master bedrooms

**second floor:**
- living room
- bedroom
- bathroom with washbasins
- maid's room
- rooftop
- landscaped annexAl Hazm, Riyadh",https://sa.aqar.fm/en/villa-for-sale/riyadh/west-of-riyadh/al-hazm/villa-for-sale-6876374
Villa For Rent,75000,200.0,"Villa for Rent in Riyadh Al Uraija Al Gharbiyah§75,000/annually200m²3villa for rent in a location close to services 🏠📍
it consists of:

**ground floor:**
living room - majlis (sitting room) - maqalt (entrance hall) - room - kitchen - storage room

**first floor:**
living room - 4 bedrooms - 3 bathrooms

**second floor:**
2 bedrooms - living room - bathroom

rooftop

emar al-badiah real estate officeAl Uraija Al Gharbiyah, Riyadh",https://sa.aqar.fm/en/villa-for-rent/riyadh/west-of-riyadh/al-uraija-al-gharbiyah/villa-for-rent-6837318
Apartment For Rent,2500,221.0,"Apartment for Rent in Riyadh Ar Rimal§2,500/annually221m²11for rent: furnished and new room in al-rimal district (al-waha)

* equipped with a kitchenette
* air conditioner included
* washing machine included
* steam iron included
* fully furnished
* elevator available
* electricity included
* water included

---

consists of:

bedroom / bathroom / kitchenette

---

monthly: 2,500 sar

al-sharq contracts office for real estate servicesAr Rimal, Riyadh",https://sa.aqar.fm/en/apartment-for-rent/riyadh/east-of-riyadh/ar-rimal/apartment-for-rent-6894532
Villa For Sale,2090,2090000314.0,"Villa for Sale in Riyadh Al Masif§2,090,000314m²452🔸 townhouse – a distinguished residential opportunity in al musaif district

with a unique design (ground + half first floor / half first floor + upper floor), offering flexibility in use and a practical distribution of spaces.
luxury finishing and a prime location close to roads and services, with a private entrance, independent parking, and separate utility meters.

🔸 prices start from 1,990,000 to 2,090,000 💵
🔸 areas start from 310 sqm to 314 sqm 🏠
🔸 warranties extending up to 30 years

🔸 project features:
- elevators
- marble corridors
- smart entry system
- indoor parking
- surveillance cameras
- marble facades

property type: ground floor townhouse 🏠
district: al musaif 📍
area: 314 sqm 📐
price: 2,090,000 💵

🔸 the unit consists of:
- 4 bedrooms, 2 master bedrooms
- family lounge
- dining area
- sitting room (majlis)
- kitchen
- laundry room
- maid's room
- 5 bathrooms
- private courtyard
- private entrance
- car entrance
- independent electricity meter
- independent water meterAl Masif, Riyadh",https://sa.aqar.fm/en/villa-for-sale/riyadh/north-of-riyadh/al-masif/villa-for-sale-6783859
Studios For Rent,20,2000035.0,"Studio for rent in Riyadh Al Malqa§20,00035m²for rent: furnished studio in a villa
location: riyadh – al malqa
floor: first
area: approximately 35 sqm
facade: south, 20 m
consists of:
a room with a small corner kitchen – bathroom.

- fully furnished
- window ac unit installed
- ample parking

price: 20,000 including electricity and water

for more details, contact: 0568288007Al Malqa, Riyadh",https://sa.aqar.fm/en/Studios-for-rent/riyadh/north-of-riyadh/al-malqa/Studios-for-rent-6905110
Villa For Sale,550,550000207.0,"Villa for Sale in Riyadh Badr§550,000207m²443project 9

assalam alaikum warahmatullahi wabarakatuh
a once-in-a-lifetime opportunity that won't be repeated

looking for elegance in design and optimal use of space?
looking to save money and deal with a trustworthy party?
we bring you everything that pleases you.

we present to you a luxury villa:

- **neighborhood:** badr al-shafa
- **price:** 570,000
- **orientation:** north-facing
- **street width:** 15 meters

we offer debt settlement and a free 10% down payment with no interest whatsoever.

we save you time by dealing with all banks and real estate financing companies, with the possibility of transferring from one bank to another and facilitating all matters.

all you need to do is contact us via whatsapp or phone call.
**(project 9)**Badr, Riyadh",https://sa.aqar.fm/en/villa-for-sale/riyadh/south-of-riyadh/badr/villa-for-sale-6744117
Villa For Sale,850,850000272.0,"Villa for Sale in Riyadh Al Janadriyah§850,000272m²552🏠 **townhouse villa in east riyadh – al-janadriyah district, ghusoun project** 📍

📐 area: 300 sqm
🛣️ street width: 15m, with an attached garden and mosque
west-facing

**the villa consists of:**
- car garage
- men's sitting room (majlis) with washbasins and restroom
- maqlaṭ (multipurpose room)
- living room
- kitchen
- two master bedrooms
- internal staircase
- two master bedrooms, each with a balcony
- staircase to the rooftop

**the villa comes with full warranties:**
- al-ta'awuniyah insurance: 10 years against hidden defects
- electrical warranty – al-fanar company: 25 years
- plumbing warranty – green pipes company: 25 years

**we offer financing solutions:**
- settlement of outstanding debts
- payment of administrative fees on behalf of the client

☎️ **for inquiries:** *(number appears upon pressing call)* – abu sanadAl Janadriyah, Riyadh",https://sa.aqar.fm/en/villa-for-sale/riyadh/east-of-riyadh/al-janadriyah/villa-for-sale-6767622
Villa For Sale,696,696000248.0,"Villa for Sale in Riyadh Okaz§696,000248m²542townhouse for sale 🏠
📍 ukkaz district – al-ajlan subdivision

📐 area: 375 m²
🛣️ street width: 15 m
💰 price: 740,000 sar unfurnished (furniture shown for display purposes only)

property details:
• car entrance
• men's sitting room (majlis)
• miqlaṭ (entrance foyer/vestibule)
• living room
• kitchen
• first floor: 4 bedrooms

features & guarantees:
✅ all necessary warranties for electrical and insulation work
✅ engineering supervision certificate
✅ building completion certificate
✅ financing and real estate facilitation options available

📞 for inquiries and contact: whatsapp or call — number will be provided upon contact.

bidayah real estate services office
every dream has a beginning, and the beginning of ownership starts with a step toward a new start 🏠Okaz, Riyadh",https://sa.aqar.fm/en/villa-for-sale/riyadh/south-of-riyadh/okaz/villa-for-sale-6883617
Apartment For Sale,499,499000127.0,"Apartment for Sale in Riyadh Okaz§499,000127m²31apartment for sale in okaz district – al-ajlan plan 🏡

📍 okaz district – al-ajlan plan
📐 15m street
🛗 passenger elevator, ready to use
✨ modern vip finishing

the apartment consists of:

men's sitting room (majlis)

living room

3 bedrooms, including a master bedroom

private rooftop

features and guarantees:
✅ all necessary warranties for electrical and insulation work
✅ engineering supervision certificate
✅ building completion certificate
✅ financing and real estate facilitation options available

📞 for inquiries and contact: whatsapp or call – number will be provided upon contact.
bedaya real estate services office
every dream has a beginning, and the beginning of ownership starts with a step toward a new start 🏠

✨ modern design and elegant finishing, suitable for family living.Okaz, Riyadh",https://sa.aqar.fm/en/apartment-for-sale/riyadh/south-of-riyadh/okaz/apartment-for-sale-6889266
Apartment For Rent,70000,114.0,"Apartment for Rent in Riyadh Qurtubah§70,000/annually114m²3a apartment is available for rent containing 3 rooms and a hall
annual rent: 70,000Qurtubah, Riyadh",https://sa.aqar.fm/en/apartment-for-rent/riyadh/east-of-riyadh/qurtubah/apartment-for-rent-6844822
Apartment For Rent,28000,500.0,"Apartment for Rent in Riyadh Uhud§28,000/annually500m²421apartment for rent in ahad district...

it consists of:
4 rooms + living room + kitchen + 2 bathrooms.
2 installed air conditioners + independent electricity meter.

annual rent: 28,000 sar in two payments.
(water included)Uhud, Riyadh",https://sa.aqar.fm/en/apartment-for-rent/riyadh/south-of-riyadh/uhud/apartment-for-rent-6866617
Apartment For Rent,55000,99.0,"Apartment for Rent in Riyadh Ar Rimal§55,000/annually99m²321apartment for rent | aknan 24 complex | al rimal district

a distinctive opportunity to reside in one of the most prestigious residential complexes in al rimal district, where a prime location meets comprehensive amenities that provide an elegant and peaceful lifestyle.

apartment details:

* 2 master bedrooms
* a multipurpose room suitable for use as a maid's room or storage, with a private bathroom.
* a spacious living room with a distinctive view.
* kitchen.
* 4 bathrooms.

apartment & complex features:

* private parking space in the basement.
* men's fitness club.
* women's fitness club.
* swimming pool.
* walking track.
* children's game room.
* billiards and table tennis room.
* luxurious reception lobby.

price:
55,000 in two installments.

security deposit: 5,000Ar Rimal, Riyadh",https://sa.aqar.fm/en/apartment-for-rent/riyadh/east-of-riyadh/ar-rimal/apartment-for-rent-6809008
Apartment For Sale,400,40000090.0,"Apartment for Sale in Riyadh Ash Sharq§400,00090m²321🏠🏠🏠
■ apartment for sale

□ al-bayan district

~ area: 90 m²
~ west-facing façade
~ street width: 20m
~ warranties available
~ construction completion certificate available
~ bank financing accepted

● details:
○ independent electricity meter
○ two entrances
○ living room with bathroom
○ hall
○ kitchen
○ bedroom
○ bedroom
○ bathroom
○ small rooftop

we also welcome your offers and requests
ahkam al-rimal real estate company
for contact:
((number appears when pressing call))
abu turkiAsh Sharq, Riyadh",https://sa.aqar.fm/en/apartment-for-sale/riyadh/east-of-riyadh/ash-sharq/apartment-for-sale-6898754
Apartment For Sale,590,590000122.0,"Apartment for Sale in Riyadh Shubra§590,000122m²331for sale in al-suwaidi al-gharbi neighborhood, very close to the ring road.
an excellent location, very close to services.
two minutes from sulaiman al-habib hospital.
an apartment project with areas starting from 120 sqm.
and prices starting from 600,000.
the apartment includes a sitting room, a living room, a kitchen, three bedrooms, and three bathrooms.
available apartments on the ground, first, and second floors, as well as apartments with rooftop access.Shubra, Riyadh",https://sa.aqar.fm/en/apartment-for-sale/riyadh/west-of-riyadh/shubra/apartment-for-sale-6874860
Villa For Sale,680,680000231.0,"Villa for Sale in Riyadh Al Janadriyah§680,000231m²6👌🏻 an outstanding residential opportunity in al-janadriyah neighborhood, ghusoon al-riyadh.
📍a developed location close to all services.

🔘 (upper-floor townhouse villa)
price is negotiable
✏️ area: 360 m²
(built-up area: 231 m²)

🏠 specifications:

* majlis (reception room)
* 5 bedrooms, 3 of them master
* kitchen
* large living room
* separate entrances for women and men
* large roof
* private parking
* independent water meter and tank
* independent electricity meter
* maid's room
* laundry room

other specifications:
* compliant with the saudi building code.
* 25-year warranty.
* brand-new property.
* north-facing facade
* street width: 15 m
* water and electricity installed.
* close to all facilities

contact: abu abdullahAl Janadriyah, Riyadh",https://sa.aqar.fm/en/villa-for-sale/riyadh/east-of-riyadh/al-janadriyah/villa-for-sale-6905375
Apartment For Rent,28000,250.0,"Apartment for Rent in Riyadh Umm Al Hamam Al Gharbi§28,000/annually250m²21apartment for rent in um al-hammam al-gharbi neighborhood

2 bedrooms
1 bathroom
kitchenUmm Al Hamam Al Gharbi, Riyadh",https://sa.aqar.fm/en/apartment-for-rent/riyadh/west-of-riyadh/umm-al-hamam-al-gharbi/apartment-for-rent-6871044
Apartment For Rent,98000,159.0,"Apartment for Rent in Riyadh Al Yasmin§98,000/annually159m²442brokerage fee: 2.5% + 15% vat on brokerage fee
for rent: furnished apartment in al yasmin neighborhood, prime location
area: 159 sqm
age: 7 years
full specifications:
3 bedrooms + 4 bathrooms + living room + kitchen + storage room + majlis + separate maid's room on the second floor
private parking available outside the building
elevator available
annual contract, payment system: 6 months / 6 months, monthly payment available through rise company
+ 5,000 security deposit + 1,200 sar water per year
viewing by prior appointment onlyAl Yasmin, Riyadh",https://sa.aqar.fm/en/apartment-for-rent/riyadh/north-of-riyadh/al-yasmin/apartment-for-rent-6828413
Apartment For Rent,85000,82.0,"Apartment for Rent in Riyadh Al Qirawan§85,000/annually82m²231furnished apartment for rent in the al-qairawan district — prime location.

project: wareef apartments 35
age: 1 year
layout: 2 bedrooms, a living room, 3 bathrooms, a garden, an external entrance, and an internal entrance.
kitchen: fully fitted with electrical appliances.
smart entry system.
smart home.
ground floor + private outdoor parking space.
monthly payment is also available through our financial partner, rise company.
price: 85,000 (two installments) or 83,000 (single payment) + 5,000 refundable security deposit.
commission: 2.5% + 15% vat on commission.
for viewing or inquiries, an appointment must be scheduled.

mohammed al-sagheer real estate office
((number appears when clicking ""call""))Al Qirawan, Riyadh",https://sa.aqar.fm/en/apartment-for-rent/riyadh/north-of-riyadh/al-qirawan/apartment-for-rent-6757172
Riyadh,39,,39,https://sa.aqar.fm/en/all/riyadh/39
Apartment For Rent,30000,317.0,"Apartment for Rent in Riyadh Dirab§30,000/annually317m²421new apartment in dirab neighborhood
consisting of a sitting room, a living room, a hall, a kitchen, two bedrooms, and two bathrooms
third floor, independent electricity, water connected
the apartment is new and has never been occupied
rent: 30,000 in two payments
required for a small family

saad: 0508104552Dirab, Riyadh",https://sa.aqar.fm/en/apartment-for-rent/riyadh/west-of-riyadh/dirab/apartment-for-rent-6755321
Villa For Sale,1800,1800000200.0,"Villa for Sale in Riyadh Al Mahdiyah§1,800,000200m²451🏡 modern villa for sale
✨ luxurious finishing & exclusive distinctive design ✨

📐 area: 200 m²
📍 location: the golden square – second intersection
🚗 excellent accessibility, very easy neighborhood entry
📌 quiet location, close to all amenities

a remarkable opportunity to own a villa with premium finishes and luxurious specifications in one of the best locations in the neighborhood.

━━━━━━━━━━

🔹 property features:

▪️ full central air conditioning on the ground floor
▪️ courtyard with space for one car
▪️ strategic location close to services
▪️ photos and video footage of all construction stages through to final finishing

━━━━━━━━━━

🔹 ground floor:

▪️ separate men's entrance
▪️ separate women's entrance
▪️ spacious men's sitting room (majlis)
▪️ large women's lounge overlooking the courtyard
▪️ dining room
▪️ kitchen
▪️ storage room
▪️ side courtyard

━━━━━━━━━━

🔹 first floor:

▪️ 4 spacious master bedrooms
▪️ the main suite includes:
▫️ walk-in closet
▫️ central air conditioning
▫️ private balcony
▫️ direct view of the courtyard

━━━━━━━━━━

🔹 annex:

▪️ 2 master bedrooms
▪️ spacious rooftop

━━━━━━━━━━

✅ all warranties available
✅ building completion certificate
✅ negotiable prices
✅ financing available through all banks
✅ direct dealing with the owner
✅ licensed by the general real estate authority

🏢 fas united real estate group

📄 fal license: 1200017070
📄 commercial registration: 1010821605

📩 we are happy to serve you and answer all your inquiries.Al Mahdiyah, Riyadh",https://sa.aqar.fm/en/villa-for-sale/riyadh/west-of-riyadh/al-mahdiyah/villa-for-sale-6899271
Warehouse For Rent,250000,1200.0,"Warehouse for Rent in Riyadh Ad Difa§250,000/annually1,200m²warehouse for rent in al-difa'a district

- area: 1200 sqm
- width: 30 m
- depth: 40 m
- administrative office with bathroom and kitchen
- risk level: medium

features:
- near al-kharj road
- vacant and ready for cargo transport

price: 250,000 sar per year

🌐 rabaa al-mustaqbal real estate company 🌐
for inquiries:
((number appears when you click call)) / abu ahmad
((number appears when you click call)) / abu nahar
((number appears when you click call))Ad Difa, Riyadh",https://sa.aqar.fm/en/warehouse-for-rent/riyadh/south-of-riyadh/ad-difa/warehouse-for-rent-6731151
Apartment For Rent,65000,152.0,"Apartment for Rent in Riyadh An Narjis§65,000/annually152m²331✨ luxury apartment for rent ✨

🏡 **specifications:**

- master bedroom with a private bathroom.
- two additional bedrooms.
- split air conditioning throughout the entire unit.
- external bathroom serving the additional bedrooms.
- guest bathroom at the entrance.
- spacious living room with an elegant design.
- modern kitchen.
- laundry room.
- terrace in the living room.
- private basement parking space for the unit.

📞 **for contact and inquiries:**
- *(number appears upon pressing call)*

the unit is ready for immediate handover! 🚪✨An Narjis, Riyadh",https://sa.aqar.fm/en/apartment-for-rent/riyadh/north-of-riyadh/an-narjis/apartment-for-rent-6894411
Apartment For Rent,77000,90.0,"Apartment for Rent in Riyadh Al Malqa§77,000/annually90m²221✨ fully furnished apartment for rent ✨

location:
safa 47 compound, al malqa

🏡 **features:**

- fully furnished throughout the entire unit.
- fully equipped bedroom.
- an additional room that can be used as an office.
- a bathroom serving both the bedroom and the office.
- elegant living room with a modern design.
- kitchen equipped with the latest electrical appliances.
- guest bathroom.
- split air conditioning throughout the entire unit.
- hanging chairs and concealed lighting.
- smart access system for both the unit and the building.
- private parking space.

🌟 an apartment suited for families seeking comfort and luxury!

📞 **for contact and inquiries:**
- ((number appears when you press call))

don't miss the opportunity — the apartment is ready for immediate handover! 🚪✨Al Malqa, Riyadh",https://sa.aqar.fm/en/apartment-for-rent/riyadh/north-of-riyadh/al-malqa/apartment-for-rent-6872398
Apartment For Sale,670,67000057.0,"Apartment for Sale in Riyadh Ar Rimal§670,00057m²231**upper-floor apartment for sale – wahat al-rimal (sand oasis) plan**

a great opportunity to own an apartment in an excellent location within the wahat al-rimal plan, on an 18-meter street.

**property details:**
📐 **area:** 149 m² (and larger in reality)

**the unit consists of:**

* sitting room (majlis)
* living room
* laundry room
* kitchen
* 3 bedrooms
* 3 bathrooms
* maid's room
* storage room

💰 **price:** 670,000 – negotiable

for inquiries or to schedule a viewing, please get in touch.Ar Rimal, Riyadh",https://sa.aqar.fm/en/apartment-for-sale/riyadh/east-of-riyadh/ar-rimal/apartment-for-sale-6757185
Apartment For Rent,60000,145.0,"Apartment for Rent in Riyadh Al Mahdiyah§60,000/annually145m²331four apartments for rent in al mahdiyah neighborhood
rozana project
each apartment consists of:
3 bedrooms, one of them a master
large living room
kitchen
storage room
3 bathrooms
private parking space in the basement
independent water tank
independent electricity meter
smart control for lighting, entry, and air conditioning
owners' association
rental prices:
apartment 1 = 60,000, two payments
apartment 2 = 60,000, two payments
apartment 10 = 55,000, one payment
apartment 11 = 60,000, two payments
we have a video for each apartment.Al Mahdiyah, Riyadh",https://sa.aqar.fm/en/apartment-for-rent/riyadh/west-of-riyadh/al-mahdiyah/apartment-for-rent-6762650
Apartment For Rent,70000,165.0,"Apartment for Rent in Riyadh Al Arid§70,000/annually165m²43for rent: a new apartment, number 6, in a residential building in al-aarid district.
(consisting of...
an open living room, three bedrooms — one of which is a master bedroom — a maid's room, a kitchen, and three bathrooms.)
#air conditioners installed.
#kitchen will be installed upon rental.
#in addition to a private parking space for the apartment.
#price: 70,000.
#brokerage contract number: 6200980891.
#to contact...
((number appears when pressing call))
((number appears when pressing call))Al Arid, Riyadh",https://sa.aqar.fm/en/apartment-for-rent/riyadh/north-of-riyadh/al-arid/apartment-for-rent-6766950
Flat For Sale,550,550000186.0,"Floor for Sale in Riyadh An Nasim Al Gharbi§550,000186m²3# asas residence project – floor sales now open

**west al-naseem district, abdullah bin omar street**

---

## available units:

**ground floor – 232 sqm (including courtyards)**
- 3 bedrooms, men's sitting room, living room, 3 bathrooms, kitchen, maid's room with bathroom, private courtyard & garage
- **starting from sar 820,000**

---

**first floor – 191 sqm**
- 3 bedrooms, sitting room, living room, 3 bathrooms, kitchen, maid's room with bathroom
- **starting from sar 710,000**

---

**upper annex – 208 sqm (including rooftop)**
- 2 bedrooms, sitting room, living room, 3 bathrooms, maid's room, private & independent rooftop

---

## warranties & guarantees:
- hidden defects insurance
- waterproofing & thermal insulation warranty – **10 years**
- thermal piping warranty – **25 years**
- structural slabs warranty – **25 years**
- photographic progress reports at all project stages under engineering supervision

---

## location:
**west al-naseem district – abdullah bin omar street**
near khurais road and othaim mallAn Nasim Al Gharbi, Riyadh",https://sa.aqar.fm/en/flat-for-sale/riyadh/east-of-riyadh/an-nasim-al-gharbi/flat-for-sale-6899467
Apartment For Rent,38400,720.0,"Apartment for Rent in Riyadh Al Mahdiyah§38,400/annually720m²321apartment for rent in a residential villa, second floor, consisting of a living room, a hall, 2 bedrooms, 2 bathrooms, and an open kitchen overlooking the hall. the apartment has 2 entrances, an independent electricity meter, and a private rooftop.Al Mahdiyah, Riyadh",https://sa.aqar.fm/en/apartment-for-rent/riyadh/west-of-riyadh/al-mahdiyah/apartment-for-rent-6896196
Villa For Sale,2400,2400000315.0,"Villa for Sale in Riyadh Al Mahdiyah§2,400,000315m²621villa in al mahdiyah, area 315 sqm, with an east-facing apartment, 20-meter street, modern design, and comprehensive warranties under engineering supervision – passenger elevator.
driver's room for the villa – spacious areas.
with four bedrooms on the first floor and a living hall – including a maid's room with a storage room.
the apartment: driver's room, elevator preparation, and two rooms with a hall.
to contact: danat al gharb office
((the number appears when you click on call))Al Mahdiyah, Riyadh",https://sa.aqar.fm/en/villa-for-sale/riyadh/west-of-riyadh/al-mahdiyah/villa-for-sale-6903366
Flat For Sale,650,650000175.0,"Floor for Sale in Riyadh Dahiat Namar§650,000175m²5separate standalone floors
detached
area: 450 sqm
price: 650,000
north-facing
street width: 25m

**ground floor details:**
- car entrance
- men's sitting room with bathroom and washbasins
- hallway/reception area
- private women's entrance
- kitchen
- master bedroom
- two bedrooms with external bathroom
- wide backyard with garden/landscaped area

**upper floor:**
- external staircase
- car entrance
- men's sitting room with bathroom and washbasins
- hallway/reception area
- kitchen
- two bedrooms with external bathroom
- master bedroom
- wide rooftop terraceDahiat Namar, Riyadh",https://sa.aqar.fm/en/flat-for-sale/riyadh/west-of-riyadh/dahiat-namar/flat-for-sale-6837662
Villa For Rent,140000,450.0,"Villa for Rent in Riyadh As Sahafah§140,000/annually450m²5🏡 villa for rent – elegant design and spacious areas

a great opportunity to rent a villa with luxurious finishing and specifications that meet family needs, in a quiet and distinguished location.

property specifications:

✨ exterior

* private garage.
* driver's room.
* back storage room.

✨ first floor

* spacious reception lounge.
* large family living room.
* two master bedrooms.
* built-in kitchen.
* all air conditioners included.

✨ second floor

* two master bedrooms.
* laundry room.
* maid's room.
* two rooftops providing ideal space for seating and multiple uses.

✅ built-in kitchen.
✅ air conditioning included.
✅ practical design with high-quality finishes.
✅ spacious areas suitable for families seeking luxury and comfort.

💰 annual rent: 140,000 sar.As Sahafah, Riyadh",https://sa.aqar.fm/en/villa-for-rent/riyadh/north-of-riyadh/as-sahafah/villa-for-rent-6801419
Land For Rent,300955,1929.0,"Land for Rent in Riyadh Dahiat Namar§300,955.2/annually1,929m²30mfor rent, corner land facing west, 30m street, southern passage, area 1929 sqm, licensed for a gas station.
rental price: 300,000 riyals
brokerage contract number: 6200957753
contact number: 0504178885
0533886000Dahiat Namar, Riyadh",https://sa.aqar.fm/en/land-for-rent/riyadh/west-of-riyadh/dahiat-namar/land-for-rent-6742172
Land For Sale,3900,3900000600.0,"Land for Sale in Riyadh An Narjis§3,900,000600m²12mResidential🏡 residential land for sale | al-narjis district

📍 location: al-narjis district – south of anas ibn malik road, west of othman ibn affan road, first western kilometer.

📐 plot number: 1140
📏 area: 600 m²
💰 price per meter: 6,500 sar
💵 total price: 3,900,000 sar

✨ features:
• located on two streets
• northern street width: 12 meters
• southern street width: 10 meters
• flat land
• close to a mosque
• prime location suitable for residential and investment purposes

📄 brokerage contract number: 6201078942

📞 contact:
((number appears upon pressing call))
((number appears upon pressing call))An Narjis, Riyadh",https://sa.aqar.fm/en/land-for-sale/riyadh/north-of-riyadh/an-narjis/land-for-sale-6870614
Apartment For Rent,75000,101.0,"Apartment for Rent in Riyadh Ar Rimal§75,000/annually101m²3**b found real estate company**

• type: luxury apartment for rent
• district: al-ramal
• price: 85,000 sar in two payments
75,000 sar single payment
• property age: new

**description**
details:
3 bedrooms
3 bathrooms
open kitchen to living room
air conditioning and kitchen installed

advertising license number: 7200999135Ar Rimal, Riyadh",https://sa.aqar.fm/en/apartment-for-rent/riyadh/east-of-riyadh/ar-rimal/apartment-for-rent-6727133
Apartment For Rent,80000,104.0,"Apartment for Rent in Riyadh An Narjis§80,000/annually104m²231✨ special temporary rental opportunity – fully furnished apartment ✨

📍 located within a fully-serviced residential compound
🏡 ground floor apartment with a private yard, ready to move in

🔹 apartment specifications:
🛏️ two bedrooms (one master)
🛋️ spacious and comfortable living room
🍽️ equipped kitchen
🚿 3 bathrooms
📦 storage room
🌿 private yard
🏠 fully furnished with complete furniture

🔹 compound amenities:
🏋️‍♂️ men's gym
🏋️‍♀️ women's gym
🧸 children's nursery
🔒 secure and fully-serviced compound
🎥 24/7 camera surveillance
🚗 private external parking space for the apartment

📅 available from: 26-06-2026

⏳ rental for a limited period only (2 months)

💰 monthly rent: 8,000 sar
💡🚰 inclusive of electricity and water

🔐 security deposit: 2,000 sar

🌟 an ideal choice for families or those coming to riyadh for a temporary period, with all services and amenities providing comfort and security in a distinguished residential location. 🌟An Narjis, Riyadh",https://sa.aqar.fm/en/apartment-for-rent/riyadh/north-of-riyadh/an-narjis/apartment-for-rent-6761082
Lounge For Sale,2100,2100000400.0,"Rest House for Sale in Riyadh Al Mahdiyah§2,100,000400m²9a commercial land located on street 35, containing three rest houses (chalets) rented out at 100,000 annually. the selling price is negotiable for serious buyers.Al Mahdiyah, Riyadh",https://sa.aqar.fm/en/lounge-for-sale/riyadh/west-of-riyadh/al-mahdiyah/lounge-for-sale-6865343
Apartment For Rent,50000,123.0,"Apartment for Rent in Riyadh Al Mahdiyah§50,000/annually123m²21✨ luxury apartments for rent – modern design & full amenities ✨

al-yanabi' colors real estate office announces the availability of luxury residential apartments for rent, distinguished by their spaciousness and high quality, offering you and your family a comfortable and complete living experience.

📌 apartment features & specifications:

kitchen: fully fitted and ready for use.
air conditioning: fully installed units (ready to operate).

🏡 apartment details & layout:

independent men's sitting room (for privacy and receiving guests).
spacious and bright family living room.
kitchen with an excellent design and layout.

bedrooms:
👑 master bedroom (with headboard and private bathroom).
🛏️ (1) additional spacious bedroom.
external bathroom serving the living room and men's sitting room.

💰 price: 50,000 sar annually.

📥 for inquiries & viewing:
contact us now at al-yanabi' colors real estate office via the link or by calling:
[(number appears upon clicking ""call"")]Al Mahdiyah, Riyadh",https://sa.aqar.fm/en/apartment-for-rent/riyadh/west-of-riyadh/al-mahdiyah/apartment-for-rent-6780003
Apartment For Rent,3700,60.0,"Apartment for Rent in Riyadh Al Qadisiyah§3,700/annually60m²111apartment in al-qadisiyyah district
consisting of:
✨ spacious bedroom
✨ living room
✨ separate kitchen
✨ bathroom
✨ private ground-floor entrance
✨ rent includes water, electricity, and internet ✅
((brand new furniture))
close to all services and also close to king fahd international stadiumAl Qadisiyah, Riyadh",https://sa.aqar.fm/en/apartment-for-rent/riyadh/east-of-riyadh/al-qadisiyah/apartment-for-rent-6751532
Riyadh,40,,40,https://sa.aqar.fm/en/all/riyadh/40
Apartment For Rent,39000,170.0,"Apartment for Rent in Riyadh Al Munsiyah§39,000/annually170m²221apartment for rent in al-munsiyah district
it consists of:
2 bedrooms + living room + kitchen + 2 bathrooms

apartment features:
• fully renovated
• installed air conditioners
• close to services

rental price: 39,000

fingerprint of creativity real estate
leasing - selling - property management - full building rental
((number appears when pressing call)) - ((number appears when pressing call)) ((number appears when pressing call))Al Munsiyah, Riyadh",https://sa.aqar.fm/en/apartment-for-rent/riyadh/east-of-riyadh/al-munsiyah/apartment-for-rent-6792764
Apartment For Rent,36000,540.0,"Apartment for Rent in Riyadh An Narjis§36,000/annually540m²1for rent in al-narjis neighborhood
next to king salman road
ground floor
large room 9x6
independent kitchen and bathroom
rent includes electricity and water
air conditioner and kitchen included

[under the supervision of masharef al-shamal real estate office]
prior coordination required for viewingAn Narjis, Riyadh",https://sa.aqar.fm/en/apartment-for-rent/riyadh/north-of-riyadh/an-narjis/apartment-for-rent-6866278
Apartment For Rent,4500,60.0,"Apartment for Rent in Riyadh Al Aqiq§4,500/annually60m²111luxurious furnished apartment for rent in al-aqiq district
consists of:

• bedroom
• living room
• kitchen
• bathroom

kitchen installed + air conditioners installed
price: 5,000 monthly

055208644 - 0552408444 - 0559408444Al Aqiq, Riyadh",https://sa.aqar.fm/en/apartment-for-rent/riyadh/north-of-riyadh/al-aqiq/apartment-for-rent-6743551
Office For Rent,192000,196.0,"Commercial Office for Rent in Riyadh Ar Rabwah§192,000/annually196m²offices for rent located in rabwa plaza complex, omar bin abdulaziz road (exit 14)

* office space ( 230 sqm )
* office space ( 303 sqm )
* office space ( 402 sqm )
* office space ( 477 sqm )
* office space ( 1,174 sqm )

flexible spaces with the possibility of increasing the area according to the tenant's preference

- equipped with (gree) air conditioning and fully finished (unfurnished)

- building features:
• supermarket (tamimi markets), restaurants, and cafes serving employees and visitors
• basement parking accommodating more than 400 cars
• external parking accommodating more than 200 cars
• private entrances for offices
• private elevators for offices
• wide corridors to ensure ease of movement and comfort (crema marfil marble flooring)
• the building is licensed and fully equipped with civil defense systems
• security and surveillance cameras
• security guard services
• 24-hour cleaning services
• public transportation station located within the complex

price per sqm: 980 sar onlyAr Rabwah, Riyadh",https://sa.aqar.fm/en/office-for-rent/riyadh/center-of-riyadh/ar-rabwah/office-for-rent-6853885
Apartment For Rent,27000,780.0,"Apartment for Rent in Riyadh Al Khaleej§27,000/annually780m²211* bachelor apartment for rent *
consists of: 2 bedrooms + living room + kitchen + bathroom
independent electricity meter
location: al-khaleej district, mohammed ismail al-sanani streetAl Khaleej, Riyadh",https://sa.aqar.fm/en/apartment-for-rent/riyadh/east-of-riyadh/al-khaleej/apartment-for-rent-6904200
Flat For Sale,640,640000187.0,"Floor for Sale in Riyadh Okaz§640,000187m²5assalamu alaikum wa rahmatullahi wa barakatuh
details 👇
ground floor:
- car entrance
- women's entrance
- men's sitting room with bathroom and washbasins
- maqlit (multipurpose room)
- kitchen
- 2 master bedrooms
- 2 bedrooms with shared bathroom

we also offer all types of financing solutions

for contact and inquiries: ((Advertiser's number appears upon contact))Okaz, Riyadh",https://sa.aqar.fm/en/flat-for-sale/riyadh/south-of-riyadh/okaz/flat-for-sale-6861198
Villa For Sale,1200,1200000375.0,"Villa for Sale in Riyadh Dahiat Namar§1,200,000375m²352**project 20**

**a golden residential and investment opportunity in dahiyat namar! 🏡✨**

we are pleased to offer you a ground-floor villa (structurally designed to accommodate three apartments), featuring elegant architectural design and modern finishes that meet your family's aspirations and ensure a promising investment future.

📍 **location & specifications:**

- **location:** dahiyat namar district
- **street width:** 15 meters
- **façade:** north-facing

**construction area & interior layout:**
- spacious car entrance and courtyard
- independent outdoor fireplace/sitting area for receiving guests
- spacious men's reception lounge with restroom and washbasins
- large dining area
- family living room and women's lounge (can be separated for complete privacy)
- fully equipped kitchen
- 3 bedrooms (including a master bedroom with en-suite facilities)

🔒 **guarantees & official documentation:**
- the villa comes with all paperwork and comprehensive warranties, including a **10-year hidden defects insurance**
- holds a **building completion certificate** and is ready for immediate title transfer
- accepts all financing and banking solutions

💡 **note:**
we have other offers with different sizes and prices across various projects in south and west riyadh to suit all your needs.

do not hesitate to contact us.Dahiat Namar, Riyadh",https://sa.aqar.fm/en/villa-for-sale/riyadh/west-of-riyadh/dahiat-namar/villa-for-sale-6898378
Flat For Sale,550,550000185.0,"Floor for Sale in Riyadh Dirab§550,000185m²331👈 for sale – cash or installments: upper floor with independent title deed in al-fawaz district, dirab, riyadh.

land area: 312 sqm
price: 550,000 sar – negotiable

💥 close to all services, with all provided warranties, engineering supervision, and insurance.

👈 the unit consists of:
- car yard
- two entrances
- men's sitting room (majlis)
- maqlat
- living room
- kitchen
- laundry room
- 3 bathrooms

👈 close to all services and near dirab road.

💥 personal workmanship, excellent design, luxurious finishes. we also have other properties at different prices and sizes suitable for all real estate financing options.

💥💥 we provide all bank financing solutions, including debt settlement, financial obligations coverage, and down payment assistance if required.

for inquiries and contact – call or whatsapp: abu nasserDirab, Riyadh",https://sa.aqar.fm/en/flat-for-sale/riyadh/west-of-riyadh/dirab/flat-for-sale-6841566
Apartment For Rent,29000,750.0,"Apartment for Rent in Riyadh An Nasim Al Gharbi§29,000/annually750m²221((small family wanted, no monthly rent))
the location is correct in the listing, but anyone wishing to view the property must come to the office; the office location is mentioned at the end of the listing.
family apartment for rent in al-naseem al-gharbi district, fully renovated, with a rooftop, on the third floor, on a wide street and just steps from khurais road. it consists of two bedrooms, a living room, two bathrooms, and a kitchen. the electricity meter is shared equally with another apartment. annual rent is 29,000 riyals, paid in two installments.
contact: al-zuman real estate office ((the number appears when you click call)).
office location: al-naseem al-gharbi district, abdullah bin masoud street, opposite al-dhiyab mosque.An Nasim Al Gharbi, Riyadh",https://sa.aqar.fm/en/apartment-for-rent/riyadh/east-of-riyadh/an-nasim-al-gharbi/apartment-for-rent-6886755
Flat For Sale,750,750000132.0,"Floor for Sale in Riyadh Ar Rimal§750,000132m²5🏡 **for sale: upper townhouse** 🏡

⬅️ east riyadh ➡️
al-rimal ribal district

🏡🏡🏡🏡🏡🏡🏡🏡

**street / 20**

**north-facing**

**area: 132 sqm**

**first floor consists of:**
- car entrance
- passenger elevator
- men's sitting room with bathroom
- reception hall
- bedroom
- kitchen
- shared bathroom

**second floor consists of:**
- master bedroom
- bedroom
- bedroom
- shared bathroom
- rooftop

we welcome your offers and inquiries.
**ahkam al-rimal real estate company**

for contact:
0558558420
abu turkiAr Rimal, Riyadh",https://sa.aqar.fm/en/flat-for-sale/riyadh/east-of-riyadh/ar-rimal/flat-for-sale-6900215
Warehouse For Rent,180000,900.0,"Warehouse for Rent in Riyadh Al Mishal§180,000/annually900m²warehouse with an area of 900 sqm, net storage space 600 sqm
high-risk civil defense system
administrative office with a bathroomAl Mishal, Riyadh",https://sa.aqar.fm/en/warehouse-for-rent/riyadh/south-of-riyadh/al-mishal/warehouse-for-rent-6814142
Apartment For Rent,85000,112.0,"Apartment for Rent in Riyadh Al Yasmin§85,000/annually112m²221new furnished apartment
consisting of:
two bedrooms, one of which is a master bedroom, a spacious living room, and two bathrooms.

the apartment is fully furnished, in a prime location, and close to all services.
it has a private parking space in front of the building.

to contact:
omar: ((Advertiser's number appears upon contact))
abdullah: ((Advertiser's number appears upon contact))Al Yasmin, Riyadh",https://sa.aqar.fm/en/apartment-for-rent/riyadh/north-of-riyadh/al-yasmin/apartment-for-rent-6804404
Apartment For Rent,80000,115.0,"Apartment for Rent in Riyadh Qurtubah§80,000/annually115m²221luxury apartment for rent in qurtuba district
(smart entry) – new, first occupant
in the (al-bayt) project

area: 115 m²

consists of:
2 bedrooms + large living room + kitchen + 2 bathrooms + storage room
(built-in kitchen – split air conditioners installed)

notes:
- master bedroom available
- private parking available
- oven, microwave, and electric oven included

price: 80,000 in two installments
or 75,000 in one payment

basmat al-ibda'a real estate
leasing – sales – property management – full building rental
((number appears when pressing call)) 553918555Qurtubah, Riyadh",https://sa.aqar.fm/en/apartment-for-rent/riyadh/east-of-riyadh/qurtubah/apartment-for-rent-6791680
Apartment For Sale,620,620000114.0,"Apartment for Sale in Riyadh An Nasim Ash Sharqi§620,000114m²331sales have started in sawaid 5 project
district: al-safwa
the project's location is distinguished by its proximity to:
national guard hospital – 2 min
king saud university for health sciences – 2 min
second ring road – 2 min
location is verified on the aqar app ✅
each apartment has a separate electricity meter ✅
separate water meter ✅

building b

apartment 7b

area: 127.28
private portions: 19.12
consists of:
living room, sitting area, bathroom, kitchen, laundry room, storage room, master bedroom, two bedrooms, bathroom

sale without commission 🔥

all warranties available ✅An Nasim Ash Sharqi, Riyadh",https://sa.aqar.fm/en/apartment-for-sale/riyadh/east-of-riyadh/an-nasim-ash-sharqi/apartment-for-sale-6771425
Big Flat For Rent,90000,107.0,"Floor for Rent in Riyadh Al Yasmin§90,000/annually107m²2a brand-new luxurious floor in an exceptional location that combines comfort and tranquility.
located only 3 minutes away from dr. suleiman al-habib hospital (al-sahafa branch), and a 10-minute walk from the metro station, making commuting as easy as possible.

the floor is distinguished by being in a very upscale and quiet neighborhood, providing you and your family with an ideal living and relaxation environment.
a rare opportunity for those seeking a new floor in a vibrant location.

unit components:
- 2 bedrooms
- 3 bathrooms
- dining room
- kitchen
- living room
- 2 laundry rooms
- back roof
- front facade roof
- private parking
- rent: 90,000
- installed air conditioners
- fitted kitchen

https://maps.app.goo.gl/psxzziyfl9tnbcr86?g_st=ipcAl Yasmin, Riyadh",https://sa.aqar.fm/en/big-flat-for-rent/riyadh/north-of-riyadh/al-yasmin/big-flat-for-rent-6899568
Apartment For Sale,480,480000149.0,"Apartment for Sale in Riyadh Tuwaiq§480,000149m²43**for sale: distinctive apartment on the first floor – 150 m²**

a wonderful opportunity for family living in a prime location, close to all services.

🔹 **apartment features:**

* 3 bedrooms, including a master bedroom.
* spacious living room (majlis).
* comfortable family lounge.
* fully equipped and fitted kitchen.
* storage room that can be converted into a maid's room.
* 3 bathrooms.

✨ the apartment is distinguished by its well-distributed spaces and quality finishes, providing comfort and privacy for all family members.Tuwaiq, Riyadh",https://sa.aqar.fm/en/apartment-for-sale/riyadh/west-of-riyadh/tuwaiq/apartment-for-sale-6903324
Apartment For Sale,980,980000150.0,"Apartment for Sale in Riyadh Al Arid§980,000150m²3new apartment for sale 🏠

area | 140 sqm
floor | first
project | lawzan residence
location | al-aarid

✨ specifications ✨
master bedroom
two bedrooms with a shared bathroom
living room
maid's room
built-in kitchen
built-in air conditioners

new building
modern finishing and elegant façade

🌟 price 🌟
980,000
bank financing or cash accepted

for coordination, dear client ♥️
contact us via whatsapp and we will be happy to serve youAl Arid, Riyadh",https://sa.aqar.fm/en/apartment-for-sale/riyadh/north-of-riyadh/al-arid/apartment-for-sale-6809009
Apartment For Rent,3500,1776.0,"Apartment for Rent in Riyadh Ash Sharq§3,500/annually1,776m²221luxury and new bachelor apartments for rent in al-bayan district

* basement entrance with private parking
* elevator included
* kitchen included
* air conditioners included
* oven included
* refrigerator available
* rent includes electricity and water
―――――――――――――――――――――
apartments consist of:

2 bedrooms / living room / kitchen / 2 bathrooms
3,500 monthly ✅
―――――――――――――――――――――

al-sharq contracts office for real estate servicesAsh Sharq, Riyadh",https://sa.aqar.fm/en/apartment-for-rent/riyadh/east-of-riyadh/ash-sharq/apartment-for-rent-6896248
Office For Rent,36000,277.0,"Commercial Office for Rent in Riyadh Umm Al Hamam Al Sharqi§36,000/annually277m²there is an office with a bathroom on the main um al-hamam street, opposite panda.
rent: 36,000Umm Al Hamam Al Sharqi, Riyadh",https://sa.aqar.fm/en/office-for-rent/riyadh/west-of-riyadh/umm-al-hamam-al-sharqi/office-for-rent-6873380
Apartment For Sale,600,600000110.0,"Apartment for Sale in Riyadh Shubra§600,000110m²331for sale in al-suwaydi al-gharbi district
apartment project
excellent location, close to services
2 minutes from sulaiman al-habib hospital
sizes starting from 120 sqm
prices starting from 600,000
the apartment consists of a men's sitting room, a living room, a kitchen, three bedrooms, and three bathrooms
available apartments on the ground floor, upper floors, and apartments with rooftop accessShubra, Riyadh",https://sa.aqar.fm/en/apartment-for-sale/riyadh/west-of-riyadh/shubra/apartment-for-sale-6874876
Riyadh,41,,41,https://sa.aqar.fm/en/all/riyadh/41
Land For Sale,3900,3900000600.0,"Land for Sale in Riyadh An Narjis§3,900,000600m²12mResidential🏡 residential land for sale | al-narjis district

📍 location: al-narjis district – south of anas ibn malik road, west of othman ibn affan road, first western kilometer.

📐 plot number: 1141
📏 area: 600 m²
💰 price per meter: 6,500 sar
💵 total price: 3,900,000 sar

✨ features:
• located on two streets
• northern street width: 12 meters
• southern street width: 10 meters
• flat land
• close to a mosque
• prime location suitable for residential and investment purposes

📄 brokerage contract number: 6201078940

📞 contact:
((number appears upon pressing call))
((number appears upon pressing call))An Narjis, Riyadh",https://sa.aqar.fm/en/land-for-sale/riyadh/north-of-riyadh/an-narjis/land-for-sale-6870626
Studios For Rent,42,4200035.0,"Studio for rent in Riyadh Al Munsiyah§42,00035m²for monthly rent – luxury furnished studio in east riyadh | al munsiyah district

a fully furnished studio with modern finishing, suitable for individuals, in a prime location in al munsiyah district in east riyadh, with flexible contracts and competitive prices.

features:

* studio (bedroom + kitchen + bathroom)
* contract documentation through the ejar platform
* includes electricity, water, and internet
* free maintenance throughout the contract period (electrical and plumbing)
* kitchen fully equipped with all cooking utensils
* washing machine
* furniture and appliances ready for occupancy

location:

* 18 minutes from king khalid international airport
* 10 minutes from princess nourah university
* 10 minutes from riyadh front
* 25 minutes from boulevard riyadh city
* 1 minute walk to restaurants, cafés, supply centers, and laundromats

pricing:

* 3,500 sar per month
* 19,000 sar semi-annually
* 36,000 sar annually

📞 for inquiries and contact, please reach out via phone call or whatsappAl Munsiyah, Riyadh",https://sa.aqar.fm/en/Studios-for-rent/riyadh/east-of-riyadh/al-munsiyah/Studios-for-rent-6766753
Apartment For Rent,3500,85.0,"Apartment for Rent in Riyadh King Faisal§3,500/annually85m²211apartments are available for reservation.
for viewing and inquiries:
yousef: ((number appears when you press call))

💥 fully renovated building 💥

available:
- one bedroom, living room, and kitchen: 3,000/month
- two bedrooms, living room, and kitchen: 3,500/month

prices include electricity and water 👍🏻

king faisal district – al-qusaibi street

property features:
- first occupant after renovation ✅
- new air conditioners and kitchens ✅
- new sanitary ware and plumbing materials ✅
- convenient location with all services available ✅
- monthly or annual payment options ✅

apartments are available for reservation.
for viewing and inquiries:
yousef: ((number appears when you press call))King Faisal, Riyadh",https://sa.aqar.fm/en/apartment-for-rent/riyadh/east-of-riyadh/king-faisal/apartment-for-rent-6769365
Lounge For Rent,24000,405.0,"Rest House for Rent in Riyadh Uraidh§24,000/annually405m²2rukn salim real estate company
rest house for rent in oraija
area: 202.5
consists of a room, a large men's sitting room, two bathrooms, a kitchen, and a garage that can accommodate more than one car
two installments: 20,000
four installments: 22,000
monthly: 24,000
contact: 0506451462Uraidh, Riyadh",https://sa.aqar.fm/en/lounge-for-rent/riyadh/south-of-riyadh/uraidh/lounge-for-rent-6815715
Studios For Rent,35,35000506.0,"Studio for rent in Riyadh Ad Dhubbat§35,000506m²for rent: apartment consisting of 1 room + living room + bathroom + kitchen
the apartment is fully furnished.

building features:
- close to the metro station
- opposite the parking lot of al quwwat al amniyah (security forces) hospital
- close to all services and roads
- building has a security guard and continuous cleaning
- tenants are generally healthcare staff and engineersAd Dhubbat, Riyadh",https://sa.aqar.fm/en/Studios-for-rent/riyadh/center-of-riyadh/ad-dhubbat/Studios-for-rent-6824171
Apartment For Rent,50000,123.0,"Apartment for Rent in Riyadh Al Mahdiyah§50,000/annually123m²21✨ luxury apartments for rent – modern design & full amenities ✨

alwan al-yanabi real estate office announces the availability of luxury residential apartments for rent, distinguished by their spaciousness and high quality, offering you and your family a comfortable and complete living experience.

📌 apartment features & specifications:
kitchen: fully fitted and ready to use.
air conditioning: fully installed units (ready to operate).

🏡 apartment details & layout:
independent men's sitting room (for privacy and receiving guests).
spacious and bright family living room.
kitchen with an excellent design and layout.

bedrooms:
👑 master bedroom (with headboard and private bathroom).
🛏️ (1) additional spacious bedroom.
external bathroom serving the living room and sitting room.

💰 price: 50,000 sar annually.

📥 for inquiries & viewing:
contact us now at alwan al-yanabi office via the link or by calling:
[(number appears when you click call)]Al Mahdiyah, Riyadh",https://sa.aqar.fm/en/apartment-for-rent/riyadh/west-of-riyadh/al-mahdiyah/apartment-for-rent-6779989
Big Flat For Rent,60000,900.0,"Floor for Rent in Riyadh Al Mahdiyah§60,000/annually900m²31first floor with roof for rent

al-mahdiyah district

rent: 60,000, paid in two installments

east-facing

air conditioners installed
kitchen installed

*floor details*

men's majlis (sitting room)

maqlat (second sitting/reception room)

kitchen

family living room

2 master bedrooms

bedroom with an external bathroom

roofAl Mahdiyah, Riyadh",https://sa.aqar.fm/en/big-flat-for-rent/riyadh/west-of-riyadh/al-mahdiyah/big-flat-for-rent-6874471
Flat For Sale,600,600000214.0,"Floor for Sale in Riyadh Dahiat Namar§600,000214m²332welcome 📢 i present to you a special offer for ownership or investment

located in dahiyat namar neighborhood, plan 3020, west riyadh

**for sale: first floor apartment in dahiyat namar 3020**

it consists of:
- shared entrance with the apartment and an elevator
- the floor includes: a men's sitting room, dining room, family living room, kitchen, and 3 bedrooms

---

**our services for you** 📢
- ▪️ we provide other offers with different designs, spacious areas, and varying prices
- ▪️ providing easy financing solutions and completing all banking procedures in the shortest possible timeDahiat Namar, Riyadh",https://sa.aqar.fm/en/flat-for-sale/riyadh/west-of-riyadh/dahiat-namar/flat-for-sale-6882924
Building For Sale,5600,5600000900.0,"Building for Sale in Riyadh An Nasim Ash Sharqi§5,600,000900m²30m**apartment building for sale – al-naseem district**

assalamu alaikum wa rahmatullahi wa barakatuh

for sale: an apartment building in al-naseem district, riyadh city
jubair bin al-huwairith street
plan no. 2689, plot no. 156
30m north street / 20m west street
area: 900 square meters

**note:** annual income approximately 300,000 sar.

**encumbrances:** none
**utilities:** electricity, water
**disputes:** none
**obligations:** each apartment is rented under an individual contract

---

💰 **price:**
- 6,000,000 sar
- 5% real estate transaction tax
- 2.5% commission

**minimum acceptable offer: 4,000,000 sar net**

---

**for contact and inquiries:**
abu abdullah
📞 ((advertiser's number appears upon contact))
abdul aziz abdullah al-junaidel real estate establishment
ad responsible: abdul aziz abdullah abdul aziz al-junaidel
advertiser status: real estate broker and marketer

---

**fal brokerage and marketing license:** 1200019056
**brokerage contract number:** 6200833603
**real estate advertising license:** 7201034478
**license expiry date:** 31/12/2026An Nasim Ash Sharqi, Riyadh",https://sa.aqar.fm/en/building-for-sale/riyadh/east-of-riyadh/an-nasim-ash-sharqi/building-for-sale-6765695
Big Flat For Rent,45000,158.0,"Floor for Rent in Riyadh Ash Sharq§45,000/annually158m²332nod real estate | نُود العقارية 🏡

rental listing | for rent

🏢 ground floors for rent

📍 location: al murjan
📐 area: 182.85 m²

⸻

🔷 property details:

▪️ majlis
▪️ living room
▪️ dining room
▪️ kitchen
▪️ 3 bedrooms (including master)
▪️ 3 bathrooms
▪️ yard – maid room – private parking

⸻

💡 features:

✔ prime location
✔ close to major landmarks and key amenities
✔ high quality finishing
✔ plumbing & electrical warranty

⸻

💰 price:

rental price starting from: 45,000 sarAsh Sharq, Riyadh",https://sa.aqar.fm/en/big-flat-for-rent/riyadh/east-of-riyadh/ash-sharq/big-flat-for-rent-6869044
Apartment For Rent,75000,139.0,"Apartment for Rent in Riyadh Al Malqa§75,000/annually139m²211✨ luxury furnished apartment for rent – rose residence project | al malqa district ✨

📍 location: al malqa district – rose residence project
📌 prime location in one of the most prestigious neighborhoods in north riyadh, close to main roads and all services.

🏡 unit details:
• 2 bedrooms
• living room
• 1 bathroom
• fully furnished with luxury furniture
• fully fitted kitchen equipped with appliances
• dishwasher
• ready to move in

💰 annual rent:
• sar 75,000 – single payment
• sar 80,000 – two payments

for inquiries or to schedule a viewing, please get in touch.Al Malqa, Riyadh",https://sa.aqar.fm/en/apartment-for-rent/riyadh/north-of-riyadh/al-malqa/apartment-for-rent-6853142
Apartment For Rent,45000,124.0,"Apartment for Rent in Riyadh Al Ezdihar§45,000/annually124m²321luxury apartment for rent in al-izdihar district (families)

it consists of:
living room + hall + 2 bedrooms + kitchen + 2 bathrooms
independent electricity meter

features:
sufficient parking for tenants

note: unfurnished
close to services and schools
price: 45,000

al-nakhba al-thabita real estate company

((number appears when pressing call)) - ((number appears when pressing call)) 2690006Al Ezdihar, Riyadh",https://sa.aqar.fm/en/apartment-for-rent/riyadh/east-of-riyadh/al-ezdihar/apartment-for-rent-6876753
Villa For Sale,500,500000201.0,"Villa for Sale in Riyadh Taiba§500,000201m²543in the name of allah, the most gracious, the most merciful
may allah bless your time with all goodness

💫 property details
▫️ taybah district – close to all services, schools, parks, and shopping centers
▫️ property type:
▫️ upper townhouse – area: 245 sqm
consists of: car entrance, men's sitting room with a tiled bathroom, living room, 3 bedrooms, kitchen, 2 halls – priced at 500,000 sar with an external staircase
townhouse available in both upper and ground floor options

▫️ property area: 270 sqm – with internal staircase – priced at 550,000 sar
▫️ property description:
car entrance, tiled men's sitting room, living room, kitchen, 4 bedrooms including a master bedroom, with rooftop access

💫 we offer a property with a modern design and luxurious finishes, ready for immediate occupancy or successful investment, meeting all family needs.

💫 projects available at various distinctive prices and diverse spaces
💫 we work with all banks and private companies
💫 we provide the highest available financing with the lowest profit margin and unified installments
we offer debt settlement and provide the down payment for free – with no interest

💫 we have easy and flexible financing solutions for civilians, military personnel, and retirees.
💫 option to transfer from one bank to another
💫 bank procedures completed as quickly as possible
💫 all warranties are available including electrical, plumbing, insulation, and other guarantees, along with comprehensive building insurance in accordance with the new saudi building code

contact us via whatsapp or phone call
project (( 7 ))Taiba, Riyadh",https://sa.aqar.fm/en/villa-for-sale/riyadh/south-of-riyadh/taiba/villa-for-sale-6745971
Apartment For Sale,850,85000095.0,"Apartment for Sale in Riyadh Al Malqa§850,00095m²321for sale: apartment in a building

location: riyadh, al malqa district
first floor above ground.
area: 95 sqm
fully furnished
living room + 2 bedrooms + hall + 2 bathrooms + kitchen.
independent electricity meter ✅
facing a park and mosque ✅
sold with furniture ✅

monthly rental income: approximately 7,000 sar
price: 850,000 sar

cash sales only — bank financing not accepted.

for more details, whatsapp: 0598060010Al Malqa, Riyadh",https://sa.aqar.fm/en/apartment-for-sale/riyadh/north-of-riyadh/al-malqa/apartment-for-sale-6898693
Villa For Sale,3600,3600000300.0,"Villa for Sale in Riyadh An Narjis§3,600,000300m²543**(villa for sale)**

there is a building completion certificate, hidden defects insurance, engineering supervision, and all warranties.

- **location:** al-narjis
- **area:** 300 sqm
- **street width:** 20 meters

**ground floor:**
---
living room, reception, tiled flooring, kitchen, central air conditioning (installed and established), elevator, driver's room, maid's annex.

**first floor:**
---
4 master bedrooms and a living area.

**rooftop:**
---
bedrooms, living area, rooftop space, and laundry area.An Narjis, Riyadh",https://sa.aqar.fm/en/villa-for-sale/riyadh/north-of-riyadh/an-narjis/villa-for-sale-6755264
Apartment For Rent,28000,625.0,"Apartment for Rent in Riyadh An Nasim Al Gharbi§28,000/annually625m²21**a small family is required, and there is no monthly rent.**

**the exact location is mentioned in the listing, but those who wish to inspect the property must come to the office. the office location is mentioned at the end of the listing.**

a family apartment for rent in al-naseem al-gharbi district, a prime location with high-end finishing, installed air conditioners and a fitted kitchen. a ground-floor apartment in a building on abdullah bin masoud street, consisting of two rooms, a bathroom, and a kitchen **(without a living room)**. electricity is shared with one other apartment. annual rent: 28,000 sar, payable in two installments. water: 500 sar per year.

for contact: al-zuman real estate office **(the number appears when you press ""call"")**

**office location:** al-naseem al-gharbi district, abdullah bin masoud street, opposite al-dhiyab mosque.An Nasim Al Gharbi, Riyadh",https://sa.aqar.fm/en/apartment-for-rent/riyadh/east-of-riyadh/an-nasim-al-gharbi/apartment-for-rent-6875931
Big Flat For Rent,44000,375.0,"Floor for Rent in Riyadh An Nasim Al Gharbi§44,000/annually375m²641((small family required, no monthly rent))
((the location is accurate in the ad, but anyone wishing to view the property must come to the office; the office location is mentioned at the end of the ad))
upper-floor apartment (directly above ground level) for rent to families in al-naseem al-gharbi neighborhood. very prime location on a wide street, close to al-salam metro station. private entrance, with a courtyard and car entrance, and includes a rooftop. consists of a majlis (formal sitting room), a family living room, three bedrooms, a hall, 3 bathrooms, and a kitchen. there is a room with a bathroom on the rooftop. separate electricity meter. annual rent is 44,000 riyals, paid in two installments.
to contact: al-zumaan real estate office ((the number appears when you click on call))
office location: al-naseem al-gharbi neighborhood, abdullah bin masoud street, opposite al-dhiyab mosque.An Nasim Al Gharbi, Riyadh",https://sa.aqar.fm/en/big-flat-for-rent/riyadh/east-of-riyadh/an-nasim-al-gharbi/big-flat-for-rent-6877711
Apartment For Rent,52000,900.0,"Apartment for Rent in Riyadh Ar Rayan§52,000/annually900m²331apartment for rent in al-rayan district
it consists of:
living room + hall + 2 bedrooms + kitchen + 2 bathrooms
(built-in kitchen - split air conditioners installed)

notes:
- storage room available
- maid's room + bathroom available

price: 53,000

al-ibda'a al-aqaria (creative real estate)
rental - sales - property management - full building leasing
((number appears when pressing call)) 559638555Ar Rayan, Riyadh",https://sa.aqar.fm/en/apartment-for-rent/riyadh/east-of-riyadh/ar-rayan/apartment-for-rent-6794878
Apartment For Sale,600,600000125.0,"Apartment for Sale in Riyadh An Nasim Ash Sharqi§600,000125m²332sales have started in suwaed 5 project
district: al-safwa
the project is distinguished by its proximity to:
national guard hospital – 2 minutes
king saud university for health sciences – 2 minutes
second ring road – 2 minutes
location is verified on the aqar app ✅
sale without commission ✅😇

building b

apartmentAn Nasim Ash Sharqi, Riyadh",https://sa.aqar.fm/en/apartment-for-sale/riyadh/east-of-riyadh/an-nasim-ash-sharqi/apartment-for-sale-6771440
Villa For Sale,2000,2000000351.0,"Villa for Sale in Riyadh Al Qadisiyah§2,000,000351m²6villa for sale in al-qadisiyyah district
area: 350 sqm
one floor and three apartments
ground floor and three upper apartments, each apartment with two entrances
apartments are rented for approximately 100,000 (sar)
property age: 12 years
personally builtAl Qadisiyah, Riyadh",https://sa.aqar.fm/en/villa-for-sale/riyadh/east-of-riyadh/al-qadisiyah/villa-for-sale-6874277
Riyadh,42,,42,https://sa.aqar.fm/en/all/riyadh/42
Apartment For Sale,530,530000138.0,"Apartment for Sale in Riyadh Ash Sharq§530,000138m²333al-ra'id real estate marketing company
we offer you the best real estate deals in north and east riyadh — a villa floors project in al-wisam district.

🔶 apartment consisting of:
elevator + 2 entrances + men's sitting room + living room + kitchen + 2 master bedrooms (one with a walk-in closet) + private rooftop

🔶 financing solutions available at all banks
🔶 possibility of providing the down payment
🔶 possibility of settling existing debts

for inquiries, call or contact via whatsapp:
((number appears when you press ""call""))Ash Sharq, Riyadh",https://sa.aqar.fm/en/apartment-for-sale/riyadh/east-of-riyadh/ash-sharq/apartment-for-sale-6881185
Apartment For Sale,820,820000161.0,"Apartment for Sale in Riyadh Al Mahdiyah§820,000161m²431for sale: a modern apartment in a new residential building.

area: 161 m²
second floor
the apartment consists of:
- entrance and a spacious living room
- a bathroom serving the living room
- kitchen
- 3 bedrooms, one of them a master
- a bathroom serving the two other bedrooms
- private parking spot for the apartment

sale price: 820,000Al Mahdiyah, Riyadh",https://sa.aqar.fm/en/apartment-for-sale/riyadh/west-of-riyadh/al-mahdiyah/apartment-for-sale-6903213
Villa For Rent,65000,258.0,"Villa for Rent in Riyadh Al Janadriyah§65,000/annually258m²4villa for rent – al janadriyah district | riyadh

the villa consists of three floors, in addition to an external driver's room with a private bathroom.

**ground floor:**

* two majlis (reception rooms).
* a spacious living room.
* kitchen.
* two bathrooms.

**first floor:**

* living room.
* four bedrooms:
    * two bedrooms sharing a common bathroom.
    * two master bedrooms, each with its own private bathroom.
* the main suite includes a walk-in closet.

**second floor:**

* maid's room.
* laundry room.
* bathroom.

**rental price:**

* 60,000 – single payment
* 65,000 – two paymentsAl Janadriyah, Riyadh",https://sa.aqar.fm/en/villa-for-rent/riyadh/east-of-riyadh/al-janadriyah/villa-for-rent-6765071
Apartment For Rent,80000,153.0,"Apartment for Rent in Riyadh Al Yasmin§80,000/annually153m²3✨ for rent: rear-facing apartment – al majdiah residence 90 ✨

- neighborhood | al yasmeen – al-kifah street, next to king salman road
- area | 153 m²
- project | al majdiah residence 90
- floor | 1st floor
- building b

✨ specifications ✨
- 3 bedrooms
- majlis
- living room
- maid's / laundry room
- 4 bathrooms
- installed air conditioners
- fitted kitchen
- private covered parking space

🌟 price 🌟
- sar 80,000 – one payment
- sar 85,000 – two payments

for coordination, dear client ♥️
contact us via whatsapp and we will be happy to serve you.Al Yasmin, Riyadh",https://sa.aqar.fm/en/apartment-for-rent/riyadh/north-of-riyadh/al-yasmin/apartment-for-rent-6861961
Apartment For Rent,80000,114.0,"Apartment for Rent in Riyadh Ghirnatah§80,000/annually114m²4three rooms, a hall, a kitchen, and two bathrooms
with a rooftop
in al-majidiya building, ghirnatah district
built-in air conditioners, built-in kitchen
ghirnatah
price: 80,000Ghirnatah, Riyadh",https://sa.aqar.fm/en/apartment-for-rent/riyadh/east-of-riyadh/ghirnatah/apartment-for-rent-6794946
Big Flat For Rent,65000,325.0,"Floor for Rent in Riyadh Al Yarmouk§65,000/annually325m²531ground floor, east yarmouk
five rooms, living room, kitchen, and three bathrooms
car entrance and yard

negotiableAl Yarmouk, Riyadh",https://sa.aqar.fm/en/big-flat-for-rent/riyadh/east-of-riyadh/al-yarmouk/big-flat-for-rent-6878151
Apartment For Sale,940,940000141.0,"Apartment for Sale in Riyadh Al Yarmouk§940,000141m²3booking and sales have started for a residential apartment project in al-yarmouk neighborhood

👈 prime location near dammam road and king saud road
👈 modern finishes
👈 smart home
👈 comprehensive warranties for plumbing, electricity, and utilities
👈 sound, thermal, and water insulation
👈 private parking

✨ down payment financing available


👈 the apartment consists of:
🔹 separate men's sitting room
🔹 living room
🔹 kitchen
🔹 laundry room
🔹 three bedrooms
🔹 three bathrooms
🔹 private parking


📞 for contact:

0502020718
abu sajiAl Yarmouk, Riyadh",https://sa.aqar.fm/en/apartment-for-sale/riyadh/east-of-riyadh/al-yarmouk/apartment-for-sale-6723048
Flat For Sale,820,820000189.0,"Floor for Sale in Riyadh Al Janadriyah§820,000189m²431we are pleased to present to you al-raed real estate company

ground floor unit in ghusoon district
modern design

area: 189 sqm
south-facing
15m street width

consisting of:
* car parking
* men's sitting room with bathroom and washbasins
* dining room
* 3 bedrooms including a master bedroom
* storage room / laundry room
* living room
* kitchen

warranties:
# engineering supervision certificate
# thermal insulation certificate
# 15-year plumbing warranty from al-anabib al-khadra company
# 25-year electrical warranty from al-fanar company
# building completion certificate available

- option to pay the first installment
- debt settlement available
- we work with all banks and companies
((number appears when you press call))Al Janadriyah, Riyadh",https://sa.aqar.fm/en/flat-for-sale/riyadh/east-of-riyadh/al-janadriyah/flat-for-sale-6879510
Flat For Sale,590,590000228.0,"Floor for Sale in Riyadh Dahiat Namar§590,000228m²542**specifications**
~3 bedrooms (3 master), men's majlis and reception room,
kitchen and large hall, elevator, private balconies.

**neighborhood:** namar suburb 3020 (plan d)
eastern street 20
prime location, less than 1 km from ajyad road

**area:** 410 m² – full land area
**façade:** modern contemporary
**general specifications:**
- private car entrance for each unit
- independent electricity meter and water tank
- full engineering supervision from excavation to finishing
- warranties on all works, insulation, and installations
- all materials are original with warranty
- video documentation of all construction worksDahiat Namar, Riyadh",https://sa.aqar.fm/en/flat-for-sale/riyadh/west-of-riyadh/dahiat-namar/flat-for-sale-6879392
Workshops For Rent,2950002,2950002873.0,"Workshop for rent in Riyadh Al Mishal§295,0002,873m²for rent: workshop in al-sali district
featuring two adjacent gates

total area: 1,344 sqm
civil defense: medium risk classification
includes two administrative offices and two restrooms
plastered and painted
all licensing documents are complete

for inquiries:
al-sunaidi real estate development
0598955999

🛑 we have other offers available for all warehouse and workshop sizes 🛑Al Mishal, RiyadhDistrict Broker",https://sa.aqar.fm/en/Workshops-for-rent/riyadh/south-of-riyadh/al-mishal/Workshops-for-rent-6824447
Apartment For Rent,75000,150.0,"Apartment for Rent in Riyadh Qurtubah§75,000/annually150m²331for rent, an apartment in
qurtuba district
in makeen project
the apartment is on the ground floor
it consists of:
three bedrooms
including a master bedroom
a living room and a lounge
open to each other
three bathrooms
a fitted kitchen with installed air conditioners
a laundry room
a private parking space
an elevator
an independent electricity meter
price: 70,000 in one payment
or 75,000 in two paymentsQurtubah, Riyadh",https://sa.aqar.fm/en/apartment-for-rent/riyadh/east-of-riyadh/qurtubah/apartment-for-rent-6807713
Studios For Rent,3,380040.0,"Studio for rent in Riyadh Qurtubah§3,80040m²qurtuba apartments

monthly rent

📍 new studio for rent – qurtuba district 🏡

prime location, close to all services
distance from:
* king khalid airport – 20 km ✈️
* sabic – 2 km
* park avenue mall – 4 km 🎠🎡
* sabic metro station – 5 km 🚄

close to all services
(supermarket – laundries – schools)

📍 new-design studio consisting of: 🚪
- room 🛏️🛋️🪟
- kitchen 🍽️
(microwave – electric stove – kettle – automatic washing machine)

- bathroom 🛁🚿

all utilities included:
- electricity
- water
- internet

monthly price: 4,000 💵Qurtubah, Riyadh",https://sa.aqar.fm/en/Studios-for-rent/riyadh/east-of-riyadh/qurtubah/Studios-for-rent-6823293
Flat For Sale,1220,1220000105.0,"Floor for Sale in Riyadh An Narjis§1,220,000105m²541# adwar sahn 3

**adwar sahn 3 project**

---

## ground floor
**model – b1 – c1**

**area includes:**
- private external entrance
- garage + small courtyard
- two internal entrances
- sitting room (majlis) + bathroom
- living room with open kitchen + bathroom
- 4 bedrooms, including 3 master bedrooms
- additional bathroom adjacent to the bedrooms

**price: 1,490,000** — model b1 – c1

---

## first floor
**model – c2**

**area includes:**
- two entrances
- sitting room (majlis) + bathroom
- living room with open kitchen
- 3 bedrooms, including 2 master bedrooms
- two bathrooms adjacent to the bedrooms

**price: 1,220,000**

---

## second upper floor — **fully sold**

advertisement license: 7201006758An Narjis, Riyadh",https://sa.aqar.fm/en/flat-for-sale/riyadh/north-of-riyadh/an-narjis/flat-for-sale-6735451
Apartment For Rent,27600,600.0,"Apartment for Rent in Riyadh Dhahrat Laban§27,600/annually600m²111a semi-new bachelor apartment, one bedroom, living room, office, and bathroom, one year old, first floor with elevator, for monthly rent at 2,300 riyals, including water and electricity.Dhahrat Laban, Riyadh",https://sa.aqar.fm/en/apartment-for-rent/riyadh/west-of-riyadh/dhahrat-laban/apartment-for-rent-6757994
Apartment For Rent,52000,420.0,"Apartment for Rent in Riyadh An Narjis§52,000/annually420m²321for rent: upper apartment on the second floor with a private entrance, consisting of a living room, lounge, kitchen, two bedrooms, and two bathrooms.
rental price: 55,000 in two installments, water included.An Narjis, Riyadh",https://sa.aqar.fm/en/apartment-for-rent/riyadh/north-of-riyadh/an-narjis/apartment-for-rent-6870598
Apartment For Rent,35000,400.0,"Apartment for Rent in Riyadh An Nahdah§35,000/annually400m²3apartment for rent in al-nahda district, consisting of a living room, two bedrooms, a hall, and two bathrooms, with an independent electricity meter.An Nahdah, Riyadh",https://sa.aqar.fm/en/apartment-for-rent/riyadh/east-of-riyadh/an-nahdah/apartment-for-rent-6807431
Apartment For Rent,118000,198.0,"Apartment for Rent in Riyadh Qurtubah§118,000/annually198m²341listing no. 4193

apartment for rent | qurtuba district – makeen 30 project

a great opportunity to live in one of the most prestigious residential projects in qurtuba district, featuring high-end finishes and a prime location close to all services and main roads.

apartment specifications:
• located on the first floor
• very spacious living room
• two balconies
• fully fitted kitchen
• all air conditioners included
• maid's room
• storage room
• 4 bathrooms
• private parking space in the basement

a practical apartment with a distinctive design and comfortable spaces, suitable for families seeking quality and comfort in a vibrant location.
club and services available.
annual rent: 120,000 sar

for inquiries and contact:
abu mishari
📞 (number appears when you click ""call"")

al-ibra real estate company

our services:
• real estate marketing
• property management
• real estate development
• electronic contract drafting
• owners' association
• off-plan sales services

🕓 working hours: 4:00 pm – 10:00 pm
📲 whatsapp available 24 hoursQurtubah, Riyadh",https://sa.aqar.fm/en/apartment-for-rent/riyadh/east-of-riyadh/qurtubah/apartment-for-rent-6738984
Flat For Sale,850,850000160.0,"Floor for Sale in Riyadh As Safaa§850,000160m²231peace be upon you and god's mercy and blessings

we present to you a quality residential opportunity in one of the most beautiful projects in al-safa district. a project with high-end finishing and premium specifications, developed by jadda projects company, well known for the quality of its work.

**project details:**

- residential floors with a modern and balanced design
- smart home systems for intelligent control
- fully concealed central air conditioning
- 3 master bedrooms
- independent maid's room
- driver's room
- private entrance with spacious and carefully distributed areas
- available for cash and bank financing
- prices start from 880,000 to 1,280,000

🛎️ for the exact location, please contact:

*(number appears when pressing call)*

*(advertiser's number appears upon contact)*As Safaa, Riyadh",https://sa.aqar.fm/en/flat-for-sale/riyadh/east-of-riyadh/as-safaa/flat-for-sale-6760277
Apartment For Rent,85000,106.0,"Apartment for Rent in Riyadh Al Falah§85,000/annually106m²231new apartment for rent in al-falah neighborhood (aleen project)
(first floor)

it consists of:
2 bedrooms
living room
kitchen
3 bathrooms

features:
private outdoor parking
installed air conditioners
fully equipped built-in kitchen with all appliances

to contact:
((number appears when clicking on call))Al Falah, Riyadh",https://sa.aqar.fm/en/apartment-for-rent/riyadh/north-of-riyadh/al-falah/apartment-for-rent-6786558
Apartment For Rent,70000,95.0,"Apartment for Rent in Riyadh Al Ezdihar§70,000/annually95m²221🏠 apartment for rent – al-izdihar district
📍 second floor

consists of:
• living room
• kitchen
• two bedrooms, one of which is a master bedroom

features:
✨ balcony
private external parking
installed air conditioners
fitted kitchen
prime location

📞 contact:
((number appears when pressing call))Al Ezdihar, Riyadh",https://sa.aqar.fm/en/apartment-for-rent/riyadh/east-of-riyadh/al-ezdihar/apartment-for-rent-6861555
Riyadh,43,,43,https://sa.aqar.fm/en/all/riyadh/43
Land For Sale,540,540000500.0,"Land for Sale in Riyadh Uraidh§540,000500m²20mResidential**💫 urban real estate office 💫**

**for sale in mannah areed**

- plan no.: 2702
- plot no.: 2540
- area: 500 sqm
- street: 20m north + 10m west, opens to a utility/service road
- dimensions: 20 × 25
- close to the 80m paved main road
- close to the 40m paved road
- clear of the electricity room/substation
- flat terrain – video available
- close to al-asalah housing project and the air base
- asking price: 520 (thousands)
- selling price: negotiable (slightly below asking price)
- direct (no broker)Uraidh, Riyadh",https://sa.aqar.fm/en/land-for-sale/riyadh/south-of-riyadh/uraidh/land-for-sale-6863109
Apartment For Rent,4500,80.0,"Apartment for Rent in Riyadh An Narjis§4,500/annually80m²21**offer number 4242**

in the name of allah, the most gracious, the most merciful
please read the advertisement carefully
peace, mercy, and blessings of allah be upon you

📌 furnished apartment for rent – al narjis district

- distinguished by its location and proximity to services
it consists of:
- bedroom
- living room with kitchen

💸 rental price:

4,500 monthly

to contact:
abu rafif
((((number appears when you press call))))
abu saad
((((number appears when you press call))))

**rukn al-ibra real estate company**
our services: marketing – property management – real estate development – electronic contract writing – owners' association – off-plan sales services
working hours: from 4 pm to 10 pm
whatsapp available 24 hoursAn Narjis, Riyadh",https://sa.aqar.fm/en/apartment-for-rent/riyadh/north-of-riyadh/an-narjis/apartment-for-rent-6824279
Apartment For Sale,485,48500097.0,"Apartment for Sale in Riyadh Al Janadriyah§485,00097m²4apartment for sale in ghusun al-sharq subdivision, close to services.
it consists of four rooms and a spacious living room with a sliding door opening onto the hall, 3 bedrooms, a balcony, and a small rooftop. the sitting room is separated by a private entrance.
independent water supply with a private underground and overhead water tank. the apartment has a water project installed.
we can serve you with care — we look forward to hearing from you.Al Janadriyah, Riyadh",https://sa.aqar.fm/en/apartment-for-sale/riyadh/east-of-riyadh/al-janadriyah/apartment-for-sale-6844735
Villa For Sale,1400,1400000360.0,"Villa for Sale in Riyadh Al Malaz§1,400,000360m²6villa for sale in al malaz district
area: 360 sqm
consists of:

ground floor:
sitting room + 2 bedrooms + kitchen + courtyard + external annex

first floor:
3 bedrooms + bathroom + laundry room

price: 1,400,000

al nakhba al thabita real estate company

0536180003 - 0539540003 - 0532690006Al Malaz, Riyadh",https://sa.aqar.fm/en/villa-for-sale/riyadh/east-of-riyadh/al-malaz/villa-for-sale-6866633
Apartment For Sale,600,600000112.0,"Apartment for Sale in Riyadh Tuwaiq§600,000112m²451😍(( very special real estate opportunity ))😍
🔘🔽( for sale: a two-floor apartment with title deed )🔽
📍location: west riyadh, ( tuwaiq district )📌

🔻specifications as follows🔻

🏠land area: (200) m²
💵price: 600,000 sar
🛣street width: 10 m²
🌄facade: south-facing

1️⃣apartment specifications:
✍️ground floor: private entrance and parking space

✍️first floor: men's sitting room with bathroom and washbasins _ living room with bathroom and washbasins _ kitchen

✍️second floor: private rooftop _ master bedroom _ two bedrooms with a shared bathroom and rooftop setback _ bathroom and washbasins

---

🏫we are happy to receive all real estate offers.

🏪we are happy to be at your service around the clock, and we have a fully integrated team ready to serve you.Tuwaiq, Riyadh",https://sa.aqar.fm/en/apartment-for-sale/riyadh/west-of-riyadh/tuwaiq/apartment-for-sale-6889197
Flat For Sale,1550,1550000330.0,"Floor for Sale in Riyadh Al Arid§1,550,000330m²543🛑 location is not precise
(al-arid district) — floors with spacious areas
land area: 435 sqm
italian kitchens fully fitted with all appliances

ground floor: sold 🛑

first floor — area: 330 sqm
price: 1,550,000

second floor — area: 287 sqm
price: 1,500,000

details:
sitting room / dining room / family lounge / kitchen / 4 bedrooms / maid's room / storage room / driver's room

engineering supervision
construction completion
insurance
all warranties includedAl Arid, Riyadh",https://sa.aqar.fm/en/flat-for-sale/riyadh/north-of-riyadh/al-arid/flat-for-sale-6801797
Apartment For Sale,580,580000200.0,"Apartment for Sale in Riyadh Tuwaiq§580,000200m²3🏡 apartment for sale | tuwaiq district | residential complex

📐 area: 193 m²
🚗 private parking space

apartment details:
• sitting room (majlis)
• living room
• open american kitchen overlooking the living room
• 3 bedrooms
• 2 master bedrooms
• 4 bathrooms
• modern design and contemporary finishes ✨

💰 price: 580,000 sar

📞 for contact and inquiries:
((Advertiser's number appears upon contact))Tuwaiq, Riyadh",https://sa.aqar.fm/en/apartment-for-sale/riyadh/west-of-riyadh/tuwaiq/apartment-for-sale-6850721
Big Flat For Rent,55000,312.0,"Floor for Rent in Riyadh As Salam§55,000/annually312m²3floor for rent – al salam district

the floor consists of:

* 4 rooms
* living room
* kitchen
* storage room
* 2 bathrooms

📍 location: al salam district
✨ suitable for families, with a practical and comfortable layoutAs Salam, Riyadh",https://sa.aqar.fm/en/big-flat-for-rent/riyadh/east-of-riyadh/as-salam/big-flat-for-rent-6863498
Apartment For Rent,45000,450.0,"Apartment for Rent in Riyadh Al Andalus§45,000/annually450m²32rented

rented

rented

rented

rented

rented

rentedAl Andalus, Riyadh",https://sa.aqar.fm/en/apartment-for-rent/riyadh/east-of-riyadh/al-andalus/apartment-for-rent-6890715
Villa For Sale,2300,2300000250.0,"Villa for Sale in Riyadh Al Munsiyah§2,300,000250m²654▪️ for sale: villa with internal staircase – no apartments
▪️ al-munsiyah al-gharbi district
▪️ east riyadh
▪️ prime location, close to all services
▪️ near prince mohammed bin salman road
▪️ near dammam road
▪️ east-facing
▪️ 15m street

📐 land area: 250 sqm
📐 built-up area: 400 sqm

✨ property is move-in ready
✨ elevator ready

=========================
☑️ property details
ground floor details:

▪️ smart entry
▪️ car entrance with gate
▪️ two entrances to the villa
▪️ men's sitting room (majlis)
▪️ dining room
▪️ women's sitting room
▪️ kitchen
▪️ rear seating area
▪️ 2 bathrooms on the ground floor

=========================
⬇️ first floor details:

▪️ lounge with balcony
▪️ master bedroom suite
▪️ master room
▪️ 2 bedrooms sharing a bathroom

=================
☑️ upper annex details:
▪️ game room
▪️ bedroom
▪️ maid's room & laundry room
▪️ private rooftop with seating area

==================
▪️ total bedrooms: 5
▪️ total bathrooms: 7

=========================
✅ warranties:
▪️ al-taawuniyah insurance
▪️ comprehensive warranties on all works
▪️ plumbing warranty: 25 years (green pipes)
▪️ electrical warranty: 15 years (al-manar), plus warranty on circuit breakers and outlets
▪️ insulation warranty: 10 years
▪️ doors warranty: 10 years
▪️ upper water tank warranty: 5 years

_______________________
✅ company features:
▪️ comprehensive coverage of the latest real estate listings in east riyadh
▪️ bank procedure processing across the kingdom
▪️ we deal with all banks
▪️ down payment assistance available
▪️ debt settlement services

__________
for inquiries and contact:
((number appears when clicking call))Al Munsiyah, Riyadh",https://sa.aqar.fm/en/villa-for-sale/riyadh/east-of-riyadh/al-munsiyah/villa-for-sale-6783877
Apartment For Rent,55000,150.0,"Apartment for Rent in Riyadh Ar Rimal§55,000/annually150m²3**luxury apartment for rent | al-rimal district**

**khawaled project - 17**

a new apartment with elegant modern finishing within a distinguished residential complex, featuring a practical design and prime location.

**apartment details:**
apartment no: 14
* interior area: 150 m²
* 3 bedrooms, one of which is a master bedroom
* spacious living room
* maid's room
* 3 bathrooms
* kitchen
* installed air conditioners
* parking space
* first occupant

**rent:**
55,000 annually – single payment

**code number: n-445**Ar Rimal, Riyadh",https://sa.aqar.fm/en/apartment-for-rent/riyadh/east-of-riyadh/ar-rimal/apartment-for-rent-6896624
Villa For Sale,3750,3750000300.0,"Villa for Sale in Riyadh Al Arid§3,750,000300m²4when quality, location, and design come together... the story of an exceptional home begins.

qimmat rawah real estate announces the launch of a residential villa project:

✨ luxury villas for sale

📍 area: 300 m²

**ground floor**

• men's sitting room
• spacious living room
• kitchen
• back courtyard

**first floor**

• 4 master bedrooms
• family lounge

**second floor**

• master bedroom
• maid's room
• lounge

**features**

✔️ fully concealed air conditioning
✔️ elevator shaft provision
✔️ luxurious modern design
✔️ high-quality finishes
✔️ practical layout that meets the family's needs

---

because a home is not just a property... it's a lifestyle.

we turn real estate opportunities into successful decisions.

your real estate consultant | mohammed
experience translated into results.Al Arid, Riyadh",https://sa.aqar.fm/en/villa-for-sale/riyadh/north-of-riyadh/al-arid/villa-for-sale-6758202
Apartment For Rent,40000,98.0,"Apartment for Rent in Riyadh Ash Sharq§40,000/annually98m²4✨ for rent: second floor apartment in al-bayan district ✨

📍 location: al-bayan district – quiet and distinctive location, close to services
🏠 details:
- 3 bedrooms
- sitting room (majlis)
- living room (lounge)
- kitchen
- 3 bathrooms
- 2 entrances
- rooftop
- kitchen cabinets included
- air conditioners included
- elevator included

💰 rental price: 40,000 (one payment) or 42,000 (two payments) – 3,600 monthly
electricity and water are independent

✅ the apartment is suitable for families seeking comfort and privacy

📞 for contact and inquiries: [(number appears upon pressing call)]Ash Sharq, Riyadh",https://sa.aqar.fm/en/apartment-for-rent/riyadh/east-of-riyadh/ash-sharq/apartment-for-rent-6883238
Apartment For Rent,45000,106.0,"Apartment for Rent in Riyadh Dhahrat Laban§45,000/annually106m²3apartment in dhahrat laban neighborhood, riyadh city
consisting of 3 rooms, a kitchen, a living room, and 3 bathrooms
annual rent: 45,000 or every 6 months for 47,000Dhahrat Laban, Riyadh",https://sa.aqar.fm/en/apartment-for-rent/riyadh/west-of-riyadh/dhahrat-laban/apartment-for-rent-6799796
Apartment For Rent,72000,178.0,"Apartment for Rent in Riyadh Al Quds§72,000/annually178m²4for rent: a furnished apartment in a building
number of rooms: 4, with a fitted kitchen and split air conditioners
there is a maid's room
the apartment is on the second floor and there is an elevatorAl Quds, Riyadh",https://sa.aqar.fm/en/apartment-for-rent/riyadh/east-of-riyadh/al-quds/apartment-for-rent-6838467
Big Flat For Rent,65000,540.0,"Floor for Rent in Riyadh Al Munsiyah§65,000/annually540m²5upper floor for rent in al-munisiyah neighborhood (al-shamari scheme)

a prime location close to all services

25th street, south
facility in front
second floor

consists of:
2 entrances
living room – sitting room – women's guest room – kitchen – storage room
2 bedrooms including a master bedroom – hall – 4 bathrooms including master bathroom – large rooftop

independent electricity meter

✅ luxury finishing

close to:
- mohammed bin salman road
- jaber road

price:
65,000 – one or two payments
500 for water

code: fc454Al Munsiyah, Riyadh",https://sa.aqar.fm/en/big-flat-for-rent/riyadh/east-of-riyadh/al-munsiyah/big-flat-for-rent-6894715
Villa For Rent,85000,388.0,"Villa for Rent in Riyadh Al Munsiyah§85,000/annually388m²5📍 **villa for rent in al-mounasiyah district** – prime location, close to all services

**area:** 388 sqm
**facade:** west-facing
**street width:** 15m

**it consists of:**

**ground floor:**
fireplace + sitting room (majlis) + maqlaṭ + kitchen + living hall + women's sitting room + 1 bedroom + 2 bathrooms

**first floor:**
living hall + 3 bedrooms including a master suite + 3 bathrooms

**notes:**
- car entrance
- internal staircase
- independent electricity meter

**price:**
85,000 – one or two payments
1,500 water feesAl Munsiyah, Riyadh",https://sa.aqar.fm/en/villa-for-rent/riyadh/east-of-riyadh/al-munsiyah/villa-for-rent-6894706
Villa For Sale,3490,3490000200.0,"Villa for Sale in Riyadh Al Qirawan§3,490,000200m²553✅ for sale - no commission
✅ for sale - no commission
✅ for sale - no commission

🏢 rakez real estate company

🔥 saqf 25 villas | al qairawan district 🏠

📐 areas: 200 – 300 sqm
💰 prices starting from: 3,490,000 sar

🏡 24 independent villas
🧭 orientations: north / south / east / west

✨ key features:
• 4–5 master bedrooms
• majlis + spacious living room
• maid's room + driver's room
• passenger elevator
• double height + concealed ac
• luxury finishes

🌿 outdoor seating areas + quiet & fully integrated neighborhoodAl Qirawan, Riyadh",https://sa.aqar.fm/en/villa-for-sale/riyadh/north-of-riyadh/al-qirawan/villa-for-sale-6757068
Apartment For Rent,95000,115.0,"Apartment for Rent in Riyadh An Nafal§95,000/annually115m²2apartment no. (c4) on the ground floor at diyar 27 project in al-nafl district:

**specifications:**
* 2 bedrooms, living room, kitchen, laundry room, and 3 bathrooms
* basement parking space

**area:**
* 115.12 m²

**features:**
* concealed air conditioning
* fitted kitchen (with appliances)
* project amenities (nursery - reception area - men's and women's club - outdoor seating areas)

**rent:**
95,000

**project location:**
* https://maps.app.goo.gl/nmqjyfxg5cujrqst9An Nafal, Riyadh",https://sa.aqar.fm/en/apartment-for-rent/riyadh/north-of-riyadh/an-nafal/apartment-for-rent-6873829
Apartment For Rent,35000,500.0,"Apartment for Rent in Riyadh Al Mahdiyah§35,000/annually500m²321apartment for rent in a residential villa, first floor, two entrances, consisting of a living room, 2 bedrooms, a hall, 2 bathrooms, and a kitchen, with an independent electricity meter. the living room and bathroom are separate from the rest of the apartment.
contact: 0543258229Al Mahdiyah, Riyadh",https://sa.aqar.fm/en/apartment-for-rent/riyadh/west-of-riyadh/al-mahdiyah/apartment-for-rent-6755685
Riyadh,44,,44,https://sa.aqar.fm/en/all/riyadh/44
Villa For Sale,2300,2300000296.0,"Villa for Sale in Riyadh An Narjis§2,300,000296m²452for sale: villa in al narjis district
area: 248 sqm
built-up area: 296 sqm
street: 18 east
age: approximately 4 years old

ground floor:
consists of a car entrance, front, side, and back yard + living room + sitting room + kitchen + 2 bathrooms

first floor:
consists of 4 bedrooms, including 2 master bedrooms and 2 regular bedrooms, with 2 bathrooms

rooftop:
maid's room + laundry room + living area + storage room + 2 bathrooms + rooftop terrace + maid's rooftop area

note: the villa is currently occupied, with the lease contract ending in approximately 7 months.An Narjis, Riyadh",https://sa.aqar.fm/en/villa-for-sale/riyadh/north-of-riyadh/an-narjis/villa-for-sale-6801999
Flat For Sale,1320,1320000193.0,"Floor for Sale in Riyadh Ar Rimal§1,320,000193m²441in the name of allah, the most gracious, the most merciful

**property description:** ground floor
**area:** 278 sqm
**built-up area:** 193 sqm
**facade:** east-facing
**street width:** 15 meters
**location:** al-rimal district (near al-munsiyah)
**price:** 1,320,000 sar

please be informed that:
- we offer all available easy financing solutions.
- debt settlement services.
- down payment provision.
- highest real estate financing with the lowest profit margin.
- option to transfer from one bank to another.
- we accept all government sectors – civilians, military personnel, and private sectors.
- we deal with all banks and financing companies.
- suitable offers for all customers.
- processing of all transactions throughout the kingdom.
- we have all available offers and various property sizes.
- a fully integrated team at your service.Ar Rimal, Riyadh",https://sa.aqar.fm/en/flat-for-sale/riyadh/east-of-riyadh/ar-rimal/flat-for-sale-6769853
Land For Sale,370,370000408.0,"Land for Sale in Riyadh Uraidh§370,000408m²15mResidential**💫 urban real estate office 💫**

for sale in arid neighborhood
plan no. 3046
plot no. 936
area: 408 sqm
street: 15 east + 15 west
dimensions: 17 & 24
subdivisible
free from electricity room issues
natural flat land — video available
price upon request
directUraidh, Riyadh",https://sa.aqar.fm/en/land-for-sale/riyadh/south-of-riyadh/uraidh/land-for-sale-6749776
Apartment For Rent,49000,390.0,"Apartment for Rent in Riyadh Al Quds§49,000/annually390m²3for rent, an apartment on the first floor
3 rooms, a living room, a fitted kitchen, and air conditionersAl Quds, Riyadh",https://sa.aqar.fm/en/apartment-for-rent/riyadh/east-of-riyadh/al-quds/apartment-for-rent-6792132
Apartment For Rent,52000,98.0,"Apartment for Rent in Riyadh Ar Rimal§52,000/annually98m²33📍 apartment for rent in al-rimal district, project (aknan 24) – prime location, close to all services.

floor: ground floor
apartment no.: 14

consists of:
2 master bedrooms + living room + maid's room with bathroom + kitchen + 4 bathrooms

features:
- smart entry
- security cameras throughout the complex
- independent electricity meter
- private parking space numbered to the apartment
- installed air conditioners
- fitted kitchen
- men's and women's gym
- swimming pool

price: 52,000 in one payment or 55,000 in two payments.Ar Rimal, Riyadh",https://sa.aqar.fm/en/apartment-for-rent/riyadh/east-of-riyadh/ar-rimal/apartment-for-rent-6801757
Flat For Sale,1430,1430000209.0,"Floor for Sale in Riyadh Al Quds§1,430,000209m²441for sale: upper floor with independent title deed
shared entrance with an upper apartment
living room, 4 bedrooms, hall, kitchen, and 4 bathrooms
the floor is exactly 3 years old
ibrahim al-murshid
((number appears when pressing call))Al Quds, Riyadh",https://sa.aqar.fm/en/flat-for-sale/riyadh/east-of-riyadh/al-quds/flat-for-sale-6780647
Villa For Sale,1300,1300000190.0,"Villa for Sale in Riyadh Al Arid§1,300,000190m²3area: 190 meters
ground floor:
• living room
• kitchen
• storage room
• 2 bathrooms

first floor:
• 2 bedrooms with a shared bathroom
• 1 master bedroom with a private bathroom

second floor:
• maid's room
• rooftopAl Arid, Riyadh",https://sa.aqar.fm/en/villa-for-sale/riyadh/north-of-riyadh/al-arid/villa-for-sale-6755832
Apartment For Rent,50000,109.0,"Apartment for Rent in Riyadh Al Mahdiyah§50,000/annually109m²31apartment no. 2 details

men's sitting room

living room

open kitchen

3 bedrooms

master bedroom

2 external bathrooms

price:
50,000 sar in two installments
45,000 sar one paymentAl Mahdiyah, Riyadh",https://sa.aqar.fm/en/apartment-for-rent/riyadh/west-of-riyadh/al-mahdiyah/apartment-for-rent-6862879
Apartment For Sale,770,770000113.0,"Apartment for Sale in Riyadh Al Munsiyah§770,000113m²331🏚️ photos of the apartment — offered for sale without furniture 🏚️

✨ apartment no. 7 details ✨
- for sale: a ground-floor front-facing apartment in a modern-design residential building
- al-munsiyah district, east riyadh
- prime location, close to all services
- near prince mohammed bin salman road
- near al-thumamah road and al-sahabah road

==========================
▪️ north-facing
▪️ 30-meter northern street
📐 area: 113 sqm, plus private annexes
- annual homeowners association fee
✨ property is ready

==========================

property details:
ground-floor apartment
▪️ private parking space
▪️ smart entry system
▪️ men's sitting room (majlis)
▪️ kitchen with laundry room
▪️ master bedroom
▪️ two bedrooms with a shared bathroom

==========================

▪️ number of bedrooms on the floor: 3
▪️ number of bathrooms on the floor: 3

_________________________

✅ warranties
- comprehensive warranties on all works
- plumbing warranty: 25 years (green pipes)
- electrical warranty: 15 years (al-fanar brand), plus warranty on circuit breakers and sockets
- insulation warranty: 10 years
- doors warranty: 10 years
- upper water tank warranty: 5 years

_______________________

✅ company features
- comprehensive coverage of the latest real estate listings in east riyadh
- bank procedure processing throughout the kingdom
- we deal with all banks
- down payment provision available
- debt settlement available

__________
for contact and inquiries:
((number appears when you press call))Al Munsiyah, Riyadh",https://sa.aqar.fm/en/apartment-for-sale/riyadh/east-of-riyadh/al-munsiyah/apartment-for-sale-6726732
Big Flat For Rent,60000,96.0,"Floor for Rent in Riyadh Ar Rimal§60,000/annually96m²3three bedrooms and a living room, private location.
air conditioners are installed and the kitchen is installed.Ar Rimal, Riyadh",https://sa.aqar.fm/en/big-flat-for-rent/riyadh/east-of-riyadh/ar-rimal/big-flat-for-rent-6893970
Land For Sale,600,600005379.0,"Land for Sale in Riyadh Banban§600,005379m²15mResidentialfor sale: residential land – plan 3543

▪️ plot number: 1488
▪️ area: 379 m²
▪️ dimensions: 12.25 × 31 m
▪️ frontage: east-facing
▪️ street width: 15 meters
▪️ selling price: 600,000 sar

📍 location:
https://maps.app.goo.gl/sfcpaaa7vmhjpawn9?g_st=ic

contact: 0538739666Banban, Riyadh",https://sa.aqar.fm/en/land-for-sale/riyadh/north-of-riyadh/banban/land-for-sale-6745671
Villa For Rent,200000,282.0,"Villa for Rent in Riyadh As Sulimaniyah§200,000/annually282m²952for rent: a fully renovated villa in al-sulaimaniyah, located near tahlia street and thalatheen al-ulya, behind panda supermarkets, close to schools and all services.

area: 282 square meters

ground floor consists of: a men's sitting room, a dining room, a women's sitting room, a hall, a kitchen, and two bathrooms.

upper floor consists of: 4 master bedrooms and a hall.

roof: 3 rooms and a bathroom.

there is a small kitchen in the courtyard.

there is a driver's room.

air conditioners are split units.As Sulimaniyah, Riyadh",https://sa.aqar.fm/en/villa-for-rent/riyadh/north-of-riyadh/as-sulimaniyah/villa-for-rent-6834390
Villa For Sale,980,980000234.0,"Villa for Sale in Riyadh Dhahrat Namar§980,000234m²5No descriptionDhahrat Namar, Riyadh",https://sa.aqar.fm/en/villa-for-sale/riyadh/west-of-riyadh/dhahrat-namar/villa-for-sale-6848255
Apartment For Sale,890,89000055.0,"Apartment for Sale in Riyadh Ar Rimal§890,00055m²451No descriptionAr Rimal, Riyadh",https://sa.aqar.fm/en/apartment-for-sale/riyadh/east-of-riyadh/ar-rimal/apartment-for-sale-6848256
Apartment For Rent,35000,88.0,"Apartment for Rent in Riyadh Al Aqiq§35,000/annually88m²21apartment for rent in al-aqiq district (families)

consists of:
area: 64 sqm
2 bedrooms + bathroom + kitchen
smart entry
close to public services and schools

price: 35,000 – single payment
38,000 – two payments

al-nukhba al-thabita real estate company

((number appears when pressing call)) - ((number appears when pressing call)) 2690006Al Aqiq, Riyadh",https://sa.aqar.fm/en/apartment-for-rent/riyadh/north-of-riyadh/al-aqiq/apartment-for-rent-6830074
Apartment For Rent,3500,455.0,"Apartment for Rent in Riyadh Al Qadisiyah§3,500/annually455m²31price: 3,700 monthly
🏡 for rent | modern furnished apartment

✨ a modern and furnished apartment with practical setup, ready for immediate occupancy.

🔹 consists of:
• comfortable living room
• american kitchen 🍳
• two bedrooms 🛏️
└ one fully furnished bedroom
└ the second room contains a sofa set

💰 rental options:
🔸 3,700 sar per month
💧⚡ water and electricity included

🔸 3,700 sar annually
📌 two installments

📞 contact:
ramz al masakin real estate companyAl Qadisiyah, Riyadh",https://sa.aqar.fm/en/apartment-for-rent/riyadh/east-of-riyadh/al-qadisiyah/apartment-for-rent-6784980
Apartment For Rent,50000,924.0,"Apartment for Rent in Riyadh Al Arid§50,000/annually924m²321for rent: apartment in al-arid district (inside a building) – ground floor 💯

**apartment details:**
- area: 110 m²
- 2 bedrooms, independent sitting room ✔️
- 2 bathrooms with clean finishes
- spacious open-plan living room
- built-in kitchen, air conditioners installed

**apartment features:**
- close to all services
- private entrance 💯
- private electricity meter ✔️
- private parking

📍 **location:** al-arid district – north riyadh (close to essential services)

💰 **price:** 50,000 sar annually, paid in two installments

security deposit: 2,000 sar – refundable upon returning the apartment in good condition with no remarks.

**contact:** suleiman al-yahya (number appears upon pressing call)Al Arid, Riyadh",https://sa.aqar.fm/en/apartment-for-rent/riyadh/north-of-riyadh/al-arid/apartment-for-rent-6813780
Apartment For Rent,25000,240.0,"Apartment for Rent in Riyadh Al Hazm§25,000/annually240m²3third floor, two bedrooms, sitting room, living room, kitchen, two bathrooms. third floor is fully painted and completely maintained.
kitchen is not installed.
window ac unit in the living room is split type.
electricity meter is independent.
conditions: most importantly, the tenant must be saudi, and the number of family members should be small.Al Hazm, Riyadh",https://sa.aqar.fm/en/apartment-for-rent/riyadh/west-of-riyadh/al-hazm/apartment-for-rent-6860960
Workshops For Rent,100,100000400.0,"Workshop for rent in Riyadh New Industrial Area§100,000400m²hadhim real estate company announces the availability of a workshop for rent with top specifications, in a strategic and distinguished location in al-misfah district.

**total area:** 400 square meters
**net area:** 267 square meters
the workshop is equipped with medium-hazard safety systems — industrial/craft use.

**workshop location on google maps:**
https://maps.app.goo.gl/y9sp2oqvbv7mhlrr8?g_st=iwNew Industrial Area, Riyadh",https://sa.aqar.fm/en/Workshops-for-rent/riyadh/south-of-riyadh/new-industrial-area/Workshops-for-rent-6797400
Apartment For Rent,24000,400.0,"Apartment for Rent in Riyadh An Nasim Al Gharbi§24,000/annually400m²211((a family is required, and there is no monthly rent))
((the apartment's location mentioned in the advertisement is correct, but those who wish to view it must come to the office — the office location is mentioned at the end of the advertisement))
a family apartment for rent in al-naseem al-gharbi district, a prime location close to khurais and near all services. the apartment is on the upper floor (directly above the ground floor), consisting of two rooms, a living room, one bathroom, and a kitchen. the electricity meter is shared equally with the neighboring apartment. the annual rent is 24,000 riyals, paid in two installments.
for contact: al-zuman real estate office ((the number appears when you press call))
office location: al-naseem al-gharbi district, abdullah bin masoud street, opposite al-dhiyab mosque.An Nasim Al Gharbi, Riyadh",https://sa.aqar.fm/en/apartment-for-rent/riyadh/east-of-riyadh/an-nasim-al-gharbi/apartment-for-rent-6882350
Riyadh,45,,45,https://sa.aqar.fm/en/all/riyadh/45
Workshops For Rent,180,180000660.0,"Workshop for rent in Riyadh Al Mishal§180,000660m²huthaim real estate company announces the availability of a workshop with an area of 600 square meters in al-mashaael neighborhood.
high risk.
rent: 170,000Al Mishal, Riyadh",https://sa.aqar.fm/en/Workshops-for-rent/riyadh/south-of-riyadh/al-mishal/Workshops-for-rent-6882385
Apartment For Rent,50000,435.0,"Apartment for Rent in Riyadh Al Arid§50,000/annually435m²3✨ apartment for rent | al-aarid district ✨

a great opportunity to reside in al-aarid district within a villa, in a prime location close to all services and main roads, with a practical design that provides comfort and privacy.

apartment specifications:
• two bedrooms.
• independent sitting room.
• spacious living room.
• built-in kitchen.

💰 annual rent: 50,000 sar.

📞 for contact and inquiries:
0568582344Al Arid, Riyadh",https://sa.aqar.fm/en/apartment-for-rent/riyadh/north-of-riyadh/al-arid/apartment-for-rent-6787201
Apartment For Rent,50000,104.0,"Apartment for Rent in Riyadh Al Mahdiyah§50,000/annually104m²21✨ luxury apartments for rent – modern design & full amenities ✨

al-yanabi' colors real estate office announces the availability of luxury residential apartments for rent, distinguished by their spaciousness and high quality, offering you and your family a comfortable and complete living experience.

📌 apartment features & specifications:

kitchen: fully fitted and ready for use.
air conditioning: fully installed units (ready to operate).

🏡 apartment details & layout:

independent men's sitting room (for privacy and receiving guests).
spacious and bright family living room.
kitchen with an excellent design and layout.

bedrooms:
👑 master bedroom (with headboard and private bathroom).
🛏️ (1) additional spacious bedroom.
external bathroom serving the living room and men's sitting room.

💰 price: 50,000 sar annually.

📥 for inquiries & viewing:
contact us now at al-yanabi' colors real estate office via the link or by calling:
[(number appears upon clicking ""call"")]Al Mahdiyah, Riyadh",https://sa.aqar.fm/en/apartment-for-rent/riyadh/west-of-riyadh/al-mahdiyah/apartment-for-rent-6780007
Apartment For Rent,100000,101.0,"Apartment for Rent in Riyadh Al Masif§100,000/annually101m²331luxurious apartment for rent in al-musaif district
it consists of:
sitting room + hall + three bedrooms + kitchen + 3 bathrooms
built-in kitchen + split air conditioners installed
there is: a private rooftop with an area of 70m
there is: kitchen furniture + microwave
electric oven
price: 100,000

osoul al-khibra real estate company
((number appears when pressing call)) 408444 - ((number appears when pressing call))Al Masif, Riyadh",https://sa.aqar.fm/en/apartment-for-rent/riyadh/north-of-riyadh/al-masif/apartment-for-rent-6784691
Flat For Sale,780,780000145.0,"Floor for Sale in Riyadh Sultana§780,000145m²532🏢 ground floor apartment in sultanah district
📏 area: 250 sqm
💸 price: 780,000
🏢 the floor consists of a sitting room, maqlaṭ (men's reception), living room, kitchen, and 3 bedrooms
fitted kitchen and air conditioners included

🚨🚨🚨 we have available offers for apartments, villas, floors with title deed, townhouses, and duplexes in various areas, plans, and neighborhoods.
🏦 we deal with all banks and financing companies throughout the kingdom, and we offer the best financing solutions, debt settlement, and down payment provision.Sultana, Riyadh",https://sa.aqar.fm/en/flat-for-sale/riyadh/west-of-riyadh/sultana/flat-for-sale-6736584
Apartment For Sale,1000,1000000319.0,"Apartment for Sale in Riyadh Al Munsiyah§1,000,000319m²4No descriptionAl Munsiyah, Riyadh",https://sa.aqar.fm/en/apartment-for-sale/riyadh/east-of-riyadh/al-munsiyah/apartment-for-sale-6879572
Apartment For Rent,55000,104.0,"Apartment for Rent in Riyadh Ar Rimal§55,000/annually104m²2🏡 **apartment for rent in kinan project – first floor**

a great opportunity to live in the kinan project, featuring an excellent location next to the mosque and a practical design suitable for families.

✨ **apartment specifications:**

* two bedrooms.
* spacious living room.
* open (american-style) kitchen.
* two bathrooms (one en-suite in the master bedroom, and the other serving the living room and guests).
* installed air conditioners.

🌟 **project amenities:**

* men's gym.
* women's gym.
* men's swimming pool.
* children's play area.
* reception hall.
* walking track.
* men's and women's restrooms.

🏢 **additional features:**

* large lounge on the ground floor.
* walkway.
* prime location next to the mosque.

💰 **annual rent: 55,000 sar**

📞 **contact: abu abdulaziz**
0553466425Ar Rimal, Riyadh",https://sa.aqar.fm/en/apartment-for-rent/riyadh/east-of-riyadh/ar-rimal/apartment-for-rent-6782912
Apartment For Rent,75000,136.0,"Apartment for Rent in Riyadh An Narjis§75,000/annually136m²331apartment for rent – jawharat al narjis | a3

a distinctive opportunity to live in a vital location in al narjis district within al majdiya project - jawharat al narjis.

apartment details:
• ground floor
• 3 bedrooms
• spacious living room
• fitted kitchen
• 3 bathrooms
• maid's room or storage room
• external parking space
• independent electricity meter
• 5 air conditioners
• smart entry

area: (136) sqm
annual rent: (85,000) sar
insurance: 3000

location:
https://maps.app.goo.gl/zhl27ckoyvvjepcv7?g_st=ic

for inquiries or to book an appointment for viewing, please contact us.An Narjis, Riyadh",https://sa.aqar.fm/en/apartment-for-rent/riyadh/north-of-riyadh/an-narjis/apartment-for-rent-6729056
Villa For Sale,1000,1000000332.0,"Villa for Sale in Riyadh Al Janadriyah§1,000,000332m²7☆ al-janadriyah district ☆
■ for sale: duplex villa with internal staircase ■
《《 owner-built 》》
●
{{ area: 200 sqm }}
○ 15th street east

○ specifications:
○ ground floor:
○ full basement reception
○ car entrance
○ internal staircase
○ courtyard
○ men's sitting room with bathroom
○ mud room (miqlat)
○ reception hall
○ kitchen
○ shared bathroom
《《《《《
○ first floor:
○ master bedroom
○ master bedroom
○ bedroom
○ bedroom
○ reception hall
○ shared bathroom

♧♧ second floor ♧♧
○ reception hall
○ bedroom
○ maid's room with bathroom
○ shared bathroom
○ rooftop

¤ villa features:
¤ 1/ supervised by a certified engineering office – sabic-approved steel.
¤ 2/ green pipes with a 15-year warranty.
¤ 3/ insurance by malath company against hidden defects in accordance with the saudi building code, along with a construction completion certificate.
¤ 4/ all warranties with invoices, along with documentation of construction phases.

we also welcome your offers and inquiries.
ahkam al-rimal real estate foundation
contact:
0558558420
abu turkiAl Janadriyah, Riyadh",https://sa.aqar.fm/en/villa-for-sale/riyadh/east-of-riyadh/al-janadriyah/villa-for-sale-6780245
Villa For Rent,575000,1084.0,"Villa for Rent in Riyadh Al Murabba§575,000/annually1,084m²12palace for rent on three streets, fully furnished
in al-murabba districtAl Murabba, Riyadh",https://sa.aqar.fm/en/villa-for-rent/riyadh/center-of-riyadh/al-murabba/villa-for-rent-6781150
Apartment For Rent,65000,148.0,"Apartment for Rent in Riyadh Ar Rimal§65,000/annually148m²331📍 apartment for rent in al-rimal district – project (aknan 23) – prime location close to all services.

**area:** 148 sqm
**building:** a
**floor:** first
**apartment no.:** 8

**it consists of:**
2 bedrooms including one master bedroom + living room + kitchen + sitting room (majlis) + maid's room + laundry room + 3 bathrooms + 2 balconies, one overlooking a garden.

**features:**
- high-quality built-in air conditioners
- high-quality built-in kitchen
- built-in gas
- independent electricity meter
- smart entry system
- private parking space numbered to the apartment
- sports club for men and women
- brand new apartment
- a distinctive walking path for complex residents
- dedicated children's play area

**security deposit:** 3,000 sar
**price:** 65,000 sar (one payment) / 70,000 sar (two payments) / or 4 installments.Ar Rimal, Riyadh",https://sa.aqar.fm/en/apartment-for-rent/riyadh/east-of-riyadh/ar-rimal/apartment-for-rent-6862363
Villa For Rent,125000,200.0,"Villa for Rent in Riyadh King Khalid International Airport§125,000/annually200m²3🏡 townhouse for rent in sedra district – riyadh | listing no. 649

a great opportunity to live in sedra district, located close to services and the commercial center, with an area of 200 m² and a practical design suitable for families.

property details:
• two independent entrances to the home
• private majlis, living room, and kitchen
• 3 bedrooms, including a master bedroom
• outdoor spaces and a storage room
• two private parking spaces
• approximately a 3-minute walk to the commercial center
• close to the mosque, tamimi markets, parks, and facilities

💰 annual rent: 125,000 sar

🌐 for more real estate listings, visit our website and discover more:
https://eilmalriyada.comKing Khalid International Airport, Riyadh",https://sa.aqar.fm/en/villa-for-rent/riyadh/north-of-riyadh/king-khalid-international-airport/villa-for-rent-6825818
Apartment For Rent,27000,300.0,"Apartment for Rent in Riyadh Ar Rimal§27,000/annually300m²3apartment for rent in al-rimal, al-dhahabi plan

📍 prime location
🏢 first floor
it consists of:
* two entrances
* men's sitting room with a bathroom
* living room
* kitchen
* two bedrooms
* bathroom between the bedrooms
* the apartment is clean and tidy

💰 rent:
* 29,000 sar in two installments
* 26,000 sar in one paymentAr Rimal, Riyadh",https://sa.aqar.fm/en/apartment-for-rent/riyadh/east-of-riyadh/ar-rimal/apartment-for-rent-6823619
Apartment For Rent,100000,192.0,"Apartment for Rent in Riyadh Al Malqa§100,000/annually192m²331apartment for rent in al majidiyah 40 project – prime location close to services in al malqa district

**area:** 192 sqm including private sections
**facade:** west-facing
**street width:** 30 meters

**description:**
- three bedrooms, one of which is a master bedroom
- independent sitting room (majlis) with wash basins and a bathroom
- living room (hall)
- fully fitted kitchen
- external sitting area with balcony
- balcony

**unit features:**
- fully fitted kitchen
- majlis separated from the interior
- electronic smart lock (fingerprint + pin + card + key)
- building surveillance cameras + building entry via pin code
- one external covered parking space with a shade canopy (no. 13)
- courtyard with a spacious external sitting area, excellent views overlooking the avenues towers and prince mohammed bin salman tower

**annual rent: 115,000 sar**Al Malqa, Riyadh",https://sa.aqar.fm/en/apartment-for-rent/riyadh/north-of-riyadh/al-malqa/apartment-for-rent-6872272
Apartment For Sale,950,950000169.0,"Apartment for Sale in Riyadh Al Mahdiyah§950,000169m²341apartment for sale with distinctive specifications

a high-end residential apartment offering privacy and comfort, with a prime location and practical design that suits family needs.

specifications:
• men's sitting room
• 3 bedrooms
• living room
• 4 bathrooms
• spacious kitchen

✨ the apartment is ready for immediate occupancy, suitable for those seeking tranquility and comfort.
for contact // ((the number appears when you press call))Al Mahdiyah, Riyadh",https://sa.aqar.fm/en/apartment-for-sale/riyadh/west-of-riyadh/al-mahdiyah/apartment-for-sale-6769121
Apartment For Rent,50000,172.0,"Apartment for Rent in Riyadh Dhahrat Laban§50,000/annually172m²451🏡 ground floor apartment for rent – riyadh | dhahrat laban district

📍 prime location: jabal al-aram street – dhahrat laban district
📍 map location:
https://maps.google.com/?q=24.615522,46.509117

✨ apartment details:
• majlis (sitting room)
• spacious living room
• kitchen
• back yard
• master bedroom
• two bedrooms
• kitchen cabinets included
• air conditioners included
• back yard

💰 annual rent:
50,000 sar (two installments)

🔐 security deposit:
2,500 sar
broker commission is charged to the tenant

license number: 7201015354

📞 contact:
muqrin al-ahmari – the right choice real estate services
((number appears upon clicking call))
therc.saDhahrat Laban, Riyadh",https://sa.aqar.fm/en/apartment-for-rent/riyadh/west-of-riyadh/dhahrat-laban/apartment-for-rent-6743984
Apartment For Rent,45000,600.0,"Apartment for Rent in Riyadh Al Munsiyah§45,000/annually600m²321🏡 elegant apartment for rent | rabiyat qurtuba

✨ a great opportunity to reside in a strategic location within an upscale neighborhood, close to services and main roads.

🔹 first floor
🔹 2 bedrooms
🔹 sitting room (majlis)
🔹 spacious living room
🔹 fully fitted kitchen
🔹 built-in air conditioners
🔹 2 bathrooms
🔹 parquet flooring
🔹 high-end finishing & comfortable design

📍 location: rabiyat qurtuba – a prime location close to key services.

💰 annual rent: 45,000 sar

⭐ an exceptional apartment for those seeking comfort, location, and quality living.

📞 for inquiries and contact: abu ryan
0509932257Al Munsiyah, Riyadh",https://sa.aqar.fm/en/apartment-for-rent/riyadh/east-of-riyadh/al-munsiyah/apartment-for-rent-6733692
Villa For Sale,3390,3390000300.0,"Villa for Sale in Riyadh An Narjis§3,390,000300m²553✅ for sale – no commission
✅ for sale – no commission
✅ for sale – no commission

🏢 rakez real estate company – exclusive marketer

✨ elegant villas
🏠 independent residential villas with modern designs and luxury finishes

📐 areas:
200 m² – 300 m²

💰 prices:
2,890,000 sar (200 m²)
3,490,000 sar (300 m²)

🏡 number of villas: 13 independent villas

🛏️ 5 – 6 bedrooms

🧭 elegant facades

✨ villa features:
• independent guest lounge 🛋️
• spacious family hall
• maid's room + driver's room
• elevator shaft provision 🚡
• fully concealed air conditioning
• independent tanks and meters
• high-quality finishes

📍 prime location close to key services

📞 for booking and viewing:
investor relations manager
omar al-muammar
055019734An Narjis, Riyadh",https://sa.aqar.fm/en/villa-for-sale/riyadh/north-of-riyadh/an-narjis/villa-for-sale-6818296
Big Flat For Rent,50000,177.0,"Floor for Rent in Riyadh Ar Rimal§50,000/annually177m²5🏠 first floor for rent – abeer al-rimal district

a first floor is available for rent, featuring a prime location close to the airport, with the following specifications:

• sitting room (majlis)
• muqlat (waiting/reception room)
• living room
• 3 bedrooms
• master bedroom
• west-facing
• prime location in abeer al-rimal district
• close to the airport

💰 annual rent: 50,000 sar

📞 contact: abu abdulaziz
0553466425Ar Rimal, Riyadh",https://sa.aqar.fm/en/big-flat-for-rent/riyadh/east-of-riyadh/ar-rimal/big-flat-for-rent-6811738
Villa For Sale,2200,2200000276.0,"Villa for Sale in Riyadh Ar Rimal§2,200,000276m²4for those who seek distinction and luxury in living, sky house company presents:

🏡 villa with internal staircase and apartment
- code: s249

📌 location: al-rimal al-sa'idan

- area: 276 m² / built-up area: 480 m²
- frontage: east 18m / south 15m
- single frontage: north 15m, facing facilities and a mosque

**specifications:**

**ground floor:**
- driver's room
- car parking
- men's sitting room (majlis)
- mudroom (muqalat)
- women's entrance
- spacious living room
- kitchen
- storage room under the stairs
- rear setback
- elevator shaft foundation

**first floor:**
- living room
- master bedroom
- 3 en-suite bedrooms (master rooms)

---

**apartment:**
- two entrances
- men's sitting room overlooking the rooftop
- living room
- kitchen
- 2 bedrooms with bathrooms
- rooftop

✅ price: 2,200,000

---
🔹 all warranties are available
🔹 construction completion availableAr Rimal, Riyadh",https://sa.aqar.fm/en/villa-for-sale/riyadh/east-of-riyadh/ar-rimal/villa-for-sale-6747197
Riyadh,46,,46,https://sa.aqar.fm/en/all/riyadh/46
Riyadh,47,,47,https://sa.aqar.fm/en/all/riyadh/47
Flat For Sale,520,520000161.0,"Floor for Sale in Riyadh Taiba§520,000161m²4peace be upon you and god's mercy and blessings. may god bless your time with all goodness.

**project 4 – for sale:**
ground floor, area of **275 square meters**, south-facing... **taybah district**.
excellent workmanship and excellent location.
all warranties are available in accordance with the **saudi building code**.

we offer easy and flexible financing solutions.
we have representatives in all banks and companies.
we also have other offers available.Taiba, Riyadh",https://sa.aqar.fm/en/flat-for-sale/riyadh/south-of-riyadh/taiba/flat-for-sale-6827936
Apartment For Rent,80000,106.0,"Apartment for Rent in Riyadh Hittin§80,000/annually106m²432apartment for rent,
hittin district,
close to all services,
one of the most prestigious neighborhoods in riyadh,
ground floor,
3 bedrooms,
living rooms,
hall,
independent electricity meter,
air conditioners installed,
fully equipped kitchen with all appliances,
independent electricity,
maid's room,

annual rent: 80,000 sar (one payment)
85,000 sar (two payments)Hittin, Riyadh",https://sa.aqar.fm/en/apartment-for-rent/riyadh/north-of-riyadh/hittin/apartment-for-rent-6838490
Villa For Sale,3800,3800000625.0,"Villa for Sale in Riyadh As Safaa§3,800,000625m²10**✨ announcement 777 – for sale: villa in al-safa district ✨**

a two-floor separated villa, suitable for investors, residents, or real estate developers. facing the street.

---

assalamu alaikum wa rahmatullahi wa barakatuh,
i hope everyone is well and in good health.

we are **al-nitaq al-shamil real estate services office**
real estate brokerage & marketing license: **1200010410**
managed entirely by saudi youth.

---

**property specifications:**

**for sale – two-floor separated villa in al-safa district**

**villa details:**

- area: **625 sqm**
- facing a **20-meter western street**
- age: **more than 35 years**
- renovated and fully separated into two independent floors
- **200 meters** from the eastern ring road
- close to **al-habib medical center (new)**

**ground floor:** kitchen, storage room, 3 bedrooms, living room, sitting room (majlis), 2 bathrooms, external annex with bathroom, and a courtyard.

**first floor (with private entrance):** sitting room (majlis), living room, kitchen, 2 bedrooms, 2 bathrooms, upper annex with bathroom.

- **central gas**

---

**selling price:**
**3,800,000 sar** – excluding vat and commission

---

**for inquiries and contact – we are happy to serve you via call or whatsapp:**

- **arwa:** 0558980286
- **bandar khalid:** 0570572552
- **abdulkarim:** 0570579559

**al-nitaq al-shamil real estate services office**
fully managed by saudi youth – we welcome everyone and are delighted to serve you.As Safaa, Riyadh",https://sa.aqar.fm/en/villa-for-sale/riyadh/east-of-riyadh/as-safaa/villa-for-sale-6827272
Apartment For Rent,55000,79.0,"Apartment for Rent in Riyadh Al Yarmouk§55,000/annually79m²221ground floor apartment in a building

two bedrooms, a living room, and a kitchen

there is a gym, a swimming pool, and a nursery

there is a club, a children's nursery, and a swimming pool

two bedrooms and a living roomAl Yarmouk, Riyadh",https://sa.aqar.fm/en/apartment-for-rent/riyadh/east-of-riyadh/al-yarmouk/apartment-for-rent-6811033
Flat For Sale,1550,1550000207.0,"Floor for Sale in Riyadh Al Arid§1,550,000207m²452No descriptionAl Arid, Riyadh",https://sa.aqar.fm/en/flat-for-sale/riyadh/north-of-riyadh/al-arid/flat-for-sale-6903303
Apartment For Rent,75000,150.0,"Apartment for Rent in Riyadh Al Munsiyah§75,000/annually150m²332**for rent – al-munsiyah district**

🛑 **apartment no. 12**

new apartment, first occupant, upper first floor
consisting of:
- two living rooms open to each other
- 3 bedrooms, one master
- 3 bathrooms
- new fitted kitchen + new installed air conditioners
- high-end finishes, first occupant

**annual rent: 75,000 sar in two installments**

video availableAl Munsiyah, Riyadh",https://sa.aqar.fm/en/apartment-for-rent/riyadh/east-of-riyadh/al-munsiyah/apartment-for-rent-6845178
Villa For Rent,135000,1650.0,"Villa for Rent in Riyadh An Nakheel§135,000/annually1,650m²541leasing has started for distinctive villas in a compound-like project

**for rent: villas in al nakheel al gharbi district**

only 2 units remaining

**single villa details:**

**ground floor:**
- large living room open to the kitchen
- 1 bathroom
- private backyard for each villa

**first upper floor:**
- 3 bedrooms, including 2 master bedrooms with en-suite bathrooms
- 1 balcony

**second upper floor:**
- 2 bedrooms with a bathroom
- private rooftop

---

- shared outdoor swimming pool for all villas
- shared outdoor seating area for all villas
- parking space for each villa

**rent: 135,000**

location is as shown in the listing. a security guard is available.An Nakheel, Riyadh",https://sa.aqar.fm/en/villa-for-rent/riyadh/north-of-riyadh/an-nakheel/villa-for-rent-6794127
Villa For Rent,180000,450.0,"Villa for Rent in Riyadh Ar Raid§180,000/annually450m²552for rent - residential family villa
in al-ra'id district

ground floor: majlis (sitting room), living room, kitchen, 2 bathrooms, external annex, driver's room, yard, and car entrance

first floor: 4 master bedrooms, 4 bathrooms, living room, small kitchen, and office

second floor: 3 rooms, bathroom, and laundry roomAr Raid, Riyadh",https://sa.aqar.fm/en/villa-for-rent/riyadh/west-of-riyadh/ar-raid/villa-for-rent-6830822
Apartment For Rent,95000,101.0,"Apartment for Rent in Riyadh Ar Raid§95,000/annually101m²321for rent, a new apartment
in the leading makeen 67 project
on the first floor
a living room, a kitchen, and 3 bedrooms including a master bedroom
and 2 bathrooms, split air conditioners, and a fitted kitchen
private parking space in the basement
95,000 in one payment
100,000 in two paymentsAr Raid, Riyadh",https://sa.aqar.fm/en/apartment-for-rent/riyadh/west-of-riyadh/ar-raid/apartment-for-rent-6874753
Apartment For Rent,65000,133.0,"Apartment for Rent in Riyadh Al Munsiyah§65,000/annually133m²331apartment for rent – al munsiyah district | rafah 40 project

a brand-new apartment consisting of:
• 3 bedrooms, including a master bedroom
• separate sitting room + living room
• fitted kitchen
• 3 bathrooms
• installed air conditioners
• private parking space

project features:
men's and women's club + children's nursery
close to prince mohammed bin salman road, dammam road, and thumamah road

rental price:
70,000 sar – single payment
75,000 sar – two payments
monthly: 6,500 sar
inclusive of owners' association fees

code: n-417Al Munsiyah, Riyadh",https://sa.aqar.fm/en/apartment-for-rent/riyadh/east-of-riyadh/al-munsiyah/apartment-for-rent-6863430
Apartment For Rent,60000,165.0,"Apartment for Rent in Riyadh Al Qadisiyah§60,000/annually165m²331for rent, an apartment in al-qadisiyyah district
first floor, smart entry
it consists of the following:
three bedrooms, including a master bedroom
living room and lounge
3 bathrooms
separate fitted kitchen
installed air conditioners
price: 60,000 single payment
65,000 for two payments or 4 payments
https://maps.app.goo.gl/4lzuzoyv5yok3ve9a?g_st=acAl Qadisiyah, Riyadh",https://sa.aqar.fm/en/apartment-for-rent/riyadh/east-of-riyadh/al-qadisiyah/apartment-for-rent-6824519
Building For Sale,1680,1680000400.0,"Building for Sale in Riyadh Tuwaiq§1,680,000400m²30m🏢 commercial residential investment building for sale
💰 annual income: 120,000 sar

📄 with documented electronic contracts

**property details**

area: 400 sqm

**ground floor**
* 4 commercial shops
* 1 apartment consisting of:
  * 4 rooms
  * living room
  * kitchen
  * 2 bathrooms

**first floor**
* 2 apartments, each consisting of:
  * 3 rooms
  * living room
  * kitchen
  * 2 bathrooms

**second floor**
* 2 apartments, each consisting of:
  * 2 rooms
  * living room
  * kitchen
  * 1 bathroom

**additional features**
* a room in the ground floor setback area, rented at 600 sar per month.

**property components**

✅ 4 commercial shops
✅ 5 residential apartments
✅ 9 independent electricity meters
✅ master water meter
✅ fiber optic internet available
✅ building completion certificate available

**location highlights**
📍 near al-douh metro station
📍 near exit 28 on the ring road
📍 located on a main commercial street
📍 near bilal bin rabah and najm al-din al-ayyubi roads
📍 approximately 20 minutes from king abdullah gardens project and qiddiya projectTuwaiq, Riyadh",https://sa.aqar.fm/en/building-for-sale/riyadh/west-of-riyadh/tuwaiq/building-for-sale-6841109
Apartment For Rent,38000,480.0,"Apartment for Rent in Riyadh An Narjis§38,000/annually480m²2for rent: an apartment in a villa, second floor
clean, with two entrances – one leading to a sitting room and a hallway
bedroom, living room, and kitchen
nice finishes and decoration, good priceAn Narjis, Riyadh",https://sa.aqar.fm/en/apartment-for-rent/riyadh/north-of-riyadh/an-narjis/apartment-for-rent-6872723
Flat For Sale,1030,1030000163.0,"Floor for Sale in Riyadh Al Maizilah§1,030,000163m²452ground floor corner unit, area 200 sqm
location 🏠 al-muayzilah district 🏠 opposite a mosque and a garden

it consists of:
* car entrance
* men's sitting room
* dining room
* family living room
* large kitchen
* 3 bedrooms, one of which is a master bedroom
* 3 bathrooms

=== prime location, close to all services and amenities ===
* 5 minutes from the metro
* 5 minutes from khurais road
* 5 minutes from the security college
* 5 minutes from sheikh jaber road

== compliant with saudi building code specifications
== full engineering supervision and comprehensive warranties
== building completion certificate + insurance certificate
== accepts cash or bank financing
== for inquiries ((number appears when pressing call))Al Maizilah, Riyadh",https://sa.aqar.fm/en/flat-for-sale/riyadh/east-of-riyadh/al-maizilah/flat-for-sale-6818672
Apartment For Rent,31000,928.0,"Apartment for Rent in Riyadh Qurtubah§31,000/annually928m²111apartment (8a) – first floor in a residential building 🏡

**property specifications:** 🏡
• external surveillance cameras 🎦
• spacious bedroom 🛏️
• living room 📺
• bathroom 🛁
• built-in kitchen cabinets 🍽️
• new built-in split air conditioners ❄️

the neighborhood is distinguished by its location near the northern ring road and eastern ring road, and is close to all amenities, including special education schools and international schools.

- al-tarbiya al-namudhajiya international schools – 3 minutes 🏫
- ibn rushd schools – 2 minutes 🏫
- public park – 4 minutes 🌴🌴
- imam muhammad bin saud university – 10 minutes 🎓
- princess nourah university – 18 minutes 🎓
- roshan front – 15 minutes 🎬🏬
- metro station – 10 minutes 🚇
- park avenue – 9 minutes 🏬
- king khalid international airport – 20 minutes 🛫
- global companies complex (economic gateway) – 10 minutes 🏦Qurtubah, Riyadh",https://sa.aqar.fm/en/apartment-for-rent/riyadh/east-of-riyadh/qurtubah/apartment-for-rent-6790145
Villa For Sale,750,750000248.0,"Villa for Sale in Riyadh Okaz§750,000248m²4🏡 townhouse for sale in al-ajlan district

if you're looking for luxury, privacy, and modern design… this option is worth a visit ✨

🔹 elegant modern design
🔹 luxurious facade and distinctive finishes
🔹 practical layout suitable for families
🔹 prime location in al-ajlan district

ground floor:
- men's sitting room (majlis)
- floored living area (muqallat)
- living room and dining area
- kitchen
- small storage room

first floor:
- living room (sala)
- four bedrooms, including 1 master bedroom

📍 al-ajlan — an opportunity worth seeingOkaz, Riyadh",https://sa.aqar.fm/en/villa-for-sale/riyadh/south-of-riyadh/okaz/villa-for-sale-6828588
Apartment For Sale,775,775000133.0,"Apartment for Sale in Riyadh Al Mahdiyah§775,000133m²3apartment for sale with distinguished specifications

a high-end residential apartment offering you privacy and comfort, with a prime location and practical design that suits family needs.

specifications:
• men's sitting room
• 3 bedrooms
• living room
• 3 bathrooms
• spacious kitchen

✨ the apartment is ready for immediate occupancy, and is suitable for those seeking peace and comfort.
for contact // 0502444533Al Mahdiyah, Riyadh",https://sa.aqar.fm/en/apartment-for-sale/riyadh/west-of-riyadh/al-mahdiyah/apartment-for-sale-6807316
Apartment For Rent,50000,124.0,"Apartment for Rent in Riyadh Al Mahdiyah§50,000/annually124m²31apartment details

men's sitting room

living room

kitchen

3 bedrooms

master bedroom

2 external bathroomsAl Mahdiyah, Riyadh",https://sa.aqar.fm/en/apartment-for-rent/riyadh/west-of-riyadh/al-mahdiyah/apartment-for-rent-6786221
Apartment For Rent,46000,160.0,"Apartment for Rent in Riyadh Al Qadisiyah§46,000/annually160m²321for rent: apartment in al-qadisiyah neighborhood
area: 200 sqm
behind taghani events hall
the apartment is on the 1st floor and consists of:
a large majlis with furnishings and a muqallat (sitting area), a living room, a fitted kitchen, two bedrooms, and two bathrooms
central gas available
air conditioners: split type
fiber internet available
paid approximately every 4 months
the electricity meter is shared with another apartment, with a fixed bill
close to services and schools
the house is located on wadi al-malsa street
rent: 3,700 monthly
42 (thousand) annuallyAl Qadisiyah, Riyadh",https://sa.aqar.fm/en/apartment-for-rent/riyadh/east-of-riyadh/al-qadisiyah/apartment-for-rent-6831494
Flat For Sale,1000,1000000199.0,"Floor for Sale in Riyadh Ash Sharq§1,000,000199m²34upper floor apartment 🏡

**area:** 199 m²
**3 bedrooms | 4 bathrooms**

🔸 **property details:**
- independent electricity meter
- car entrance
- passenger elevator
- men's sitting room + bathroom
- entrance foyer
- family living room
- bathroom + washbasins for the living room
- kitchen + storage room
- bedroom 1 + bedroom 2 with shared bathroom
- bedroom 3 with private bathroom

✨ **property features:**
- 20-meter eastern street
- warranties available
- building completion certificate available
- bank financing accepted

✨ **location features:**
- close to dammam expressway
- close to janadriyah road
- easy access to main roads in east riyadh

💰 **price:** 1,000,000 sar *(negotiable for full cash purchase)*Ash Sharq, Riyadh",https://sa.aqar.fm/en/flat-for-sale/riyadh/east-of-riyadh/ash-sharq/flat-for-sale-6826835
Riyadh,48,,48,https://sa.aqar.fm/en/all/riyadh/48
Flat For Sale,630,630000210.0,"Floor for Sale in Riyadh Taiba§630,000210m²4for sale: ground floor unit with deed in taibah district
price: 630,000
details:
majlis, living room, tiled kitchen, three bedrooms, car entrance, private entranceTaiba, Riyadh",https://sa.aqar.fm/en/flat-for-sale/riyadh/south-of-riyadh/taiba/flat-for-sale-6879319
Apartment For Rent,85000,134.0,"Apartment for Rent in Riyadh Al Arid§85,000/annually134m²4for rent: apartment in al-arid district – blue dar 134 complex

the apartment consists of:
• living room
• built-in kitchen
• 4 bedrooms
• laundry room or maid's room
• 3 bathrooms
• fully fitted air conditioners

complex features:
• swimming pool
• gym
• steam room
• receptionAl Arid, Riyadh",https://sa.aqar.fm/en/apartment-for-rent/riyadh/north-of-riyadh/al-arid/apartment-for-rent-6818943
Apartment For Rent,48000,2500.0,"Apartment for Rent in Riyadh Ad Dhubbat§48,000/annually2,500m²4property description:

🔺 renovated apartment in al dobbat district
- 4 spacious rooms
- living room
- kitchen
- 3 bathrooms
🔸 renovated
🔸 fitted kitchen
🔸 third floor
🔸 elevator available

📍 location:
- al dobbat district
- prime location

🏷️ price:
- two installments: 48,000Ad Dhubbat, Riyadh",https://sa.aqar.fm/en/apartment-for-rent/riyadh/center-of-riyadh/ad-dhubbat/apartment-for-rent-6891073
Apartment For Rent,50000,92.0,"Apartment for Rent in Riyadh An Narjis§50,000/annually92m²3for rent – apartment in al narjis district

north of king salman road, between othman bin affan road and abu bakr al-siddiq road.

**location highlights:**
- 10 minutes from princess nourah university
- 12 minutes from imam university
- 12 minutes from the airport
- very close to services

ground floor apartment

**apartment specifications:**
✅ 2 bedrooms (including a walk-in closet)
✅ living room
✅ 2 bathrooms
✅ kitchen
✅ large outdoor courtyard
✅ 4 mounted air conditioners
✅ private parking

**price:**
- 55,000 sar – two installments
- 49,000 sar – one installment

water is included for the duration [of the lease]

https://maps.app.goo.gl/yc4jjrazulyupf438?g_st=iwAn Narjis, Riyadh",https://sa.aqar.fm/en/apartment-for-rent/riyadh/north-of-riyadh/an-narjis/apartment-for-rent-6861017
Apartment For Rent,36000,158.0,"Apartment for Rent in Riyadh Al Janadriyah§36,000/annually158m²4313 bedrooms
3 bathrooms
majlis (sitting room)
living room
kitchen
private roof for the apartment
independent electricity meter
monthly rent: 3,000 sarAl Janadriyah, Riyadh",https://sa.aqar.fm/en/apartment-for-rent/riyadh/east-of-riyadh/al-janadriyah/apartment-for-rent-6783939
Factories For Rent,250,250000715.0,"Factory for rent in Riyadh Al Mishal§250,000715m²factory for rent in al-masha'el district - riyadh (al-saly)

area: 715 sqm
fire risk: medium hazard
rent: 250,000 (excluding vat)Al Mishal, Riyadh",https://sa.aqar.fm/en/Factories-for-rent/riyadh/south-of-riyadh/al-mishal/Factories-for-rent-6787213
Apartment For Rent,67000,146.0,"Apartment for Rent in Riyadh Al Arid§67,000/annually146m²331✨ apartment for rent – mughni 26 ✨

- neighborhood | al arid
- area | 146 sqm
- project | mughni 26
- floor | 2nd

✨ specifications ✨
- 3 bedrooms
- living room
- 3 bathrooms
- air conditioners installed
- kitchen installed
- private parking

🌟 price 🌟
67,000 – one payment
70,000 – two payments

- dear client, to arrange a viewing ♥️
contact us on whatsapp and we will be happy to assist you.

✨ apartment for rent – mughna 26 ✨

* neighborhood: al arid
* area: 146 sqm
* project: mughna 26
* floor: 2nd floor

✨ features:

* 3 bedrooms
* living room
* 3 bathrooms
* installed air conditioning units
* fitted kitchen
* private parking space

🌟 rental price: 🌟

* sar 67,000 – one payment
* sar 70,000 – two payments

♥️ for inquiries and scheduling, dear client:
please contact us via whatsapp, and we will be happy to assist you.Al Arid, Riyadh",https://sa.aqar.fm/en/apartment-for-rent/riyadh/north-of-riyadh/al-arid/apartment-for-rent-6905361
Apartment For Rent,42000,90.0,"Apartment for Rent in Riyadh Al Khaleej§42,000/annually90m²21rental available (annual, semi-annual, or quarterly) — two bedrooms, a living room, a kitchen, and a bathroom in the al-khalij district. excellent location, close to all services. for details, please contact us at the numbers: ((the number appears when you press call))Al Khaleej, Riyadh",https://sa.aqar.fm/en/apartment-for-rent/riyadh/east-of-riyadh/al-khaleej/apartment-for-rent-6802082
Villa For Sale,2500,2500000163.0,"Villa for Sale in Riyadh Umm Al Hamam Al Sharqi§2,500,000163m²332villa for sale in carolina palms compound, al ma'athar district
area: 163.82 sq m
age: 8 years
facing: west, 12-meter wide street
amenities: maintenance, amusement park, swimming pool, gym, football field, and cinema
consisting of: ground floor: majlis (formal sitting room), kitchen, living room, garden, bathroom, and enclosed driver's room. upper floor: living room, 3 bedrooms, and 2 bathrooms.
fire alarm system installed.
for viewing and inquiries: assets gate company / advertiser's number displayed on screenUmm Al Hamam Al Sharqi, Riyadh",https://sa.aqar.fm/en/villa-for-sale/riyadh/west-of-riyadh/umm-al-hamam-al-sharqi/villa-for-sale-6807311
Flat For Sale,1499,1499000175.0,"Floor for Sale in Riyadh Al Malqa§1,499,000175m²342for sale — residential floors 🏡 methlaa 9 project – al malqa district

🌟 located in one of the best areas of north riyadh with modern and elegant designs ✨

📍 prime location:
🚗 3 minutes from king salman road
🚗 5 minutes from king fahd road
🚗 5 minutes from king khalid road

✨ project features:
✅ 20m wide street
✅ private entrances
✅ separate majlis
✅ master bedrooms
✅ spacious and private areas
✅ passenger elevator
✅ high ceilings
✅ independent meters and independent water tank

sizes & pricing:
▫️ ground floor — total area: 231 sqm | price: sar 2,340,000
current limited-time discount: sar 1,999,000 ✅

▫️ first floor — total area: 171 sqm | price: sar 1,799,000
current limited-time discount: sar 1,650,000 ✅

▫️ second floor — total area: 175 sqm | price: sar 1,789,000
limited-time discount: sar 1,500,000

for more details and a site visit, contact us now 🙌🏻Al Malqa, Riyadh",https://sa.aqar.fm/en/flat-for-sale/riyadh/north-of-riyadh/al-malqa/flat-for-sale-6852740
Villa For Sale,670,670000212.0,"Villa for Sale in Riyadh Al Janadriyah§670,000212m²541ground floor – ghusoon subdivision

📍 location: ghusoon subdivision
📐 area: 212 m²
🛣️ frontage: west-facing
🛣️ 15m street

consists of:

- 3 bedrooms including a master bedroom
- majlis (men's sitting room)
- maqalat (women's sitting room)
- living room
- 3 bathrooms

💰 price: 670,000

a suitable property for family living, with a prime location and practical design.Al Janadriyah, Riyadh",https://sa.aqar.fm/en/villa-for-sale/riyadh/east-of-riyadh/al-janadriyah/villa-for-sale-6884314
Flat For Sale,670,670000155.0,"Floor for Sale in Riyadh Tuwaiq§670,000155m²61the project consists of separate floors
floor by floor apartment
ground floor: 770 thousand
upper floor: 670 thousand
apartment: 570 thousand

the video is for the first floorTuwaiq, Riyadh",https://sa.aqar.fm/en/flat-for-sale/riyadh/west-of-riyadh/tuwaiq/flat-for-sale-6855789
Big Flat For Rent,95000,750.0,"Floor for Rent in Riyadh As Sahafah§95,000/annually750m²342ground floor apartment in al sahafa:

- 3 bedrooms (master bedroom)
- spacious majlis
- large living room
- built-in kitchen
- 4 bathrooms
- yard with parking space
- maid's room
- all air conditioners included (except one room)

* close to the financial center and al rabee metro station
* regular and upscale neighborhood
* overlooks a neighborhood park
* close to the mosque
* easy entry and exit from the neighborhoodAs Sahafah, Riyadh",https://sa.aqar.fm/en/big-flat-for-rent/riyadh/north-of-riyadh/as-sahafah/big-flat-for-rent-6883337
Apartment For Rent,40000,92.0,"Apartment for Rent in Riyadh Al Janadriyah§40,000/annually92m²341apartment for rent in ghusoon al-janadriyah district

- the apartment is located on the second floor
- brand new, never been rented before
- features a large rooftop and a balcony overlooking the main street

- close to all services including a mosque, sports club, supermarket, vegetable shops, cafes, and directly in front of a hospital
- elevator available

the apartment consists of:
- men's sitting room (majlis) with a bathroom and washbasins overlooking the rooftop
- 3 bedrooms, one of which is a master bedroom
- family living room with a bathroom
- kitchen with a ventilation shaft
- storage room / maid's room
- private parking space
- independent electricity meter
- independent water tank

payment: annually or semi-annually onlyAl Janadriyah, Riyadh",https://sa.aqar.fm/en/apartment-for-rent/riyadh/east-of-riyadh/al-janadriyah/apartment-for-rent-6836004
Flat For Sale,1690,1690000217.0,"Floor for Sale in Riyadh Al Aqiq§1,690,000217m²351for sale – second floor, al aqiq district
new – elevator available to the floor
car entrance, electricity meter
air conditioners installed

**floor specifications:**
rooftop with a shade/pergola
large open living room connected to the sitting area
kitchen, maid's room
two master bedrooms + private rooftop

**price: 1,690,000 sar**
contact number: (number appears when you press call)Al Aqiq, Riyadh",https://sa.aqar.fm/en/flat-for-sale/riyadh/north-of-riyadh/al-aqiq/flat-for-sale-6759578
Riyadh,49,,49,https://sa.aqar.fm/en/all/riyadh/49
Villa For Sale,11000,11000000507.0,"Villa for Sale in Riyadh Al Malqa§11,000,000507m²65**(luxury villa for sale – al malqa district)**

an exceptional villa for sale in al malqa district, one of the most prestigious and distinguished neighborhoods in riyadh.

📍 al malqa district
📐 507 m²
💰 11,000,000 sar

designed for those seeking a distinctive lifestyle, in a location that combines tranquility, elegance, and proximity to all key destinations.

• elite location in the heart of al malqa
• upscale surroundings with comprehensive services
• easy access to the most prominent roads in north riyadh

**villa details**

🔹 ground floor:
• independent external sitting room with a bathroom
• spacious internal sitting room
• large family lounge
• kitchen
• maid's room
• laundry room
• storage room
• outdoor swimming pool
• distinguished outdoor seating area

🔹 first floor:
• 4 spacious bedrooms
• all rooms are master bedrooms with private bathrooms

🔹 second floor:
• bedroom with bathroom
• spacious multi-purpose lounge
• large rooftop terrace

**villa features**

✨ prime location in al malqa district
✨ passenger elevator
✨ full concealed air conditioning on the ground floor
✨ private swimming pool
✨ outdoor seating areas
✨ practical design with generous spaces
✨ high privacy and superior construction quality

**(warranties up to 25 years)**
exclusive marketer: (ibhath real estate)Al Malqa, Riyadh",https://sa.aqar.fm/en/villa-for-sale/riyadh/north-of-riyadh/al-malqa/villa-for-sale-6746826
Apartment For Sale,720,720000103.0,"Apartment for Sale in Riyadh Al Maizilah§720,000103m²5🏡 elegant apartment for sale | east riyadh – al muayzilah district

a great opportunity for those seeking comfort, spaciousness, and quality design in a prime location in east riyadh ✨

🔹 apartment features:
• elevator
• two separate entrances for men and women
• large and spacious men's sitting room (majlis) with a bathroom and washbasins
• spacious family living room with a bathroom and washbasins
• open kitchen with a modern design
• maid's room with a private bathroom
• two master bedrooms

💰 price: 720,000 sar

📞 for inquiries and contact:
abu mohammed | 0581041870

✨ an apartment that combines generous spaces with a practical layout, ideal for those seeking upscale living and privacy.Al Maizilah, Riyadh",https://sa.aqar.fm/en/apartment-for-sale/riyadh/east-of-riyadh/al-maizilah/apartment-for-sale-6885485
Villa For Sale,1200,1200000250.0,"Villa for Sale in Riyadh Al Janadriyah§1,200,000250m²61👌🏻 a distinctive residential opportunity in bawwabat al-sharq neighborhood, east riyadh
📍 a modern location, close to all services.

🔘 (villa with internal staircase and apartment)

✏️ area: 250 sqm
💵 price: 1,200,000 sar – negotiable

🏠 specifications:

* majlis (men's sitting room)
* muqlat (formal reception room)
* 6 bedrooms, including a master bedroom
* kitchen + storage room
* large living hall
* separate entrances for men and women
* independent water tank and meter

other specifications:
* compliant with the saudi building code
* 25-year warranty
* brand new property
* south-facing facade
* street width: 15 meters
* water and electricity already connected
* close to a park and a mosque

● apartment details:
* 2 bedrooms, including a master bedroom
* majlis (sitting room)
* spacious rooftop
* independent meter
* independent water tank
* private independent entrance

for contact: abu abdullah
[((Advertiser's number appears upon contact))]Al Janadriyah, Riyadh",https://sa.aqar.fm/en/villa-for-sale/riyadh/east-of-riyadh/al-janadriyah/villa-for-sale-6763668
Apartment For Sale,450,45000060.0,"Apartment for Sale in Riyadh Ash Sharq§450,00060m²4apartment for sale
it consists of:
- living room with balcony
- bathroom
- very large hall
- kitchen
- two master bedrooms
- a room with a bathroom
- all warranties
- engineering supervision
- one-year warranty from the owner
- comprehensive financing solutions
((the number appears when pressing call))Ash Sharq, Riyadh",https://sa.aqar.fm/en/apartment-for-sale/riyadh/east-of-riyadh/ash-sharq/apartment-for-sale-6878576
Villa For Sale,1150,1150000250.0,"Villa for Sale in Riyadh Al Janadriyah§1,150,000250m²7🏠 modern duplex villa with internal staircase in east riyadh, al-janadriyah district, bawabat al-sharq plan

📐 area: 250 sqm
🛣️ street: 15m wide, with utilities connected

the villa consists of:
- car garage
- men's entrance
- women's entrance
- sitting room (majlis) with washbasins and bathroom
- maqlaṭ (secondary sitting area)
- living room
- kitchen
- setback area behind the kitchen
- elderly room with washbasins and bathroom
- internal staircase
- five bedrooms, three of which are master bedrooms
- living room
- internal staircase
- master bedroom
- 2 large rooftop terraces
- living room

the villa comes with full warranties:
- malath insurance: 10 years
- electrical warranty – al-fanar saudi company: 25 years
- plumbing warranty – green pipes company: 25 years
- insulation warranty: 10 years
- close to all services

financing solutions available
debt settlement options available

💰 price: 1,150,000 sar

📞 for inquiries: 0581032214 – abu sanadAl Janadriyah, Riyadh",https://sa.aqar.fm/en/villa-for-sale/riyadh/east-of-riyadh/al-janadriyah/villa-for-sale-6792116
Flat For Sale,699,699000133.0,"Floor for Sale in Riyadh Ar Rimal§699,000133m²543athal real estate company offers its clients the latest real estate listings with modern contemporary designs.

your first destination for choosing your property.

**for sale: first floor – modern design**
al ramal al waha district

complete independence with private water and electricity.

---

**property details**

the project is designed in a modern contemporary style, compliant with saudi building code specifications.

**floor details:**

- first floor
- men's sitting room (majlis) with balcony
- dining room
- kitchen
- maid's room
- laundry room
- master bedroom
- 2 additional bedrooms
- attached bathroom
- 2 bathrooms with vanities

**total bedrooms and bathrooms:**
- 3 bedrooms
- 3 bathrooms

---

**excellent location – close to all services:**
- near malls and shopping centers
- near hospitals and medical centers
- near parks and schools
- near the airport
- near universities
- jogging track

---

**warranties:**
- comprehensive warranties on all works
- plumbing warranty – green pipe extensions: 15 years
- electrical warranty – wiring and fanar circuit breakers: 25 years
- water and thermal insulation: 10 years
- tile and tank warranty: 10 years
- insurance policy included

---

**company features:**
- bank procedure processing across the kingdom
- works with all banks
- down payment assistance available
- installment unification
- settlement of delinquent payments

✅ ask about your property in the neighborhoods of north east riyadh.

---

**for contact and inquiries:**
0559640804Ar Rimal, Riyadh",https://sa.aqar.fm/en/flat-for-sale/riyadh/east-of-riyadh/ar-rimal/flat-for-sale-6760073
Villa For Rent,70000,300.0,"Villa for Rent in Riyadh As Suwaidi Al Gharabi§70,000/annually300m²41peace be upon you.

villa for rent with a swimming pool.

area: 300 sqm, with a 6×3 pool.

location: west al-suwaidi, close to the ring road, exit 27. near a park, a mosque, a public girls' primary school, and private primary, intermediate, and secondary schools for boys and girls.

ground floor: a men's majlis, a sitting room, a large hall overlooking the pool, an indoor kitchen, an outdoor kitchen, and an outdoor annex.

first floor: 3 rooms, consisting of two rooms with two bathrooms and a master room with a bathroom.

9 split air conditioners ✅
without kitchen ❌
unfurnished ❌
without roof access

rent: 70,000 in a single payment.

https://maps.app.goo.gl/moaibvagbcsqaymp9As Suwaidi Al Gharabi, Riyadh",https://sa.aqar.fm/en/villa-for-rent/riyadh/west-of-riyadh/as-suwaidi-al-gharabi/villa-for-rent-6826048
Apartment For Sale,890,890000141.0,"Apartment for Sale in Riyadh Al Munsiyah§890,000141m²3our company offers its clients the latest real estate listings featuring modern, contemporary design.

your first choice for selecting your property.
apartment for sale in al-munsiyah district

street 30
consists of:
living room
kitchen
3 bedrooms
3 bathrooms

fully independent water and electricity

__________________
property details
the project is designed in the modern contemporary style, in compliance with the saudi building code specifications.

excellent location close to all services:
close to malls and shopping centers
close to hospitals and medical centers
close to parks and schools
close to the airport
close to universities
riyadh walkway and metro station, 10 minutes away

warranties
comprehensive warranties on all works
plumbing warranties
green pipe installations: 15 years
electrical warranties for wiring and circuit breakers (al-fanar): 25 years
waterproofing and thermal insulation: 10 years
warranty on the sewage system and tanks: 10 years
insurance policy included

company features
completion of banking procedures throughout the kingdom
we deal with all banks
down payment assistance
installment consolidation
settlement of defaulted payments
to contact us ((the number appears when you tap call))Al Munsiyah, Riyadh",https://sa.aqar.fm/en/apartment-for-sale/riyadh/east-of-riyadh/al-munsiyah/apartment-for-sale-6728172
Riyadh,50,,50,https://sa.aqar.fm/en/all/riyadh/50
Villa For Sale,1500,1500000325.0,"Villa for Sale in Riyadh Badr§1,500,000325m²941two-floor villa with a private independent annex

**first floor:**
- courtyard + car entrance
- majlis + reception room + bathroom
- living room + kitchen + bathroom

**second floor:**
- 4 master bedrooms + living hall

**annex:**
- maid's room + laundry room + bathroomBadr, Riyadh",https://sa.aqar.fm/en/villa-for-sale/riyadh/south-of-riyadh/badr/villa-for-sale-6760516
Apartment For Rent,6250,480.0,"Apartment for Rent in Riyadh Al Arid§6,250/annually480m²211✨https://maps.app.goo.gl/l28cixei5nf17qox9 apartments
✨luxury furnished apartment in al-aardh neighborhood
monthly rent of 6,250 sar
unit number a2
consists of:

♦️two bedrooms, living room, kitchen, and bathroom
♦️tv screen
♦️air conditioning
♦️automatic washing machine
♦️refrigerator
♦️toaster
♦️kitchen cabinet
♦️electric stove
♦️air fryer
♦️kitchen utensils
♦️free electricity
♦️free water
♦️free internet
♦️no external cleaning fees

✅location stated in the ad is accurate
✨close to all services✨Al Arid, Riyadh",https://sa.aqar.fm/en/apartment-for-rent/riyadh/north-of-riyadh/al-arid/apartment-for-rent-6898862
Lounge For Rent,18000,525.0,"Rest House for Rent in Riyadh Uraidh§18,000/annually525m²101a rest house complex in urayd, each rest house consisting of 2 rooms, a kitchen, and a bathroom with an independent entrance. suitable for company and institution workers. close to king salman base and the technical college.Uraidh, Riyadh",https://sa.aqar.fm/en/lounge-for-rent/riyadh/south-of-riyadh/uraidh/lounge-for-rent-6823751
Villa For Sale,5000,5000000770.0,"Villa for Sale in Riyadh Al Munsiyah§5,000,000770m²953🏡✨ for sale | luxury villa in the most prestigious area of al-munsiyah neighborhood – riyadh ✨🏡

an exceptional opportunity to own a property in a rare and highly distinctive location, combining prestigious positioning with strong investment potential.

📐 area: 770 m²
🛣️ 15m north-facing street
📍 exceptional location: third villa from the corner, adjacent to hamoud al-haydan mosque and al-munsiyah park
🏠 standalone villa
✨ ground floor
🏢 3 independent apartments — an ideal option for both residential and investment purposes
⏳ in use for 14 years

💎 a property with investment-grade specifications and a location that is hard to replicate

💰 price: 5,000,000 sar

📋 advertising license number: 7201098056

📞 for contact and inquiries:
abu malik al-harbi
((number appears upon pressing call))

🔥 location comes first… space comes second… and this opportunity offers both.Al Munsiyah, Riyadh",https://sa.aqar.fm/en/villa-for-sale/riyadh/east-of-riyadh/al-munsiyah/villa-for-sale-6836246
Flat For Sale,450,450000188.0,"Floor for Sale in Riyadh Taiba§450,000188m²353assalamu alaikum wa rahmatullahi wa barakatuh
a once-in-a-lifetime opportunity that won't be repeated.

looking for elegance in design and optimal use of spaces?
looking to save money and deal with credibility?
we have everything that will please you!

we present floors in a luxury villa:
- **district:** taybah
- **area:** 300 sqm
- **price:** ground floor: 480,000
upper floor with apartment: 550,000
- **facing:** east and west
- **street width:** 20m

- own your home with real estate solutions and facilities for both military and civilian personnel
- as your ideal consultant, we offer you bank exemptions and provide financing
- in the fastest time, lowest rate, and highest available amount!!
(compare our calculations with the bank's calculations yourself!)
- providing a surplus amount above the property value for furniture
★ providing the down payment for free
★ settling obligations at the client's bank
★ direct supervision of property valuation for a fair assessment and to avoid undervaluing the property
★ dealing directly with bank management
★ providing all offers ☆

**code: (5)**Taiba, Riyadh",https://sa.aqar.fm/en/flat-for-sale/riyadh/south-of-riyadh/taiba/flat-for-sale-6845347
Apartment For Rent,42000,242.0,"Apartment for Rent in Riyadh Qurtubah§42,000/annually242m²321al-rawabet real estate for marketing and real estate development
apartment for rent – qurtubah district

📍 apartment details:
▪️ 3 bedrooms and a living room
▪️ private rooftop
▪️ installed kitchen
▪️ only one air conditioner installed
▪️ independent electricity meter

💰 rent:
▪️ 42,000 sar paid in one payment + 1,000 sar water fees
▪️ 48,000 sar paid in two payments + 1,000 sar water fees

📍 company office: al-rawabet real estate – al-munsiyah district – al-sahaba roadQurtubah, Riyadh",https://sa.aqar.fm/en/apartment-for-rent/riyadh/east-of-riyadh/qurtubah/apartment-for-rent-6817075
Villa For Sale,930,930000206.0,"Villa for Sale in Riyadh Taiba§930,000206m²753project 9

assalom alaikum wa rahmatullahi wa barakatuh
a once-in-a-lifetime opportunity that will not be repeated

looking for elegance in design and optimal use of space?
looking to save money and deal with credibility?
we have what will make you happy.

we present to you a luxury villa:
- **neighborhood:** taybah al-aziziyah
- **area:** 250 sqm
- **price:** 930,000 sar
- **facing:** south
- **street width:** 25 meters

we provide debt settlement and the first down payment of 10% for free, with no interest.

we save you time by dealing with all banks and real estate financing companies, with the possibility of transferring from one bank to another and facilitating all matters.

all you need to do is contact us via whatsapp or phone call.
**(project 9)**Taiba, Riyadh",https://sa.aqar.fm/en/villa-for-sale/riyadh/south-of-riyadh/taiba/villa-for-sale-6845440
Flat For Sale,620,620000300.0,"Floor for Sale in Riyadh Tuwaiq§620,000300m²441peace be upon you and god's mercy and blessings.
may god bless your time with all goodness.

**for sale: separate floors, each with an independent title deed**

area: 300 square meters
location: tuwaiq district – a prime location with full services, next to a mosque.

**prices:**
- ground floor: 730,000 sar
- first floor: 620,000 sar
- apartment: 530,000 sar

all prices are open to reasonable negotiation, and we will not disappoint serious buyers.

excellent modern construction with very high-end finishing, including all warranties:
- plumbing
- electrical
- insulation
- insurance
- in compliance with the saudi building code

we also have other offers and various sizes at competitive prices.

we have a complete team working with all banks to serve you and process all banking transactions as quickly as possible.

for inquiries and communication via whatsapp or phone call:
**abu rizq**

we are happy to serve you around the clock.Tuwaiq, Riyadh",https://sa.aqar.fm/en/flat-for-sale/riyadh/west-of-riyadh/tuwaiq/flat-for-sale-6837981
Flat For Sale,750,750000140.0,"Floor for Sale in Riyadh Dhahrat Namar§750,000140m²51for sale: floors in al-awali neighborhood, one of the best neighborhoods in the west.

area: 250 sqm
ground floor: 750,000
upper floor with apartment: 1,000,000

we also offer debt settlement services and easy financing payment solutions. we work with all private companies and banks, and we have all offers at the lowest prices.Dhahrat Namar, Riyadh",https://sa.aqar.fm/en/flat-for-sale/riyadh/west-of-riyadh/dhahrat-namar/flat-for-sale-6869789
Apartment For Rent,120000,172.0,"Apartment for Rent in Riyadh Al Qirawan§120,000/annually172m²331No descriptionAl Qirawan, Riyadh",https://sa.aqar.fm/en/apartment-for-rent/riyadh/north-of-riyadh/al-qirawan/apartment-for-rent-6884065
Apartment For Rent,90000,105.0,"Apartment for Rent in Riyadh An Narjis§90,000/annually105m²221✨ luxury apartment for rent ✨

🏡 **specifications:**

- master bedroom with a private bathroom and central ac.
- secondary bedroom with split ac.
- central ac for the living room and kitchen.
- external bathroom serving the secondary bedroom and living room.
- central ac for the master bedroom.
- split ac for the secondary bedroom.
- spacious living room with an elegant design.
- fitted kitchen with appliances.
- fully equipped laundry room with split ac.
- private entrance with a setback area opening onto the living room.
- private shaded parking space dedicated to the unit.

📞 **for contact and inquiries:**
- **((Advertiser's number appears upon contact))**

the unit is ready for immediate move-in! 🚪✨An Narjis, Riyadh",https://sa.aqar.fm/en/apartment-for-rent/riyadh/north-of-riyadh/an-narjis/apartment-for-rent-6866696
Big Flat For Rent,120000,406.0,"Floor for Rent in Riyadh Al Aqiq§120,000/annually406m²422for rent: ground floor in a villa
in al-aqiq neighborhood
4 bedrooms, each with its own bathroom except one / fitted kitchen with a maid's room inside
large living room and an outdoor bathroom for laundry
fireplace in the courtyard
central air conditioning
the floor is fully furnished with new and high-end furniture
30-meter street
close to all services / schools and supermarket
close to al-aqiq park
rent: 120,000Al Aqiq, Riyadh",https://sa.aqar.fm/en/big-flat-for-rent/riyadh/north-of-riyadh/al-aqiq/big-flat-for-rent-6897861
Apartment For Rent,75000,117.0,"Apartment for Rent in Riyadh Ishbiliyah§75,000/annually117m²231luxury apartment for rent in ishbiliyah
diyari project (new)

two bedrooms + living room + kitchen + 3 bathrooms
fitted kitchen + split air conditioner installed

private parking available
master bedroom available

price: 75,000 (two payments)

project amenities:
prayer room - gym - swimming pool - cinema hall - nursery - garden - coffee lounge

next to a private school

real estate expertise world
((the number appears when you click call)) 505816222Ishbiliyah, Riyadh",https://sa.aqar.fm/en/apartment-for-rent/riyadh/east-of-riyadh/ishbiliyah/apartment-for-rent-6901548
Apartment For Rent,80000,106.0,"Apartment for Rent in Riyadh Al Yasmin§80,000/annually106m²331apartment 3138q1
ad number: 1250
to book an appointment or view other units, please visit amaar's website http://aamar.sa/units/1250
prices:
one payment: 85,000 sar
two payments: 180,000 sar
monthly payments: 102,000 sar
unit details:
3 bedrooms + 3 bathrooms
living room (1)
kitchen (american) (installed)
air conditioners 0 (installed)
outdoor area (none)
private parking (building_front)
property location features:
king fahd road 10 minutes
metro station 4 minutes
imam muhammad bin saud islamic university 15 minutesAl Yasmin, Riyadh",https://sa.aqar.fm/en/apartment-for-rent/riyadh/north-of-riyadh/al-yasmin/apartment-for-rent-6727448
Flat For Sale,639,639000188.0,"Floor for Sale in Riyadh Ar Rimal§639,000188m²341peace, mercy, and blessings of god be upon you.
((the number appears when you press call)) to contact us by phone or whatsapp.
location: al rimal district, khazzam gate, riyadh.
i present to you a villa for sale in the district ☝️ 👆👆
area: 270 m²
floor-by-floor title deed. everything is independent:
separate electricity meter and water meter,
a car parking space, and water tanks 🤌
we are offering the upper floor: first floor 670k, second floor 620k.
elevator-equipped. it consists of 👇
car entrance, men's majlis, washrooms,
living room, kitchen, and storage room,
3 bedrooms, including 2 master bedrooms.
price: 620k 👏 🏧
office services:
we deal with all banks and companies, in both the private and public sectors, and we arrange your financing as soon as possible with the best rate and the lowest profit margin.
we provide you with a free down payment.
we settle your debts for free where possible.
we provide you with all guarantees directly from the owner.
.. waha al dur real estate office, at your service.Ar Rimal, Riyadh",https://sa.aqar.fm/en/flat-for-sale/riyadh/east-of-riyadh/ar-rimal/flat-for-sale-6869086
Villa For Sale,990,990000255.0,"Villa for Sale in Riyadh Al Hazm§990,000255m²51townhouse for sale – al-hazm district

area: 255 sqm
street width: 15 m
prime location, close to healthcare, educational, and commercial services
price: 990,000 sar

property details – ground floor:
external annex, men's sitting room (majlis), living room, and kitchen

first floor:
4 bedrooms, including a master bedroom

second floor:
1 room and a rooftop terrace

all warranties available, with warranties of up to 25 years

for contact:
(number appears when clicking ""call"")Al Hazm, Riyadh",https://sa.aqar.fm/en/villa-for-sale/riyadh/west-of-riyadh/al-hazm/villa-for-sale-6886324
Apartment For Rent,48000,700.0,"Apartment for Rent in Riyadh Al Munsiyah§48,000/annually700m²3## buthrat al-mustaqbal foundation for real estate services

**(fully renovated apartment for rent)**

### details 🏡

* two entrances to the apartment — a men's entrance and a women's entrance
* private parking space
* men's sitting room with an attached bathroom
* two bedrooms with an attached bathroom
* spacious living room
* kitchen

the apartment features an excellent location, close to all services including mosques, schools, and markets, on a wide street with a private parking space for each apartment.

**note:** the apartment is fully renovated, with an independent electricity meter, located on the first floor.

**we are happy to serve you and welcome your inquiries.**

📞 **(0539962007)**Al Munsiyah, Riyadh",https://sa.aqar.fm/en/apartment-for-rent/riyadh/east-of-riyadh/al-munsiyah/apartment-for-rent-6828614
Apartment For Rent,50000,350.0,"Apartment for Rent in Riyadh An Narjis§50,000/annually350m²321offer no. 4218
in the name of allah, the most gracious, the most merciful
please read the advertisement carefully
peace be upon you and the mercy and blessings of allah
apartment for rent
apartment in a villa, second floor, private entrance, prime location behind al-tamimi complex and close to all services
the apartment consists of 3 bedrooms, a living room, a majlis, and a kitchen
there is a roof
🟢 air conditioners installed
🟢 kitchen installed

required price:
50,000 for one payment
55,000 for two payments

contact:
abu rakan: ((the number appears when you click call))
abu abdulaziz: ((the number appears when you click call))

al-ibra real estate company
our services: marketing, property management, real estate development, electronic contract writing, owners' association, off-plan sales services. working hours from 4 pm until 10 pm
whatsapp 24 hoursAn Narjis, Riyadh",https://sa.aqar.fm/en/apartment-for-rent/riyadh/north-of-riyadh/an-narjis/apartment-for-rent-6809779
Apartment For Sale,550,550000145.0,"Apartment for Sale in Riyadh An Nasim Al Gharbi§550,000145m²531asas residence project – al naseem al gharbi district

apartments consisting of: 
three bedrooms + majlis + living room + 3 bathrooms + kitchen + storage room + laundry room

features:
near othaim mall, khurais road
comprehensive warranties and engineering supervision at all stages
split air conditioning installed throughout all apartments

price starts from 550,000An Nasim Al Gharbi, Riyadh",https://sa.aqar.fm/en/apartment-for-sale/riyadh/east-of-riyadh/an-nasim-al-gharbi/apartment-for-sale-6902783
Building For Sale,650,650000400.0,"Building for Sale in Riyadh Al Mahdiyah§650,000400m²**for sale – residential building in al-mahdiyah district**

- **area:** 400 sqm
- **street width:** 35 m, south-facing
- **6 apartments:**
  - 3 apartments – duplex system
  - 3 apartments – sizes ranging from 102 to 150 sqm
- **basement:** 6 parking spaces + a separate water tank for each apartment with a dedicated parking spot
- **each floor has 2 apartments:**
  - ground floor
  - first floor
  - second floor with rooftop access for the upper apartments
- the building requires only finishing touches

**sale options:**
- full building or individual units
- **price:** 4,500,000 sar – net (excluding tax)
- negotiable
- direct with the owner

**contact:**
dana al-gharb real estate office
*(number appears upon clicking ""call"")*Al Mahdiyah, Riyadh",https://sa.aqar.fm/en/building-for-sale/riyadh/west-of-riyadh/al-mahdiyah/building-for-sale-6856323
Riyadh,51,,51,https://sa.aqar.fm/en/all/riyadh/51
Flat For Sale,510,510000151.0,"Floor for Sale in Riyadh Dirab§510,000151m²531**😍 (( a very special real estate opportunity )) 😍**

**🔘🔽 ( floor with separate title deed ) 🔽**

📍 **location:** riyadh, **deerab** district 📌

**🔻 with the following specifications 🔻**

⭕ 💵 **price: 550,000 sar**

🛣 **street width:** 20 m² | 🌄 **east-facing**

**1️⃣ ground floor specifications::**

✍ (car entrance, two separate entrances for men and women – courtyard with indoor parking – men's sitting room with bathroom and wash basins – living room – kitchen)

✍ (3 bedrooms and a hall, including a master bedroom – 2 bathrooms)Dirab, Riyadh",https://sa.aqar.fm/en/flat-for-sale/riyadh/west-of-riyadh/dirab/flat-for-sale-6876873
Flat For Sale,650,650000155.0,"Floor for Sale in Riyadh Tuwaiq§650,000155m²4may allah bless your times with all goodness.
for sale — cash or installments through the bank.
first floor, tuwaiq district, price: 650,000 sar.
we are happy to follow up and communicate with you.Tuwaiq, Riyadh",https://sa.aqar.fm/en/flat-for-sale/riyadh/west-of-riyadh/tuwaiq/flat-for-sale-6900509
Apartment For Rent,60000,117.0,"Apartment for Rent in Riyadh Al Munsiyah§60,000/annually117m²331for rent | mughna 38
📍 al-munsiyah district

ground floor with a practical and distinctive design

🔹 3 bedrooms
• master bedroom
• two additional bedrooms with a shared bathroom between them
• spacious living room
• facade
• laundry room
• built-in kitchen
• built-in air conditioningAl Munsiyah, Riyadh",https://sa.aqar.fm/en/apartment-for-rent/riyadh/east-of-riyadh/al-munsiyah/apartment-for-rent-6885795
Flat For Sale,950,950000245.0,"Floor for Sale in Riyadh An Nahdah§950,000245m²4first floor for sale with an area of 245 sqm in al nahdah district
practical finishing and excellent layout suitable for families 👨‍👩‍👧‍👦

it consists of:

• spacious living room with a private coffee corner
• entrance hall
• family lounge
• kitchen
• 3 bedrooms
  ◦ 2 master bedrooms

💰 price: 950,000 sar

a great opportunity for residential or investment purposes
for contact and inquiries:
0558998924An Nahdah, Riyadh",https://sa.aqar.fm/en/flat-for-sale/riyadh/east-of-riyadh/an-nahdah/flat-for-sale-6751980
Apartment For Sale,1100,110000085.0,"Apartment for Sale in Riyadh Al Mughrizat§1,100,00085m²221for sale: two-bedroom and living room apartment on the third floor, with an area of 107.40 sqm including private portions, located in a residential building in al-maghrazat neighborhood on prince muqrin bin abdulaziz street, in a prime location close to commercial centers.

the apartment consists of:
a living room, an open kitchen connected to the living room, two bedrooms including a master bedroom, a balcony, fitted air conditioners, and a fitted kitchen.

* private parking space for the apartment

selling price: 1,100,000 sar (one million and one hundred thousand riyals)

brokerage contract no.: 6201015567

for contact:
((number appears when pressing call))
((number appears when pressing call))Al Mughrizat, Riyadh",https://sa.aqar.fm/en/apartment-for-sale/riyadh/north-of-riyadh/al-mughrizat/apartment-for-sale-6802228
Store For Rent,200000,450.0,"Shop for Rent in Riyadh Ar Rawdah§200,000/annually450m²35mfor rent: mezzanine showroom, area 250 sqm, in al-rawdah district
price: 200,000 sar in two installments
brokerage contract number: 6200970694
for contact:
0504178885
0533886000Ar Rawdah, Riyadh",https://sa.aqar.fm/en/store-for-rent/riyadh/east-of-riyadh/ar-rawdah/store-for-rent-6755481
Land For Sale,3780,3780000600.0,"Land for Sale in Riyadh An Narjis§3,780,000600m²12mResidential🏡 residential land for sale – al narjis district

📍 location: al narjis district – south of anas ibn malik road and west of othman ibn affan road – first western kilometer

🔹 plot number: 1215
🔹 area: 600 m²
🔹 frontage: west-facing on a 12m-wide street
🔹 dimensions: 25m street frontage × 24m depth
🔹 land type: flat/level
🔹 utilities: fully serviced location
💰 price per m²: 6,300 sar
💵 total price: 3,780,000 sar

📄 brokerage contract number: 6201081069

📞 contact:
0504178885
0533886000An Narjis, Riyadh",https://sa.aqar.fm/en/land-for-sale/riyadh/north-of-riyadh/an-narjis/land-for-sale-6873450
Apartment For Rent,50000,762.0,"Apartment for Rent in Riyadh Ar Rawdah§50,000/annually762m²321🏡 apartment no. (2) for rent – al rawdah district

📍 location: al rawdah district – located in a residential building

✨ apartment features:
• separate majlis
• dining room
• comfortable living room
• 2 bedrooms
• 2 bathrooms
• air conditioners installed
• no kitchen

💰 annual rent: sar 50,000

📄 brokerage contract no.: 6201073678

📞 for inquiries and contact:
((number appears upon clicking call))
((number appears upon clicking call))Ar Rawdah, Riyadh",https://sa.aqar.fm/en/apartment-for-rent/riyadh/east-of-riyadh/ar-rawdah/apartment-for-rent-6867426
Riyadh,52,,52,https://sa.aqar.fm/en/all/riyadh/52
