district,price_sar,area_sqm,raw_info,link,price_clean,area_clean,sar_per_sqm,price_per_sqm
Ar Rimal,150000,181.0,"Apartment for Rent in Riyadh Ar Rimal  §150,000/annually181m²331luxury apartment for rent - al ramz compound, tal al rimal 2 | 181 sqm

fully furnished apartment inside a high-end closed compound with a smart control system.

specifications:
- 3 bedrooms (master + 2 bedrooms)
- 3 bathrooms
- spacious living room
- fitted kitchen
- installed ac units
- laundry room or storage
- smart access and control system

compound facilities:
- gym
- swimming pool
- children's play area
- business and guests lounge
- dedicated underground parking
- daily cleaning services

prime location, close to universities, schools, the airport, and various services

150,000 annual rent
5,000 security deposit

owners' association fees are to be paid by the tenant.Ar Rimal, Riyadh",https://sa.aqar.fm/en/apartment-for-rent/riyadh/east-of-riyadh/ar-rimal/apartment-for-rent-6714074,150000,181.0,828.7292817679559,828.7292817679559
Ar Rimal,62000,122.0,"Apartment for Rent in Riyadh Ar Rimal  §62,000/annually122m²331**luxury apartment for rent – al ramz 16 project**

**(the apartment will be available as of 15/9/2026)**

a distinguished apartment with a modern design and a strategic location near dammam road and prince mohammed bin salman road, within a fully-serviced residential complex.

**details:**
- area: 122.99 m²
- floor: ground floor
- 3 bedrooms (one master bedroom)
- 3 bathrooms

**apartment features:**
- luxury finishes
- spacious open-plan living room connected to the kitchen
- private open terrace overlooking the living room
- smart home system
- central vacuum system
- private parking space

**complex amenities:**
- residents' lounge
- swimming pool
- gym
- nursery/daycare
- wide walkways

an apartment that combines luxury and comfort within a residential complex offering a complete living environment suitable for families.

i am the owner and do not wish to market it through real estate offices.
**price: 62,000**
**homeowners association fee: 5,000**Ar Rimal, Riyadh",https://sa.aqar.fm/en/apartment-for-rent/riyadh/east-of-riyadh/ar-rimal/apartment-for-rent-6588792,62000,122.0,508.1967213114754,508.1967213114754
Ash Shuhada,90000,100.0,"Apartment for Rent in Riyadh Ash Shuhada  §90,000/annually100m²221📌 please do not contact regarding real estate marketing 📌

a brand-new ground-floor rear apartment for rent in the distinguished rkm11 re new project – al shohada district, riyadh | brand-new ground-floor rear apartment for rent in rkm11 re new project – al shohada, riyadh

📐 indoor + outdoor area: 150 m² | area indoor + outdoor: 150 m²
✨ brand new, never occupied | brand new, never occupied
🛏️ 2 bedrooms
🛋️ spacious living room
🚿 2 bathrooms
🌿 private yard on two sides
🍳 fully fitted kitchen
🔥 oven + cooktop + extractor hood
❄️ 3 installed split a/c units
🚗 private parking with remote-controlled barrier
🏢 only 14 apartments in the building

📍 prime and vibrant location in al shohada district | prime location in al shohada
🚇 5 min from granada metro
🛍️ 5 min from granada mall
🛣️ quick access to eastern ring road & dammam road
✈️ convenient access to king khalid airport
🚨 5 min from al mouwasat hospital
🌳 5 min from al shohada park
💳 annual or 6-month lease availableAsh Shuhada, Riyadh",https://sa.aqar.fm/en/apartment-for-rent/riyadh/east-of-riyadh/ash-shuhada/apartment-for-rent-6889594,90000,100.0,900.0,900.0
As Sahafah,130000,185.0,"Apartment for Rent in Riyadh As Sahafah  §130,000/annually185m²331* fully furnished duplex apartment (two floors)
* contact via whatsapp onlyAs Sahafah, Riyadh",https://sa.aqar.fm/en/apartment-for-rent/riyadh/north-of-riyadh/as-sahafah/apartment-for-rent-6863457,130000,185.0,702.7027027027027,702.7027027027027
Ad Dhubbat,37000,322.0,"Apartment for Rent in Riyadh Ad Dhubbat  §37,000/annually322m²211for rent: a clean two-bedroom apartment with a living room, bathroom, and kitchen — al-dhabat district

prime location, close to multiple destinations
split-unit air conditioners
elevator
surveillance cameras
smart entry system for the building
on-site security guard
location as shown on aqar is accurate

✅ two-bedroom apartment with a living room, bathroom, and kitchen
✅ rent: 37,000 sar per year, payable in two installments
✅ photos and video available in the listing

water fee: 1,000 sar
security deposit: 1,500 sar

🔵 apartments designated for families only
🔵 annual contract (two installments) — no monthly payments
🔵 viewings available from 4:00 pm to 11:00 pm
🔵 contact available via phone call or whatsappAd Dhubbat, Riyadh",https://sa.aqar.fm/en/apartment-for-rent/riyadh/center-of-riyadh/ad-dhubbat/apartment-for-rent-6875411,37000,322.0,114.90683229813665,114.90683229813665
Qurtubah,45000,140.0,"Apartment for Rent in Riyadh Qurtubah  §45,000/annually140m²321apartment for rent in qurtuba district
3 bedrooms, living room, and 2 bathrooms
residential building
third floor (no elevator)
installed split air conditioners and installed kitchen
independent electricity meterQurtubah, Riyadh",https://sa.aqar.fm/en/apartment-for-rent/riyadh/east-of-riyadh/qurtubah/apartment-for-rent-6853049,45000,140.0,321.42857142857144,321.42857142857144
Dhahrat Laban,35000,130.0,"Apartment for Rent in Riyadh Dhahrat Laban  §35,000/annually130m²321a 3-bedroom apartment is available for rent, consisting of 3 rooms, a living room, a kitchen, and 2 bathrooms, located next to the palace of embassies in dhahrat laban, riyadh. engineers are preferred, not exceeding 4 persons.Dhahrat Laban, Riyadh",https://sa.aqar.fm/en/apartment-for-rent/riyadh/west-of-riyadh/dhahrat-laban/apartment-for-rent-6857594,35000,130.0,269.2307692307692,269.2307692307692
An Narjis,80000,143.0,"Apartment for Rent in Riyadh An Narjis  §80,000/annually143m²431for rent: luxury apartment in ishraqah project

a distinctive opportunity to reside in a modern, fully-serviced project.

apartment details:
* ground floor with an area of 143 sqm
* three bedrooms, one of which is a master bedroom
* spacious living room
* fully equipped fitted kitchen with appliances
* maid's room
* central air conditioning for the living room and master bedroom
* private parking space
* central vacuum system
* free access to swimming pool and clubAn Narjis, Riyadh",https://sa.aqar.fm/en/apartment-for-rent/riyadh/north-of-riyadh/an-narjis/apartment-for-rent-6847107,80000,143.0,559.4405594405595,559.4405594405595
Al Malqa,90000,203.0,"Apartment for Rent in Riyadh Al Malqa  §90,000/annually203m²453**families only (price is negotiable)**
**spacious duplex apartment for rent in al malqa district – 240 m²**

a duplex apartment with a spacious design and a prime location, consisting of two floors:

**ground floor:**
- large living room
- spacious sitting room (majlis)
- semi-new kitchen
- storage room
- bathroom

**second floor:**
- 3 large bedrooms, each with a private bathroom
- a laundry room that can be used as a maid's room, with plumbing provisions for a bathroom

**property features:**
- total area: 240 m²
- installed decorations and curtains
- apartment is rented unfurnished
- spacious areas with a practical layout
- prime location in al malqa district
- split air conditioners installed
- very close to all services
- easy access to anas ibn malik road and king fahd road intersection

suitable for families looking for space and privacy in one of the best neighborhoods in northern riyadh.Al Malqa, Riyadh",https://sa.aqar.fm/en/apartment-for-rent/riyadh/north-of-riyadh/al-malqa/apartment-for-rent-6832941,90000,203.0,443.3497536945813,443.3497536945813
Al Yarmouk,90000,385.0,"Apartment for Rent in Riyadh Al Yarmouk  §90,000/annually385m²421a new furnished apartment
consisting of two bedrooms, a living room, a sitting room, a fully equipped kitchen, and two bathrooms with smart entry.

it also includes:
- automatic washing machine
- microwave
- electric oven
- 19-cubic-foot refrigerator
- 55-inch television
- vacuum cleaner
- iron
- espresso machine
- dining table for 6 peopleAl Yarmouk, Riyadh",https://sa.aqar.fm/en/apartment-for-rent/riyadh/east-of-riyadh/al-yarmouk/apartment-for-rent-6869173,90000,385.0,233.76623376623377,233.76623376623377
Qurtubah,72000,130.0,"Apartment for Rent in Riyadh Qurtubah  §72,000/annually130m²332apartment in a modern and fully equipped villa in the qurtubah district – riyadh, situated in a quiet and distinguished location, overlooking a garden directly in front of the property.

apartment property details:

* 3 bedrooms
* 2 living rooms
* 3 modern bathrooms
* fully equipped kitchen
* brand-new refrigerator, oven, microwave, and gas stove
* washing machine and dishwasher
* all air conditioning units are brand new
* storage and wardrobe closet
* for those interested, a separate driver's room is available at sar 15,000 per year, including electricity and water ‼️

nearby locations:

* king khalid international airport – approximately 15 minutes
* roshn front / riyadh front – approximately 10 minutes
* cinema – approximately 5 minutes
* international schools – approximately 3 minutes

the apartment is clean, modern, fully equipped, and ready to move in.

note: the apartment is preferred for non-smokers. 🚭Qurtubah, RiyadhPromoted",https://sa.aqar.fm/en/apartment-for-rent/riyadh/east-of-riyadh/qurtubah/apartment-for-rent-6870704,72000,130.0,553.8461538461538,553.8461538461538
As Sahafah,140000,141.0,"Apartment for Rent in Riyadh As Sahafah  §140,000/annually141m²341## for rent | luxury apartment at rafal jw marriott tower

a luxurious apartment located within the owner-occupied residences on the 49th floor, featuring breathtaking panoramic north-east views of riyadh and combining an exceptional location with refined furnishings and practical living spaces.

**unit specifications:**

* floor: 49
* area: 141 sqm
* two master bedrooms, each with an en-suite bathroom and panoramic north-east views
* maid's room with a private bathroom
* spacious living area, ideal for entertaining and relaxation
* separate kitchen with an elegant partition door opening to the living area
* guest bathroom
* fully furnished with high-end furniture
* elegant wooden décor and refined finishes
* flexible rental period and payment options

**notes:**

* a security deposit is required
* real estate brokerage commission applies

a perfect choice for those seeking luxury, distinctive views, and residence in an exceptional location in the heart of riyadh.

for inquiries and rental details, please contact via direct message.As Sahafah, Riyadh",https://sa.aqar.fm/en/apartment-for-rent/riyadh/north-of-riyadh/as-sahafah/apartment-for-rent-6818359,140000,141.0,992.9078014184397,992.9078014184397
Al Qirawan,78000,138.0,"Apartment for Rent in Riyadh Al Qirawan  §78,000/annually138m²331apartment in al-majidiyah project (flats 3)

three bedrooms
one master unit
three bathrooms
large living room
fitted kitchen (without appliances)
storage room (maid's room)
smart entry
private parking
area: 138 sqm
five fitted air conditioners
(direct contact with the owner)Al Qirawan, Riyadh",https://sa.aqar.fm/en/apartment-for-rent/riyadh/north-of-riyadh/al-qirawan/apartment-for-rent-6854098,78000,138.0,565.2173913043479,565.2173913043479
Ar Rayan,110000,136.0,"Apartment for Rent in Riyadh Ar Rayan  §110,000/annually136m²331**elegant fully furnished apartment for rent within shahiqah compound**

an exceptional residential opportunity within a upscale environment that offers privacy, security, and a complete lifestyle.

📐 **area:** 138 sqm
🛏 **3 bedrooms** (master bedroom with private bathroom)
🛁 **3 bathrooms**
🛋 **spacious living room with distinctive lighting**
🍽 **fully equipped kitchen**
🧺 **independent laundry room**

✨ elegantly furnished and ready for immediate occupancy
✨ practical layout providing comfort and privacy for the family

🚗 **private dedicated parking space in the basement**

🌟 **shahiqah compound features:**
🎬 cinema hall within the compound
🧑‍🤝‍🧑 separate lounges for men and women
🏋️ sports clubs for men and women
🎠 safe play and entertainment areas for children
🔐 organized and secure residential environment

📍 **strategic location close to:**
- model education schools
- al-hilal football academy
- sulaiman al-habib hospital
- mohammed bin abdulaziz hospital
- all daily services

a residence that combines comfort, luxury, and a modern lifestyle within an integrated community.

📞 viewing is available — contact via whatsapp at the numberAr Rayan, Riyadh",https://sa.aqar.fm/en/apartment-for-rent/riyadh/east-of-riyadh/ar-rayan/apartment-for-rent-6601293,110000,136.0,808.8235294117648,808.8235294117648
Hittin,115000,131.0,"Apartment for Rent in Riyadh Hittin  §115,000/annually131m²431a new, modern apartment furnished with luxurious furniture and natural wood decor adorned with led lighting, consisting of 3 bedrooms (including a master bedroom), three bathrooms, a majlis (sitting room), a kitchen, and a modern dining area. self-controlled central air conditioning and fully smart entry (smart home). two parking spaces, one in the basement and the other outside directly in front of the door, and all parking is fully shaded. there are three balconies with views of hotels and the boulevard square street. the apartment is 500 meters from boulevard world, boulevard city, and the sports track, and a 10-minute drive from the kafd financial center. it is located in the middle of a fully serviced area with cafes, restaurants, and entertainment venues. the building is new with an elegant, modern design. internet, electricity, water, and owners' association fees are included in the monthly rent. the building entrances are modern and decorated with artificial trees along the length of the staircase. monthly rental is available. the monthly rental price is 14,000 riyals. there is a video showing the apartment before the bed linens and dining table were installed. the apartment is available from 22/10/2026.Hittin, Riyadh",https://sa.aqar.fm/en/apartment-for-rent/riyadh/north-of-riyadh/hittin/apartment-for-rent-6572410,115000,131.0,877.8625954198474,877.8625954198474
Qurtubah,115000,126.0,"Apartment for Rent in Riyadh Qurtubah  §115,000/annually126m²331furnished apartment in al-qurtuba district - bayat complex (spacious)

living room, two bedrooms, kitchen, office room, and three bathrooms

furniture is newQurtubah, Riyadh",https://sa.aqar.fm/en/apartment-for-rent/riyadh/east-of-riyadh/qurtubah/apartment-for-rent-6896163,115000,126.0,912.6984126984127,912.6984126984127
Al Qadisiyah,35000,145.0,"Apartment for Rent in Riyadh Al Qadisiyah  §35,000/annually145m²321apartment in a villa with a private parking space for the carAl Qadisiyah, Riyadh",https://sa.aqar.fm/en/apartment-for-rent/riyadh/east-of-riyadh/al-qadisiyah/apartment-for-rent-6901342,35000,145.0,241.3793103448276,241.3793103448276
Al Munsiyah,28000,80.0,"Apartment for Rent in Riyadh Al Munsiyah  §28,000/annually80m²111an apartment consisting of a room, a living room, a bathroom, and a kitchen, located on the second floor of a villa, fully renovated. shared electricity meter. monthly payment.Al Munsiyah, Riyadh",https://sa.aqar.fm/en/apartment-for-rent/riyadh/east-of-riyadh/al-munsiyah/apartment-for-rent-6893294,28000,80.0,350.0,350.0
Al Qirawan,85000,325.0,"Floor for Rent in Riyadh Al Qirawan  §85,000/annually325m²552for contact via whatsapp (the number appears when you press call).
a new upper-floor apartment near king fahd road in al qairawan district (20th street), close to all services, with a beautiful design and luxurious, elegant finishes, featuring natural and concealed lighting. it consists of 4 bedrooms, 5 bathrooms, a majlis, a distinctive kitchen, a fully equipped private section, a dining room, and a storage room.Al Qirawan, Riyadh",https://sa.aqar.fm/en/big-flat-for-rent/riyadh/north-of-riyadh/al-qirawan/big-flat-for-rent-6868563,85000,325.0,261.53846153846155,261.53846153846155
Al Aqiq,80000,496.0,"Apartment for Rent in Riyadh Al Aqiq  §80,000/annually496m²211for monthly rent, a modern furnished apartment in al-aqiq neighborhood in a residential building
first floor
two bedrooms, living room, and fully equipped kitchen with new appliances
close to all services (supermarket / laundry / restaurants / pharmacy)
5 minutes from king abdullah financial district, overlooking king fahd road
ready for immediate occupancyAl Aqiq, Riyadh",https://sa.aqar.fm/en/apartment-for-rent/riyadh/north-of-riyadh/al-aqiq/apartment-for-rent-6628045,80000,496.0,161.29032258064515,161.29032258064515
Ar Rimal,65000,139.0,"Apartment for Rent in Riyadh Ar Rimal  §65,000/annually139m²4✨ distinctive ground floor apartment for rent | al-ramal district – tunayl 🏡

a wonderful residential opportunity for families — a spacious, fully equipped apartment in a strategic location close to all services.

🔹 3 bedrooms – one of which is a master bedroom
🔹 2 spacious living rooms
🔹 3 bathrooms
🔹 kitchen
🔹 air conditioners
🔹 electrical appliances
🔹 storage room
🔹 private parking space 🚘
🔹 upper and lower water tanks
🔹 independent electricity meter ⚡
🔹 ground floor apartment

📍 al-ramal district – tunayl
💰 rent: 70,000 sar per year
💳 payable in two installmentsAr Rimal, Riyadh",https://sa.aqar.fm/en/apartment-for-rent/riyadh/east-of-riyadh/ar-rimal/apartment-for-rent-6855341,65000,139.0,467.62589928057554,467.62589928057554
Al Yasmin,75000,337.0,"Apartment for Rent in Riyadh Al Yasmin  §75,000/annually337m²431🏠 for rent | upper floor apartment in al yasmin district

a distinguished apartment with a practical and family-friendly layout, in a prime location in al yasmin district.

✨ apartment specifications:
• majlis
• spacious living room
• kitchen
• 3 bedrooms
• 3 bathrooms
• newly installed split air conditioning

📍 location: al yasmin district – riyadh

📞 for inquiries:
abdullah al-oraini
0546008664Al Yasmin, Riyadh",https://sa.aqar.fm/en/apartment-for-rent/riyadh/north-of-riyadh/al-yasmin/apartment-for-rent-6880660,75000,337.0,222.55192878338278,222.55192878338278
Al Yarmouk,70000,112.0,"Apartment for Rent in Riyadh Al Yarmouk  §70,000/annually112m²331luxurious residential opportunity at ""al-mahmal 105"" - west yarmouk 🏠

experience luxury living in a fully-serviced residential complex, designed to combine comfort, security, and modernity.

📍 location: west yarmouk district (an upscale, fully-serviced neighborhood).

✨ apartment features (first residence - modern design):
• area: 112 m²
• layout: spacious living room, 3 bedrooms (one master), fitted kitchen, and 3 bathrooms
• furnishings: 5 new air conditioners, independent electricity meter
• technology & security: smart entry system for the apartment and building, intercom, surveillance cameras, and fire detection system
• additional services: free maintenance for one year + dedicated underground parking space

🏢 complex facilities (comprehensive luxury):
the complex includes exclusive amenities for residents: (swimming pool, men's and women's gym, lounge, garden, kindergarten, prayer room, property management office, and coffee shop).

💵 payment options:
• 72,000 sar (single payment)
• 80,000 sar (two installments)
(apologies, monthly installment plans are not available.)

🚗 strategic location (proximity to key destinations):
• train station / atayef mall: 5 minutes
• al-hamra mall / granada mall: 9 minutes
• princess nourah university: 19 minutes
• king saud university: 20 minutes
• king khalid international airport: 22 minutesAl Yarmouk, Riyadh",https://sa.aqar.fm/en/apartment-for-rent/riyadh/east-of-riyadh/al-yarmouk/apartment-for-rent-6809653,70000,112.0,625.0,625.0
Al Yarmouk,67000,114.0,"Apartment for Rent in Riyadh Al Yarmouk  §67,000/annually114m²331🏡 luxury new apartment | first occupant | overlooking terrace – al yarmouk

✨ al-muhammal company project | 115 m² | premium finishing | smart system

• 🛏️ 3 bedrooms including master
• 🚿 3 bathrooms
• 🧺 laundry room
• 🍽️ kitchen with built-in acs
• 🛋️ spacious living room
• 🌿 terrace overlooking the garden

🏢 complex amenities: swimming pool | gyms | men's & women's lounges | games & entertainment | daycare | prayer room | business center | 900m walking track

💰 rent: sar 67,000 annually
one or two payments
📌 homeowners association fees: free for the first year

⸻

✨ al-muhammal company project | 115 m²

brand-new apartment with premium finishing and smart home system.

• 3 bedrooms, including master
• 3 bathrooms
• laundry room
• fitted kitchen & acs
• spacious living room
• garden-view terrace

🏢 amenities: pool | gyms | majlis areas | games room | daycare | prayer room | business center | 900m walking track

💰 annual rent: sar 67,000
one or two payments
📌 hoa fees: free for the first yearAl Yarmouk, Riyadh",https://sa.aqar.fm/en/apartment-for-rent/riyadh/east-of-riyadh/al-yarmouk/apartment-for-rent-6883676,67000,114.0,587.719298245614,587.719298245614
Ar Rafiah,56000,100.0,"Apartment for Rent in Riyadh Ar Rafiah  §56,000/annually100m²321apartment in al-rafiah neighborhood. annual rent 58,000
first floor in a villa
3 bedrooms and living room open to kitchen and 2 bathrooms
kitchen and split air conditioners installed
private entrance for the apartment
15 minutes away from king saud university
15 minutes away from al-takhasusi hospital
10 minutes away from al-shemisi hospital
1 minute away from wadi hanifah
quiet neighborhood
annual rent 58,000Ar Rafiah, Riyadh",https://sa.aqar.fm/en/apartment-for-rent/riyadh/west-of-riyadh/ar-rafiah/apartment-for-rent-6421580,56000,100.0,560.0,560.0
Uraidh,12500,405.0,"Apartment for Rent in Riyadh Uraidh  §12,500/annually405m²11apartment for annual rent: 15,600

the apartment consists of:
- room
- bathroom
- installed air conditioners

for contactUraidh, Riyadh",https://sa.aqar.fm/en/apartment-for-rent/riyadh/south-of-riyadh/uraidh/apartment-for-rent-6657599,12500,405.0,30.864197530864196,30.864197530864196
As Sulimaniyah,45000,205.0,"Apartment for Rent in Riyadh As Sulimaniyah  §45,000/annually205m²111new apartment in riyad residence complex in al-sulaimaniyah district

consisting of:
bedroom + living room + kitchen + bathroom
parking spaces available in front of the building
all services and restaurants nearby

located near:
- prince sultan medical city / military hospital – 4 minutes
- king fahad medical city / king fahad hospital – 7 minutes
- king khaled specialist eye hospital – 11 minutes
- king faisal specialist hospital – 14 minutes
- al-dabab street – 4 minutes
- al-tahlia street – 5 minutes
- al-olaya street – 10 minutes

the apartment is suitable for two persons

self check-in
regular cleaning of facilities
air fresheningAs Sulimaniyah, Riyadh",https://sa.aqar.fm/en/apartment-for-rent/riyadh/north-of-riyadh/as-sulimaniyah/apartment-for-rent-6635940,45000,205.0,219.5121951219512,219.5121951219512
Al Jazirah,37000,484.0,"Apartment for Rent in Riyadh Al Jazirah  §37,000/annually484m²111apartment with large spaces and a prime location.
close to the mosque and schools.
two bedrooms, a living room, a kitchen, and a bathroom.
first floor.Al Jazirah, Riyadh",https://sa.aqar.fm/en/apartment-for-rent/riyadh/east-of-riyadh/al-jazirah/apartment-for-rent-6777033,37000,484.0,76.44628099173553,76.44628099173553
Ar Rimal,89000,200.0,"Apartment for Rent in Riyadh Ar Rimal  §89,000/annually200m²431for rent – fully furnished and equipped luxury apartment within an upscale residential complex

a distinguished opportunity to live in a fully-serviced complex that offers the highest levels of comfort and privacy, featuring:
• men's sports club
• women's sports club
• children's play area
• private basement parking

apartment specifications:
● 3 bedrooms
● including a master bedroom with a walk-in closet; the other two rooms each contain 2 single beds and are fully furnished (one of the rooms is designed on two levels to accommodate a seating area on the upper level)
● sitting room (majlis)
● family lounge and dining table
● luxury open-plan kitchen
● large courtyard
● maid's room
● laundry room
● private basement parking space

the apartment is fully furnished and equipped, ready for immediate occupancy, and includes:
● televisions
● complete set of electrical appliances
● full kitchen appliances
● washing machine
● complete furniture set
● all essential household necessities

suitable for families seeking comfort and luxury in a safe and fully-serviced residential environment.

for inquiries and communication, whatsapp only due to high demand.
((the number appears when you press ""call""))Ar Rimal, Riyadh",https://sa.aqar.fm/en/apartment-for-rent/riyadh/east-of-riyadh/ar-rimal/apartment-for-rent-6738381,89000,200.0,445.0,445.0
Al Aqiq,120000,116.0,"Apartment for Rent in Riyadh Al Aqiq  §120,000/annually116m²231experience an exceptional living experience in the heart of new riyadh. a fully furnished apartment with a modern and elegant design, located in a distinguished building with a direct view of the king abdullah financial district (kafd).

key features:
• 🛌 bedroom suites: two master bedrooms (with private bathrooms), one of which features a private rooftop sitting area.
• 🌳 outdoor spaces: two private rooftops with elegant ikea outdoor seating areas, perfect for relaxation.
• services & comfort: central ac + split units, unlimited 5g internet, fully equipped kitchen, and a private underground parking space.

⚠️ important note: the apartment is currently occupied and the lease ends at the end of february. viewings are available for serious inquiries only through prior coordination, out of respect for the tenant's privacy.

🚫 we apologize for not accepting brokers or marketers at this time (direct with the owner only).

✨ premium apartment for rent - al-aqiq (direct kafd view) ✨
experience a luxury lifestyle in the heart of riyadh's new business hub. a fully furnished, elegantly designed apartment overlooking the king abdullah financial district (kafd).

key features:
• 🛌 master suites: 2 spacious master bedrooms with private bathrooms.
• 🌳 outdoor space: two private terraces with stylish ikea furniture.
• amenities: central ac, unlimited 5g wi-fi, fully equipped kitchen, and reserved underground parking.Al Aqiq, Riyadh",https://sa.aqar.fm/en/apartment-for-rent/riyadh/north-of-riyadh/al-aqiq/apartment-for-rent-6549583,120000,116.0,1034.4827586206898,1034.4827586206898
Al Malqa,68000,130.0,"Apartment for Rent in Riyadh Al Malqa  §68,000/annually130m²321apartment for rent
the apartment is on the first floor of a villa with a private entrance and elevator.

3 rooms
(including a master bedroom with an en-suite bathroom and a walk-in closet)
living room
2 bathrooms
fully equipped kitchen
(electric oven, refrigerator, microwave, washing machine, kettle, coffee machine, kitchen utensils)

renting directly from the owner — real estate agents are kindly requested not to contact.
*contact via whatsapp*Al Malqa, Riyadh",https://sa.aqar.fm/en/apartment-for-rent/riyadh/north-of-riyadh/al-malqa/apartment-for-rent-6837959,68000,130.0,523.0769230769231,523.0769230769231
Ar Rayan,70000,93.0,"Apartment for Rent in Riyadh Ar Rayan  §70,000/annually93m²231🏢 apartment for rent – makkeen complex | al-rayan district

an apartment for rent in makkeen complex, al-rayan district, consisting of:

• 2 master bedrooms
• living room
• 3 bathrooms
• kitchen equipped with electrical appliances
• air conditioning units installed in all rooms
• private parking space

building amenities:

• swimming pool (separate male and female sections)
• fully equipped gym (separate male and female sections)
• nursery / daycare centerAr Rayan, Riyadh",https://sa.aqar.fm/en/apartment-for-rent/riyadh/east-of-riyadh/ar-rayan/apartment-for-rent-6845527,70000,93.0,752.6881720430108,752.6881720430108
Ad Dhubbat,60000,435.0,"Apartment for Rent in Riyadh Ad Dhubbat  §60,000/annually435m²321🏢 luxury & fully renovated apartment for rent | al dubbat district - riyadh
a distinctive residential opportunity in a strategic location in the heart of the capital
a well-lit, spacious, and fully renovated apartment located in a vibrant area close to all amenities.
📍 details & location:
* city: riyadh
* district: al dubbat district
* street: al harith ibn al hubab

🏠 apartment specifications:
* apartment condition: fully renovated and clean.
* lighting & ventilation: modern lighting, excellently distributed with concealed lighting fixtures.
* air conditioning: brand new installed split ac units.
* kitchen: fully fitted kitchen with a practical design and ample storage space.
* bathrooms: renovated with installed water heaters.

🌟 property & location features:
* modern and clean building with a distinctive stone façade.
* parking spaces available in front of the building.
* vibrant location, close to main roads and daily services.

📋 structured data (per general real estate authority requirements):
* advertising license number: 7201064844
* commercial registration / individual license number: 1200015153
* property type: residential apartment
* purpose: rent
* price / annual rent: 60,000 sar
* payment method: single payment
* area: medium
* façade: east-facing

📞 for contact & inquiries:
* mobile / whatsapp: ((number appears when clicking on call))Ad Dhubbat, Riyadh",https://sa.aqar.fm/en/apartment-for-rent/riyadh/center-of-riyadh/ad-dhubbat/apartment-for-rent-6799751,60000,435.0,137.93103448275863,137.93103448275863
Al Malqa,100000,141.0,"Apartment for Rent in Riyadh Al Malqa  §100,000/annually141m²331fully furnished apartment for rent in hittin district, taleed compound.

consisting of:
- 3 bedrooms
- 1 open living room connected to the hall
- 1 fitted kitchen
- 3 bathrooms
- installed split air conditioners
- private parking space for the apartment

rent: 110,000 sarAl Malqa, Riyadh",https://sa.aqar.fm/en/apartment-for-rent/riyadh/north-of-riyadh/al-malqa/apartment-for-rent-6584428,100000,141.0,709.2198581560284,709.2198581560284
Ar Rawdah,50000,450.0,"Apartment for Rent in Riyadh Ar Rawdah  §50,000/annually450m²221natural light: sun-filled and open, creating a refreshing atmosphere.
location: strategic, close to the main street with easy access in and out.
amenities & parking: all your needs and parking are just steps away.Ar Rawdah, Riyadh",https://sa.aqar.fm/en/apartment-for-rent/riyadh/east-of-riyadh/ar-rawdah/apartment-for-rent-6745165,50000,450.0,111.11111111111111,111.11111111111111
Al Uraija Al Gharbiyah,35000,400.0,"Apartment for Rent in Riyadh Al Uraija Al Gharbiyah  §35,000/annually400m²321for rent apartment with independent electricity meter
renovated and indistinguishable from new
consisting of
first floor three bedrooms and living room and kitchen and two bathrooms
there are copper installations for most split air conditioners
bedrooms give the tenant choice between window or split air conditioning
price is negotiableAl Uraija Al Gharbiyah, Riyadh",https://sa.aqar.fm/en/apartment-for-rent/riyadh/west-of-riyadh/al-uraija-al-gharbiyah/apartment-for-rent-6465264,35000,400.0,87.5,87.5
Al Munsiyah,38000,420.0,"Apartment for Rent in Riyadh Al Munsiyah  §38,000/annually420m²111residential unit in a strategic location, very close to king khalid international airport, with easy access to highways and essential services.

✨ details:

• bedroom
• living room
• bathroom 🚽
• private independent courtyard for privacy 🌿

📍 location:

• near king khalid international airport
• easy access to highways

🔔 nearby services:

• various restaurants 🍽️
• laundromats 👕
• barbers 💈
• supermarkets and grocery stores 🛒
• all services very nearby

💰 price:
3,200 sar per month (annual contract)Al Munsiyah, Riyadh",https://sa.aqar.fm/en/apartment-for-rent/riyadh/east-of-riyadh/al-munsiyah/apartment-for-rent-6472926,38000,420.0,90.47619047619048,90.47619047619048
Ash Shuhada,28000,582.0,"Apartment for Rent in Riyadh Ash Shuhada  §28,000/annually582m²21bachelor apartment, ground floor
two rooms, kitchen, and bathroom without air conditioners
independent electricity meterAsh Shuhada, Riyadh",https://sa.aqar.fm/en/apartment-for-rent/riyadh/east-of-riyadh/ash-shuhada/apartment-for-rent-6899242,28000,582.0,48.10996563573883,48.10996563573883
As Salam,45000,210.0,"Apartment for Rent in Riyadh As Salam  §45,000/annually210m²321apartment with rooftop access, consisting of 3 rooms, 2 bathrooms, a living room, a kitchen, and a private rooftop separate from the main large rooftop. (air conditioners and kitchen are included/installed)As Salam, Riyadh",https://sa.aqar.fm/en/apartment-for-rent/riyadh/east-of-riyadh/as-salam/apartment-for-rent-6858088,45000,210.0,214.28571428571428,214.28571428571428
Qurtubah,53000,286.0,"Apartment for Rent in Riyadh Qurtubah  §53,000/annually286m²221apartment for rent in a prime location – qurtubah district, riyadh

an apartment featuring a private rooftop and a location close to prince mohammed bin salman road, bus and metro stations, and numerous shopping centers and services.

the apartment consists of:

• 2 bedrooms, one of which is a master bedroom.
• living room.
• 2 bathrooms.
• private rooftop.
• fully equipped kitchen with all electrical appliances.

features:

• new split air conditioners.
• central gas.
• parking available.
• all services included in the rent.Qurtubah, Riyadh",https://sa.aqar.fm/en/apartment-for-rent/riyadh/east-of-riyadh/qurtubah/apartment-for-rent-6900889,53000,286.0,185.3146853146853,185.3146853146853
Al Malqa,85000,145.0,"Apartment for Rent in Riyadh Al Malqa  §85,000/annually145m²431⭕️ for rent: luxury apartment in one of riyadh's most prestigious neighborhoods – al malqa ⭕️
next to the largest mall in the world, ""the avenues""
in the bayat flights 21 project

🌺 apartment details:
3 bedrooms, one of which is a master bedroom
storage room or maid's room with a laundry area
spacious living room overlooking a fully fitted balcony
fully fitted kitchen with appliances
3 bathrooms

✨ apartment features:
smart entry system – security cameras covering the entire building – private basement parking with smart card access – building features a luxurious french design – elevator and emergency staircase – equipped with fire extinguishers and specialized sensors – 5 air conditioners installed and controllable via mobile phone – luxury kitchen with german design – refrigerator, grill, microwave, dishwasher, and a luxury electric gas cooktop – kitchen lounge seating – small storage room for storage, washing machine, dishwasher, or use as a maid's room

location advantages:
to the right: king salman road (direct access)
to the left: anas ibn malik road
in front: prince turki al awwal road
behind: king fahd road
directly to the right: al ahli bank
to the left: al rajhi bank
nearby:
# the avenues – largest mall in the world
# gas station
# car wash
# supermarket
# al dawa pharmacy
# mosque
# alinma bank
# men's tailor
# butcher shop
# women's beauty salon
# gift wrapping store
# men's barber
# and many other services

🌟 rental price: 85,000 sarAl Malqa, Riyadh",https://sa.aqar.fm/en/apartment-for-rent/riyadh/north-of-riyadh/al-malqa/apartment-for-rent-6855520,85000,145.0,586.2068965517242,586.2068965517242
Taiba,32000,175.0,"Apartment for Rent in Riyadh Taiba  §32,000/annually175m²31directly from the owner, no commission

🌟🌟 apartment on the first floor 🌟🌟

● 1 bedroom (mentioned as 2 rooms)
○ 2 entrances
● living room
○ 2 bathrooms
● kitchen

🌟 directly from the owner, no commission 🌟

to contact the owner:

🌟🌟 o5333455gg 🌟🌟

rent: 30,600 thousand – one payment, water included
32,600 – two payments, water included
34,600 – four payments, water included

(electricity is shared at 50% per floor)

for a video, contact via whatsappTaiba, Riyadh",https://sa.aqar.fm/en/apartment-for-rent/riyadh/south-of-riyadh/taiba/apartment-for-rent-6896166,32000,175.0,182.85714285714286,182.85714285714286
Thalim,19600,103.0,"Apartment for Rent in Riyadh Thalim  §19,600/annually103m²2family apartment only… al-marqab district
ground floor… 2 rooms… 1 bathroom
no living room… built-in kitchen cabinets… built-in air conditionersThalim, Riyadh",https://sa.aqar.fm/en/apartment-for-rent/riyadh/center-of-riyadh/thalim/apartment-for-rent-6900890,19600,103.0,190.29126213592232,190.29126213592232
As Sahafah,48000,75.0,"Apartment for Rent in Riyadh As Sahafah  §48,000/annually75m²111a furnished and air-conditioned apartment in al-sahafa district, located close to highways and well-known places, with easy access to workplaces, shopping, and restaurants. it contains a room, a living room, a bathroom, a fully equipped kitchen, a refrigerator, a television, an oven, a washing machine, and provides internet, electricity, and water.

it is possible to rent for three months with monthly payment of 4,000, or pay the full three months upfront for 12,000 with an electronic contract and transfer through the ejar electronic platform.As Sahafah, Riyadh",https://sa.aqar.fm/en/apartment-for-rent/riyadh/north-of-riyadh/as-sahafah/apartment-for-rent-6876792,48000,75.0,640.0,640.0
Al Arid,80000,125.0,"Apartment for Rent in Riyadh Al Arid  §80,000/annually125m²3a new apartment (ground floor) in a prime location at the (al-majedia residence - 147) project in al-narjis district.

**apartment area:**
- total area: 256 sqm
- built-up area: 125.79 sqm
- private area (setback): 130 sqm
- façade: north - east

**interior specifications:**
- open living room with kitchen
- three bedrooms, including a master bedroom
- laundry room
- three bathrooms
- multiple entry options (electronic key - fingerprint - card)
- 5 lg air conditioners
- modern kitchen (without appliances)
- private basement parking (with access card)
- private entrance

**complex services & amenities:**
- independent men's lounge
- independent women's lounge
- children's nursery
- men's gym
- women's gym

**contact:**
((number appears when pressing call))Al Arid, Riyadh",https://sa.aqar.fm/en/apartment-for-rent/riyadh/north-of-riyadh/al-arid/apartment-for-rent-6893735,80000,125.0,640.0,640.0
Dhahrat Laban,58000,135.0,"Apartment for Rent in Riyadh Dhahrat Laban  §58,000/annually135m²431luxury apartment for rent
(laban district)
ground floor

riyadh city

it consists of:
• 3 bedrooms, one of which is a master bedroom
• living room
• sitting room (majlis)
• kitchen
• 2 bathrooms

building features:
• close to all services
• strategic location
• installed air conditioners
• external setback (house to house)
• kitchen will be installed
• two parking spaces, one in the basement and one in front of the building
• private courtyard

price:
58,000 sar annually
5,000 sar monthlyDhahrat Laban, Riyadh",https://sa.aqar.fm/en/apartment-for-rent/riyadh/west-of-riyadh/dhahrat-laban/apartment-for-rent-6831009,58000,135.0,429.6296296296296,429.6296296296296
Al Masif,110000,157.0,"Apartment for Rent in Riyadh Al Masif  §110,000/annually157m²341al masiaf | 3-bedroom apartment with balcony - satel

a furnished apartment with a practical design and comfortable spaces, in a prime location in north riyadh, close to key destinations and services.

unit details:
3 bedrooms (including master) · 4 bathrooms · spacious living room · fitted kitchen · balcony · laundry room · maid's room

features:
indoor parking · smart home system · elevator

location:
near riyadh gallery · kingdom tower · hayat mall · king fahd road

a comfortable residence combining privacy, location, and easy access to riyadh's top destinations.Al Masif, Riyadh",https://sa.aqar.fm/en/apartment-for-rent/riyadh/north-of-riyadh/al-masif/apartment-for-rent-6708521,110000,157.0,700.6369426751593,700.6369426751593
An Narjis,115000,144.0,"Apartment for Rent in Riyadh An Narjis  §115,000/annually144m²331quiet family living at opal | practical design and integrated services – satel

experience a distinguished residential lifestyle at opal, where smart designs separate guest reception areas from family spaces, providing an ideal environment suited to the modern way of life.

details: 3 bedrooms (including a master bedroom), spacious living room, fully equipped kitchen, 3 bathrooms, plus a private balcony.

community amenities:
swimming pool, sauna and steam room, separate fitness centers for men and women, walking track, prayer area, private and basement parking, and a cctv surveillance system.

services:
24/7 security and professional maintenance to ensure residents' comfort.

location:
10 minutes from the airport
15 minutes to business gate
10 minutes to solitaire mall

opal… a peaceful and comfortable extension of your home.
contact the satel team now to schedule a viewing appointment.
flexible payment options available (up to 4 installments).An Narjis, Riyadh",https://sa.aqar.fm/en/apartment-for-rent/riyadh/north-of-riyadh/an-narjis/apartment-for-rent-6679384,115000,144.0,798.6111111111111,798.6111111111111
Al Olaya,70000,480.0,"Apartment for Rent in Riyadh Al Olaya  §70,000/annually480m²431unfurnished 2-bedroom apartment for families — satel

an apartment spread across two floors in al olaya. first floor: 2 bedrooms, living room, majlis (guest sitting area), office, 3 bathrooms. upper floor: maid's room, storage room, kitchen, laundry room, and rooftop.

unit facilities:
outdoor parking, internal staircase connecting both floors, and split air conditioning units.

location:
2 minutes to al faisaliah tower, 3 minutes to centria mall, 3 minutes to akdital hospital and smc hospital.Al Olaya, Riyadh",https://sa.aqar.fm/en/apartment-for-rent/riyadh/north-of-riyadh/al-olaya/apartment-for-rent-6877690,70000,480.0,145.83333333333334,145.83333333333334
Al Malqa,90000,170.0,"Apartment for Rent in Riyadh Al Malqa  §90,000/annually170m²441new apartment for rent
ground floor
apartment no. j-4
al-malqa district, al-majidiya complex 127, opposite the avenues
close to king fahd road, king salman road, and anas ibn malik road
10 minutes away from the metro station and al-habib hospital
area: 104 sqm
private parking
3 bedrooms, one master bedroom
3 bathrooms
laundry room
fitted kitchen
spacious living room
concealed air conditioning throughout the entire apartment
fully smart apartment
smart entry system
wide windows
security cameras inside and outside the complex
fire alarm system
air-conditioned entrances
plumbing, electrical, insulation, and lighting warranties
facilities available within the complex (gym - nursery - lounge hall - prayer room) free of charge
rental price:
one payment of 90,000 sar
no owner feesAl Malqa, Riyadh",https://sa.aqar.fm/en/apartment-for-rent/riyadh/north-of-riyadh/al-malqa/apartment-for-rent-6701327,90000,170.0,529.4117647058823,529.4117647058823
Hittin,68000,142.0,"Apartment for Rent in Riyadh Hittin  §68,000/annually142m²4🏠 distinctive apartment for rent

consists of:
• 3 bedrooms
• sitting rooms
• spacious living room
• kitchen
• 3 bathroomsHittin, Riyadh",https://sa.aqar.fm/en/apartment-for-rent/riyadh/north-of-riyadh/hittin/apartment-for-rent-6899513,68000,142.0,478.8732394366197,478.8732394366197
As Sahafah,75000,200.0,"Apartment for Rent in Riyadh As Sahafah  §75,000/annually200m²331a modern apartment within a villa with an independent entrance, with the following details:

- a living room (majlis) with an external bathroom
- a fully equipped open kitchen overlooking the living room
- the living room faces an outdoor garden
- a twin bedroom (two beds)
- a bathroom shared between the living room and the bedroom
- a large master bedroom with a private bathroom

the apartment details are shown in the attached video.

**note:**
monthly, quarterly, and semi-annual rent is inclusive of electricity, water, internet, and maintenance.
regarding the annual rent, it follows the same previous contract (from 2025), prior to the rent price freeze, and includes water and periodic maintenance of the apartment.

please, no contact from brokers, as the rent is commission-free and direct contact with the owner only. best of luck.As Sahafah, Riyadh",https://sa.aqar.fm/en/apartment-for-rent/riyadh/north-of-riyadh/as-sahafah/apartment-for-rent-6898469,75000,200.0,375.0,375.0
Dhahrat Namar,50000,301.0,"Apartment for Rent in Riyadh Dhahrat Namar  §50,000/annually301m²211fully furnished apartment
two bedrooms
living room
bathroom
fully equipped kitchen

3,000 per monthDhahrat Namar, Riyadh",https://sa.aqar.fm/en/apartment-for-rent/riyadh/west-of-riyadh/dhahrat-namar/apartment-for-rent-6809811,50000,301.0,166.11295681063123,166.11295681063123
An Narjis,80000,137.0,"Apartment for Rent in Riyadh An Narjis  §80,000/annually137m²331🏢 **apartment in al-narjis neighborhood - al-majidiyah 111**
🏠 first floor
3 bedrooms (one master)
3 bathrooms
laundry room / maid's room
spacious living room
fully fitted kitchen with oven, grill, and microwave

⚡ **additional features:**
built-in air conditioners
view of the main street
private shaded outdoor parking
smart entry and exit system
security cameras

**rent:**
80,000 – two payments
72,000 – one paymentAn Narjis, Riyadh",https://sa.aqar.fm/en/apartment-for-rent/riyadh/north-of-riyadh/an-narjis/apartment-for-rent-6754157,80000,137.0,583.9416058394161,583.9416058394161
Al Aziziyah,24000,222.0,"Apartment for Rent in Riyadh Al Aziziyah  §24,000/annually222m²21apartment for rent in al-aziziyah neighborhoodAl Aziziyah, Riyadh",https://sa.aqar.fm/en/apartment-for-rent/riyadh/south-of-riyadh/al-aziziyah/apartment-for-rent-6852218,24000,222.0,108.10810810810811,108.10810810810811
Al Hamra,50400,500.0,"Apartment for Rent in Riyadh Al Hamra  §50,400/annually500m²321a fully renovated upper-floor apartment
in a quiet neighborhood, close to all services and public transportation stations (buses and trains)
suitable for small families without children
contact via whatsapp or through the platformAl Hamra, Riyadh",https://sa.aqar.fm/en/apartment-for-rent/riyadh/east-of-riyadh/al-hamra/apartment-for-rent-6818242,50400,500.0,100.8,100.8
Al Qirawan,75000,110.0,"Apartment for Rent in Riyadh Al Qirawan  §75,000/annually110m²2312 master bedrooms
2 entrances to the apartment
shutters on the windows
privacy screen at the entrance
kitchen with appliances
ground floor
private parking space in front of the unit's door
air conditionersAl Qirawan, Riyadh",https://sa.aqar.fm/en/apartment-for-rent/riyadh/north-of-riyadh/al-qirawan/apartment-for-rent-6838047,75000,110.0,681.8181818181819,681.8181818181819
Hittin,50000,60.0,"Apartment for Rent in Riyadh Hittin  §50,000/annually60m²11spacious studio

location: hittin district | riyadh

close to all services and amenities:

- saad square: 3 minutes
- riyadh street: 5 minutes
- wadi layan: 10 minutes
- financial district (kafd): 15 minutes
- riyadh park: 13 minutes
- airport: 17 minutes

the unit consists of:
bedroom + living room + kitchen + bathroom

services:

• smart entry
• refrigerator
• wardrobe
• 58-inch smart tv
• daily cleaning service (upon request)
• high-speed wi-fi (dedicated to the apartment only)Hittin, Riyadh",https://sa.aqar.fm/en/apartment-for-rent/riyadh/north-of-riyadh/hittin/apartment-for-rent-6830953,50000,60.0,833.3333333333334,833.3333333333334
Ar Rayan,55000,125.0,"Apartment for Rent in Riyadh Ar Rayan  §55,000/annually125m²321renovated ground floor apartment
3 bedrooms
2 bathrooms
split air conditioners
built-in kitchenAr Rayan, Riyadh",https://sa.aqar.fm/en/apartment-for-rent/riyadh/east-of-riyadh/ar-rayan/apartment-for-rent-6507492,55000,125.0,440.0,440.0
Al Yarmouk,35000,440.0,"Apartment for Rent in Riyadh Al Yarmouk  §35,000/annually440m²321peace be upon you and god's mercy and blessings.

for rent: a renovated apartment in al-yarmouk neighborhood
3 bedrooms
living room
kitchen
2 bathrooms
shared electricity
free water
price: 35,000 annually, paid quarterly

and prayers and peace be upon our prophet muhammad.Al Yarmouk, Riyadh",https://sa.aqar.fm/en/apartment-for-rent/riyadh/east-of-riyadh/al-yarmouk/apartment-for-rent-6681625,35000,440.0,79.54545454545455,79.54545454545455
An Narjis,95000,105.0,"Apartment for Rent in Riyadh An Narjis  §95,000/annually105m²331🏡 for rent | ground floor apartment with private courtyard – al narjis district

📍 al ajlan riviera 37 project – north riyadh

a distinctive ground floor apartment with practical spaces and a spacious private courtyard, suitable for families seeking privacy and upscale living in one of north riyadh's premium neighborhoods.

✨ apartment details:
• total area: 172 m²
• apartment area: 117 m²
• private courtyard area: 55 m²
• 3 bedrooms
• spacious living room
• 3 bathrooms
• kitchen
• storage room
• spacious private courtyard

🔹 features & amenities:
• built-in kitchen
• built-in air conditioners
• curtains and wardrobes
• furnished living room and some bedrooms
• high privacy
• prime location close to services

💰 annual rent: 95,000 sar
🔐 security deposit: 5,000 sar

📞 for inquiries and viewing:
khalid al-qahtani
((number appears upon clicking call))An Narjis, Riyadh",https://sa.aqar.fm/en/apartment-for-rent/riyadh/north-of-riyadh/an-narjis/apartment-for-rent-6861308,95000,105.0,904.7619047619048,904.7619047619048
Jarir,32000,600.0,"Apartment for Rent in Riyadh Jarir  §32,000/annually600m²221apartment for rent in al malaz district
it consists of:
2 bedrooms + living room + kitchen + 2 bathrooms

apartment features:
• installed air conditioners
• private entrance
• close to services

rental price: 37,000

2 apartments available:
apartment: 36,000
apartment: 50,000Jarir, Riyadh",https://sa.aqar.fm/en/apartment-for-rent/riyadh/center-of-riyadh/jarir/apartment-for-rent-6852332,32000,600.0,53.333333333333336,53.333333333333336
Al Arid,70000,104.0,"Apartment for Rent in Riyadh Al Arid  §70,000/annually104m²221apartment b101
listing number: 3639
to book an appointment or view other units, please visit the aamar website: http://aamar.sa/units/3639
prices:
single payment: 70,000 sar
unit details:
2 bedrooms + 2 bathrooms
living room (1)
american kitchen (installed)
4 air conditioners (installed)
outdoor area (none)
private parking (building front)
smart lockAl Arid, Riyadh",https://sa.aqar.fm/en/apartment-for-rent/riyadh/north-of-riyadh/al-arid/apartment-for-rent-6850671,70000,104.0,673.0769230769231,673.0769230769231
Al Qirawan,80000,107.0,"Apartment for Rent in Riyadh Al Qirawan  §80,000/annually107m²231✨ for rent | fully furnished apartment – al qairawan district

📍 prime location | nirvana resident 12 project

a fully furnished apartment with a practical design and a distinguished location within a residential project in al qairawan district. suitable for families and those seeking an upscale, well-organized residence with privacy and private parking.

━━━━━━━━━━━━━━━━━━
🏠 apartment details
━━━━━━━━━━━━━━━━━━

▪️ area: 107 m²
▪️ floor: ground floor
▪️ single entrance
▪️ independent electricity meter
▪️ private parking space

🛋️ consists of:
▪️ sitting room (majlis)
▪️ sitting room bathroom
▪️ living room
▪️ kitchen
▪️ laundry room
▪️ two bedrooms, one of which is a master bedroom
▪️ bathroom

━━━━━━━━━━━━━━━━━━
💰 annual rent: 80,000 sar
━━━━━━━━━━━━━━━━━━

📞 for contact and inquiries:

abu jana: ((number appears upon clicking call))
khalid: ((number appears upon clicking call))

🏢 ru'yatك real estate companyAl Qirawan, Riyadh",https://sa.aqar.fm/en/apartment-for-rent/riyadh/north-of-riyadh/al-qirawan/apartment-for-rent-6860624,80000,107.0,747.6635514018692,747.6635514018692
An Narjis,110000,123.0,"Apartment for Rent in Riyadh An Narjis  §110,000/annually123m²331🏡 for rent | fully furnished apartment – safa 71 complex

📍 al narjis district – north riyadh
near king salman road

🏢 floor: first
📐 area: 123.81 m²
🏘️ within a distinguished and secure residential compound

✨ apartment features:
• 3 bedrooms
• 3 bathrooms
• spacious living room
• fully equipped kitchen
• furnished balcony
• fully furnished and ready for immediate occupancy
• furniture, appliances, and tv included
• internet installed
• air conditioning
• pure water filter
• smart entry system
• intercom
• private parking space in the basement
• maintenance services available
• the compound is secure, equipped with surveillance cameras, and provides a safe living environment with high privacy

📍 strategic location close to major roads and services:
• king salman road: 1–2 minutes
• abu bakr al-siddiq road: 3–5 minutes
• uthman ibn affan road: 5–7 minutes
• anas ibn malik road: 7–10 minutes
• the avenues: 10–15 minutes
• nearest metro station: 10–15 minutes
• king khalid international airport: 15–20 minutes

💰 annual rent: 110,000 sar, in two installments
🔒 security deposit: 5,000 sar

✨ a complete apartment ready for immediate occupancy, combining a prime location, security, privacy, full furnishing, and all essential amenities for comfortable living.

📞 for inquiries and viewing:
khalid al-qahtani
((number appears upon clicking call))An Narjis, Riyadh",https://sa.aqar.fm/en/apartment-for-rent/riyadh/north-of-riyadh/an-narjis/apartment-for-rent-6870986,110000,123.0,894.3089430894308,894.3089430894308
Ishbiliyah,40000,91.0,"Apartment for Rent in Riyadh Ishbiliyah  §40,000/annually91m²321🏠 for rent
behind gouch clinic – ishbiliyyah district ✨🏠

👨‍👩‍👧‍👦 families only

📍 location: ishbiliyyah district
📌 close to imam abdullah bin saud road
📌 directly behind gouch clinics
📌 close to all services and markets
⭐ excellent location

🔹 apartment specifications:
• third floor
• fully parquet flooring
• fully installed kitchen with the finest quality cabinets
• water heaters installed throughout the entire apartment + separate heater for the kitchen
• independent electricity ⚡
• two entrances to the apartment
• private entrance to the storage room
• private storage room
• no split air conditioners

🛋️ consists of:
• sitting room (majlis)
• large living room
• two bedrooms
• two bathrooms
• private storage room

💰 rent: 42,000 sar annually
❌ no monthly rent available

📞 for inquiries and contact:
0534088882Ishbiliyah, Riyadh",https://sa.aqar.fm/en/apartment-for-rent/riyadh/east-of-riyadh/ishbiliyah/apartment-for-rent-6630642,40000,91.0,439.56043956043953,439.56043956043953
As Sahafah,138000,112.0,"Apartment for Rent in Riyadh As Sahafah  §138,000/annually112m²221apartment 0b7
ad number: 3025
to book an appointment or view other units, please visit the aamar website: http://aamar.sa/units/3025

prices:
single payment: 138,000 sar
two payments: 143,000 sar
monthly installments: 165,600 sar

unit details:
2 bedrooms + 2 bathrooms
living room (1)
american kitchen (installed)
air conditioners: 0 (installed)
outdoor area (balcony)
private parking (building front)
smart lock

property location features:
🛣️ al olaya road – direct access 🛣️ king fahd road – 1 minute 🛣️ anas ibn malik road – 1 minute 💲 king abdullah financial district – 5 minutes 🎓 imam muhammad ibn saud islamic university – 10 minutes 🛫 king khalid international airport – 15 minutes 🚇 suleiman al-habib metro stationAs Sahafah, Riyadh",https://sa.aqar.fm/en/apartment-for-rent/riyadh/north-of-riyadh/as-sahafah/apartment-for-rent-6773171,138000,112.0,1232.142857142857,1232.142857142857
Al Arid,65000,520.0,"Apartment for Rent in Riyadh Al Arid  §65,000/annually520m²321apartment #0
listing number: 3608
to book an appointment or view other units, please visit the aamar website: http://aamar.sa/units/3608

prices:
single payment: 65,000 sar
two payments: 70,000 sar
monthly installments: 78,000 sar

unit details:
2 bedrooms + 2 bathrooms
living room (1) + separate lounge
american kitchen (built-in)
5 air conditioners (built-in)
private parking

*note:
room dimensions: 5.30 × 4.30
lounge dimensions: 4 × 5.70Al Arid, Riyadh",https://sa.aqar.fm/en/apartment-for-rent/riyadh/north-of-riyadh/al-arid/apartment-for-rent-6794268,65000,520.0,125.0,125.0
Al Arid,55000,86.0,"Apartment for Rent in Riyadh Al Arid  §55,000/annually86m²221luxury apartment for rent in al-arid district

it consists of:
2 bedrooms + living room + kitchen + 2 bathrooms
(fitted kitchen - split ac units installed)

note:
location / distinctive
design / luxurious
- prime location close to services

price: 55,000Al Arid, Riyadh",https://sa.aqar.fm/en/apartment-for-rent/riyadh/north-of-riyadh/al-arid/apartment-for-rent-6879419,55000,86.0,639.5348837209302,639.5348837209302
An Narjis,73000,117.0,"Apartment for Rent in Riyadh An Narjis  §73,000/annually117m²331🏡 luxury apartment for rent
al majediah 142 a1
ground floor
3 bedrooms (1 master)
large living room 🛋️
kitchen cabinets 👩‍🍳
3 bathrooms 🚽
concealed ac units installed ❄️
assigned parking 🅿️

thamer al-hamoud
((number appears when you press call))An Narjis, Riyadh",https://sa.aqar.fm/en/apartment-for-rent/riyadh/north-of-riyadh/an-narjis/apartment-for-rent-6880210,73000,117.0,623.9316239316239,623.9316239316239
Al Yarmouk,45000,130.0,"Apartment for Rent in Riyadh Al Yarmouk  §45,000/annually130m²421a four-room apartment with a hall, close to atiyaf mall, next to the park and mosque, in the al-yarmouk al-gharbi district.
single entrance to the apartment.
the apartment consists of:
two bedrooms - a sitting room - a reception room - a hall - a kitchen - two bathrooms.
rent (one payment): 45,000
rent (two payments): 48,000
contact: 0534099996Al Yarmouk, Riyadh",https://sa.aqar.fm/en/apartment-for-rent/riyadh/east-of-riyadh/al-yarmouk/apartment-for-rent-6893313,45000,130.0,346.15384615384613,346.15384615384613
Al Murabba,71500,90.0,"Apartment for Rent in Riyadh Al Murabba  §71,500/annually90m²341apartment #0
listing number: 4387
to book an appointment or view other units, please visit the aamar website: http://aamar.sa/units/4387
prices:
single payment: 71,500 sar
two payments: 35,750 sar
unit details:
3 bedrooms + 4 bathrooms
living room (1)
american kitchen (built-in)
5 air conditioners (built-in)
outdoor area (balcony or private roof)
smart lockAl Murabba, Riyadh",https://sa.aqar.fm/en/apartment-for-rent/riyadh/center-of-riyadh/al-murabba/apartment-for-rent-6895859,71500,90.0,794.4444444444445,794.4444444444445
Al Hamra,85000,154.0,"Apartment for Rent in Riyadh Al Hamra  §85,000/annually154m²431apartment #07
listing number: 3331
to book an appointment or view other units, please visit the aamar website: http://aamar.sa/units/3331

prices:
single payment: 85,000 sar
two payments: 90,000 sar

unit details:
3 bedrooms + 3 bathrooms
living room (1) + separate sitting room
american kitchen (installed)
5 air conditioners (installed)
laundry/storage room
outdoor area: none
private parking: building frontAl Hamra, Riyadh",https://sa.aqar.fm/en/apartment-for-rent/riyadh/east-of-riyadh/al-hamra/apartment-for-rent-6823812,85000,154.0,551.9480519480519,551.9480519480519
Al Arid,48000,312.0,"Apartment for Rent in Riyadh Al Arid  §48,000/annually312m²331luxury apartment for rent in al-aarид neighborhood

it consists of:
sitting room + 2 bedrooms + living room + kitchen + 3 bathrooms + private rooftop for the apartment
(kitchen not installed – air conditioners installed)

property features:
- master bedroom available
- luxury design
- close to services
- private entrance for the apartment
- private parking

55,000 annual rent
1,000 water
3,000 refundable security depositAl Arid, Riyadh",https://sa.aqar.fm/en/apartment-for-rent/riyadh/north-of-riyadh/al-arid/apartment-for-rent-6838980,48000,312.0,153.84615384615384,153.84615384615384
Al Mathar Ash Shamali,130000,177.0,"Apartment for Rent in Riyadh Al Mathar Ash Shamali  §130,000/annually177m²461apartment #1
listing number: 4218
to book an appointment or view other units, please visit the aamar website: http://aamar.sa/units/4218

prices:
single payment: 130,000 sar
two payments: 130,000 sar

unit details:
4 bedrooms + 6 bathrooms
living room (1)
kitchen (american) (not installed)
air conditioners: 0 (installed)
outdoor area (private yard)
private parking (building front)Al Mathar Ash Shamali, Riyadh",https://sa.aqar.fm/en/apartment-for-rent/riyadh/north-of-riyadh/al-mathar-ash-shamali/apartment-for-rent-6872907,130000,177.0,734.4632768361582,734.4632768361582
Al Qadisiyah,30000,312.0,"Apartment for Rent in Riyadh Al Qadisiyah  §30,000/annually312m²111studio #0
listing number: 4311
to book an appointment or view other units, please visit the aamar website: http://aamar.sa/units/4311
prices:
single payment: 30,000 sar
two payments: 30,000 sar
monthly installments: 30,000 sar
unit details:
1 bedroom + 1 bathrooms
living room (1)
kitchen (american) (installed)
air conditioners: 0 (installed)
outdoor area (none)
private parking (building_front)Al Qadisiyah, Riyadh",https://sa.aqar.fm/en/apartment-for-rent/riyadh/east-of-riyadh/al-qadisiyah/apartment-for-rent-6874279,30000,312.0,96.15384615384616,96.15384615384616
Al Marwah,21000,62.0,"Apartment for Rent in Riyadh Al Marwah  §21,000/annually62m²111apartment for rent in al marwa district (families)

consisting of:
bedroom + living room + kitchen + bathroom
(built-in kitchen - split ac units installed)
- quiet location
- close to public services

price: 21,000Al Marwah, Riyadh",https://sa.aqar.fm/en/apartment-for-rent/riyadh/south-of-riyadh/al-marwah/apartment-for-rent-6837706,21000,62.0,338.7096774193548,338.7096774193548
As Sahafah,70000,336.0,"Floor for Rent in Riyadh As Sahafah  §70,000/annually336m²431luxurious ground floor apartment for rent in al sahafa district

**area:** 336 m²

**consists of:**
- sitting room + reception room + 2 bedrooms + living room + kitchen + 3 bathrooms + large courtyard + maid's room
- (built-in kitchen – split air conditioners installed)

**notes:**
- car entrance available
- large courtyard available

**building features:**
- practical design with comfortable spaces
- close to services
- excellent location

**price:** 70,000 (one payment)
or 75,000 (two payments)As Sahafah, Riyadh",https://sa.aqar.fm/en/big-flat-for-rent/riyadh/north-of-riyadh/as-sahafah/big-flat-for-rent-6880151,70000,336.0,208.33333333333334,208.33333333333334
Al Munsiyah,80000,133.0,"Apartment for Rent in Riyadh Al Munsiyah  §80,000/annually133m²431🏠 for rent – luxury modern apartment – al munsiyah district 🏡✨
📍 located within madain fuleij compound – one of the most prestigious fully-integrated residential communities

a premium living opportunity for a family seeking privacy and comfort within a fully-serviced community. the apartment features a modern finish and is ready for immediate occupancy.

⸻

🛏 apartment details – unit no. (11d):

* 4 spacious rooms
(majlis + living room + 3 bedrooms)
* 3 bathrooms with modern finishes 🚿
* large separate kitchen 🍽️
* fully installed split air conditioners ❄️
* brand new fully fitted kitchen
* private parking space 🚗

⸻

✨ compound amenities (madain fuleij):
a fully integrated community offering a premium lifestyle:

* smart access system & 24/7 security and guards 🔐
* mosque within the project 🕌
* men's fitness club 🏋️‍♂️
* women's fitness club 🏋️‍♀️
* lounge & elegant seating areas for socializing and relaxation ☕
* children's nursery with a play area 🎈
* cinema within the compound 🎬
* event halls (men's & women's) bookable via the residents' app 🎉
* library for study and meetings 📚
* game rooms (playstation – billiards – hockey & more) 🎮
* spacious green areas and walking paths 🌿
* squash courts 🏓
* mini market within the project 🛒

⸻

🌟 additional features:

* quiet and safe environment for families
* full services within the compound without the need to go out
* modern design and high quality of life

⸻

💰 rent: 80,000 sar annually

📞 for inquiries and contact:
((Advertiser's number appears upon contact))Al Munsiyah, Riyadh",https://sa.aqar.fm/en/apartment-for-rent/riyadh/east-of-riyadh/al-munsiyah/apartment-for-rent-6671319,80000,133.0,601.5037593984962,601.5037593984962
Al Munsiyah,36000,493.0,"Apartment for Rent in Riyadh Al Munsiyah  §36,000/annually493m²321🏡 distinguished family apartment for rent - al-khunini district (al-ramal al-khunini)

📍 location:
the apartment is located in a corner villa (west-south facing) in a quiet and distinguished location, with adequate parking spaces and easy access via sheikh jaber al-sabah street. it is also distinguished by its proximity to al-khunini mosque and behind the octane station, providing easy access to services and transportation.

🏠 apartment details:

* third floor
* 3 bedrooms
* spacious living room
* kitchen
* 2 bathrooms
* two entrances
* very clean and ready to move in

🔹 services and facilities:

* shared electricity meter with another apartment
* shared water meter for the villa
* no elevator

💰 rental value:

* 35,000 riyals annually
* or 3,300 riyals monthly

📞 contact:

0534088882Al Munsiyah, Riyadh",https://sa.aqar.fm/en/apartment-for-rent/riyadh/east-of-riyadh/al-munsiyah/apartment-for-rent-6714382,36000,493.0,73.02231237322515,73.02231237322515
Tuwaiq,48000,70.0,"Apartment for Rent in Riyadh Tuwaiq  §48,000/annually70m²111housing 102
luxury furnished hotel-style apartment for rent in tuwaiq district
✨ 1 luxury room
✨ living room - features luxury american sofa, service table, and 55-inch lg 4k screen with free shahid tv subscription.
✨ fully equipped bathroom - with elegant and modern design.
✨ complete kitchen - includes stovetop oven, microwave, kettle, refrigerator, washing machine, and coffee machine to meet all your daily needs.
monthly rent 4000 riyals
inclusive of:
internet
water
electricity
maintenance
building cleaningTuwaiq, Riyadh",https://sa.aqar.fm/en/apartment-for-rent/riyadh/west-of-riyadh/tuwaiq/apartment-for-rent-6733582,48000,70.0,685.7142857142857,685.7142857142857
Ad Dar Al Baida,36000,130.0,"Apartment for Rent in Riyadh Ad Dar Al Baida  §36,000/annually130m²321bachelor apartment for rent in al-dar al-baida district
3 rooms, living room, 2 bathrooms, and kitchen
first floor
opposite al-dar al-baida metro station
close to all services
parking available
price: 36,000 sar annually
payment: annually or semi-annually onlyAd Dar Al Baida, Riyadh",https://sa.aqar.fm/en/apartment-for-rent/riyadh/south-of-riyadh/ad-dar-al-baida/apartment-for-rent-6887166,36000,130.0,276.9230769230769,276.9230769230769
As Sulimaniyah,42000,90.0,"Apartment for Rent in Riyadh As Sulimaniyah  §42,000/annually90m²111al-sulaimaniyah residential apartments in riyadh
**monthly and annual rental system**

- studio (room + kitchen + bathroom): 4,000 sar
- one bedroom (room + living room): starting from 4,500 sar to 5,500 sar
- two bedrooms (2 rooms + living room + kitchen + bathroom): 7,000 sar

the apartments are luxurious furnished residential units with a hotel-style system, a prime location, and various space options.

we are distinguished by the following services:
💡 - electricity, water, and maintenance included.
📶 - fiber optic internet
- new and luxury furniture
(open kitchen - refrigerator - microwave - washing machine - automatic kettle)
- 24-hour security guard.
- smart card access to apartments.
🖲 - building equipped with safety equipment.
🎦 - 24-hour surveillance cameras.

🎖 location highlights:
- 5-minute walk from the bus station
- 7-minute walk from the green line metro station
- al-urubah road connecting east and west riyadh
- king abdulaziz road and king fahd road connecting south and north riyadh
- located near all restaurants, cafes, healthcare facilities, public amenities, and public and private universities.

📞 for booking and inquiries:
( )
( )
whatsappAs Sulimaniyah, Riyadh",https://sa.aqar.fm/en/apartment-for-rent/riyadh/north-of-riyadh/as-sulimaniyah/apartment-for-rent-6822716,42000,90.0,466.6666666666667,466.6666666666667
Hittin,90000,459.0,"Apartment for Rent in Riyadh Hittin  §90,000/annually459m²4first floor: a spacious living room, kitchen, and bathroom.

second floor: three bedrooms, two bathrooms, and a maid's room with a bathroom.

a driver's room is available with a separate fee.Hittin, Riyadh",https://sa.aqar.fm/en/apartment-for-rent/riyadh/north-of-riyadh/hittin/apartment-for-rent-6761836,90000,459.0,196.07843137254903,196.07843137254903
Al Arid,60000,80.0,"Apartment for Rent in Riyadh Al Arid  §60,000/annually80m²211🏡 distinctive & varied apartments for rent | options to suit your needs
✨ residential units with unique designs, premium finishes, and complete specifications
💰 prices start from 44,000 sar and go up to 68,000 sar annually

🏠 apartment no. 3 | 68,000 sar
• 2 bedrooms
• living room
• kitchen
• 2 bathrooms

🏠 apartment no. 4 | 49,000 sar
• 1 bedroom
• living room
• open kitchen to living room
• 1 bathroom

🏠 apartment no. 5 | 44,000 sar
• 1 bedroom
• living room
• open kitchen to living room
• 1 bathroom

🏠 apartment no. 6 | 64,000 sar
• 2 bedrooms
• living room
• open kitchen to living room
• 2 bathrooms

🏠 apartment no. 7 | second floor
• spacious living room
• fitted open kitchen to living room
• 1 bedroom
• 1 bathroom
• two private external rooftop terraces
• new fitted split air conditioners

⭐ residential features
✅ electricity, water, and internet included
✅ new split air conditioners
✅ indoor and outdoor surveillance cameras
✅ premium finishes
✅ various options and space sizes
✅ suitable for families and individuals depending on the unit

📌 additional apartments are available in the same building
💰 prices start from 44,000 sar up to 68,000 sar annually
📐 with varied spaces and specifications to suit different needs.

📞 for inquiries and contact:
0503364180
0505021170
whatsapp
0506061316
0533368003

✨ choose your unit now and enjoy a complete and comfortable living experience.Al Arid, Riyadh",https://sa.aqar.fm/en/apartment-for-rent/riyadh/north-of-riyadh/al-arid/apartment-for-rent-6811234,60000,80.0,750.0,750.0
Riyadh General,50000,450.0,"Apartment for Rent in Riyadh King Khalid International Airport  §50,000/annually450m²221apartment for rent in south salman — two bedrooms, a living room, a kitchen, and two bathrooms.
air conditioning and built-in kitchen included.
close to imam university, princess nourah university, and anas ibn malik road.
the apartment is used and fully renovated.

to contact: ((number appears when you press call)) - ((number appears when you press call))
the apartment is on the second floor — rooftop level (without rooftop access).
single entrance.

we also have a group of apartments with two, three, and four bedrooms in al-arid at competitive prices.
to contact: ((number appears when you press call)) - ((number appears when you press call))King Khalid International Airport, Riyadh",https://sa.aqar.fm/en/apartment-for-rent/riyadh/north-of-riyadh/king-khalid-international-airport/apartment-for-rent-6831223,50000,450.0,111.11111111111111,111.11111111111111
Al Yasmin,65000,360.0,"Apartment for Rent in Riyadh Al Yasmin  §65,000/annually360m²3No descriptionAl Yasmin, Riyadh",https://sa.aqar.fm/en/apartment-for-rent/riyadh/north-of-riyadh/al-yasmin/apartment-for-rent-6873317,65000,360.0,180.55555555555554,180.55555555555554
An Narjis,55000,450.0,"Apartment for Rent in Riyadh An Narjis  §55,000/annually450m²321an annex apartment attached to a duplex with an independent entrance
close to a commercial street with all services available nearby
a distinctive apartment with an area of 110m², featuring complete privacy and an independent entrance, with a practical layout suitable for family living.

✨ property details:

* 🛏️ 3 bedrooms
* 🛋️ living room
* 🍽️ kitchen
* 🚿 2 bathrooms
* 🧭 south-facing
* 🛣️ 15m wide street
* 🏗️ property age: 5 years

single payment: 50,000
two payments: 55,000

a practical and comfortable apartment that combines privacy with efficient use of space. 🔑✨An Narjis, Riyadh",https://sa.aqar.fm/en/apartment-for-rent/riyadh/north-of-riyadh/an-narjis/apartment-for-rent-6860920,55000,450.0,122.22222222222223,122.22222222222223
Ar Rabwah,70000,111.0,"Apartment for Rent in Riyadh Ar Rabwah  §70,000/annually111m²222apartment in al-rabwa neighborhood, fully furnished to hotel standard, including kitchenware and appliances. the apartment is spacious and bright, in an excellent location next to al-nahda road, the walking path, al-khalij bridge, and the eastern ring road. located on a commercial street, close to all services, mosque, schools, and metro station. ground floor with basement parking and outdoor parking spaces. a quiet building in an excellent location.

the apartment consists of two bedrooms, two living rooms, a dressing room, a laundry room, two bathrooms, a kitchen, and a garden.

annual rent payable in two installments.Ar Rabwah, Riyadh",https://sa.aqar.fm/en/apartment-for-rent/riyadh/center-of-riyadh/ar-rabwah/apartment-for-rent-6742612,70000,111.0,630.6306306306307,630.6306306306307
Al Qirawan,95000,480.0,"Apartment for Rent in Riyadh Al Qirawan  §95,000/annually480m²6511-🔹 spacious two-floor apartment for rent 🔹
a distinctive apartment with an area of 253 m² featuring a spacious design suitable for families.
👈annual rent: 95,000

apartment features👇👇:
men's sitting room
women's sitting room
master bedroom
two bedrooms
maid's room
kitchen
storage room
laundry room
7 bathrooms
👈private rooftop of approximately 80 m² with a bathroom
👈full copper piping and wiring installed for split air conditioning units throughout the entire apartment
✅ spacious area
✅ practical and comfortable layout for the family
📞 for contact and inquiries:
(050, 7011250)
(050, 3314425)Al Qirawan, Riyadh",https://sa.aqar.fm/en/apartment-for-rent/riyadh/north-of-riyadh/al-qirawan/apartment-for-rent-6811100,95000,480.0,197.91666666666666,197.91666666666666
Al Qirawan,85000,115.0,"Apartment for Rent in Riyadh Al Qirawan  §85,000/annually115m²331🏡 **distinctive apartment for rent in al-qirawan district – north riyadh**

if you're looking for an apartment with an excellent location and practical layout, i think you've found the right one.

📐 **total area:** 115 m²
🏢 **second floor**

**apartment details:**
• 3 bedrooms, including one master bedroom
• 3 bathrooms
• living room
• back yard
• fully fitted kitchen equipped with appliances
• 2 private parking spaces for the unit

📍 **al-qirawan district highlights:**
a distinguished neighborhood in north riyadh, close to main roads, services, restaurants, cafés, and schools, with easy access from multiple directions.

the neighborhood is quiet and suitable for residential living.

✨ a well-maintained apartment with a practical layout and an excellent location in one of the finest districts in north riyadh.Al Qirawan, Riyadh",https://sa.aqar.fm/en/apartment-for-rent/riyadh/north-of-riyadh/al-qirawan/apartment-for-rent-6892252,85000,115.0,739.1304347826087,739.1304347826087
Dhahrat Laban,48000,130.0,"Apartment for Rent in Riyadh Dhahrat Laban  §48,000/annually130m²321apartment in a villa (renovated)

apartment features:
- 2 entrances
- 2 bedrooms
- 1 sitting room
- large living room
- fitted kitchen
- installed split air conditioners
- separate electricity meter
- close to government facilities

a security deposit of 3,000 sar is required

installment payment is available through the rayze platformDhahrat Laban, Riyadh",https://sa.aqar.fm/en/apartment-for-rent/riyadh/west-of-riyadh/dhahrat-laban/apartment-for-rent-6859651,48000,130.0,369.2307692307692,369.2307692307692
Al Mahdiyah,42000,525.0,"Apartment for Rent in Riyadh Al Mahdiyah  §42,000/annually525m²421for rent: a distinctive residential apartment in a quiet and premium location in al-muhaidib neighborhood, featuring a practical design that combines comfort and privacy.

**apartment specifications:**

second floor
• 2 bedrooms (5×4) in size
• independent sitting room (majlis)
• spacious living room (10×3.5) in size
• private rooftop with a comfortable outdoor seating area
• storage room

two independent entrances to the apartment

**features:**
- quiet and prime location in al-muhaidib neighborhood
- design that provides high privacy thanks to the two independent entrances
- outdoor rooftop seating area ideal for families
- additional storage room for belongingsAl Mahdiyah, Riyadh",https://sa.aqar.fm/en/apartment-for-rent/riyadh/west-of-riyadh/al-mahdiyah/apartment-for-rent-6794069,42000,525.0,80.0,80.0
Irqah,470000,500.0,"Villa for Rent in Riyadh Irqah  §470,000/annually500m²12for rent: a new luxurious villa with an area of 500 square meters.

the building consists of a four-story villa featuring a courtyard that accommodates two cars, a guard room, and a basement containing a swimming pool, two large halls, a bathroom, a surveillance room, a service dining table, and a swimming pool. the ground floor includes lounges, dining rooms, and two fully equipped kitchens. the first floor contains a master bedroom with a jacuzzi bathroom, two additional bedrooms, and a laundry room. the second floor includes two bedrooms, a bathroom, a laundry room, and access to the rooftop.

villa rental price: 330,000 sar.

the building also includes two apartments with independent entrances, each containing three bedrooms, a living room, and a kitchen. rental price per apartment: 70,000 sar.

the villa can be connected to the apartments upon request.Irqah, Riyadh",https://sa.aqar.fm/en/villa-for-rent/riyadh/west-of-riyadh/irqah/villa-for-rent-6884769,470000,500.0,940.0,940.0
An Narjis,48000,70.0,"Apartment for Rent in Riyadh An Narjis  §48,000/annually70m²21🏠 available for rent – al narjis district
🛋 fully furnished with luxury furniture – super lux finishing
bedroom and living room
bathroom
kitchen
💰 4,500 sar per month

💡 prices include water, electricity, and internet

📄 documentation and payment electronically via the ejar platform

📞 to contact:
((number appears when you press call))
((number appears when you press call))

fiber opticAn Narjis, Riyadh",https://sa.aqar.fm/en/apartment-for-rent/riyadh/north-of-riyadh/an-narjis/apartment-for-rent-6869706,48000,70.0,685.7142857142857,685.7142857142857
An Nasim Ash Sharqi,400000,506.0,"Building for Rent in Riyadh An Nasim Ash Sharqi  §400,000/annually506m²30min the name of allah, the most gracious, the most merciful

**building for rent in riyadh**
east al-naseem district
plan 1270/w – plot 1000

**property features:**
- new – corner – 4 floors – elevator
- (14 standard apartments as per building permit)
- located 20 meters from 2 riyadh bus stations
- fire suppression system installed – water heaters installed

**nearby landmarks:**
- khurais main road and second ring road
- national guard hospital
- king fahd college
- king saud health university

**area:** 506 sqm
**age:** new
**street:** 30m (east) + 15m (south)

**apartment specifications:**
14 standard apartments, each consisting of:
rooms + living room + kitchen + bathroom

**rent:** 400,000 sar
direct contact with owner only

**ziad al-shamari / 551144244**

- building is vacant and ready for occupancy
- viewing hours: 9:00 am to 10:00 pm (by appointment)

we also have 2-bedroom apartments with kitchen and bathroom, including water and electricity:
- new apartments + new kitchen installed + new air conditioners installed
- elevator available – fire suppression system – private parking for each apartment
- **monthly rent: 3,500 sar**

we welcome your inquiries from all cities.
we offer free property valuation.An Nasim Ash Sharqi, Riyadh",https://sa.aqar.fm/en/building-for-rent/riyadh/east-of-riyadh/an-nasim-ash-sharqi/building-for-rent-6847105,400000,506.0,790.5138339920949,790.5138339920949
An Narjis,45000,315.0,"Apartment for Rent in Riyadh An Narjis  §45,000/annually315m²331apartment for rent in al-narjes district, al-qusour plan
near dr. suleiman al-habib medical center
3 bedrooms, 3 bathrooms, living room, kitchen
master bedroom
apartment comes with installed air conditioners and an installed kitchen
private rooftop
the apartment is in a villa with no elevator
second floor
independent electricity meter
shared entrance
annual rent: 45,000 sar (two installments of 22,500 sar every 6 months)
water: 1,200 sar annually
security deposit: 3,000 sar
the location in the listing is accurateAn Narjis, Riyadh",https://sa.aqar.fm/en/apartment-for-rent/riyadh/north-of-riyadh/an-narjis/apartment-for-rent-6805901,45000,315.0,142.85714285714286,142.85714285714286
Al Qirawan,35000,600.0,"Apartment for Rent in Riyadh Al Qirawan  §35,000/annually600m²531apartment with two entrances
consisting of 5 rooms, a living room, 3 bathrooms, a kitchen, and a small storage room
(majlis, sitting area, living room, and 3 rooms including a master bedroom with an en-suite bathroom)
split ac infrastructure is installed, but no ac units are mounted
kitchen cabinets are not installed
the apartment is located in a quiet villa
security cameras
intercom with door-opening feature from the apartment
all services are available in the neighborhood
video is in the attachmentsAl Qirawan, Riyadh",https://sa.aqar.fm/en/apartment-for-rent/riyadh/north-of-riyadh/al-qirawan/apartment-for-rent-6818388,35000,600.0,58.333333333333336,58.333333333333336
Al Uraija Al Wusta,18000,400.0,"Apartment for Rent in Riyadh Al Uraija Al Wusta  §18,000/annually400m²2for rent: bachelor apartment in al-areeja neighborhood - imam abu hanifa street

the apartment consists of a room + living room + corner kitchen + bathroom

rent: 18,000

for more details, contact via whatsapp
rukn al-wusta real estate office
((the number appears when you click call))Al Uraija Al Wusta, Riyadh",https://sa.aqar.fm/en/apartment-for-rent/riyadh/west-of-riyadh/al-uraija-al-wusta/apartment-for-rent-6901986,18000,400.0,45.0,45.0
Banban,30000,500.0,"Apartment for Rent in Riyadh Banban  §30,000/annually500m²521apartment apartment apartment apartment
for rent in al-jubailah
first floor
2 bedrooms
living room
kitchen
sitting room
2 bathrooms
2 entrances
private electricity meter
water with periodic tank deliveryBanban, Riyadh",https://sa.aqar.fm/en/apartment-for-rent/riyadh/north-of-riyadh/banban/apartment-for-rent-6888960,30000,500.0,60.0,60.0
Al Yasmin,90000,175.0,"Apartment for Rent in Riyadh Al Yasmin  §90,000/annually175m²541for rent – apartment
area: 175 sqm | al-safa project 50
located on al-qadisiyah street in al-yasmin district, in the best block within the neighborhood, close to all main streets.

the apartment consists of:
- entrance with a sitting room (majlis) and an independent bathroom
- a separate living room open to a fully equipped kitchen with appliances + a bathroom
- a maid's room with an independent bathroom
- three bedrooms, one of which is a master bedroom
- total bathrooms: 4
- 7 built-in air conditioners, including one in the kitchenAl Yasmin, Riyadh",https://sa.aqar.fm/en/apartment-for-rent/riyadh/north-of-riyadh/al-yasmin/apartment-for-rent-6781237,90000,175.0,514.2857142857143,514.2857142857143
Al Masif,42000,319.0,"Apartment for Rent in Riyadh Al Masif  §42,000/annually319m²221apartment for rent in al-musaif neighborhood, exit 5, northern ring road
(very prime location)

consisting of:
2 bedrooms + living room + separate kitchen + 2 bathrooms
fully furnished
2 private entrances to the apartment

annual rent value including water:
one payment: 40,000
two payments: 42,000

monthly rent value including water:
4,000

mohammed al-muqrin
fal license: 1100032586Al Masif, Riyadh",https://sa.aqar.fm/en/apartment-for-rent/riyadh/north-of-riyadh/al-masif/apartment-for-rent-6882756,42000,319.0,131.6614420062696,131.6614420062696
Al Yasmin,107880,100.0,"Apartment for Rent in Riyadh Al Yasmin  §107,880/annually100m²221stay alyasmin
an integrated community that provides a modern lifestyle with multiple services and facilities centered on connecting residents with nature through green spaces and diverse designs with parking spaces integrated with your residential unit for complete privacy. explore different residential models from apartments to furnished and semi-furnished villas with their kitchens and air conditioning in a secure residence that offers the experience of warm homes located in one of the most vital areas in riyadh.
monthly rent payment cycles - 3 months - 6 months - 1 year
https://stay.sa/stay-at-alyasmin/Al Yasmin, Riyadh",https://sa.aqar.fm/en/apartment-for-rent/riyadh/north-of-riyadh/al-yasmin/apartment-for-rent-6412498,107880,100.0,1078.8,1078.8
Ad Dhubbat,55000,100.0,"Apartment for Rent in Riyadh Ad Dhubbat  §55,000/annually100m²221new apartment in a new building in al dabbat neighborhood
two bedrooms, a living room, and two bathrooms
installed air conditioners and installed kitchen
luxury finishing
private parking
close to all services and the metroAd Dhubbat, Riyadh",https://sa.aqar.fm/en/apartment-for-rent/riyadh/center-of-riyadh/ad-dhubbat/apartment-for-rent-6864501,55000,100.0,550.0,550.0
Qurtubah,50000,487.0,"Apartment for Rent in Riyadh Qurtubah  §50,000/annually487m²3apartment for rent with a rooftop, including a small rooftop, a living room, two bedrooms, a kitchen, installed air conditioners, and central gas.Qurtubah, Riyadh",https://sa.aqar.fm/en/apartment-for-rent/riyadh/east-of-riyadh/qurtubah/apartment-for-rent-6864672,50000,487.0,102.6694045174538,102.6694045174538
Al Arid,72500,136.0,"Apartment for Rent in Riyadh Al Arid  §72,500/annually136m²32residential apartment in al-arid neighborhood
1 master bedroom
2 bedrooms
living room
kitchen
3 bathrooms

area: 136.76 square meters

amenities:
shared space
men's club
women's club
private parkingAl Arid, Riyadh",https://sa.aqar.fm/en/apartment-for-rent/riyadh/north-of-riyadh/al-arid/apartment-for-rent-6815455,72500,136.0,533.0882352941177,533.0882352941177
Al Munsiyah,54000,120.0,"Apartment for Rent in Riyadh Al Munsiyah  §54,000/annually120m²321apartment for rent in a villa:
consisting of two bedrooms
two bathrooms
kitchen
side living room
private roof for the apartment
new air conditioners installed
fitted kitchenAl Munsiyah, Riyadh",https://sa.aqar.fm/en/apartment-for-rent/riyadh/east-of-riyadh/al-munsiyah/apartment-for-rent-6635174,54000,120.0,450.0,450.0
Irqah,150000,119.0,"Apartment for Rent in Riyadh Irqah  §150,000/annually119m²3a fully furnished apartment consisting of:
1- master bedroom with private bathroom
2- children's bedroom with 3 beds
3- children's bedroom with 2 beds
4- kitchen with all its accessories and appliances
5- living room
6- two bathrooms
7- storage roomIrqah, Riyadh",https://sa.aqar.fm/en/apartment-for-rent/riyadh/west-of-riyadh/irqah/apartment-for-rent-6739651,150000,119.0,1260.5042016806722,1260.5042016806722
Ad Dhubbat,50000,180.0,"Apartment for Rent in Riyadh Ad Dhubbat  §50,000/annually180m²4apartment consisting of 3 bedrooms, a separate sitting room, and a kitchen, with a small front lobby and two bathrooms, available for annual rent. it is 100 meters from the al-ta'minat metro station.
(elevator + internet + surveillance cameras available)
furnished, with parquet flooring, in a quiet and clean building.
very distinguished location in al-dubbat neighborhood, al-malaz, close to:
military hospital (2 minutes)
security forces hospital (3 minutes)
king fahd medical city (4 minutes)
king faisal specialist hospital (10 minutes)
ministry of defense (3 minutes)
the view mall (5 minutes)
location: https://maps.app.goo.gl/fepb7ftfsvxd8cpt7?g_st=ic
price:
55,000 sar paid in one payment
60,000 sar paid in two paymentsAd Dhubbat, Riyadh",https://sa.aqar.fm/en/apartment-for-rent/riyadh/center-of-riyadh/ad-dhubbat/apartment-for-rent-6902448,50000,180.0,277.77777777777777,277.77777777777777
Al Arid,110000,110.0,"Apartment for Rent in Riyadh Al Arid  §110,000/annually110m²331✨ furnished apartment for monthly and annual rent in al majidiya residence complex 130

✨ apartment specifications:
- 3 bedrooms
- 3 bathrooms
- spacious family living room and dining area
- modern kitchen with full electrical appliances
- large windows overlooking the internal garden
- internet

✨ complex features:
- men's gym
- women's gym
- green gardens with outdoor seating
- near the american school

✨ al-basateen apartment
furnished apartment for monthly and annual rent in al majidiya residence complex

✨ apartment information:
- 3 bedrooms
- 3 bathrooms
- living room and dining area
- modern kitchen containing all electrical appliances
- large windows overlooking the internal garden
- internet
- two car parking spaces for the apartment

✨ complex information:
- men's gym
- women's gym
- green gardens with outdoor seating
- near the american schoolAl Arid, Riyadh",https://sa.aqar.fm/en/apartment-for-rent/riyadh/north-of-riyadh/al-arid/apartment-for-rent-6900696,110000,110.0,1000.0,1000.0
Qurtubah,97500,118.0,"Floor for Rent in Riyadh Qurtubah  §97,500/annually118m²432third upper floor, approximately 300 sqm, brand new and never been lived in
passenger elevator under warranty
villa consisting of two floors only, not multiple crowded apartments
residential, not on a noisy commercial street
located in a very quiet neighborhood, close to a well-maintained park
on a 20-meter street
private parking space within the property
ducted ac installed
independent electricity meter
independent water meter
independent water tanks (not shared) — upper and lower
east-facing orientation, suitable away from direct sun

consists of:
3 large bedrooms, all master with en-suite bathrooms
large men's sitting room (majlis) with its own facilities
courtyard overlooking the majlis
maid's room
garden overlooking the heart of the home (side view)
large kitchen
dining hall

negotiable

very modern and luxurious design
contact via whatsapp only 🚫🚫🚫🚫🚫
please read the details carefully before reaching outQurtubah, Riyadh",https://sa.aqar.fm/en/big-flat-for-rent/riyadh/east-of-riyadh/qurtubah/big-flat-for-rent-6755534,97500,118.0,826.271186440678,826.271186440678
Al Yasmin,55000,80.0,"Apartment for Rent in Riyadh Al Yasmin  §55,000/annually80m²231for rent: apartment in al-yasmin district, close to king abdulaziz road and anas ibn malik road.
the apartment consists of: 2 bedrooms, a living room, a sitting room, a kitchen, and 3 bathrooms.
new air conditioners – prime location.
rent: 58,000 sar in two installments / 55,000 sar in one installment.
contact:
0538241000 (osama)
(number appears upon pressing call) (abdulaziz)
(number appears upon pressing call) (naif)

alf real estate company
our services: marketing – property management – electronic contract writing
working hours: saturday to thursday (friday is a day off)
from 3:00 pm to 10:00 pmAl Yasmin, Riyadh",https://sa.aqar.fm/en/apartment-for-rent/riyadh/north-of-riyadh/al-yasmin/apartment-for-rent-6789856,55000,80.0,687.5,687.5
Ash Shuhada,75000,131.0,"Apartment for Rent in Riyadh Ash Shuhada  §75,000/annually131m²43‼️ **location alert: al-yarmouk district, al-khandaq street (not al-shuhada street)**
the location mentioned in the listing is incorrect.
price: 85,000

**for rent | apartment in a prime location with modern contemporary design – al-mahmil 105 project**
al-yarmouk al-dhahabi

🏢 **apartment details:**

(first occupancy – modern design)
third floor | apartment area: 113 m² 🏡
with a private rooftop of 107 m²

* open reception/living room connected to the kitchen with a private bathroom
* master bedroom with private en-suite bathroom
* two bedrooms with a shared bathroom
* independent electricity meter
* smart entry system for the apartment and building
* smart control of lighting and exterior doors via mobile phone
* intercom system
* security cameras
* fire detection system
* free maintenance for one year

✨ **project features:**

* modern and contemporary architectural design
* upscale and secure residential complex
* smart entry system
* balconies and views 🌇
* private parking space in the basement

🛣️ **amenities** 🤩

* free men's and women's club
* free guest lounges
* free swimming pool 🏊‍♂️
* homeowners association 🧾
* prayer room 🕌
* children's play area 🎢
* nursery at a nominal fee

📍 **prime location:**

* 2 minutes from dammam road 🚗
* 4 minutes from the metro station 🚉 / atiyaf mall
* 9 minutes from al-hamra mall / granada mall
* 12 minutes from imam muhammad ibn saud university 🎓
* 19 minutes from princess nourah university
* 20 minutes from king saud university
* 22 minutes from king khalid international airport
* new air conditioning units will be installed

**rent** 💵
85,000 – two installments
**contact:** (number appears when you press ""call"")Ash Shuhada, Riyadh",https://sa.aqar.fm/en/apartment-for-rent/riyadh/east-of-riyadh/ash-shuhada/apartment-for-rent-6778818,75000,131.0,572.5190839694657,572.5190839694657
An Narjis,85000,104.0,"Apartment for Rent in Riyadh An Narjis  §85,000/annually104m²231**apartment for rent in al narjis district - prime location close to king salman road**

a modern, fully-equipped apartment within an upscale compound, offering comfort and comprehensive amenities:

**apartment details:**
* spacious living room
* 2 bedrooms (one master bedroom)
* 3 bathrooms
* laundry room
* maid's room
* courtyard with an area of 40 sqm
* fully fitted kitchen with all appliances: refrigerator, oven, microwave, dishwasher, electric cooktop
* laundry room

**compound features:**
* garden and green spaces
* children's play area
* sports club (male and female sections)
* swimming pool
* sauna and steam room

**additional services:**
* private parking space in the basement
* free maintenance
* reception and 24-hour concierge service
* apartment cleaning and car wash service (for a nominal fee)

**price: 85,000**An Narjis, Riyadh",https://sa.aqar.fm/en/apartment-for-rent/riyadh/north-of-riyadh/an-narjis/apartment-for-rent-6791911,85000,104.0,817.3076923076923,817.3076923076923
Al Ezdihar,90000,138.0,"Apartment for Rent in Riyadh Al Ezdihar  §90,000/annually138m²331apartment #2
listing number: 3140
to book an appointment or view other units, please visit the aamar website: http://aamar.sa/units/3140

prices:
single payment: 90,000 sar
two payments: 100,000 sar

unit details:
3 bedrooms + 3 bathrooms
living room (1)
american kitchen (built-in)
4 air conditioners (built-in)
private entrance
outdoor area (private yard)
private parking (building front)
smart lock

building features:
elevator

property location features:
🚌 bus stop — 3 minutes
🛒 panda supermarket — 5 minutes
🛣️ eastern ring road sub — 7 minutes
🛍️ granada mall — 9 minutes
🏥 al hammadi hospital — 10 minutesAl Ezdihar, Riyadh",https://sa.aqar.fm/en/apartment-for-rent/riyadh/east-of-riyadh/al-ezdihar/apartment-for-rent-6816884,90000,138.0,652.1739130434783,652.1739130434783
Dahiat Namar,20000,70.0,"Apartment for Rent in Riyadh Dahiat Namar  §20,000/annually70m²721apartment on the first floor consisting of: 2 bedrooms / living room / kitchen / 2 bathrooms

whoever pays the full rent upfront gets a discountDahiat Namar, Riyadh",https://sa.aqar.fm/en/apartment-for-rent/riyadh/west-of-riyadh/dahiat-namar/apartment-for-rent-6851751,20000,70.0,285.7142857142857,285.7142857142857
Qurtubah,119000,128.0,"Apartment for Rent in Riyadh Qurtubah  §119,000/annually128m²332No descriptionQurtubah, Riyadh",https://sa.aqar.fm/en/apartment-for-rent/riyadh/east-of-riyadh/qurtubah/apartment-for-rent-6845883,119000,128.0,929.6875,929.6875
Al Qirawan,60000,163.0,"Apartment for Rent in Riyadh Al Qirawan  §60,000/annually163m²331large apartment, 163 sqm, with 3 bedrooms and a large living room, a maid's room, air conditioners installed and a kitchen installed. a suitable apartment for families in a quiet building with private parking. elevator available.Al Qirawan, Riyadh",https://sa.aqar.fm/en/apartment-for-rent/riyadh/north-of-riyadh/al-qirawan/apartment-for-rent-6843563,60000,163.0,368.09815950920245,368.09815950920245
Al Arid,46000,100.0,"Apartment for Rent in Riyadh Al Arid  §46,000/annually100m²23apartment in a hotel-design villa on the first floor, prime location

2 bedrooms
fitted kitchen
3 bathrooms
all rooms are master bedrooms + balcony
glass facades
air conditioning
linen curtains for all windows
rain shower
hanging chairs
10 minutes from the metro
15–20 minutes from the airport
close to all services, schools, and restaurants

a full video of the apartment is available in the listing 👆
single payment: 42,000
two payments: 46,000Al Arid, Riyadh",https://sa.aqar.fm/en/apartment-for-rent/riyadh/north-of-riyadh/al-arid/apartment-for-rent-6893086,46000,100.0,460.0,460.0
Hittin,131880,120.0,"Apartment for Rent in Riyadh Hittin  §131,880/annually120m²231stay hittin (furnished residential units)
in a prime location in the heart of the capital. live steps away from the most entertainment venues, and minutes from major business centers and headquarters. units ranging from one bedroom to 3 smart bedrooms with quality that creates a modern lifestyle with various residential models that meet your needs with multiple services and facilities.
payment cycles according to tenant's choice: annual/monthly/6 months/3 months
https://stay.sa/stay-at-hittin/Hittin, Riyadh",https://sa.aqar.fm/en/apartment-for-rent/riyadh/north-of-riyadh/hittin/apartment-for-rent-6413030,131880,120.0,1099.0,1099.0
Qurtubah,55000,135.0,"Apartment for Rent in Riyadh Qurtubah  §55,000/annually135m²331premium apartment for rent – west qurtubah district (behind sabic)

area: 125 m²

specifications:
🛏️ 2 bedrooms (one of which is a master bedroom)

🛋️ sitting room + living room

🍽️ newly installed kitchen

🧹 storage room

🚿 3 fully new bathrooms

❄️ air conditioners with wi-fi

🛗 elevator available

location:
📍 west qurtubah district – behind sabic

* price includes brokerage fees and excludes security deposit
negotiable

contact hours: 4 pm to 10 pm via whatsapp
❌❌❌ no intermediaries – contact from 4 to 11 pm ❌❌❌Qurtubah, Riyadh",https://sa.aqar.fm/en/apartment-for-rent/riyadh/east-of-riyadh/qurtubah/apartment-for-rent-6899378,55000,135.0,407.4074074074074,407.4074074074074
An Narjis,58800,180.0,"Apartment for Rent in Riyadh An Narjis  §58,800/annually180m²232luxurious furnished apartment for rent in a villa - al narjis district - private entrance

for rent: an upscale, fully furnished apartment (semi-new and luxurious furniture) in a villa occupying an entire second floor with a private entrance, with no other apartments in the villa.

apartment specifications:
• spacious master bedroom.
• dressing room (open to the bedroom) equipped with very high-quality wardrobes from the finest cabinet design stores.
• large living room merged with part of the rooftop to provide a distinctive and open living space.
• open kitchen connected to the living room with an elegant dining bar.
• additional space that can be used as an office or sitting area.
• small private rooftop.
• windows with shutters: 2 automatic and 2 manual.
• almost fully furnished with the finest high-quality electrical appliances.

additional features: maid's room on the rooftop.
• complete privacy.
• practical design and open spaces.
• option to pay in two installments or on a monthly basis by agreement.
• spacious area.
• intercom with camera for door access.

📍 location: al narjis district, north riyadh.
59,000 sar – no commission.
contact: (number appears when you press call)An Narjis, Riyadh",https://sa.aqar.fm/en/apartment-for-rent/riyadh/north-of-riyadh/an-narjis/apartment-for-rent-6786372,58800,180.0,326.6666666666667,326.6666666666667
Irqah,50000,307.0,"Apartment for Rent in Riyadh Irqah  §50,000/annually307m²3apartment for rent
prime location in arqa
3 bedrooms and fitted kitchen with rooftopIrqah, Riyadh",https://sa.aqar.fm/en/apartment-for-rent/riyadh/west-of-riyadh/irqah/apartment-for-rent-6712942,50000,307.0,162.86644951140065,162.86644951140065
Al Yasmin,108000,142.0,"Apartment for Rent in Riyadh Al Yasmin  §108,000/annually142m²332apartment in al-yasmeen neighborhood, close to al-sahafa, in a prime location. excellent and clean hotel-style furnishings. fully equipped kitchen with a refrigerator, washing machine, microwave, coffee maker, and dishwasher. the apartment features an indoor garden and consists of 3 bedrooms, 3 bathrooms, a living room, and a dining room. smart key entry. available for monthly and annual rent.Al Yasmin, Riyadh",https://sa.aqar.fm/en/apartment-for-rent/riyadh/north-of-riyadh/al-yasmin/apartment-for-rent-6748725,108000,142.0,760.5633802816901,760.5633802816901
Al Mahdiyah,60000,159.0,"Apartment for Rent in Riyadh Al Mahdiyah  §60,000/annually159m²431a semi-new apartment consisting of a living room with an independent bathroom / living hall / fully equipped kitchen including appliances and washing machine / 3 bedrooms, one of which is a master bedroom.
air conditioners installed throughout the entire apartment / 2 private parking spaces in the basement.
the building has a security guard, air fresheners, and a high level of attention to cleanliness and maintenance.Al Mahdiyah, Riyadh",https://sa.aqar.fm/en/apartment-for-rent/riyadh/west-of-riyadh/al-mahdiyah/apartment-for-rent-6874743,60000,159.0,377.35849056603774,377.35849056603774
Ar Rayan,75000,102.0,"Apartment for Rent in Riyadh Ar Rayan  §75,000/annually102m²331brand-new apartment | modern design | prime location
a brand-new apartment featuring a modern design and practical layout, offering 3 bedrooms, including a master bedroom, with installed air-conditioning units and a fitted kitchen, plus a private parking space.
features:
3 bedrooms, including a master bedroom
installed air-conditioning units
fitted kitchen
private parking space
modern design and quality finishing
prime location close to all essential services and amenities
an ideal choice for families seeking comfort, privacy, and a convenient location.Ar Rayan, Riyadh",https://sa.aqar.fm/en/apartment-for-rent/riyadh/east-of-riyadh/ar-rayan/apartment-for-rent-6888826,75000,102.0,735.2941176470588,735.2941176470588
An Nakheel,143880,80.0,"Apartment for Rent in Riyadh An Nakheel  §143,880/annually80m²111stay al nakheel (furnished residential units)
we create an experience for a different lifestyle in an ideal location between the largest business centers and international universities through smart homes surrounded by outdoor areas that embrace swimming pools, fitness centers and reception halls with various services including maintenance, cleaning and car washing.
annual / 6-month / 3-month or monthly contracts with payments according to the tenant's choice
https://stay.sa/alnakheel-plans/An Nakheel, Riyadh",https://sa.aqar.fm/en/apartment-for-rent/riyadh/north-of-riyadh/an-nakheel/apartment-for-rent-6412888,143880,80.0,1798.5,1798.5
Hittin,99000,148.0,"Apartment for Rent in Riyadh Hittin  §99,000/annually148m²332furnished apartment for rent or sale 130,000 negotiable from owner

hittin district
(close to the boulevard)

if you are looking for an upscale apartment in a prime location in north riyadh, combining space, comfort, and easy access, this offer is suitable for you.

📍 prime location:
hittin district – vibrant location close to top entertainment destinations and services:
about 5-7 minutes walking to boulevard riyadh city
about 7-10 minutes walking to kingdom arena
direct proximity to cafes and restaurants
about 5 minutes by car to the sports boulevard project

apartment details (first floor):
• area: 148 m² – suitable for families
• 3 bedrooms
• dining table
• living room
• built-in kitchen
• laundry room
• storage room
• 3 bathrooms
• internet (wifi)
• smart entry
• private parking

owners' association 2400
internet 280 monthlyHittin, Riyadh",https://sa.aqar.fm/en/apartment-for-rent/riyadh/north-of-riyadh/hittin/apartment-for-rent-6647437,99000,148.0,668.918918918919,668.918918918919
Dhahrat Laban,45000,360.0,"Apartment for Rent in Riyadh Dhahrat Laban  §45,000/annually360m²41🏠 luxury apartment for rent (residential villa) | dhahrat laban district 📍

an opportunity for upscale living in a quiet and distinguished location in riyadh — an apartment with modern finishes and complete privacy within a family villa.

✨ key features & privacy
entrance: fully independent, ensuring complete privacy for you and your family 🚪
electricity: separate meter dedicated to the apartment for total peace of mind ⚡
finishing: modern style (parquet flooring, concealed led lighting, contemporary paint) 💎
air conditioning: split ac units have been installed ❄️

📋 apartment details & layout
men's sitting room: spacious and secluded with a private entrance, independent bathroom, and luxury sinks 🛋️
family living room: bright and open with excellent natural lighting
master bedroom: main bedroom with an en-suite private bathroom 🛏️
additional bedrooms: comfortably designed and suitable for children 👦👧
kitchen: open to the living room 👨‍🍳
bathrooms: a total of 3 modern-finished bathrooms 🚿
private independent rooftop: fully independent and directly belonging to the apartment

📍 location & services
district: dhahrat laban — a strategic, quiet location close to main roads 🛣️
services: very close to mosques, schools, supermarkets, and shopping centers 🛒
the villa is located on a wide street allowing comfortable and safe parking 🚘

💰 rent & payment details
annual rent: sar 45,000 💵
payment options: payment in two installments available (every 6 months) 💳
contract: officially and immediately documented through the ejar platform to protect both parties' rights 📑

📞 for viewing & inquiries
contact: via whatsapp only 💬Dhahrat Laban, Riyadh",https://sa.aqar.fm/en/apartment-for-rent/riyadh/west-of-riyadh/dhahrat-laban/apartment-for-rent-6801500,45000,360.0,125.0,125.0
Ar Rawdah,46000,120.0,"Apartment for Rent in Riyadh Ar Rawdah  §46,000/annually120m²321apartment consisting of three rooms, a living room, two bathrooms, and a kitchen. it comes with a built-in kitchen and window air conditioners.
the location is distinctive and close to all services.
rent is 46,000 in two installments.Ar Rawdah, Riyadh",https://sa.aqar.fm/en/apartment-for-rent/riyadh/east-of-riyadh/ar-rawdah/apartment-for-rent-6876878,46000,120.0,383.3333333333333,383.3333333333333
An Nasim Al Gharbi,45600,100.0,"Apartment for Rent in Riyadh An Nasim Al Gharbi  §45,600/annually100m²321🔴🔴 there is a very clear video that can be sent via whatsapp, as the app cannot upload it due to its size 🔴🔴

🔥 a rare opportunity – luxury apartment for rent in al naseem al gharbi district 🔥

if you are looking for an apartment that is ready to move into immediately, without the hassle of furnishing or additional costs, this apartment is the perfect choice for you. fully renovated + brand new furniture + internet available, so you can start your life comfortably from day one.

📍 prime location:
al naseem al gharbi district – abdullah ibn masoud street
a very quiet street that offers privacy and comfort, close to abdulrahman ibn awf street and all the daily services you need.

apartment details:
- 3 spacious rooms with a practical layout
- a comfortable living room suitable for family and guests
- 2 bathrooms
- fully furnished with brand new furniture
- internet available
- highly clean and in excellent condition

🏢 floor: third
electricity: shared meter (60% based on consumption)

💡 suitable for families or employees looking for tranquility and upscale living.
apartments with these specifications and location are rarely available — don't miss the opportunity.

for inquiries, contact via whatsapp:
((the number appears when you press call))An Nasim Al Gharbi, Riyadh",https://sa.aqar.fm/en/apartment-for-rent/riyadh/east-of-riyadh/an-nasim-al-gharbi/apartment-for-rent-6860252,45600,100.0,456.0,456.0
Jarir,90000,120.0,"Apartment for Rent in Riyadh Jarir  §90,000/annually120m²231luxurious new apartment in makeen 48 complex - b18
area: 129 sqm
fourth floor
2 master bedrooms
spacious living room
3 bathrooms of different sizes
luxury aluminum and wood kitchen
includes refrigerator + oven + microwave + washing machine
private parking space in basement
small rooftop
balcony with wonderful view
shutters for all windows
4 air conditioners and wi-fi
metro station less than 300m away
high ceiling and attractive color design
smart entry to complex, building, apartment and basement
smart apartment (remote control) smart home
men's health club and women's club
shared men's hospitality area and women's lounge (indoor and outdoor)
two swimming pools in the complex
children's nursery available
outdoor seating overlooking pool and garden
private café in the complex

required: 90,000

insurance: 5,000 sar only
commission: 2,500 sar
contact and viewing time from 5 pm to 9 pm
contact: 0505426781Jarir, Riyadh",https://sa.aqar.fm/en/apartment-for-rent/riyadh/center-of-riyadh/jarir/apartment-for-rent-6637138,90000,120.0,750.0,750.0
Al Malqa,100000,138.0,"Apartment for Rent in Riyadh Al Malqa  §100,000/annually138m²111a complete apartment in al-malqa consisting of a luxurious chalet in the hittin al-malqa district.Al Malqa, Riyadh",https://sa.aqar.fm/en/apartment-for-rent/riyadh/north-of-riyadh/al-malqa/apartment-for-rent-6471405,100000,138.0,724.6376811594203,724.6376811594203
Dhahrat Laban,36000,450.0,"Apartment for Rent in Riyadh Dhahrat Laban  §36,000/annually450m²3for rent – apartment in riyadh, dhahrat laban, aseer street / janadiriyah side street

first floor, independent meter
- sitting room (majlis)
- living room
- kitchen
- 2 bedrooms
- 2 bathrooms

asking price: 36,000 sar
payment is flexible depending on the tenant's ability: monthly installments, two installments, or full payment with a discount on the total amount.Dhahrat Laban, Riyadh",https://sa.aqar.fm/en/apartment-for-rent/riyadh/west-of-riyadh/dhahrat-laban/apartment-for-rent-6860967,36000,450.0,80.0,80.0
As Sahafah,170000,236.0,"Apartment for Rent in Riyadh As Sahafah  §170,000/annually236m²531luxury duplex penthouse (two floors) for rent in glamour tower 4 – al sahafa district – north riyadh

a distinctive opportunity for luxury living or investment and operation.

📍 located within glamour tower 4 in al sahafa district, north riyadh.
📍 duplex penthouse consisting of two complete floors within the tower, located on the 12th and 13th floors.
📍 close to king abdullah financial district (kafd), hospitals, and major commercial centers.

▪️ area: 236 m²
▪️ 5 bedrooms
▪️ spacious living rooms
▪️ kitchen
▪️ 3 bathrooms
▪️ terraces and balconies with open views
▪️ high privacy and distinctive design

tower amenities:
✅ two swimming pools
✅ gym
✅ residents' lounge
✅ private parking
✅ security and guarding

✔️ suitable for family and executive living.

for inquiries and communication, please contact via whatsapp ((number appears when clicking on call))As Sahafah, Riyadh",https://sa.aqar.fm/en/apartment-for-rent/riyadh/north-of-riyadh/as-sahafah/apartment-for-rent-6873898,170000,236.0,720.3389830508474,720.3389830508474
Al Fayha,43000,450.0,"Apartment for Rent in Riyadh Al Fayha  §43,000/annually450m²221welcome 🌺

**for rent: a new upper-floor apartment in a residential villa** ✨
located in al-fayha district

⬅️ preferred contact via whatsapp ➡️

^ first occupant ^

on the second floor – shared entrance

**details:**
🔹 2 bedrooms
🔹 living room
🔹 fitted kitchen ✅
🔹 2 bathrooms
🔹 private rooftop available

air conditioners are not included

no elevator

shared electricity

**note:**
the villa is old, but the apartment is newly built

**rent:**
43,000 sar including water
payment every 6 months

❌ ◾ monthly payment is not accepted ◾ ❌

al-luhaydan real estate office
welcomeAl Fayha, Riyadh",https://sa.aqar.fm/en/apartment-for-rent/riyadh/east-of-riyadh/al-fayha/apartment-for-rent-6848995,43000,450.0,95.55555555555556,95.55555555555556
Dhahrat Laban,65000,163.0,"Apartment for Rent in Riyadh Dhahrat Laban  §65,000/annually163m²531in the name of allah, the most gracious, the most merciful
🏡 apartment for rent in dhahrat laban district, kitchen is furnished in addition to air conditioners.

area: 163.59 sqm
one payment: 60,000
two payments: 65,000
property age: one year

apartment details:
1️⃣ move-in ready apartment on the ground floor.
2️⃣ courtyard surrounding the unit.
3️⃣ two bedrooms + spacious living room + dining area + spacious lounge.
4️⃣ fully fitted kitchen with appliances: refrigerator, washing machine, and oven.
5️⃣ lg washing machine – 100%.
6️⃣ maid's room.

apartment features:
❄️ gree split air conditioners.
🧺 laundry room.
🚗 private parking space.Dhahrat Laban, Riyadh",https://sa.aqar.fm/en/apartment-for-rent/riyadh/west-of-riyadh/dhahrat-laban/apartment-for-rent-6816711,65000,163.0,398.7730061349693,398.7730061349693
An Nafal,75000,106.0,"Apartment for Rent in Riyadh An Nafal  §75,000/annually106m²231an apartment consisting of two rooms, one of which is a master bedroom, a living room, a kitchen, 3 bathrooms, and a laundry room. the kitchen is fitted, and the air conditioning is installed — central ac, with one room having a split unit.An Nafal, Riyadh",https://sa.aqar.fm/en/apartment-for-rent/riyadh/north-of-riyadh/an-nafal/apartment-for-rent-6882147,75000,106.0,707.5471698113207,707.5471698113207
As Sulimaniyah,46000,50.0,"Apartment for Rent in Riyadh As Sulimaniyah  §46,000/annually50m²111contact via whatsapp

for rent
apartment: one room, living room, bathroom, and kitchen
area: 50 sqm
families only

- if monthly payment is preferred, the contract will be monthly and the price will increase
- new split air conditioners can be installed for an additional amount added to the rent
- a kitchen can be installed for an additional amount added to the rent

note:
it is strictly prohibited to use the apartment for daily rental or sub-leasingAs Sulimaniyah, Riyadh",https://sa.aqar.fm/en/apartment-for-rent/riyadh/north-of-riyadh/as-sulimaniyah/apartment-for-rent-6850518,46000,50.0,920.0,920.0
Al Arid,55000,180.0,"Apartment for Rent in Riyadh Al Arid  §55,000/annually180m²431🏡 spacious and new apartment for rent in al-aarid district

a new and spacious apartment with a distinctive design and elegant finishing, located in a quiet and prime location in al-aarid district, suitable for families and offering comfort and privacy.

✨ new apartment
✨ spacious area
✨ modern design
✨ prime location
✨ high-end finishing
✨ suitable for families

for inquiries about details, location, and contact, please reach out via private message.Al Arid, Riyadh",https://sa.aqar.fm/en/apartment-for-rent/riyadh/north-of-riyadh/al-arid/apartment-for-rent-6882415,55000,180.0,305.55555555555554,305.55555555555554
At Taawon,100000,108.0,"Apartment for Rent in Riyadh At Taawon  §100,000/annually108m²321luxury furnished apartment with new luxury furniture – apartment for rent, luxury furnitureAt Taawon, Riyadh",https://sa.aqar.fm/en/apartment-for-rent/riyadh/north-of-riyadh/at-taawon/apartment-for-rent-6711068,100000,108.0,925.925925925926,925.925925925926
As Sahafah,105000,88.0,"Apartment for Rent in Riyadh As Sahafah  §105,000/annually88m²121luxury furnished apartment for annual rent – rafal tower, al sahafa

📍 location: rafal tower, al sahafa district, riyadh
📐 area: 88.49 m²
🛏️ type: fully furnished luxury apartment
🧭 view: north-facing
💰 price: sar 119,000 per year

unit details:
a luxury apartment in rafal tower, al sahafa district, one of riyadh's most prestigious residential and investment towers. the unit is fully furnished and ready for immediate occupancy, featuring a distinctive north-facing view, high-end finishes, and a modern design suitable for individuals and professionals.

facilities & services:
- 24/7 security and guard service
- parking spaces
- elevators
- proximity to services and restaurants in al sahafa district
- easy access to main roads

a private tourism hospitality license (for daily rental) is included, along with an operator if desired for leasing purposes, as well as accounts registered on daily rental platforms.As Sahafah, Riyadh",https://sa.aqar.fm/en/apartment-for-rent/riyadh/north-of-riyadh/as-sahafah/apartment-for-rent-6851338,105000,88.0,1193.1818181818182,1193.1818181818182
As Sahafah,48000,125.0,"Apartment for Rent in Riyadh As Sahafah  §48,000/annually125m²321apartment in a prime location in al-sahafa district
consisting of a sitting room, living room, 2 bathrooms, and a kitchen
air conditioners installed
kitchen cabinets installed
elevator available
water: 1,300As Sahafah, Riyadh",https://sa.aqar.fm/en/apartment-for-rent/riyadh/north-of-riyadh/as-sahafah/apartment-for-rent-6889580,48000,125.0,384.0,384.0
Al Qadisiyah,50000,146.0,"Apartment for Rent in Riyadh Al Qadisiyah  §50,000/annually146m²3new furnished apartment in al-qadisiyah neighborhood for monthly and yearly rent (family residence)

location📍: close to sheikh jaber al-ahmad al-sabah street and dammam road extension

the property is one year old.

the apartment is on the first floor, noting that there is an elevator.

the apartment consists of:
- master bedroom with bathroom (furnished)
- bedroom
- living room (furnished)
- kitchen (built-in)
- service room
- bathroom
- smart entry
- smart entry from the main door

monthly rent: 4600 sar
yearly rent in two payments: 55,000 sar
yearly rent in one payment: 50,000 sar

there is a video available for the apartment.

contact via whatsapp directly
please choose a suitable time to call

966582136685Al Qadisiyah, Riyadh",https://sa.aqar.fm/en/apartment-for-rent/riyadh/east-of-riyadh/al-qadisiyah/apartment-for-rent-6708365,50000,146.0,342.4657534246575,342.4657534246575
Al Malqa,140000,175.0,"Apartment for Rent in Riyadh Al Malqa  §140,000/annually175m²431luxury apartment for monthly or annual rent - al malqa district

an upscale and fully equipped apartment in a prime location in al malqa district, offering privacy and comfort, suitable for families and long-term residence.

apartment specifications:
• 3 spacious bedrooms
• comfortable living room
• fully equipped kitchen
• 3 bathrooms
• private outdoor seating areas
• independent entrance
• prime location near services, restaurants, and essential facilities

✨ available for monthly or annual rentAl Malqa, Riyadh",https://sa.aqar.fm/en/apartment-for-rent/riyadh/north-of-riyadh/al-malqa/apartment-for-rent-6731265,140000,175.0,800.0,800.0
Hittin,80000,90.0,"Apartment for Rent in Riyadh Hittin  §80,000/annually90m²121a luxurious apartment in hittin district consisting of:
- master bedroom
- spacious living room
- outdoor courtyard
- 2 bathrooms
- private parking
- smart entry system for the building and apartment

price: 80,000 for one year

for english speakers just text on whatsappHittin, Riyadh",https://sa.aqar.fm/en/apartment-for-rent/riyadh/north-of-riyadh/hittin/apartment-for-rent-6524544,80000,90.0,888.8888888888889,888.8888888888889
Al Hamra,120000,200.0,"Apartment for Rent in Riyadh Al Hamra  §120,000/annually200m²4luxurious furnished apartment for monthly and yearly rental including services
completely new furniture
consists of:
1- master bedroom
2- 2 bedrooms each with two beds
3- living room
4- sitting room
5- fully equipped kitchen
6- storage room
7- 3 bathrooms
8- independent meter
all furniture is available, just bring your clothes and blessed home
contact only through mobile numberAl Hamra, Riyadh",https://sa.aqar.fm/en/apartment-for-rent/riyadh/east-of-riyadh/al-hamra/apartment-for-rent-6535479,120000,200.0,600.0,600.0
Irqah,95000,120.0,"Apartment for Rent in Riyadh Irqah  §95,000/annually120m²221🟦 furnished apartments for rent - arqa district (brand new building)

🛋️ contents: living room + kitchen + two bathrooms + two bedrooms
🚗 private basement parking for each apartment
📶 high-speed internet for each apartment
🍽️ fully equipped kitchen
🔐 smart entry

prices start from 95,000
💳 flexible payment options:
🗓️ annual, monthly

🏠 three apartment models available

✅ rent includes:
📶 internet
💧 water
⚡ electricity

✨ additional services:
🛠️ all maintenance work free of charge
🧼 cleaning services inside apartments upon request

📞 for contact:
if no answer, you can message via whatsapp

🟦 furnished apartments for rentIrqah, Riyadh",https://sa.aqar.fm/en/apartment-for-rent/riyadh/west-of-riyadh/irqah/apartment-for-rent-6593894,95000,120.0,791.6666666666666,791.6666666666666
Al Wurud,32000,60.0,"Apartment for Rent in Riyadh Al Wurud  §32,000/annually60m²11the property is an apartment consisting of one room + kitchen + bathroom
close to the metro, five minutes away
close to kingdom tower
close to king salman park
close to vital areas and all servicesAl Wurud, Riyadh",https://sa.aqar.fm/en/apartment-for-rent/riyadh/north-of-riyadh/al-wurud/apartment-for-rent-6650655,32000,60.0,533.3333333333334,533.3333333333334
Al Masif,140000,171.0,"Apartment for Rent in Riyadh Al Masif  §140,000/annually171m²341luxury apartment with excellent finishing
first occupant
hotel-style entrance
installed air conditioning
elevator
excellent buildingAl Masif, Riyadh",https://sa.aqar.fm/en/apartment-for-rent/riyadh/north-of-riyadh/al-masif/apartment-for-rent-6665788,140000,171.0,818.7134502923976,818.7134502923976
As Sahafah,180000,152.0,"Apartment for Rent in Riyadh As Sahafah  §180,000/annually152m²222very luxurious apartment
equipped with outdoor pool on balcony + outdoor jacuzzi

on the top floor of apartments in glamour 5 residential tower next to rafal
the apartment is designed with complete glass views

each floor has only three apartments

the apartment consists of:

- large living room
- american-style kitchen
- master bedroom
- bedroom
- two bathrooms
- large balcony with distinctive view of the financial center
- prepared for pool and jacuzzi installation on the balcony
- central air conditioning installed

total apartment area 169.20 square meters

private parking space for the apartment
two elevators + third service elevator
main staircase and service staircase

other services for the apartment:
- infinity pool
- men's and women's gym
- lounge
- guest majlis
- men's business center
- prayer room
- event hall
- children's learning centerAs Sahafah, Riyadh",https://sa.aqar.fm/en/apartment-for-rent/riyadh/north-of-riyadh/as-sahafah/apartment-for-rent-6464647,180000,152.0,1184.2105263157894,1184.2105263157894
Al Malqa,90000,150.0,"Apartment for Rent in Riyadh Al Malqa  §90,000/annually150m²331luxury furnished apartment for rent
consists of three bedrooms, living room, kitchen, and three bathrooms
rent is 7500 monthly and includes electricity, water, internet, gas, and weekly cleaning.
location: al-malqa district, wadi nawar street, next to king fahd road and anas bin malik road, 5 minutes away from boulevard.Al Malqa, Riyadh",https://sa.aqar.fm/en/apartment-for-rent/riyadh/north-of-riyadh/al-malqa/apartment-for-rent-6442381,90000,150.0,600.0,600.0
Az Zahra,28000,80.0,"Apartment for Rent in Riyadh Az Zahra  §28,000/annually80m²111elegant apartment with one bedroom, a living room, and an open kitchen on the first floor, with excellent finishing.
# located in the upscale al-zahraa neighborhood.
# in a wonderful location close to al-ahsa street and near all services.
# the neighborhood is extremely quiet.
# spacious streets and fully integrated services.
# free maintenance.Az Zahra, Riyadh",https://sa.aqar.fm/en/apartment-for-rent/riyadh/center-of-riyadh/az-zahra/apartment-for-rent-6434735,28000,80.0,350.0,350.0
Al Yasmin,95000,128.0,"Apartment for Rent in Riyadh Al Yasmin  §95,000/annually128m²2🚩🚩currently 3 furnished apartments remaining

the first apartment on the ground floor (living room + bedroom and additional room + two bathrooms + kitchen) with private parking for 7900 monthly

two apartments on the second floor (living room + 3 bedrooms + 3 bathrooms + kitchen) with private parking for 9800 monthly

including internet and electricityAl Yasmin, Riyadh",https://sa.aqar.fm/en/apartment-for-rent/riyadh/north-of-riyadh/al-yasmin/apartment-for-rent-6636931,95000,128.0,742.1875,742.1875
Al Olaya,110000,104.0,"Apartment for Rent in Riyadh Al Olaya  §110,000/annually104m²431🏡 fully furnished apartment for rent | khawaled 12 compound – al sulimaniyah

elegant ground-floor apartment in a premium residential compound located in the heart of al sulimaniyah, close to tahlia and major services.

apartment features:
• 3 bedrooms (including 1 master bedroom)
• 3 bathrooms
• living area with dining table
• fully equipped kitchen
• central ac
• independent electricity meters
• private backyard / patio
• private basement parking

compound amenities:
• swimming pools
• male & female gyms
• cinema & lounge
• game rooms
• mosque
• kids nursery

secure and quiet compound with surveillance cameras and integrated facilities.Al Olaya, Riyadh",https://sa.aqar.fm/en/apartment-for-rent/riyadh/north-of-riyadh/al-olaya/apartment-for-rent-6701316,110000,104.0,1057.6923076923076,1057.6923076923076
Al Malqa,125000,109.0,"Apartment for Rent in Riyadh Al Malqa  §125,000/annually109m²231newly furnished apartment for annual rent in sail 25 complex, al-malqa district.

location:
the apartment is located in riyadh - al-malqa district.
- next to king salman road, king fahd road, king khalid international airport, king abdullah financial district (kafd), and sulaiman al habib sahafa hospital
- close to all riyadh season areas, boulevard, shopping centers, and kingdom arena stadium

apartment specifications:
area: 110 square meters
floor: first floor
(the apartment is fully furnished with luxurious high-quality furniture)

number of rooms:
2 bedrooms (all rooms are master bedrooms)
laundry room
spacious living room
3 bathrooms
the apartment is fully equipped with smart home technology

kitchen is fully equipped and includes:
built-in oven
built-in microwave
electric oven
refrigerator
electric stove

laundry room:
installed automatic washing machine

parking:
1 parking space in the basement 🅿️

all facilities and services:
swimming pool
men's club
women's club
meeting hall
children's playground
lounges and rest areas
green spaces
high security and alarm system
high privacy
security gates at all complex entrances

additional features:
luxury finishing
split air conditioners
complete electrical appliances
very suitable for families
close to all servicesAl Malqa, Riyadh",https://sa.aqar.fm/en/apartment-for-rent/riyadh/north-of-riyadh/al-malqa/apartment-for-rent-6600278,125000,109.0,1146.788990825688,1146.788990825688
Al Mursalat,95000,92.0,"Apartment for Rent in Riyadh Al Mursalat  §95,000/annually92m²221luxurious living next to business hub 💎
for rent (monthly-yearly) luxury apartment with modern design in al ajlan rivera 40 project (al mursalat district).
📍 location:
• directly adjacent to stc main headquarters.
• steps away from sohba cafe and upscale restaurants.
• central location providing easy access to all parts of riyadh.
🏠 apartment details:
• two bedrooms with luxurious hotel-style furnishing.
• spacious living room equipped with latest technology.
• two bathrooms with premium finishes.
• fully integrated and equipped kitchen (oven, microwave, coffee machine).
✨ features:
• smart entry (smart lock).
• high-speed internet.
• private parking and modern elevators.
rent:
annual single payment 95 thousand
annual two payments 100 thousand
monthly 120 thousandAl Mursalat, Riyadh",https://sa.aqar.fm/en/apartment-for-rent/riyadh/north-of-riyadh/al-mursalat/apartment-for-rent-6650130,95000,92.0,1032.608695652174,1032.608695652174
As Sahafah,140000,91.0,"Apartment for Rent in Riyadh As Sahafah  §140,000/annually91m²222very luxurious apartment
equipped with outdoor swimming pool on the balcony + outdoor jacuzzi

on the top floor of apartments in glamour 5 residential tower next to rafal
the apartment is designed with fully glass spaces

each floor has only three apartments

the apartment consists of:

-large living room
-american style kitchen
-master bedroom
-bedroom
-two bathrooms
-large balcony with distinctive view
-ready for swimming pool and jacuzzi installation on the balcony
-central air conditioning

total apartment area 118.30 square meters

private parking space for the apartment available
two elevators + third service elevator available
main staircase and service staircase available

other services for the apartment:
-infinity swimming pool
-men's and women's gym
-lounge
-guest majlis
-business center
-prayer room
-event hall
-children's tutoring centerAs Sahafah, Riyadh",https://sa.aqar.fm/en/apartment-for-rent/riyadh/north-of-riyadh/as-sahafah/apartment-for-rent-6471317,140000,91.0,1538.4615384615386,1538.4615384615386
An Narjis,54000,80.0,"Apartment for Rent in Riyadh An Narjis  §54,000/annually80m²111🏠 available for rent – al narjis district
🛋 fully furnished with luxury furniture – super lux finishing
bedroom and living room
bathroom
kitchen
💰 4,000 sar per month

💡 prices include water, electricity, and internet

📄 documentation and payment electronically via the ejar platform

📞 for contact:
((Advertiser's number appears upon contact))
((Advertiser's number appears upon contact))An Narjis, Riyadh",https://sa.aqar.fm/en/apartment-for-rent/riyadh/north-of-riyadh/an-narjis/apartment-for-rent-6639542,54000,80.0,675.0,675.0
Al Murabba,70000,223.0,"Floor for Rent in Riyadh Al Murabba  §70,000/annually223m²441upper floor apartment
4 master bedrooms
fully equipped kitchen
living room
laundry area

free real estate office fees, water, gas, parking space.
independent electricity meter

rent paid annually in one payment: 70,000
rent paid in two installments per year: 80,000Al Murabba, Riyadh",https://sa.aqar.fm/en/big-flat-for-rent/riyadh/center-of-riyadh/al-murabba/big-flat-for-rent-6675190,70000,223.0,313.9013452914798,313.9013452914798
Az Zahrah,18000,200.0,"Apartment for Rent in Riyadh Az Zahrah  §18,000/annually200m²221ground floor apartment in a residential building with 4 rooms, a living room, 2 bathrooms, and a kitchen, without air conditioners or kitchen appliances.Az Zahrah, Riyadh",https://sa.aqar.fm/en/apartment-for-rent/riyadh/west-of-riyadh/az-zahrah/apartment-for-rent-6836009,18000,200.0,90.0,90.0
Irqah,130000,119.0,"Apartment for Rent in Riyadh Irqah  §130,000/annually119m²331furnished apartment in safa 41 residential complex

apartment features:
3 bedrooms, one of which is a master bedroom
3 bathrooms
living room with a 70-inch tv screen with satellite channels, netflix, and shahid – dining table with 6 chairs – fully equipped kitchen with refrigerator / oven / washing machine / oven / microwave.

location advantages:
urqah district is distinguished by its proximity to king saud university, embassies, diriyah, the airport, commercial centers, and various supermarkets.

daily rent: 600
weekly rent: 4,000
monthly rent: 13,000Irqah, Riyadh",https://sa.aqar.fm/en/apartment-for-rent/riyadh/west-of-riyadh/irqah/apartment-for-rent-5769699,130000,119.0,1092.436974789916,1092.436974789916
Al Janadriyah,30000,420.0,"Apartment for Rent in Riyadh Al Janadriyah  §30,000/annually420m²311apartment for rent – second floor

two entrances (men and women)
sitting room (majlis)
living room
kitchen
two bedrooms
two bathrooms

price: 30,000 sar annually / 2,500 sar monthly

available in the following neighborhoods:
- al-shurouq
- al-maali
- rawabi al-janadriyah
- ibn bazAl Janadriyah, Riyadh",https://sa.aqar.fm/en/apartment-for-rent/riyadh/east-of-riyadh/al-janadriyah/apartment-for-rent-6795649,30000,420.0,71.42857142857143,71.42857142857143
Dhahrat Laban,340000,400.0,"Building for Rent in Riyadh Dhahrat Laban  §340,000/annually400m²30m� distinguished building for annual rent (entire building)
📍 riyadh – laban district

a very distinguished building comprising 7 apartments, in a structure of three and a half floors, with an elevator serving the floors.

property details:

• land area: 400 m²
• number of apartments: 7 apartments
• each apartment has 3 rooms and 2 bathrooms
• elevator available
• air conditioners are not installed

💰 annual rent for the entire building: 340,000 sar

📞 for inquiries and to arrange a viewing: 0553404141

the building is currently rented at the same price, and the tenant will move out on 10/30.Dhahrat Laban, Riyadh",https://sa.aqar.fm/en/building-for-rent/riyadh/west-of-riyadh/dhahrat-laban/building-for-rent-6902904,340000,400.0,850.0,850.0
As Sulimaniyah,48000,185.0,"Apartment for Rent in Riyadh As Sulimaniyah  §48,000/annually185m²221two-bedroom apartment with a living room, two bathrooms, and a kitchen
split air conditioners
built-in kitchenAs Sulimaniyah, Riyadh",https://sa.aqar.fm/en/apartment-for-rent/riyadh/north-of-riyadh/as-sulimaniyah/apartment-for-rent-6889860,48000,185.0,259.4594594594595,259.4594594594595
Al Munsiyah,55000,275.0,"Apartment for Rent in Riyadh Al Munsiyah  §55,000/annually275m²111enjoy an upscale living experience in a brand-new hotel-style studio with a separate bedroom and living room, fully furnished with a fully equipped kitchen, ready for immediate occupancy. it features a modern design.

location:

the studio is located in a prime spot close to the airport, princess nourah university, imam muhammad bin saud university, dar al uloom, and the national guard, making it an ideal choice for students and employees.

studio specifications (ground floor):

* bedroom with a king-size bed.
* elegant sitting room equipped with a smart tv.
* a dedicated corner for work or study.
* fully equipped kitchen with cabinets, a stove, a refrigerator, and a microwave.
* split air conditioners throughout the studio.
* luxurious, high-quality hotel-style furniture.
* smart keyless entry system.

features:
* ready for immediate occupancy.
* quiet, clean environment, professionally managed.
* annual contract with the option of monthly payments.
* rented directly from the owner with no commission.
* suitable for employees, businesspeople, individuals, and women looking for upscale, fully equipped housing.

for inquiries or reservations, please call or send a message.Al Munsiyah, Riyadh",https://sa.aqar.fm/en/apartment-for-rent/riyadh/east-of-riyadh/al-munsiyah/apartment-for-rent-6786286,55000,275.0,200.0,200.0
Al Qadisiyah,35000,150.0,"Apartment for Rent in Riyadh Al Qadisiyah  §35,000/annually150m²321apartment for rent in al-qadisiyyah neighborhood
third floor, consisting of three rooms
a living room and two bathrooms
independent electricity meter
rent: 3,000 per monthAl Qadisiyah, Riyadh",https://sa.aqar.fm/en/apartment-for-rent/riyadh/east-of-riyadh/al-qadisiyah/apartment-for-rent-6866888,35000,150.0,233.33333333333334,233.33333333333334
Hittin,57480,70.0,"Apartment for Rent in Riyadh Hittin  §57,480/annually70m²111a luxurious one-bedroom and living room apartment with a fully equipped kitchen including electrical appliances, a laundry room, a rear rooftop, a steam clothes iron, and a elegant and beautiful bedroom.Hittin, Riyadh",https://sa.aqar.fm/en/apartment-for-rent/riyadh/north-of-riyadh/hittin/apartment-for-rent-6759496,57480,70.0,821.1428571428571,821.1428571428571
Al Malqa,80000,91.0,"Apartment for Rent in Riyadh Al Malqa  §80,000/annually91m²231🏡 distinctive new apartment for rent

✨ a new apartment with a distinctive design and excellent location, consisting of:

• 2 bedrooms
• spacious living room
• fitted kitchen
• private outdoor rooftop
• private parking space
• 20m street
• east-facing

📍 suitable for family living, with new and distinctive finishes.

location is not preciseAl Malqa, Riyadh",https://sa.aqar.fm/en/apartment-for-rent/riyadh/north-of-riyadh/al-malqa/apartment-for-rent-6824448,80000,91.0,879.1208791208791,879.1208791208791
Al Uraija Al Wusta,50000,200.0,"Apartment for Rent in Riyadh Al Uraija Al Wusta  §50,000/annually200m²431apartment and studio together

**apartment:**
3 bedrooms
2 bathrooms
1 kitchen

**studio:**
1 room
1 kitchen
1 bathroom

for rent as a whole unit, not separatelyAl Uraija Al Wusta, Riyadh",https://sa.aqar.fm/en/apartment-for-rent/riyadh/west-of-riyadh/al-uraija-al-wusta/apartment-for-rent-6896199,50000,200.0,250.0,250.0
An Narjis,73000,85.0,"Apartment for Rent in Riyadh An Narjis  §73,000/annually85m²3distinctive apartment for rent in al-majidiyah 111 project

an opportunity to live in a modern apartment with a practical design and outstanding specifications, consisting of:

* 3 bedrooms (including a master bedroom).
* a spacious living room.
* a fully fitted kitchen with all electrical appliances.
* a storage room.
* a private courtyard.
* a private parking space in the basement.
* all air conditioners are installed and ready.

the apartment is located in al-majidiyah 111 project, and is distinguished by its construction quality and quiet location, making it suitable for families seeking comfort and privacy.

note: a commission fee of 2.5% of the rental value applies.

for inquiries or to schedule a viewing, please contact:
0506148344An Narjis, Riyadh",https://sa.aqar.fm/en/apartment-for-rent/riyadh/north-of-riyadh/an-narjis/apartment-for-rent-6777979,73000,85.0,858.8235294117648,858.8235294117648
Al Malqa,69000,210.0,"Apartment for Rent in Riyadh Al Malqa  §69,000/annually210m²441two-floor apartment in al-malqa district
ground floor: living room, lounge, kitchen, and two bathrooms
first floor: three bedrooms and two bathroomsAl Malqa, Riyadh",https://sa.aqar.fm/en/apartment-for-rent/riyadh/north-of-riyadh/al-malqa/apartment-for-rent-6798022,69000,210.0,328.57142857142856,328.57142857142856
Al Arid,95000,105.0,"Apartment for Rent in Riyadh Al Arid  §95,000/annually105m²4upscale apartment for rent | semi-furnished and ready to move in

a distinctive apartment in a quiet residential building, with high-end finishes and fittings, suitable for those seeking comfortable living and long-term stability.

apartment details:
• majlis (formal sitting room)
• spacious open-plan living room connected to the kitchen
• built-in kitchen with an upscale design and fittings
• 3 bedrooms
• master bedroom fully equipped with bedroom furniture, wardrobe, and dressing table
• built-in wardrobes throughout the entire apartment
• high-quality parquet flooring throughout the entire apartment
• private external storage room located directly in front of the apartment door

rooftop:
a private and spacious rooftop with an elegant design and complete decorative fittings, in addition to an independent maid's room.

additional features:
• private parking space
• fiber optic internet
• quiet neighborhood, away from congestion
• residential building known for its tranquility and organization
• a well-managed homeowners' association with careful attention to the cleanliness, maintenance, and organization of the building

the apartment is semi-furnished and ready for immediate occupancy.

long-term leasing is available according to the tenant's preference, with greater flexibility in rental value the longer the contract duration.

particularly suitable for those seeking an upscale, quiet, and fully equipped apartment for long-term living and stability.

to contact:
((number appears when you press call))
((number appears when you press call))Al Arid, Riyadh",https://sa.aqar.fm/en/apartment-for-rent/riyadh/north-of-riyadh/al-arid/apartment-for-rent-6882972,95000,105.0,904.7619047619048,904.7619047619048
Ar Rimal,50000,119.0,"Apartment for Rent in Riyadh Ar Rimal  §50,000/annually119m²3📍apartment for rent in al-ramal district in dim al-majdiya scheme in (masharif 5) project, prime location close to all services.

floor: second
building: b5
apartment number: 8
age: new
electricity meter: independent

consists of:
living room + kitchen + 3 bathrooms + three bedrooms, one of them master + balcony.

note:
*fitted kitchen
*installed air conditioners
*smart control system inside the apartment
*security cameras
*smart entry
*private indoor parking

price:
50 thousand one payment
55 thousand two payments

{we welcome all your rental and sale offers}

inquiry: 0553642009

code: fc23Ar Rimal, Riyadh",https://sa.aqar.fm/en/apartment-for-rent/riyadh/east-of-riyadh/ar-rimal/apartment-for-rent-6658421,50000,119.0,420.16806722689074,420.16806722689074
Al Munsiyah,60000,300.0,"Apartment for Rent in Riyadh Al Munsiyah  §60,000/annually300m²3🏠 annual rental apartment in al-munsiyah district, riyadh

✨ very clean apartment with independent private entrance and upscale finishing, fully equipped with all appliances and ready for immediate occupancy.

📍 location: al-thamamah street, al-munsiyah district, directly behind ikea.
📍 prime location at the center of three main roads (al-sahabah street, dammam road, al-thamamah street), close to:
- ikea al-munsiyah 2 km
- al-farida hall 4 km
- park avenue 6 km
- riyadh front 8 km
- princess nourah university 12 km
- imam muhammad university 12 km
- king khalid airport 22 km

🚪 entry and privacy:
🗝️ independent external entrance exclusive to the tenant
🅿️ private parking space directly in front of the apartment entrance.

the apartment consists of:
🛋 living room with tv backdrop decoration
🛏 master bedroom
🛏 additional bedroom
🚻 shared bathroom between the two bedrooms
🍳 fully equipped built-in kitchen
☕️ guest sitting room with independent entrance
🚻 guest bathroom

💡 services:
independent electricity meter exclusive to the apartment

🍳 kitchen: italian surface oven from elba, built-in grill oven, samsung microwave
✅ appliances: lg refrigerator and washing machine, aromatic diffuser, 60-inch smart tv, bottom-loading water cooler
❄️ air conditioning: gree and ham golden air conditioners installed throughout the apartment (last maintenance and cleaning was at the beginning of summer for both indoor and outdoor units)
🔔 intercom system for the apartment's external entrance

💰 annual rent:
60,000 sar (single payment)
64,000 sar (two installments)Al Munsiyah, Riyadh",https://sa.aqar.fm/en/apartment-for-rent/riyadh/east-of-riyadh/al-munsiyah/apartment-for-rent-6729353,60000,300.0,200.0,200.0
Dhahrat Laban,24800,70.0,"Apartment for Rent in Riyadh Dhahrat Laban  §24,800/annually70m²111one-bedroom and living room apartment for singles for rent in dahiyat laban, riyadh

🚨 monthly rental – laban district (singles) 🚨
🏠 one bedroom and living room at a special price
💰 2,300 sar per month only
✅ water and electricity included
✅ suitable for singles
✅ clean and ready to move in
✅ prime location, close to mosques, markets, and services
✅ immediate occupancy

📢 if you are looking for comfortable housing at a reasonable price in laban district, do not delay your decision — vacancies are limited and bookings are on a first-come, first-served basis.

📞 for inquiries and reservations: (number appears when you click on call)Dhahrat Laban, Riyadh",https://sa.aqar.fm/en/apartment-for-rent/riyadh/west-of-riyadh/dhahrat-laban/apartment-for-rent-6764999,24800,70.0,354.2857142857143,354.2857142857143
As Sahafah,130000,86.0,"Apartment for Rent in Riyadh As Sahafah  §130,000/annually86m²231apartment for rent in joud 7 tower – al sahafa district
14th floor
consisting of:
• living room
• kitchen
• two bedrooms (one master)
• maid's room with bathroom
• balcony with a distinctive view of king fahd road and al olaya road

features:
• built-in kitchen
• built-in air conditioners
• private basement parking

tower amenities:
• swimming pool
• gym
• upscale and secure residential environment

contact:
((number appears when pressing call))As Sahafah, Riyadh",https://sa.aqar.fm/en/apartment-for-rent/riyadh/north-of-riyadh/as-sahafah/apartment-for-rent-6745174,130000,86.0,1511.6279069767443,1511.6279069767443
Al Ezdihar,70000,95.0,"Apartment for Rent in Riyadh Al Ezdihar  §70,000/annually95m²221🏠 apartment for rent – al-izdihar district
📍 second floor

consists of:
• living room
• kitchen
• two bedrooms, one of which is a master bedroom

features:
✨ balcony
private external parking
installed air conditioners
fitted kitchen
prime location

📞 contact:
((number appears when pressing call))Al Ezdihar, Riyadh",https://sa.aqar.fm/en/apartment-for-rent/riyadh/east-of-riyadh/al-ezdihar/apartment-for-rent-6861555,70000,95.0,736.8421052631579,736.8421052631579
An Narjis,80000,119.0,"Apartment for Rent in Riyadh An Narjis  §80,000/annually119m²331🏡 luxury apartment for rent – ground floor in al narjes district – inside a smart-entry compound

✨ prime location in north riyadh combining tranquility and privacy

📍 specifications:
• spacious living room
• kitchen
• 3 bedrooms (one master)
• 3 bathrooms
• maid's room with private bathroom and separate laundry room
• courtyard of 92 sqm (external setback)

additional features:
• built-in air conditioners
• built-in kitchen

compound amenities:
• beautiful garden
• swimming pool
• full facilities (club – outdoor seating areas – high privacy)

📞 to contact:
((advertiser's number appears upon contact))An Narjis, Riyadh",https://sa.aqar.fm/en/apartment-for-rent/riyadh/north-of-riyadh/an-narjis/apartment-for-rent-6817790,80000,119.0,672.2689075630252,672.2689075630252
Al Maizilah,35000,100.0,"Apartment for Rent in Riyadh Al Maizilah  §35,000/annually100m²111studio with bedroom, living room and kitchen
close to train station
close to king fahd stadium
close to king fahd college
close to national guard
public security training citiesAl Maizilah, Riyadh",https://sa.aqar.fm/en/apartment-for-rent/riyadh/east-of-riyadh/al-maizilah/apartment-for-rent-6732496,35000,100.0,350.0,350.0
Al Arid,54000,413.0,"Apartment for Rent in Riyadh Al Arid  §54,000/annually413m²2upscale apartment in north riyadh, furnished with high-end hotel-style furniture,
close to the mosque,
prime location with a complete commercial strip behind the building.Al Arid, Riyadh",https://sa.aqar.fm/en/apartment-for-rent/riyadh/north-of-riyadh/al-arid/apartment-for-rent-6776208,54000,413.0,130.75060532687652,130.75060532687652
Al Malqa,90000,149.0,"Apartment for Rent in Riyadh Al Malqa  §90,000/annually149m²4luxury apartment in one of the most prestigious locations in al-malqa district
fully fitted and installed kitchen
installed split air conditioners
balcony
spacious living room
maid's room
3 bathrooms
3 bedrooms + storage room
private parkingAl Malqa, Riyadh",https://sa.aqar.fm/en/apartment-for-rent/riyadh/north-of-riyadh/al-malqa/apartment-for-rent-6834418,90000,149.0,604.0268456375838,604.0268456375838
Al Qirawan,80000,111.0,"Apartment for Rent in Riyadh Al Qirawan  §80,000/annually111m²331an apartment in the (sana makeen al-qairawan) project, consisting of:
3 bedrooms, 2 of them master
living room
fitted kitchen
3 bathrooms
balcony overlooking the street and public facilities
excellent location, very close to the main arteries and roads (king fahd road + king salman road + king khalid road)

private parking + smart entry + luxury finishing + air conditioners installed

for viewing and inquiries: jata real estate
mobile: 966556888238Al Qirawan, Riyadh",https://sa.aqar.fm/en/apartment-for-rent/riyadh/north-of-riyadh/al-qirawan/apartment-for-rent-6902060,80000,111.0,720.7207207207207,720.7207207207207
An Narjis,87000,73.0,"Apartment for Rent in Riyadh An Narjis  §87,000/annually73m²121furnished apartment with luxurious hotel-style furnishings … in a strategic location

a newly furnished luxury apartment in a prime location in al-narjis district, ""south of king salman road,"" in the golden square, close to king salman road, abu bakr al-siddiq road, uthman ibn affan road, and anas ibn malik road.

it consists of:
* a living room accommodating up to 4 persons.
* a dining table.
* a fully equipped kitchen with all electrical appliances.
* a master bedroom.
* a storage room of excellent size.

annual rental price: 87,000 sar.
6-month rental: 48,000 sar.
3-month rental: 24,450 sar.
monthly rental: 9,000 sar.An Narjis, Riyadh",https://sa.aqar.fm/en/apartment-for-rent/riyadh/north-of-riyadh/an-narjis/apartment-for-rent-6880377,87000,73.0,1191.7808219178082,1191.7808219178082
Al Arid,70000,111.0,"Apartment for Rent in Riyadh Al Arid  §70,000/annually111m²231**premium furnished apartment for annual rent in al arid district – makin 36 compound**

an elegant, fully furnished apartment, ready for immediate occupancy, located in a modern residential compound that offers privacy, comfort, and a full range of integrated amenities.

**apartment details:**

* 2 bedrooms
* comfortable living room
* 3 bathrooms
* american-style open kitchen
* balconies
* double-glazed windows
* smart access system
* smart intercom
* private basement parking space – additional spaces may be purchased, subject to availability
* private entrances
* fiber-optic internet available

**makin 36 compound features:**

* smart home system
* security cameras
* elevators
* air-conditioned and scented corridors
* indoor plants, landscaping, and water features
* dedicated children's play area
* club and lounge
* men's fitness club
* women's fitness club
* separate men's and women's swimming pools
* sauna, jacuzzi, and steam room
* relaxation area
* rooftops and courtyards

**location:** al arid district – makin 36 compound

**contact:** ((number visible upon clicking call)) (whatsapp)
**a modern, fully integrated residence combining luxury, privacy, and comfort.**Al Arid, Riyadh",https://sa.aqar.fm/en/apartment-for-rent/riyadh/north-of-riyadh/al-arid/apartment-for-rent-6825476,70000,111.0,630.6306306306307,630.6306306306307
Al Jazirah,70000,125.0,"Apartment for Rent in Riyadh Al Jazirah  §70,000/annually125m²331apartment for rent in al-jazira neighborhood, close to al-rajhi mosque.
it consists of:
- 3 bedrooms
- 3 bathrooms
- kitchen
- living room with tv
- maid's room
- private rooftop
- private shaded parking space
- building entrance with a private code
- smart lock entry to the apartmentAl Jazirah, Riyadh",https://sa.aqar.fm/en/apartment-for-rent/riyadh/east-of-riyadh/al-jazirah/apartment-for-rent-6797206,70000,125.0,560.0,560.0
An Narjis,80000,165.0,"Apartment for Rent in Riyadh An Narjis  §80,000/annually165m²431apartment no. 8 consists of three bedrooms, a maid's room, a living room, a balcony, and a fitted kitchen.
includes a parking space in the basement.
no commission and no lease contract fees.An Narjis, Riyadh",https://sa.aqar.fm/en/apartment-for-rent/riyadh/north-of-riyadh/an-narjis/apartment-for-rent-6820036,80000,165.0,484.8484848484849,484.8484848484849
Ad Dhubbat,36000,60.0,"Apartment for Rent in Riyadh Ad Dhubbat  §36,000/annually60m²111apartment with one room, living room, kitchen, and bathroom with a small rooftop.
split air conditioners and built-in kitchen included.Ad Dhubbat, Riyadh",https://sa.aqar.fm/en/apartment-for-rent/riyadh/center-of-riyadh/ad-dhubbat/apartment-for-rent-6853852,36000,60.0,600.0,600.0
As Sulimaniyah,110000,159.0,"Floor for Rent in Riyadh As Sulimaniyah  §110,000/annually159m²4High end finishing a brand new floor located between Tahlyah street and kingdom tower city of Riyadh city, Ala Sulaymanyah Area. with the following characteristic:

- 3 Spacious room & 1 big living room 
- 1 big Living room
- Installed Split ACs
- Installed Kitchen
- Rooms include a mounted spotlight
- Decorative jibs high end finishing.
- 1 parking Garage
- elevator 
- smart home with smart entry systems.
- Very quiet area
- Water is available 24/7 with high pressure usage 

Building located, with easy access to:
- Many of Supermarkets & Hypermarket
- McDonalds/ Burger King/ Albaik and lots of restaurants
- Fitness Time and sport clubs for men and ladies

The apartment is suitable for executive small Arab & European Family  

Yearly Rental is SAR 120,000

Price is negotiable 

For more information, you may call or WhatsApp me from 7:00 Am until 11:59:00 PM during weekdays & any time during weekendsAs Sulimaniyah, Riyadh",https://sa.aqar.fm/en/big-flat-for-rent/riyadh/north-of-riyadh/as-sulimaniyah/big-flat-for-rent-6816305,110000,159.0,691.8238993710692,691.8238993710692
Ar Rimal,45000,300.0,"Apartment for Rent in Riyadh Ar Rimal  §45,000/annually300m²321furnished apartment in a villa, first floor, two entrances
al-ramal district, al-khunayni plan
independent electricity meter

the apartment contains:
- master bedroom with a double bed, mattress, wardrobe, and dressing table (split ac unit installed)
- furnished bedroom (split ac unit installed)
- fitted kitchen with oven and water filter for cooking
- furnished living room with sofa (split ac unit installed)
- furnished sitting room with arabic seating, cushions, and backrests (split ac unit installed)
- 2 bathrooms

• prime location opposite prince mohammed bin salman road on street 20, behind square ayan plaza, with all services available nearby (grocery stores, restaurants, and pharmacy)

the location is distinguished by its proximity to:
- king khalid airport – 15 minutes
- princess nourah university – 10 minutes
- sar train station – 7 minutes

location on the link:
http://www.google.com/maps/place/24.84092598,46.78687732

rental is for families only, with an annual contract

\+ 3,000 sar refundable security depositAr Rimal, Riyadh",https://sa.aqar.fm/en/apartment-for-rent/riyadh/east-of-riyadh/ar-rimal/apartment-for-rent-6878729,45000,300.0,150.0,150.0
An Narjis,50000,130.0,"Apartment for Rent in Riyadh An Narjis  §50,000/annually130m²321for rent: an apartment in al-narjis neighborhood, in an excellent location close to king salman road, al-tamimi supermarkets, and al-habib hospital. directly from the owner.

the apartment consists of:
- 2 bedrooms
- living room (majlis)
- large hall
- 2 bathrooms
- installed air conditioners
- luxury fitted kitchen
- parquet flooring in the hall
- central gas included
- water and sewage available

contact via whatsappAn Narjis, Riyadh",https://sa.aqar.fm/en/apartment-for-rent/riyadh/north-of-riyadh/an-narjis/apartment-for-rent-6895745,50000,130.0,384.61538461538464,384.61538461538464
Irqah,40000,250.0,"Apartment for Rent in Riyadh Irqah  §40,000/annually250m²321dulux lip finishing
first floor
the apartment is located on a 40x40 square
overlooking and close to the valley
the apartment has 2 entrances (2 doors)
central gas connected to the kitchen is available
a full kitchen made of luxury wood is available
a high-pressure water pump is available

note: as per the owner's request
newlyweds preferred
number of children should not exceed 2Irqah, Riyadh",https://sa.aqar.fm/en/apartment-for-rent/riyadh/west-of-riyadh/irqah/apartment-for-rent-6877372,40000,250.0,160.0,160.0
Ishbiliyah,49000,157.0,"Apartment for Rent in Riyadh Ishbiliyah  §49,000/annually157m²4a ground floor apartment with a side yard and installed air conditioners, four rooms and a master room, in the ishbiliyah district. there is a homeowners association with an annual fee of 1,500 sar.Ishbiliyah, Riyadh",https://sa.aqar.fm/en/apartment-for-rent/riyadh/east-of-riyadh/ishbiliyah/apartment-for-rent-6882631,49000,157.0,312.1019108280255,312.1019108280255
Al Malqa,82000,156.0,"Apartment for Rent in Riyadh Al Malqa  §82,000/annually156m²221luxurious ground floor apartment in al malqa district ✨

2 bedrooms and a living room 🛋️
private courtyard 🌿
fully fitted kitchen 🍽️
installed air conditioners ❄️
high-end finishing and prime location 📍

for contact:
mohammed / ((number appears when pressing call))Al Malqa, Riyadh",https://sa.aqar.fm/en/apartment-for-rent/riyadh/north-of-riyadh/al-malqa/apartment-for-rent-6854281,82000,156.0,525.6410256410256,525.6410256410256
Ar Rawdah,85000,136.0,"Apartment for Rent in Riyadh Ar Rawdah  §85,000/annually136m²342🏢 **luxury penthouse apartment** (half of the second floor + full third floor + private rooftop) – first occupant
al-rawdah district | directly from the owner | no commission

m² (smart design, complete privacy, and spacious layout)

⚠️ **very important notice for marketers and brokers** (rental is directly to the tenant):
• in saudi dialect: real estate offices, please do not contact me — rental is directly to the tenant.
• in egyptian dialect: kindly, marketing brothers, please refrain completely.
• in sudanese dialect: guys from offices, please do not reach out to us.
• in bengali dialect: no contact from real estate offices — i want a direct tenant.

✨ **property features:**
• directly from the owner: no commissions or fees.
• brand new: first occupant, luxurious and modern finishing with smart lighting and smart layout.
• private and independent rooftop: excellent space for a private view or an outdoor family sitting area.
• kitchen: (fully fitted) with a modern and elegant design befitting the luxury of the unit.
• full air conditioning: energy-saving gree air conditioners installed in (all bedrooms + living rooms + majlis).
• complete independence: a fully separate entrance ensuring complete privacy for you and your family.

🏘️ **space layout (distinctive split over two floors):**

**first floor of the unit (upper):**
• a spacious reception area including an independent majlis, a large living room, a kitchen, a maid's room, a laundry room, an independent bathroom, and a small outdoor sitting area.
• fully fitted kitchen with luxury finishing.

**second floor of the unit (rooftop level):**
• 3 spacious bedrooms (including a hotel-style master bedroom).
• an additional upper lounge for family privacy.
• private rooftop: an excellent and spacious outdoor area for the apartment.

air conditioners installed in all rooms except the maid's room — gree inverter units, energy-saving.

📍 **prime location:**
al-rawdah district (street 20) — close to abdul rahman al-ghafiqui road and al-urubah road.
(adjacent to a boys' and girls' school complex and a government clinic — a strategic and ideal location for families.)Ar Rawdah, Riyadh",https://sa.aqar.fm/en/apartment-for-rent/riyadh/east-of-riyadh/ar-rawdah/apartment-for-rent-6838670,85000,136.0,625.0,625.0
Al Wurud,62000,120.0,"Building for Rent in Riyadh Al Wurud  §62,000/annually120m²12mResidentialground-floor apartment with a private entrance and a yard.
two bedrooms, a living room, two bathrooms, and a kitchen. split air conditioners are installed.
deluxe finishing, in a prime location next to a park, 500 m from al urubah road.
mobile: ((number appears when you click call))

price is negotiable.Al Wurud, Riyadh",https://sa.aqar.fm/en/building-for-rent/riyadh/north-of-riyadh/al-wurud/building-for-rent-6900592,62000,120.0,516.6666666666666,516.6666666666666
As Sulimaniyah,30000,405.0,"Apartment for Rent in Riyadh As Sulimaniyah  §30,000/annually405m²1for rent
in a strategic location in the heart of riyadh, suitable for employees and individuals looking for accommodation close to their workplace, services, and main roads.
several options are available with different sizes and prices. the units include:
• bedroom
• kitchen
• bathroom

📍 prime location in al-sulaimaniyah district, near prince sultan military medical city, with easy access to main roads and surrounding services.

💰 annual rents start from 30,000 sar and go up to 38,000 sar depending on the unit.As Sulimaniyah, Riyadh",https://sa.aqar.fm/en/apartment-for-rent/riyadh/north-of-riyadh/as-sulimaniyah/apartment-for-rent-6883599,30000,405.0,74.07407407407408,74.07407407407408
Al Yasmin,69000,162.0,"Apartment for Rent in Riyadh Al Yasmin  §69,000/annually162m²641for rent
apartment in a prime location
close to services and markets
close to the metro

according to the specifications mentioned and illustrated above:
4 bedrooms including a master bedroom
majlis (sitting room)
living room
maid's room
2 entrances to the apartment
private entrance

rent includes owners association fees
72,000 in two payments
69,000 in one payment

for contact: abu ibrahim (call or whatsapp)Al Yasmin, Riyadh",https://sa.aqar.fm/en/apartment-for-rent/riyadh/north-of-riyadh/al-yasmin/apartment-for-rent-6844901,69000,162.0,425.9259259259259,425.9259259259259
An Narjis,90000,118.0,"Apartment for Rent in Riyadh An Narjis  §90,000/annually118m²331for rent: a furnished apartment in al narjis district, in front of dar al bara'a schools, directly from the owner. kindly refrain from contacting via real estate offices.

the apartment includes three rooms:
- a master bedroom with an en-suite bathroom.
- two rooms sharing one bathroom, one of which is fully equipped with built-in wardrobes and a dressing table.

the living room is spacious and features a skylight.
the kitchen is equipped with the latest appliances.An Narjis, Riyadh",https://sa.aqar.fm/en/apartment-for-rent/riyadh/north-of-riyadh/an-narjis/apartment-for-rent-6869245,90000,118.0,762.7118644067797,762.7118644067797
Dhahrat Laban,60000,176.0,"Apartment for Rent in Riyadh Dhahrat Laban  §60,000/annually176m²431(please consider calling during appropriate hours)
(you can also contact via whatsapp or in case of no answer)
0551909944

an apartment in a prime and spacious location, accessible from entrance 34 or 33, close to taybah street, and recently renovated.
plumbing, electricity, paint, doors, gypsum, lighting, and more.
located on the second floor of a building on 30th street and 20th street, very close to dhahrat laban square.
private electricity meter.

approximate room dimensions:
- sitting room: 6×4
- living room: 7×4
- master bedroom: 5×4 with a bathroom and dressing area
- bedroom: 5×4
- bedroom: 5×4
- kitchen: 3.5×4.5
- storage room: 2×2

please coordinate a time before visiting the property, as i am located far from the site.
price is negotiable.Dhahrat Laban, Riyadh",https://sa.aqar.fm/en/apartment-for-rent/riyadh/west-of-riyadh/dhahrat-laban/apartment-for-rent-6882048,60000,176.0,340.90909090909093,340.90909090909093
Dirab,30000,82.0,"Apartment for Rent in Riyadh Dirab  §30,000/annually82m²221ground floor apartment in a commercial building on wadi al-ashab street in al-fawaz district, with an independent electricity meter, split air conditioning, aluminum kitchen, parquet flooring, two bedrooms, a living room, a kitchen, a sitting room, and two bathrooms.Dirab, Riyadh",https://sa.aqar.fm/en/apartment-for-rent/riyadh/west-of-riyadh/dirab/apartment-for-rent-6899295,30000,82.0,365.8536585365854,365.8536585365854
Al Muruj,70000,173.0,"Floor for Rent in Riyadh Al Muruj  §70,000/annually173m²221second upper floor (apartment) - independent unit
consisting of two bedrooms, a living room, a fitted kitchen, and split air conditioners installed. among the floor's features is a wide terrace/rooftop with wonderful views.

for contact:
abu abdulaziz
((number appears when pressing call))

rental price:
70,000

note:
*refundable security deposit of 5,000 sar, provided the tenant vacates and the property is in the same condition as received.Al Muruj, Riyadh",https://sa.aqar.fm/en/big-flat-for-rent/riyadh/north-of-riyadh/al-muruj/big-flat-for-rent-6854190,70000,173.0,404.6242774566474,404.6242774566474
An Narjis,63000,124.0,"Apartment for Rent in Riyadh An Narjis  §63,000/annually124m²331apartments for rent, various sizes
new building, air conditioning installedAn Narjis, Riyadh",https://sa.aqar.fm/en/apartment-for-rent/riyadh/north-of-riyadh/an-narjis/apartment-for-rent-6832588,63000,124.0,508.06451612903226,508.06451612903226
Al Yasmin,70000,121.0,"Apartment for Rent in Riyadh Al Yasmin  §70,000/annually121m²331apartment for rent in al majidiyah 90
3 bedrooms
3 bathrooms
large living room that can be utilized as two sections
6 split air conditioners, gree brand
fully equipped kitchen
electric oven + grill, alba brand
private parking in the outdoor courtyard
smart entry system
the property is located in a very quiet area with a view of the outdoor garden, adding to the beauty of the view, along with a private parking space in the outdoor courtyard. the apartment also enjoys an attractive location and proximity to all services.Al Yasmin, Riyadh",https://sa.aqar.fm/en/apartment-for-rent/riyadh/north-of-riyadh/al-yasmin/apartment-for-rent-6840221,70000,121.0,578.5123966942149,578.5123966942149
Ar Rabie,80000,111.0,"Apartment for Rent in Riyadh Ar Rabie  §80,000/annually111m²231for rent: a furnished apartment in al-majadieh, al-rabi al-sharqi district, consisting of a living room, a yard, 2 bedrooms with air conditioners, and a fitted kitchen.Ar Rabie, Riyadh",https://sa.aqar.fm/en/apartment-for-rent/riyadh/north-of-riyadh/ar-rabie/apartment-for-rent-6777217,80000,111.0,720.7207207207207,720.7207207207207
Dahiat Namar,30000,511.0,"Apartment for Rent in Riyadh Dahiat Namar  §30,000/annually511m²431large apartment with three rooms and a living room,
kitchen and three bathrooms,
new inverter air conditioners,
new kitchen,
free central gas,
agency fees and contract are free.Dahiat Namar, Riyadh",https://sa.aqar.fm/en/apartment-for-rent/riyadh/west-of-riyadh/dahiat-namar/apartment-for-rent-6880008,30000,511.0,58.708414872798436,58.708414872798436
Ghirnatah,45000,437.0,"Apartment for Rent in Riyadh Ghirnatah  §45,000/annually437m²421apartment for rent, fully renovated in a villa
very prime location, 3 bedrooms, kitchen, living room, and 2 bathrooms
price: 45,000Ghirnatah, Riyadh",https://sa.aqar.fm/en/apartment-for-rent/riyadh/east-of-riyadh/ghirnatah/apartment-for-rent-6811058,45000,437.0,102.97482837528604,102.97482837528604
Umm Al Hamam Al Gharbi,26500,287.0,"Apartment for Rent in Riyadh Umm Al Hamam Al Gharbi  §26,500/annually287m²12two-bedroom apartment for rent in umm al-hamam district – prime location
a residential apartment in a modern building in umm al-hamam district, located on a corner with two-street frontage, featuring an excellent location and close proximity to umm al-hamam main street.
apartment specifications:
two bedrooms
hallway/distributor
kitchen
one bathroom
additional features:
newly constructed building
located on two streets
vibrant location close to services
📞 for contact:Umm Al Hamam Al Gharbi, Riyadh",https://sa.aqar.fm/en/apartment-for-rent/riyadh/west-of-riyadh/umm-al-hamam-al-gharbi/apartment-for-rent-6867867,26500,287.0,92.33449477351917,92.33449477351917
Ad Dubiyah,36000,141.0,"Apartment for Rent in Riyadh Ad Dubiyah  §36,000/annually141m²1Looking for a smartly designed, move-in-ready space?

A compact, furnished apartment for rent with a calming design and an efficient layout. Features a sleeping area with a bed and wardrobe, plus a lounge area with a sofa and TV.

Includes a kitchen with an oven, refrigerator and microwave, a washing machine, air conditioning, and a bathroom with a water heater and glass shower partition.Ad Dubiyah, Riyadh",https://sa.aqar.fm/en/apartment-for-rent/riyadh/center-of-riyadh/ad-dubiyah/apartment-for-rent-6894919,36000,141.0,255.31914893617022,255.31914893617022
Al Qirawan,35000,150.0,"Apartment for Rent in Riyadh Al Qirawan  §35,000/annually150m²321No descriptionAl Qirawan, Riyadh",https://sa.aqar.fm/en/apartment-for-rent/riyadh/north-of-riyadh/al-qirawan/apartment-for-rent-6843654,35000,150.0,233.33333333333334,233.33333333333334
Thalim,400000,217.0,"Building for Rent in Riyadh Thalim  §400,000/annually217m²10mbuilding for rent in al-marqab district
contains 27 apartments
ground floor includes:
4 apartments (room, kitchen, and bathroom)
5 apartments (room and bathroom)
first floor:
4 apartments (room, kitchen, and bathroom)
5 apartments (room and bathroom)
second floor:
4 apartments (room, kitchen, and bathroom)
5 apartments (room and bathroom)
rental price: 400,000, negotiable.
(al-mutab real estate)Thalim, Riyadh",https://sa.aqar.fm/en/building-for-rent/riyadh/center-of-riyadh/thalim/building-for-rent-6870765,400000,217.0,1843.3179723502303,1843.3179723502303
Al Yasmin,60000,375.0,"Apartment for Rent in Riyadh Al Yasmin  §60,000/annually375m²321furnished apartment for rent – al yasmin district* opposite al mamlaka hospital

*📐 specifications:*
- 3 bedrooms + living room + kitchen + 2 bathrooms
- upscale hotel-style furnishings = 6 single beds
- oven + refrigerator + washing machine + tv + 4 air conditioners

*✨ features:*
- prime location opposite al mamlaka hospital on the southern side
- clean hotel-quality furnishings
- located on the exit of al takhassusi street
- close to all services and facilities
- al othaim markets in al yasmin district only 500 meters away

*💰 annual rent:* 60,000 sar – two installments
*refundable deposit:* 2,000 sar upon vacatingAl Yasmin, Riyadh",https://sa.aqar.fm/en/apartment-for-rent/riyadh/north-of-riyadh/al-yasmin/apartment-for-rent-6830458,60000,375.0,160.0,160.0
Al Malqa,75000,91.0,"Apartment for Rent in Riyadh Al Malqa  §75,000/annually91m²231a distinctive residential unit with a modern design and practical spaces.
living room, kitchen, two bedrooms, maid's room with bathroom, 3 bathrooms, two private rooftops, and a parking space.
area: 120 m²Al Malqa, Riyadh",https://sa.aqar.fm/en/apartment-for-rent/riyadh/north-of-riyadh/al-malqa/apartment-for-rent-6807865,75000,91.0,824.1758241758242,824.1758241758242
An Nada,100000,176.0,"Apartment for Rent in Riyadh An Nada  §100,000/annually176m²431for rent: a two-floor apartment in al nada district, near imam university.

it consists of:
- living room
- hall
- fitted kitchen
- three bedrooms, one of which is a master bedroom
- laundry room
- fitted kitchen
- private parking
- independent electricity meterAn Nada, Riyadh",https://sa.aqar.fm/en/apartment-for-rent/riyadh/north-of-riyadh/an-nada/apartment-for-rent-6813261,100000,176.0,568.1818181818181,568.1818181818181
Dhahrat Laban,12000,400.0,"Apartment for Rent in Riyadh Dhahrat Laban  §12,000/annually400m²111bachelor apartment for monthly rent in dhahrat laban:

- one bedroom, living room, kitchen, and bathroom — furnished, including electricity and water: 2,100
- large studio, kitchen, and bathroom — furnished, including electricity and water: 1,800
- small studio, kitchen, and bathroom — furnished, including electricity and water: 1,600
- air-conditioned room, including electricity and water: 1,000Dhahrat Laban, Riyadh",https://sa.aqar.fm/en/apartment-for-rent/riyadh/west-of-riyadh/dhahrat-laban/apartment-for-rent-6884077,12000,400.0,30.0,30.0
Al Munsiyah,190000,130.0,"Apartment for Rent in Riyadh Al Munsiyah  §190,000/annually130m²331a furnished apartment consisting of 3 bedrooms and 3 bathrooms.
master bedroom with private bathroom.
children's room with 3 beds.
second children's room with 2 beds.
dressing room.
living room and kitchen.

available for daily, weekly, monthly, or annual rental.Al Munsiyah, Riyadh",https://sa.aqar.fm/en/apartment-for-rent/riyadh/east-of-riyadh/al-munsiyah/apartment-for-rent-6735708,190000,130.0,1461.5384615384614,1461.5384615384614
Al Hamra,99000,245.0,"Apartment for Rent in Riyadh Al Hamra  §99,000/annually245m²3للايجار شقة مؤثثة فاخرة في حي الحمراء مقابل مشروع 7 ارسل 
المواصفات : غرفة نوم ماستر  كبيرة جداً مع غرفة ملابس + غرفة نوم اخرى
صالة كبيرة وفيه طاولة طعام ومطبخ (كلين كتشن ) ومطبخ خارجي وغرفة عاملة مع خدماتها 
* تكييف مركزي ( دايكن ) 
المطبخ فيه فرن كبير + ثلاجة 
* يوجد حديقة خارجية مع جلسة
* موقف سيارة في القبو
* مكان نوم للسائق  

🏡 Luxury Fully Furnished Apartment for Rent – Al Hamra, Riyadh

A beautifully furnished, spacious and luxurious apartment in the desirable Al Hamra District, located directly opposite Project 7 Entertainment Complex — offering comfort, privacy and excellent facilities. Ideal for a family or executive living.

Property Features

• Very large master bedroom with a spacious walk-in closet
• One additional bedroom
• Large, elegant living room
• Separate dining area with dining table
• Fully equipped indoor kitchen
• Additional outdoor kitchen
• Maid’s room with private facilities
• Central Daikin air conditioning
• Kitchen equipped with a large oven and refrigerator
• Private outdoor garden with a comfortable seating area
• Private basement parking space
• Dedicated driver’s sleeping area

✨ Fully furnished and ready for move-in.

📍 Al Hamra District, Riyadh – directly opposite Project 7 Entertainment ComplexAl Hamra, Riyadh",https://sa.aqar.fm/en/apartment-for-rent/riyadh/east-of-riyadh/al-hamra/apartment-for-rent-6830765,99000,245.0,404.0816326530612,404.0816326530612
Al Arid,80000,132.0,"Apartment for Rent in Riyadh Al Arid  §80,000/annually132m²331luxury serviced apartment for monthly rent – al aarid district (mutamamun valley 1)

brand new apartment with elegant design and high-end specifications, located in a prime and quiet area in al aarid, close to the airport and major attractions in riyadh.

unit features:

self check-in
3 bedrooms (1 master with private bathroom)
spacious living room with elegant furniture + dining table
3 bathrooms
fully equipped kitchen (appliances & utensils)
new air conditioning units
modern high-quality tv
washing machine with dryer
private parking + plenty of outdoor parking

location:

close to services (2 minutes walking)
wonder land: 12 minutes
boulevard: 15 minutes
airport: 17 minutes

monthly rent: sar 11,800
annual rent: sar 80,000
security deposit: sar 2,000
electricity deposit: sar 1,000

contact:
raedAl Arid, Riyadh",https://sa.aqar.fm/en/apartment-for-rent/riyadh/north-of-riyadh/al-arid/apartment-for-rent-6743044,80000,132.0,606.060606060606,606.060606060606
Dhahrat Laban,40000,172.0,"Apartment for Rent in Riyadh Dhahrat Laban  §40,000/annually172m²4for rent: ground floor apartment in a residential complex
tiled living room, hall, kitchen, two bedrooms, four bathrooms
the apartment has two entrances
private electricity meter
small yard
the apartment has two entrances
private parking space

the apartment is very cleanDhahrat Laban, Riyadh",https://sa.aqar.fm/en/apartment-for-rent/riyadh/west-of-riyadh/dhahrat-laban/apartment-for-rent-6852600,40000,172.0,232.5581395348837,232.5581395348837
Ar Rimal,30000,360.0,"Apartment for Rent in Riyadh Ar Rimal  §30,000/annually360m²3🏠 distinctive apartment for rent in al rimal district – al saidan block

an opportunity to live in a prime location close to the most important roads and services 👌

✨ apartment features:

* 3 spacious bedrooms
* living room
* kitchen
* two bathrooms
* two separate entrances
* spacious and comfortable rooms
* prime location in al rimal district – al saidan block
* close to the airport and thumamah road

📍 a vibrant location with easy access, suitable for families.

📞 for contact and inquiries: 0500188883Ar Rimal, Riyadh",https://sa.aqar.fm/en/apartment-for-rent/riyadh/east-of-riyadh/ar-rimal/apartment-for-rent-6902907,30000,360.0,83.33333333333333,83.33333333333333
Al Olaya,65000,600.0,"Apartment for Rent in Riyadh Al Olaya  §65,000/annually600m²3al-ulya building a1

- apartment consisting of:

• three bedrooms
• living room
• kitchen
• two bathrooms
• balcony

- additional services:

• close to al-ulya towers
• close to several government offices
• close to hospitals: ""specialist hospital - king fahad medical city - military hospital""
• two-minute walk from ""bank albilad"" metro station
• separate electricity meter for each apartment
• new air conditioners
• new kitchen
• smart entry system for the main building door
• daily building cleaning service
• monthly apartment cleaning service for a nominal fee

abdulrahman mohammed al-jammaz real estate institutionAl Olaya, Riyadh",https://sa.aqar.fm/en/apartment-for-rent/riyadh/north-of-riyadh/al-olaya/apartment-for-rent-6834493,65000,600.0,108.33333333333333,108.33333333333333
Al Khaleej,31000,90.0,"Apartment for Rent in Riyadh Al Khaleej  §31,000/annually90m²321� fully renovated apartment for rent

apartment consisting of:
• 3 bedrooms
• living room
• kitchen
• 2 bathrooms
• 2 separate entrances

📍 the apartment is located behind a villa
🏠 raised ground floor
🚫 no apartment below it
🚪 private entrance for the apartments
🏘️ the villa has only two apartments
✅ one apartment currently available

💧 water is a flat fee not included in the rent: 300 sar per year
⚡ electricity with a separate meter for the apartment
🚗 one parking spot only, in front of the house

👨‍👩‍👧‍👦 a small, quiet family is preferred

📱 contact via whatsapp only:
((the number appears when you tap call))Al Khaleej, Riyadh",https://sa.aqar.fm/en/apartment-for-rent/riyadh/east-of-riyadh/al-khaleej/apartment-for-rent-6902507,31000,90.0,344.44444444444446,344.44444444444446
Al Olaya,38000,496.0,"Apartment for Rent in Riyadh Al Olaya  §38,000/annually496m²5🏡 distinctive apartment for rent

a comfortable and fully equipped apartment consisting of:

- 🛏️ bedroom
- 🛋️ living room
- 🍳 built-in kitchen
- ❄️ built-in air conditioners
- 🌿 private rooftop
- 🚪 private and independent entrance
- 🚗 private parking space

✨ ideal for those seeking privacy and comfort, with essential amenities ready for occupancy.

📍 location: to be specified upon contact
📞 for inquiries and contact: to be specifiedAl Olaya, Riyadh",https://sa.aqar.fm/en/apartment-for-rent/riyadh/north-of-riyadh/al-olaya/apartment-for-rent-6899659,38000,496.0,76.61290322580645,76.61290322580645
Ad Dhubbat,54000,60.0,"Apartment for Rent in Riyadh Ad Dhubbat  §54,000/annually60m²221🏡 furnished apartment for rent – al dhabat district

📍 prime and vibrant location
close to major facilities, government agencies, and medical centers, including:
• security forces hospital
• ministry of defense
• institute of public administration
• salah al-din road

🚗 parking available

🏠 apartment specifications:
• living room
• 2 bedrooms
• 2 bathrooms
• kitchen
• private rooftop

📄 contract: annual

💳 payment options:
• sar 54,000 per year – in 2 installments
• sar 60,000 per year – monthly payment of sar 5,000

💧 water and maintenance are the owner's responsibility
⚡ electricity is the tenant's responsibilityAd Dhubbat, Riyadh",https://sa.aqar.fm/en/apartment-for-rent/riyadh/center-of-riyadh/ad-dhubbat/apartment-for-rent-6901990,54000,60.0,900.0,900.0
Al Mahdiyah,36000,600.0,"Apartment for Rent in Riyadh Al Mahdiyah  §36,000/annually600m²131and a living room, a master bedroom, a room, a hall, a kitchen, and 3 bathrooms. the first floor is clean.Al Mahdiyah, Riyadh",https://sa.aqar.fm/en/apartment-for-rent/riyadh/west-of-riyadh/al-mahdiyah/apartment-for-rent-6829063,36000,600.0,60.0,60.0
Al Arid,36000,50.0,"Apartment for Rent in Riyadh Al Arid  §36,000/annually50m²111studio (directly from the owner/building management)

studio with modern finishing, and only a very limited number remaining!

* studio apartment details: bedroom + living room + office kitchen + private bathroom.

monthly payment available, including water and electricity.
3,500

📞 for contact and inquiries: [(number appears when pressing call)]
📍 location: [the listing]Al Arid, Riyadh",https://sa.aqar.fm/en/apartment-for-rent/riyadh/north-of-riyadh/al-arid/apartment-for-rent-6771966,36000,50.0,720.0,720.0
Al Qirawan,85000,141.0,"Apartment for Rent in Riyadh Al Qirawan  §85,000/annually141m²331a new apartment for rent in al-qairawan district in riyadh,
in a strategic and distinctive location near the new murabba project, al-yamamah university, and arab east colleges,
with easy access to king fahd road and king khalid road.

apartment details:
- area: 141 m²
- 3 bedrooms
- 3 bathrooms
- open living room
- built-in kitchen
- built-in air conditioners
- private parking space
- brand new condition

rental value:
- 85,000 sar in one payment
- 90,000 sar in two paymentsAl Qirawan, Riyadh",https://sa.aqar.fm/en/apartment-for-rent/riyadh/north-of-riyadh/al-qirawan/apartment-for-rent-6807926,85000,141.0,602.8368794326241,602.8368794326241
Qurtubah,59000,544.0,"Apartment for Rent in Riyadh Qurtubah  §59,000/annually544m²3apartment for rent on the rooftop floor, consisting of a living room, hall, kitchen, two bedrooms, and a maid's room. available for rent with a fitted kitchen, without air conditioners.Qurtubah, Riyadh",https://sa.aqar.fm/en/apartment-for-rent/riyadh/east-of-riyadh/qurtubah/apartment-for-rent-6872575,59000,544.0,108.45588235294117,108.45588235294117
An Narjis,80000,132.0,"Apartment for Rent in Riyadh An Narjis  §80,000/annually132m²331for rent: fully furnished apartment with a private parking space

it consists of: (living room, dining table, kitchen, laundry room/storage, 3 bedrooms one of which is a master bedroom, 3 bathrooms)

the apartment is on the ground floor in the ishraqah project

private uncovered parking space

appliances: tv, oven, refrigerator, washing machine, microwave, central vacuum in the living room

rent value: 85,000 + 5,000 security deposit + 2.5% commissionAn Narjis, Riyadh",https://sa.aqar.fm/en/apartment-for-rent/riyadh/north-of-riyadh/an-narjis/apartment-for-rent-6863858,80000,132.0,606.060606060606,606.060606060606
Al Malqa,90000,136.0,"Apartment for Rent in Riyadh Al Malqa  §90,000/annually136m²3luxury finished apartment in al majidiya complex 139, al malqa district in riyadh
close to king fahd road, anas ibn malik road, and king salman road

the apartment is on the ground floor
three bedrooms
living room
fitted kitchen
three bathrooms
maid's room with bathroom
built-in air conditionersAl Malqa, Riyadh",https://sa.aqar.fm/en/apartment-for-rent/riyadh/north-of-riyadh/al-malqa/apartment-for-rent-6899035,90000,136.0,661.7647058823529,661.7647058823529
Al Yasmin,42000,190.0,"Apartment for Rent in Riyadh Al Yasmin  §42,000/annually190m²321an apartment in a villa with a shared entrance with the first floor, consisting of a sitting room, a bathroom, a kitchen, a living room, two bedrooms with a second bathroom between them, a private internal rooftop. air conditioners are installed, kitchen is installed.

the apartment is located between king salman road and king abdulaziz road, al-olaya street and anas bin malik road, close to al-habib metro station.

there is a security deposit of 2,000 sar that remains on the ejar platform.Al Yasmin, Riyadh",https://sa.aqar.fm/en/apartment-for-rent/riyadh/north-of-riyadh/al-yasmin/apartment-for-rent-6898552,42000,190.0,221.05263157894737,221.05263157894737
Al Maizilah,50000,80.0,"Apartment for Rent in Riyadh Al Maizilah  §50,000/annually80m²411currently available only
an apartment consisting of:
1 bedroom
1 bathroom
1 living room only
the kitchen is located in the living room
the apartment is brand new, nothing has been sold
never been lived inAl Maizilah, Riyadh",https://sa.aqar.fm/en/apartment-for-rent/riyadh/east-of-riyadh/al-maizilah/apartment-for-rent-6795925,50000,80.0,625.0,625.0
Ar Rabie,54000,130.0,"Apartment for Rent in Riyadh Ar Rabie  §54,000/annually130m²211apartment inside a very quiet family building
ground floor with private entrance
fully furnished
rent includes electricity and water
two bedrooms, living room, bathroom, and kitchen
outdoor yardAr Rabie, Riyadh",https://sa.aqar.fm/en/apartment-for-rent/riyadh/north-of-riyadh/ar-rabie/apartment-for-rent-6882320,54000,130.0,415.38461538461536,415.38461538461536
Al Qirawan,55000,150.0,"Floor for Rent in Riyadh Al Qirawan  §55,000/annually150m²221ground floor apartment with a private entrance, parking space, two rooms, a living room, a fitted kitchen, two bathrooms, and air conditioners.

the property is in excellent condition and ready to move in.Al Qirawan, Riyadh",https://sa.aqar.fm/en/big-flat-for-rent/riyadh/north-of-riyadh/al-qirawan/big-flat-for-rent-6860544,55000,150.0,366.6666666666667,366.6666666666667
An Nafal,95000,215.0,"Apartment for Rent in Riyadh An Nafal  §95,000/annually215m²432luxury apartment in a semi-compound residential complex
available features:
- central air conditioning
- elevators
- underground parking and outdoor parking spaces
- garbage chute
- children's gardens
- women's club
- men's club
- maintenanceAn Nafal, Riyadh",https://sa.aqar.fm/en/apartment-for-rent/riyadh/north-of-riyadh/an-nafal/apartment-for-rent-6832907,95000,215.0,441.86046511627904,441.86046511627904
An Nafal,120000,281.0,"Apartment for Rent in Riyadh An Nafal  §120,000/annually281m²441luxury apartment in a semi-compound residential complex
available features:
- central air conditioning
- elevators
- underground parking and outdoor parking spaces
- garbage chute
- children's gardens
- women's club
- men's club
- maintenanceAn Nafal, Riyadh",https://sa.aqar.fm/en/apartment-for-rent/riyadh/north-of-riyadh/an-nafal/apartment-for-rent-6832895,120000,281.0,427.0462633451957,427.0462633451957
An Nafal,95000,162.0,"Apartment for Rent in Riyadh An Nafal  §95,000/annually162m²422luxury apartment in a semi-compound residential complex
available features:
- central air conditioning
- elevators
- underground parking and outdoor parking spaces
- garbage chute
- children's gardens
- women's club
- men's club
- maintenanceAn Nafal, Riyadh",https://sa.aqar.fm/en/apartment-for-rent/riyadh/north-of-riyadh/an-nafal/apartment-for-rent-6832927,95000,162.0,586.4197530864197,586.4197530864197
An Nafal,90000,494.0,"Apartment for Rent in Riyadh An Nafal  §90,000/annually494m²344ground floor apartment with an area of 495 m², featuring spacious living, comfort, and privacy for families.

* 5 rooms, including 2 master bedrooms
* 2 living rooms and 4 bathrooms
* 7 split air conditioners in addition to 1 window air conditioner
* built-in kitchen
* built-in storage room
* swimming pool
* annex
* large courtyard with parking space for 3 to 4 cars

annual rent: 95,000 sarAn Nafal, Riyadh",https://sa.aqar.fm/en/apartment-for-rent/riyadh/north-of-riyadh/an-nafal/apartment-for-rent-6856629,90000,494.0,182.18623481781376,182.18623481781376
An Narjis,43000,90.0,"Apartment for Rent in Riyadh An Narjis  §43,000/annually90m²321apartment consisting of 3 rooms, 2 bathrooms, and a kitchen, equipped with 4 split air conditioning units.An Narjis, Riyadh",https://sa.aqar.fm/en/apartment-for-rent/riyadh/north-of-riyadh/an-narjis/apartment-for-rent-6882321,43000,90.0,477.77777777777777,477.77777777777777
Al Qirawan,79000,148.0,"Apartment for Rent in Riyadh Al Qirawan  §79,000/annually148m²431very clean apartment in al-majidiyah 50, al-qairawan district
consisting of:
- separate sitting room (majlis)
- living room
- kitchen
- storage room / laundry room / maid's room
- master bedroom + bathroom
- 2 bedrooms
- 2 bathrooms
- private parking space
- smart entry system
the building is characterized by its tranquility and cleanliness, with the majority of residents being owners.

**location features:**
- behind shorfah al-majidiyah mall
- next to panda supermarket, starbucks, mena clinic, a supermarket, and archie café
- 2 minutes from king salman road
- 2 minutes from king fahd road
- near al-fursan international schools complex and other international schools
- less than 1 minute from the mosqueAl Qirawan, Riyadh",https://sa.aqar.fm/en/apartment-for-rent/riyadh/north-of-riyadh/al-qirawan/apartment-for-rent-6885570,79000,148.0,533.7837837837837,533.7837837837837
Umm Salim,14000,106.0,"Apartment for Rent in Riyadh Umm Salim  §14,000/annually106m²211two-bedroom apartment with bathroom, kitchen and distributor in um seleem neighborhood
close to king fahd road, al-khazzan street, central hospital and shalhoub street
all services are available and nearby
the apartment is one of five apartments in a bachelors building
contact via whatsappUmm Salim, Riyadh",https://sa.aqar.fm/en/apartment-for-rent/riyadh/center-of-riyadh/umm-salim/apartment-for-rent-6724055,14000,106.0,132.0754716981132,132.0754716981132
Al Qirawan,65000,334.0,"Apartment for Rent in Riyadh Al Qirawan  §65,000/annually334m²221al-qairawan district
area:
number of rooms: 2
bathrooms: 2
living room
sitting room (majlis)
kitchen
outdoor space

features:
high-end finishing: (suspended ceiling system / rain shower / wall niches)
glass facades
modern system
independent majlis
air conditioners
fitted kitchen with microwave
video intercom with screen
outdoor camera

abu ghaith
((0500245058))Al Qirawan, Riyadh",https://sa.aqar.fm/en/apartment-for-rent/riyadh/north-of-riyadh/al-qirawan/apartment-for-rent-6885442,65000,334.0,194.61077844311376,194.61077844311376
Ad Dhubbat,55000,115.0,"Apartment for Rent in Riyadh Ad Dhubbat  §55,000/annually115m²221a new apartment in a villa with luxurious classic finishes, air conditioners and kitchens available.Ad Dhubbat, Riyadh",https://sa.aqar.fm/en/apartment-for-rent/riyadh/center-of-riyadh/ad-dhubbat/apartment-for-rent-6796951,55000,115.0,478.2608695652174,478.2608695652174
Al Qirawan,85000,77.0,"Apartment for Rent in Riyadh Al Qirawan  §85,000/annually77m²2furnished apartment in al qairawan district
it consists of:
two bedrooms, one of which is a master bedroom
two living rooms
a built-in kitchen
three bathrooms
built-in air conditioners
rental price: 85,000 per yearAl Qirawan, Riyadh",https://sa.aqar.fm/en/apartment-for-rent/riyadh/north-of-riyadh/al-qirawan/apartment-for-rent-6867618,85000,77.0,1103.8961038961038,1103.8961038961038
An Narjis,90000,112.0,"Apartment for Rent in Riyadh An Narjis  §90,000/annually112m²3📍 al-majdiyah compound 142
an opportunity not to be missed ✨
a distinctive fully furnished apartment within an upscale compound, offering you comfort and privacy in a quiet and safe location.
🔷 3 spacious bedrooms
🔷 elegant living room
🔷 fully equipped kitchen
🔷 furnished with high-end furniture and ready to move in
🔷 private yard – ideal for outdoor gatherings or children
🔷 located within a fully serviced residential compound

the apartment is suitable for families seeking comfort and luxury in an upscale residential environment.
📞 contact us via private message for inquiries

90,000 sar as a single payment. 100,000 sar in two installments.
🏡 fully furnished 3-bedroom apartment for rent
📍 majdiyah 142 compound
don't miss this opportunity ✨
a beautifully furnished apartment located in a premium residential compound, offering comfort, privacy, and a secure lifestyle.
🔷 3 spacious bedrooms
🔷 elegant living area
🔷 fully equipped kitchen
🔷 tastefully furnished – move-in ready
🔷 private yard – perfect for outdoor seating or kids
🔷 located within a fully serviced residential compound

ideal for families seeking comfort and upscale living.An Narjis, Riyadh",https://sa.aqar.fm/en/apartment-for-rent/riyadh/north-of-riyadh/an-narjis/apartment-for-rent-6862906,90000,112.0,803.5714285714286,803.5714285714286
An Nuzhah,140000,93.0,"Apartment for Rent in Riyadh An Nuzhah  §140,000/annually93m²331🏠 for annual rent | furnished apartment - al nuzha district, riyadh
📍 bait al-reem project

living room + 3 bedrooms + 3 bathrooms, fully furnished with equipped kitchen (oven, refrigerator, microwave, washing machine).

additional features: private parking, smart access for the apartment and building, security cameras.

close to: abu bakr al-siddiq street, king abdullah road, imam saud bin abdulaziz road.

📞 for inquiries and viewing, please contact usAn Nuzhah, Riyadh",https://sa.aqar.fm/en/apartment-for-rent/riyadh/north-of-riyadh/an-nuzhah/apartment-for-rent-6827536,140000,93.0,1505.3763440860216,1505.3763440860216
Al Munsiyah,50000,200.0,"Apartment for Rent in Riyadh Al Munsiyah  §50,000/annually200m²421apartment for rent in al-munisiyah neighborhood, in a villa
consisting of four rooms and a living room
first floor
split air conditioners installed
kitchen installed
rent: 50,000 in one payment or two paymentsAl Munsiyah, Riyadh",https://sa.aqar.fm/en/apartment-for-rent/riyadh/east-of-riyadh/al-munsiyah/apartment-for-rent-6894650,50000,200.0,250.0,250.0
An Nakheel,140000,101.0,"Apartment for Rent in Riyadh An Nakheel  §140,000/annually101m²2fully furnished apartment for rent – al nakheel district

* 📍 prime location in al nakheel district, near king saud university
* 🛏️ bedrooms:
   * master bedroom with a double bed
   * room with two separate beds and a private bathroom
* 🛋️ fully furnished living room
* 🍽️ equipped kitchen
* 📦 storage room
* 🚿 3 bathrooms
* 🌿 private courtyard
* 🚗 private parking space
* 🛋️ beautiful and luxurious furniture
* 📺 television
* 🧊 refrigerator
* ✨ apartment is fully move-in ready
* 📌 suitable for families or executive accommodation, in a quiet location close to servicesAn Nakheel, Riyadh",https://sa.aqar.fm/en/apartment-for-rent/riyadh/north-of-riyadh/an-nakheel/apartment-for-rent-6887026,140000,101.0,1386.1386138613861,1386.1386138613861
An Narjis,78000,101.0,"Apartment for Rent in Riyadh An Narjis  §78,000/annually101m²321apartment for rent – al narjis district
✨ a great opportunity to live in a brand-new apartment within a building located in a prime area in al narjis district, close to services and main roads.
apartment specifications:
🛏️ 2 bedrooms
🛋️ living room
🍽️ fitted kitchen
❄️ fully air-conditioned
✨ brand new (first use)
features:
🏢 new and clean building
📍 prime location close to services
🚗 easy access to main roads
🔒 privacy and tranquility
🔑 apartment is ready for immediate occupancyAn Narjis, Riyadh",https://sa.aqar.fm/en/apartment-for-rent/riyadh/north-of-riyadh/an-narjis/apartment-for-rent-6840984,78000,101.0,772.2772277227723,772.2772277227723
Al Arid,47000,378.0,"Apartment for Rent in Riyadh Al Arid  §47,000/annually378m²3live in north riyadh, close to all services. a two-floor apartment fully equipped for families.

**specifications:**

**first floor:**
- maid's room
- open american kitchen connected to the living room
- bathroom and laundry room

**second floor:**
- master bedroom with a rooftop
- second bedroom
- private entrance, independent electricity, newly installed air conditioners, built-in surface ovenAl Arid, Riyadh",https://sa.aqar.fm/en/apartment-for-rent/riyadh/north-of-riyadh/al-arid/apartment-for-rent-6749071,47000,378.0,124.33862433862434,124.33862433862434
Al Uraija Al Wusta,30000,400.0,"Apartment for Rent in Riyadh Al Uraija Al Wusta  §30,000/annually400m²32for rent: a family apartment in al-areeja al-wusta district – aisha bint abi bakr street, close to king salman hospital and the train station.

the apartment consists of 3 rooms + 2 bathrooms + a kitchen only.

rent: 30,000 including water fees.

for inquiries, whatsapp rukn al-wusta real estate office |

((the number appears when you click call))Al Uraija Al Wusta, Riyadh",https://sa.aqar.fm/en/apartment-for-rent/riyadh/west-of-riyadh/al-uraija-al-wusta/apartment-for-rent-6902020,30000,400.0,75.0,75.0
Manfuhah,18000,129.0,"Apartment for Rent in Riyadh Manfuhah  §18,000/annually129m²22for annual rent, a porcelain-finished apartment consisting of three rooms, two bathrooms, a newly installed kitchen, in a residential building on al faryan main street.
independent electricity meter.
price: 18,000 - one payment.

the price includes water and sewage fees,
office fees,
and electronic contract fees.
for contact via whatsapp only:
((the number appears when pressing call))Manfuhah, Riyadh",https://sa.aqar.fm/en/apartment-for-rent/riyadh/center-of-riyadh/manfuhah/apartment-for-rent-6870993,18000,129.0,139.53488372093022,139.53488372093022
Dhahrat Laban,40000,170.0,"Apartment for Rent in Riyadh Dhahrat Laban  §40,000/annually170m²421for rent: upper floor apartment located in front of a mosque, adjacent to a private boys' school and a kindergarten. features central gas, close to services, and near al-riyadh club. easy access to and from dhahrat laban.

preferred tenant: newlywed couple or small family.

please contact between 12:00 pm and 11:00 pm.Dhahrat Laban, Riyadh",https://sa.aqar.fm/en/apartment-for-rent/riyadh/west-of-riyadh/dhahrat-laban/apartment-for-rent-6893012,40000,170.0,235.2941176470588,235.2941176470588
Al Manar,25000,50.0,"Apartment for Rent in Riyadh Al Manar  §25,000/annually50m²11large room with a hallway and installed air conditioner + installed office kitchen + bathroom + private rooftop
the apartment is in a villa... very quiet location and close to all services
required: non-smoking female employeeAl Manar, Riyadh",https://sa.aqar.fm/en/apartment-for-rent/riyadh/east-of-riyadh/al-manar/apartment-for-rent-6848810,25000,50.0,500.0,500.0
Hittin,90000,130.0,"Apartment for Rent in Riyadh Hittin  §90,000/annually130m²4**for rent: luxury apartment in hittin district – one of riyadh's most prestigious neighborhoods**

📍 **prime location:**

* less than 1 km away from:
  ✅ king salman road (one of riyadh's most important roads)
  ✅ king khalid road
  ✅ prince turki al awwal road
* also located less than 1 km from the following key destinations:
  🎡 riyadh season boulevard
  🏢 sadd square
  🏥 al habib hospital

---

🏠 **apartment specifications:**

* located on the ground floor
* 3 main bedrooms
* living room
* sitting room (majlis)
* maid's room
* private independent outdoor courtyard exclusive to the apartment
* dedicated parking space directly in front of the apartment entrance

---

✨ **features:**

* all air conditioning units are installed ❄️
* kitchen is fully fitted 🍽️
* no agent feesHittin, Riyadh",https://sa.aqar.fm/en/apartment-for-rent/riyadh/north-of-riyadh/hittin/apartment-for-rent-6870804,90000,130.0,692.3076923076923,692.3076923076923
Al Munsiyah,40000,375.0,"Apartment for Rent in Riyadh Al Munsiyah  §40,000/annually375m²3🏠 apartment for rent in al-munsiyah district

✨ private entrance
⚡ independent electricity meter
💧 water included

apartment features:
• 3 rooms
• living room
• private rooftop
• 4 installed split air conditioners
• installed kitchen

💰 annual rent: 40,000 sar
📌 payment in two installments or one lump sum

📞 for contact:
abu abdullah
((number appears when pressing call))Al Munsiyah, Riyadh",https://sa.aqar.fm/en/apartment-for-rent/riyadh/east-of-riyadh/al-munsiyah/apartment-for-rent-6863071,40000,375.0,106.66666666666667,106.66666666666667
Al Aqiq,60000,75.0,"Apartment for Rent in Riyadh Al Aqiq  §60,000/annually75m²11fully furnished apartment with cleaning service and other services available at a nominal price.
a security guard is permanently present.
rent includes water, electricity, and internet.Al Aqiq, Riyadh",https://sa.aqar.fm/en/apartment-for-rent/riyadh/north-of-riyadh/al-aqiq/apartment-for-rent-6856301,60000,75.0,800.0,800.0
Dahiat Namar,44000,354.0,"Floor for Rent in Riyadh Dahiat Namar  §44,000/annually354m²5**al-maha neighborhood (deerab, south riyadh)**

**first floor:**
- majlis (reception): 6.35 x 4.30
- foyer/entrance hall: 5 x 5.20
- living room: 7 x 6.50
- kitchen: 5.90 x 3.80
- bedroom 1: 5.90 x 3.65
- bedroom 2: 5 x 3.95
- bedroom 3 (master): 5 x 5

- electricity meter: independent | water: shared
- 20-meter street
- located in front of a mosque and a government facility

**note: monthly payment is available**

other apartments and floors are available in:
al-maha / al-mashal / al-fawwaz / okaz / al-hazm / dahiyat namar / tuwaiq / laban

**floors and villas available for sale at low prices**

**contact: 0551804060**Dahiat Namar, Riyadh",https://sa.aqar.fm/en/big-flat-for-rent/riyadh/west-of-riyadh/dahiat-namar/big-flat-for-rent-6740260,44000,354.0,124.29378531073446,124.29378531073446
Al Yasmin,110000,111.0,"Apartment for Rent in Riyadh Al Yasmin  §110,000/annually111m²3✨ yasmin hotel apartment
furnished apartment for monthly and annual rent in al majidiya residence complex

✨ apartment specifications:
- [3] bedrooms
- [3] bathrooms
- spacious family living room and dining area
- modern kitchen with full set of electrical appliances
- laundry and ironing room
- parking space
- smart entry
- internet

✨ complex features:
- green gardens with outdoor seating and water features
- men's gym
- women's gym
- children's nurseryAl Yasmin, Riyadh",https://sa.aqar.fm/en/apartment-for-rent/riyadh/north-of-riyadh/al-yasmin/apartment-for-rent-6900718,110000,111.0,990.990990990991,990.990990990991
Al Arid,50000,405.0,"Apartment for Rent in Riyadh Al Arid  §50,000/annually405m²431apartment for rent in al-arid district, close to the king fahd al-qassim road (formerly)

it consists of:
- second floor, stairs only (no elevator)
- independent men's sitting room (majlis) with a bathroom
- kitchen
- living room
- 3 bedrooms
- 2 bathrooms
- independent electricity meter
- installed air conditioners
- fitted kitchen
- water available, and a deposit is required
- fiber optic internet
- monthly rent accepted: 4,500 sar per month

note: the owner will fully renovate the apartment upon rental agreement.

for more details, we are honored to be in contact with you. welcome!Al Arid, Riyadh",https://sa.aqar.fm/en/apartment-for-rent/riyadh/north-of-riyadh/al-arid/apartment-for-rent-6829399,50000,405.0,123.45679012345678,123.45679012345678
Umm Al Hamam Al Gharbi,55000,600.0,"Apartment for Rent in Riyadh Umm Al Hamam Al Gharbi  §55,000/annually600m²30bachelor apartment
4 rooms
2 bathrooms
built-in kitchen
air conditioners
prime location
close to king khalid road
close to lisn valley
close to the embassiesUmm Al Hamam Al Gharbi, Riyadh",https://sa.aqar.fm/en/apartment-for-rent/riyadh/west-of-riyadh/umm-al-hamam-al-gharbi/apartment-for-rent-6884794,55000,600.0,91.66666666666667,91.66666666666667
Umm Al Hamam Al Sharqi,20000,150.0,"Apartment for Rent in Riyadh Umm Al Hamam Al Sharqi  §20,000/annually150m²15apartment for rent in um al-hamam al-sharqi
one bedroom, living room, kitchen, and bathroom. air conditioners and kitchen are included (built-in).Umm Al Hamam Al Sharqi, Riyadh",https://sa.aqar.fm/en/apartment-for-rent/riyadh/west-of-riyadh/umm-al-hamam-al-sharqi/apartment-for-rent-6768930,20000,150.0,133.33333333333334,133.33333333333334
Al Malaz,42800,475.0,"Apartment for Rent in Riyadh Al Malaz  §42,800/annually475m²311apartment in al-malaz, new building
consisting of a room, living room, kitchen, and private rooftopAl Malaz, Riyadh",https://sa.aqar.fm/en/apartment-for-rent/riyadh/east-of-riyadh/al-malaz/apartment-for-rent-6838986,42800,475.0,90.10526315789474,90.10526315789474
Ar Raid,100000,98.0,"Apartment for Rent in Riyadh Ar Raid  §100,000/annually98m²221a distinctive apartment for rent in al-raed district, one of the upscale and distinguished neighborhoods in riyadh, with a strategic location close to the most important roads, services, and vital destinations.

apartment features:
first floor apartment

* 2 bedrooms
* living room
* fitted kitchen
* 2 bathrooms
* fully air-conditioned
* automatic soundproof window shutters that prevent dust entry
* smart entry system
* private parking space

location highlights:
📍 close to king saud university
📍 close to digital city
📍 close to the diplomatic quarter and embassy district
📍 easy access to diriyah and al-bujairi
📍 close to u walk
📍 easy access to boulevard city and north riyadh areas
📍 close to riyadh metro stations
📍 easy access to king khalid road, king abdullah road, and al-urubah road
📍 all daily services including restaurants, cafes, markets, and pharmacies are available nearby

✨ a location that combines the tranquility of residential living with proximity to riyadh's most important areas, suitable for listen valley employees, king saud university staff, and small familiesAr Raid, Riyadh",https://sa.aqar.fm/en/apartment-for-rent/riyadh/west-of-riyadh/ar-raid/apartment-for-rent-6823120,100000,98.0,1020.4081632653061,1020.4081632653061
An Narjis,55000,437.0,"Apartment for Rent in Riyadh An Narjis  §55,000/annually437m²32luxurious apartment in a prime location, close to services.
there is an elevator.
spacious rooms and a large living room.An Narjis, Riyadh",https://sa.aqar.fm/en/apartment-for-rent/riyadh/north-of-riyadh/an-narjis/apartment-for-rent-6868118,55000,437.0,125.85812356979405,125.85812356979405
Al Malqa,134000,126.0,"Apartment for Rent in Riyadh Al Malqa  §134,000/annually126m²3a new apartment for rent in taleed compound in al malqa district, consisting of:

- 3 bedrooms
- 1 maid's room
- 3 bathrooms
- 1 living room
- 1 kitchen

the apartment is fully furnished with:
air conditioner + tv + dining table + washing machine + oven + microwave

the compound includes:
mosque + grocery store + laundry + men's club + women's club + private parking + children's playground + barbershop + coffee shop + swimming poolAl Malqa, Riyadh",https://sa.aqar.fm/en/apartment-for-rent/riyadh/north-of-riyadh/al-malqa/apartment-for-rent-6851099,134000,126.0,1063.4920634920634,1063.4920634920634
Al Qirawan,70000,162.0,"Apartment for Rent in Riyadh Al Qirawan  §70,000/annually162m²3a distinctive apartment in al qairawan neighborhood, in a prime location close to king fahd road and king salman road.

it consists of:
- three bedrooms, one of which is a master bedroom
- a spacious living room
- a fully fitted kitchen with built-in appliances and air conditioners
- a laundry room
- a large private rooftop
- spacious bedrooms
- private parking 🅿️Al Qirawan, Riyadh",https://sa.aqar.fm/en/apartment-for-rent/riyadh/north-of-riyadh/al-qirawan/apartment-for-rent-6793075,70000,162.0,432.0987654320988,432.0987654320988
Al Malqa,130000,134.0,"Apartment for Rent in Riyadh Al Malqa  §130,000/annually134m²321negotiable for serious buyers

mashaallah, tabarakallah

for those who love elegance and tranquility.. an apartment in one of riyadh's most prestigious neighborhoods.

the sunset apartment, where you can enjoy the breathtaking sunset view right from your living room.

your home, your sanctuary.. we have selected a top-of-the-line german kitchen with complete italian fittings, ensuring the kitchen is seamlessly integrated into the décor without compromising the joy of cooking.

the outdoor seating area, adorned with natural trees, serves as a breath of fresh air and provides ventilation for the space.

apartment features:
* fully installed premium german kitchen including all appliances (oven, microwave, extractor hood, refrigerator, dishwasher)
* laundry room equipped with a samsung washing machine (considered one of the finest washing machines, capable of washing and drying all types of clothing, energy-efficient, and controllable via mobile phone)
* 3 rooms (master bedroom, dressing room, additional room)
* installed air conditioning units
* full building security and surveillance system
* smart entry system for the apartment
* private parking in the basement
* free maintenance at any timeAl Malqa, Riyadh",https://sa.aqar.fm/en/apartment-for-rent/riyadh/north-of-riyadh/al-malqa/apartment-for-rent-6768064,130000,134.0,970.1492537313433,970.1492537313433
Ar Rimal,34800,170.0,"Apartment for Rent in Riyadh Ar Rimal  §34,800/annually170m²321(families only) very clean apartment with three rooms, two bathrooms, a kitchen, a living room, a hall, a yard, and two entrances (one for men and one for women). independent electricity. the apartment supports fiber optic internet for those who want to install it, and for those who don't, the tower is very close with strong signal and 5g coverage. those who are interested or have inquiries, please contact via whatsapp only. those who are in a hurry may call. rent is paid for 6 months in one payment, and after that, if they wish to continue, it can be made monthly. owner's number: 0532445426Ar Rimal, Riyadh",https://sa.aqar.fm/en/apartment-for-rent/riyadh/east-of-riyadh/ar-rimal/apartment-for-rent-6896789,34800,170.0,204.7058823529412,204.7058823529412
Thalim,250000,337.0,"Building for Rent in Riyadh Thalim  §250,000/annually337m²10ma residential building for rent consisting of:

15 apartments, including five apartments comprising three rooms, two bathrooms, and a kitchen.

10 apartments comprising two rooms, two bathrooms, and a kitchen.

for contact, the number is available in the advertisement.Thalim, Riyadh",https://sa.aqar.fm/en/building-for-rent/riyadh/center-of-riyadh/thalim/building-for-rent-6896467,250000,337.0,741.839762611276,741.839762611276
Ar Rabwah,50000,220.0,"Floor for Rent in Riyadh Ar Rabwah  §50,000/annually220m²321upper floor apartment

located in al-rabwah (rabiat al-rabwah plan)
private entrance
south-facing façade – 20m street
independent entrance
spacious living room
3 large bedrooms
2 bathrooms
water heaters
fitted kitchen (3×3m)
installed split ac units
insulation compliant with saudi building code

50,000 – single payment
60,000 – two installmentsAr Rabwah, Riyadh",https://sa.aqar.fm/en/big-flat-for-rent/riyadh/center-of-riyadh/ar-rabwah/big-flat-for-rent-6799280,50000,220.0,227.27272727272728,227.27272727272728
Dhahrat Laban,37200,83.0,"Apartment for Rent in Riyadh Dhahrat Laban  §37,200/annually83m²111a furnished family apartment consisting of one bedroom, a living room with a kitchen corner, and a bathroom. the rent includes electricity and water bills.Dhahrat Laban, Riyadh",https://sa.aqar.fm/en/apartment-for-rent/riyadh/west-of-riyadh/dhahrat-laban/apartment-for-rent-6895327,37200,83.0,448.1927710843373,448.1927710843373
Badr,26000,466.0,"Apartment for Rent in Riyadh Badr  §26,000/annually466m²3No descriptionBadr, Riyadh",https://sa.aqar.fm/en/apartment-for-rent/riyadh/south-of-riyadh/badr/apartment-for-rent-6845793,26000,466.0,55.79399141630901,55.79399141630901
King Faisal,55000,120.0,"Apartment for Rent in Riyadh King Faisal  §55,000/annually120m²231new apartment, 120 square meters
two bedrooms
living room
three bathrooms
fitted kitchenKing Faisal, Riyadh",https://sa.aqar.fm/en/apartment-for-rent/riyadh/east-of-riyadh/king-faisal/apartment-for-rent-6783082,55000,120.0,458.3333333333333,458.3333333333333
Al Malqa,65000,139.0,"Apartment for Rent in Riyadh Al Malqa  §65,000/annually139m²431apartment for rent in al-malqa district

3 rooms (master bedroom with walk-in closet and dressing table, and a bedroom)
living room
independent sitting room with a private entrance door
3 bathrooms
spacious front entrance to the apartment
fully fitted kitchen with appliances
air conditioners included

underground parking space available with an electric remote-controlled entrance door

building security guard on site

directly across from the building on the street, there is a large mosque with spacious parking

the apartment has a door leading to the shared rooftop designated for service use

the apartment is very quiet, located on the second floor with no apartment above it

family residential building

prime location with easy access to and from king fahd roadAl Malqa, Riyadh",https://sa.aqar.fm/en/apartment-for-rent/riyadh/north-of-riyadh/al-malqa/apartment-for-rent-6838101,65000,139.0,467.62589928057554,467.62589928057554
Al Mursalat,95000,110.0,"Apartment for Rent in Riyadh Al Mursalat  §95,000/annually110m²211brand-new, fully furnished luxury apartment in al mursalat, featuring 2 bedrooms, living room, equipped kitchen, bathroom, washing machine, and private rooftop. rent includes electricity, water, and internet. available for monthly and yearly rental.Al Mursalat, Riyadh",https://sa.aqar.fm/en/apartment-for-rent/riyadh/north-of-riyadh/al-mursalat/apartment-for-rent-6850748,95000,110.0,863.6363636363636,863.6363636363636
Qurtubah,45000,300.0,"Apartment for Rent in Riyadh Qurtubah  §45,000/annually300m²321apartment for rent in al-qurtubah neighborhood, prime location on dammam road, consisting of:

- two bedrooms (one master)
- living room
- kitchen (equipped)
- majlis (sitting room)
- installed air conditioners
- 50,000 in two payments
- 45,000 in one payment (non-negotiable)
- two entrances and independent electricity meter
- second floor
- water included with rentQurtubah, Riyadh",https://sa.aqar.fm/en/apartment-for-rent/riyadh/east-of-riyadh/qurtubah/apartment-for-rent-6885348,45000,300.0,150.0,150.0
As Sahafah,160000,86.0,"Apartment for Rent in Riyadh As Sahafah  §160,000/annually86m²221apartment in a luxury tower – 16th floor

📍 prime location in north riyadh – al sahafah district

amenities:

* private parking
* air conditioning
* smart access
* infinity swimming pool
* gym
* guest lounges

unit specifications:

* master bedroom
* additional bedroom
* 2 bathrooms
* living room
* kitchen
* maid's room
* terrace
* large balcony

📍 nearby landmarks:

* 100 m – king fahd road
* 100 m – olaya street
* 15 km – king khalid international airport
* 800 m – dr. sulaiman al habib hospital
* 500 m – metro station
* 4 km – king abdullah financial district (kafd)
* 5 km – riyadh park mall
* 9 km – boulevard world / boulevard city

annual rent:

* sar 150,000 – one payment
* sar 160,000 – two payments (sar 80,000 each)As Sahafah, Riyadh",https://sa.aqar.fm/en/apartment-for-rent/riyadh/north-of-riyadh/as-sahafah/apartment-for-rent-6839948,160000,86.0,1860.4651162790697,1860.4651162790697
At Taawon,90000,122.0,"Apartment for Rent in Riyadh At Taawon  §90,000/annually122m²4the apartment is on the first floor, number 8.
fitted kitchen.
split air conditioners throughout the entire apartment.
3 bedrooms + master bedroom + 3 bathrooms + fitted kitchen.
continuous cleanliness of the complex.
worth the rent.At Taawon, Riyadh",https://sa.aqar.fm/en/apartment-for-rent/riyadh/north-of-riyadh/at-taawon/apartment-for-rent-6829669,90000,122.0,737.7049180327868,737.7049180327868
As Sulimaniyah,42000,50.0,"Apartment for Rent in Riyadh As Sulimaniyah  §42,000/annually50m²21apartment for rent in al-sulaymaniyah district

it consists of:

• 2 bedrooms
• kitchen
• bathroom
• laundry room

[air conditioners included] [kitchen included]

apartment features:
• upscale neighborhood and close to all services

price: 42,000As Sulimaniyah, Riyadh",https://sa.aqar.fm/en/apartment-for-rent/riyadh/north-of-riyadh/as-sulimaniyah/apartment-for-rent-6866151,42000,50.0,840.0,840.0
Badr,20000,80.0,"Apartment for Rent in Riyadh Badr  §20,000/annually80m²11luxury apartment for rent in badr district
it consists of:
bedroom + counter + bathroom
installed split air conditioners + installed kitchen
property features:
• always clean
• first occupant
• close to all services
price: 20,000
(((the number appears when pressing call)))Badr, Riyadh",https://sa.aqar.fm/en/apartment-for-rent/riyadh/south-of-riyadh/badr/apartment-for-rent-6787031,20000,80.0,250.0,250.0
An Narjis,60000,450.0,"Apartment for Rent in Riyadh An Narjis  §60,000/annually450m²321🏡 **new luxury apartment for rent in al-narjis district**
⚡️ second floor

**specifications:**
⚡️ 3 bedrooms
⚡️ living room
⚡️ storage room
⚡️ kitchen
⚡️ 2 bathrooms
⚡️ rooftop

⚡️ kitchen is fitted
⭐️ air conditioners are not installed

**features:**
⚡️ luxury finishing 🏆
💫 the neighborhood is luxurious, upscale, and close to all services ⚡
⭐️ close to the international school
⚡️ two separate entrances: women – men

💰 rent: 60,000 (one payment)
rent: 70,000 (two payments)

0552086444 - 0552408444 - 0559408444An Narjis, Riyadh",https://sa.aqar.fm/en/apartment-for-rent/riyadh/north-of-riyadh/an-narjis/apartment-for-rent-6550537,60000,450.0,133.33333333333334,133.33333333333334
At Taawon,70000,153.0,"Apartment for Rent in Riyadh At Taawon  §70,000/annually153m²431apartment for rent in al-ta'awun district
in a ground floor building
three bedrooms, a living room, a kitchen, a sitting room, and three bathrooms
equipped with air conditioners and a kitchen
price: 70,000At Taawon, Riyadh",https://sa.aqar.fm/en/apartment-for-rent/riyadh/north-of-riyadh/at-taawon/apartment-for-rent-6890968,70000,153.0,457.51633986928107,457.51633986928107
Tuwaiq,30000,120.0,"Apartment for Rent in Riyadh Tuwaiq  §30,000/annually120m²321apartment consisting of three rooms, a living room, a kitchen, two bathrooms, an independent electricity meter, located on the first floor directly above the ground floor. rent: 2,500.Tuwaiq, Riyadh",https://sa.aqar.fm/en/apartment-for-rent/riyadh/west-of-riyadh/tuwaiq/apartment-for-rent-6861787,30000,120.0,250.0,250.0
Dhahrat Laban,48000,104.0,"Apartment for Rent in Riyadh Dhahrat Laban  §48,000/annually104m²321a furnished ground-floor apartment with two entrances (north and west) for rent in the al-dhahrat laban al-sharqi neighborhood.

**features:**

1. approximately 1 km from the new ring road.
2. located between exits 33 and 34.
3. approximately 2 km from makkah expressway.
4. area of approximately 110 sqm, containing a sitting room, two bedrooms, a living room, a kitchen, two bathrooms, and fully furnished.
5. five modern air conditioning units.
6. fully furnished kitchen with complete cabinetry, dishes, microwave, gas oven, electric oven with grill, stand mixer, blender, grinder, juicer, a refrigerator with freezer, and a second standalone freezer.
7. sitting room furnished with sofas, floor seating, an air conditioner, and a tv.
8. living room furnished with carpet, floor seating, an air conditioner, and a tv.
9. master bedroom with a bed, dressing table, two wardrobes, a chiffonier, and an air conditioner.
10. second bedroom furnished with a new wardrobe measuring 4×3 and an air conditioner.
11. internal bathroom equipped with a washing machine.
12. a rear courtyard of approximately 2.5×7 meters, with a secondary external entrance to the apartment.
13. a private school located on the same street.
14. a girls' school complex (kindergarten, primary, and intermediate) and a boys' primary school approximately 2 km away.
15. approximately 2 km from the security forces clinics affiliated with the ministry of interior.
16. close to the al-laban al-sharqi health center affiliated with the ministry of health.
17. large number of parking spaces available.
18. independent electricity meter.

**direct from the owner — no intermediary.**Dhahrat Laban, Riyadh",https://sa.aqar.fm/en/apartment-for-rent/riyadh/west-of-riyadh/dhahrat-laban/apartment-for-rent-6740630,48000,104.0,461.53846153846155,461.53846153846155
Al Munsiyah,81600,80.0,"Apartment for Rent in Riyadh Al Munsiyah  §81,600/annually80m²221luxury apartment in al-munsiyah district, near al-thumama road and the airport.
two bedrooms and a living room.
rent includes:
kitchen
air conditioners
electricity, water, and internet bills
general maintenance
price: 81,600 per yearAl Munsiyah, Riyadh",https://sa.aqar.fm/en/apartment-for-rent/riyadh/east-of-riyadh/al-munsiyah/apartment-for-rent-6865654,81600,80.0,1020.0,1020.0
Ar Rimal,48000,360.0,"Apartment for Rent in Riyadh Ar Rimal  §48,000/annually360m²41🏠 fully furnished apartment for rent (modern) - al-rimal al-dhahabi district 🏠

a upscale apartment on the first floor, featuring a modern design and complete furnishings, ready for immediate occupancy. suitable for (singles or families).

📍 apartment details:
• components: 2 bedrooms + a spacious living room + kitchen + bathroom.
• furnishings: full modern furniture + all electrical appliances (refrigerator, washing machine, oven, air conditioners, and tv).
• features: price includes electricity and water bills.

💰 rent:
• price: 4,000 sar per month. water and electricity included.
• 1,000 sar refundable deposit.

studios are also available for rent at different prices.

for contact: ((number appears when pressing call)) abu fahadAr Rimal, Riyadh",https://sa.aqar.fm/en/apartment-for-rent/riyadh/east-of-riyadh/ar-rimal/apartment-for-rent-6887368,48000,360.0,133.33333333333334,133.33333333333334
Qurtubah,50000,100.0,"Apartment for Rent in Riyadh Qurtubah  §50,000/annually100m²421🏡 **distinguished apartment for rent – qurtuba district | riyadh**
an opportunity to live in one of the most prestigious and quietest neighborhoods in riyadh.

✨ **apartment specifications:**

- 3 bedrooms
- living room
- built-in kitchen
- 2 bathrooms
- private entrance
- private door
- private courtyard for the apartment
- built-in air conditioners
- area: 100 sqm

📍 **location:**
the apartment is located in qurtuba district in riyadh, an upscale and quiet neighborhood, close to all services and main roads, and suitable for families.

💰 **annual rent:**
50,000 sar (one payment)

✅ the apartment is clean and ready for occupancy, featuring complete privacy thanks to the independent entrance and private door, in addition to the private courtyard that provides extra space and comfort for the family.
📞 for inquiries and appointment booking – whatsapp only
((the number appears when you press call))Qurtubah, Riyadh",https://sa.aqar.fm/en/apartment-for-rent/riyadh/east-of-riyadh/qurtubah/apartment-for-rent-6856129,50000,100.0,500.0,500.0
Al Malqa,90000,98.0,"Apartment for Rent in Riyadh Al Malqa  §90,000/annually98m²2for rent: fully furnished luxury apartment in al majediah village – al hutteen district

a premium opportunity to reside in one of the upscale residential compounds in al hutteen district, featuring a modern design and luxurious furnishings, ready for immediate occupancy.

apartment details:
• 2 bedrooms
• living room
• equipped kitchen
• fully furnished with luxury furniture
• move-in ready

compound features:
• men's and women's sports club for residents
• gardens and green spaces
• walking boulevard
• upscale and secure residential environment
• comprehensive services and amenities

📍 location: al hutteen district – al majediah villageAl Malqa, Riyadh",https://sa.aqar.fm/en/apartment-for-rent/riyadh/north-of-riyadh/al-malqa/apartment-for-rent-6883579,90000,98.0,918.3673469387755,918.3673469387755
Al Arid,79000,161.0,"Apartment for Rent in Riyadh Al Arid  §79,000/annually161m²351new two-floor penthouse for rent – very prime location

first floor:
• spacious living room open to a small kitchen
• bathroom serving the living room
• two installed air conditioners, size 24
• maid's room or storage room with bathroom

second floor:
• 3 master bedrooms with spacious areas
• each room has its own private bathroom
• installed air conditioners, size 24

- two parking spaces in the basementAl Arid, Riyadh",https://sa.aqar.fm/en/apartment-for-rent/riyadh/north-of-riyadh/al-arid/apartment-for-rent-6787550,79000,161.0,490.6832298136646,490.6832298136646
Hittin,55000,450.0,"Apartment for Rent in Riyadh Hittin  §55,000/annually450m²4for rent: apartment in a villa
in hittin district
first floor
consisting of:
2 bedrooms
1 majlis (sitting room)
1 living room
1 kitchen
2 bathrooms

price: 55,000 (negotiable)

private entrance shared by two apartments

located in front of a park and a mosque, parking availableHittin, Riyadh",https://sa.aqar.fm/en/apartment-for-rent/riyadh/north-of-riyadh/hittin/apartment-for-rent-6901362,55000,450.0,122.22222222222223,122.22222222222223
As Sahafah,60000,400.0,"Apartment for Rent in Riyadh As Sahafah  §60,000/annually400m²3apartment carved out of a villa on the second floor.

very prime location.. al sahafa district.. behind suleiman al habib metro station.. 2 minutes by car to the station and 10 minutes walking.

fully renovated.. painting and complete replacement of bathroom fixtures and showerheads.

3 rooms and a living room, including a master suite with an en-suite bathroom + maid's room/laundry room + small outdoor courtyard.

air conditioners are installed (gree brand) and kitchen is fitted.
there is an external maid's/laundry room with a separate bathroom.

separate electricity meter.
special price for those who will pay the rent in one installment.As Sahafah, Riyadh",https://sa.aqar.fm/en/apartment-for-rent/riyadh/north-of-riyadh/as-sahafah/apartment-for-rent-6899996,60000,400.0,150.0,150.0
An Nakheel,110000,96.0,"Apartment for Rent in Riyadh An Nakheel  §110,000/annually96m²231Apartment for Rent 🏡

📍 Al Nakheel District – Riyadh

Apartment Details 📐
Ground Floor
2 Bedrooms
1 Living Room
Kitchen: Fully equipped
3 Bathrooms
Property Condition: Brand new
Parking: Private outdoor parking
Suitable for: Families

Features ✨

Smart Home System
Central Air Conditioning System
Concealed Split AC units installed throughout the apartment

Building Facilities 🏢

Swimming Pool 🏊
Gym 💪
Residents’ Lounge ☕
Private Parking 🚗


📍 Prime Location Near:

King Saud University

University Hospital

Diriyah Project

King Abdullah Financial District (KAFD)

U Walk

Riyadh Park

Digital City


💰 Rental Price

SAR 110,000 per yearAn Nakheel, Riyadh",https://sa.aqar.fm/en/apartment-for-rent/riyadh/north-of-riyadh/an-nakheel/apartment-for-rent-6842846,110000,96.0,1145.8333333333333,1145.8333333333333
Qurtubah,95000,100.0,"Apartment for Rent in Riyadh Qurtubah  §95,000/annually100m²111apartment for rent in al-qurtuba al-dhahabi district
close to sabic and the economic city
rent includes water and electricity servicesQurtubah, Riyadh",https://sa.aqar.fm/en/apartment-for-rent/riyadh/east-of-riyadh/qurtubah/apartment-for-rent-6753974,95000,100.0,950.0,950.0
Al Yasmin,95000,138.0,"Apartment for Rent in Riyadh Al Yasmin  §95,000/annually138m²3apartment for rent – rawabi al-yasmine 2, al-yasmine district – riyadh

location: al-qana street, al-yasmine district
area: 138 square meters
annual rent: 110,000 sar

apartment details:

* 3 bedrooms, with two rooms combined to create one large master bedroom.
* walk-in closet with built-in wardrobes.
* living room.
* sitting room (majlis).
* fully fitted kitchen with storage room.
* private rooftop.
* maid's room with bathroom.
* laundry room.
* 3 bathrooms.
* fiber internet.
* lg dual inverter air conditioners.
* private parking space with a shade cover.

for inquiries and contact: please reach out via ((number appears when clicking call))Al Yasmin, Riyadh",https://sa.aqar.fm/en/apartment-for-rent/riyadh/north-of-riyadh/al-yasmin/apartment-for-rent-6885935,95000,138.0,688.4057971014493,688.4057971014493
As Sahafah,120000,81.0,"Apartment for Rent in Riyadh As Sahafah  §120,000/annually81m²1No descriptionAs Sahafah, Riyadh",https://sa.aqar.fm/en/apartment-for-rent/riyadh/north-of-riyadh/as-sahafah/apartment-for-rent-6754367,120000,81.0,1481.4814814814815,1481.4814814814815
An Nahdah,33000,120.0,"Apartment for Rent in Riyadh An Nahdah  §33,000/annually120m²311a new apartment in a corner commercial building, close to all services, with a collective residential license, consisting of two rooms, a bathroom, and a kitchen.An Nahdah, Riyadh",https://sa.aqar.fm/en/apartment-for-rent/riyadh/east-of-riyadh/an-nahdah/apartment-for-rent-6833470,33000,120.0,275.0,275.0
Ishbiliyah,48000,70.0,"Apartment for Rent in Riyadh Ishbiliyah  §48,000/annually70m²111a fully furnished apartment for rent, consisting of one room, a living room, a bathroom, and a kitchen. located approximately 900 meters from al khalij metro station. price is negotiable with the possibility of monthly payment.Ishbiliyah, Riyadh",https://sa.aqar.fm/en/apartment-for-rent/riyadh/east-of-riyadh/ishbiliyah/apartment-for-rent-6858257,48000,70.0,685.7142857142857,685.7142857142857
Al Munsiyah,60000,90.0,"Apartment for Rent in Riyadh Al Munsiyah  §60,000/annually90m²211fully furnished apartment, ready for immediate occupancy

the apartment features a prime location, close to all services

• complete furniture
• smart entry
• surveillance cameras
• air conditioners
• prime and easily accessible location
• close to services and amenities
• electricity included
• water included

the apartment is move-in ready and suitable for those looking for comfort, privacy, and a fully equipped residenceAl Munsiyah, Riyadh",https://sa.aqar.fm/en/apartment-for-rent/riyadh/east-of-riyadh/al-munsiyah/apartment-for-rent-6879719,60000,90.0,666.6666666666666,666.6666666666666
An Nasim Ash Sharqi,34000,506.0,"Apartment for Rent in Riyadh An Nasim Ash Sharqi  §34,000/annually506m²21in the name of allah, the most gracious, the most merciful
new apartment for rent
in east riyadh (al-naseem al-sharqi district)
location advantages of the apartment – close to:
. khurais main road . national guard hospital
. al-azhar hospital . al-jazeera hospital . al-othaim mall
. public security training city . king fahd security college
. new eastern ring road with the extension of sheikh jaber road
. 2 riyadh bus stations next to the apartment
a fully serviced neighborhood with commercial shops, transportation, and facilities

⭐️ new building ⭐️ corner unit ⭐️ private parking for each apartment
⭐️ elevator available ⭐️ fire suppression system installed
⭐️ new built-in air conditioners ⭐️ new built-in kitchen
⭐️ water included ⭐️ electricity included ⭐️ maintenance included
⭐️ 2 riyadh bus stations located 20 meters from the apartment

specifications: (2 bedrooms + kitchen + bathroom)
rent: 3,500 per month
ziad al-shammari / 551144244
we welcome your inquiries from within the kingdom
we provide free property valuationsAn Nasim Ash Sharqi, Riyadh",https://sa.aqar.fm/en/apartment-for-rent/riyadh/east-of-riyadh/an-nasim-ash-sharqi/apartment-for-rent-6888675,34000,506.0,67.19367588932806,67.19367588932806
Al Munsiyah,38000,280.0,"Apartment for Rent in Riyadh Al Munsiyah  §38,000/annually280m²321📍 apartment with private entrance for rent in al-munsiyah district — prime location, close to all amenities.

located on the **(second) floor**
it consists of:
living room + 2 bedrooms + lounge + kitchen + 2 bathrooms + private rooftop belonging to the apartment.

**features:**
- two entrances to the apartment.
- independent electricity meter.
- fitted kitchen.
- private entrance.

**note:**
newlyweds only.

**price:** 38,000 (one payment) or 39,000 (two payments).Al Munsiyah, Riyadh",https://sa.aqar.fm/en/apartment-for-rent/riyadh/east-of-riyadh/al-munsiyah/apartment-for-rent-6894440,38000,280.0,135.71428571428572,135.71428571428572
Ar Rimal,72000,152.0,"Apartment for Rent in Riyadh Ar Rimal  §72,000/annually152m²331✨ apartment for rent in al-ramz tal al-rimal project (al-rimal district) ✨
building 16a, first floor
• 🛌 master bedroom with en-suite bathroom
• 🛌 two bedrooms with an external bathroom
• 🛋️ living area with a bathroom
• 👩‍🍳 kitchen
• ❄️ air conditioning units
• 🅿️ private parking

building features:
• 📲 surveillance cameras
• outdoor seating areas and children's play areas within the complex
• 🏋️‍♀️ gym
• 🛝 swimming pool and children's play facilities

• 📍 imam university: 16 minutes away
• 📍 princess nourah university: 20 minutes away
• 📍 park avenue: 6 minutes away
• 📍 roshn front: 15 minutes away
• 📍 king khalid international airport: 21 minutes awayAr Rimal, Riyadh",https://sa.aqar.fm/en/apartment-for-rent/riyadh/east-of-riyadh/ar-rimal/apartment-for-rent-6846463,72000,152.0,473.6842105263158,473.6842105263158
Al Qadisiyah,43000,450.0,"Apartment for Rent in Riyadh Al Qadisiyah  §43,000/annually450m²321📍 **apartment for rent in al-qadisiyyah district**, close to all services.

**street:** 15m wide
**floor:** second floor

**consists of:**
- entrance
- living room - hall - kitchen - 2 bathrooms - 2 bedrooms

**notes:**
- independent electricity meter

**price:**
43,000 – one payment or two installments

- security deposit: 2,000 (refundable upon vacating)
- water fees: 1,000 per year

**code number: fc115**Al Qadisiyah, Riyadh",https://sa.aqar.fm/en/apartment-for-rent/riyadh/east-of-riyadh/al-qadisiyah/apartment-for-rent-6794178,43000,450.0,95.55555555555556,95.55555555555556
Al Yasmin,90000,90.0,"Apartment for Rent in Riyadh Al Yasmin  §90,000/annually90m²331apartment in al-khawaled complex with full services including cinema, sports club, laundry, and ladies' salon, located in al-yasmine neighborhood.

it consists of:
- three bedrooms, one master
- living room and fully equipped kitchen
- three bathrooms
- very spacious rooftop
- private parking in the basement

for contact: ((number appears when pressing call))Al Yasmin, Riyadh",https://sa.aqar.fm/en/apartment-for-rent/riyadh/north-of-riyadh/al-yasmin/apartment-for-rent-6788568,90000,90.0,1000.0,1000.0
Al Yarmouk,65000,126.0,"Apartment for Rent in Riyadh Al Yarmouk  §65,000/annually126m²4four rooms and a hall
three bedrooms, one of which is a master bedroom
living room
hall and fitted kitchen
installed air conditioners
with curtains
ground floor or in a building
elevator
private parking
price: 65,000Al Yarmouk, Riyadh",https://sa.aqar.fm/en/apartment-for-rent/riyadh/east-of-riyadh/al-yarmouk/apartment-for-rent-6830483,65000,126.0,515.8730158730159,515.8730158730159
As Sahafah,180000,143.0,"Apartment for Rent in Riyadh As Sahafah  §180,000/annually143m²2investment opportunity
furnished apartment for sale in burj rafal tower
with a full northern view.

specifications:
60th floor – highest floor
2 bedrooms, living room, maid's room, and storage room inside the apartment, plus an external storage room.
area: 144 sqm
parking space
health club
swimming poolAs Sahafah, Riyadh",https://sa.aqar.fm/en/apartment-for-rent/riyadh/north-of-riyadh/as-sahafah/apartment-for-rent-6826635,180000,143.0,1258.7412587412587,1258.7412587412587
Ar Rimal,27000,300.0,"Apartment for Rent in Riyadh Ar Rimal  §27,000/annually300m²3apartment for rent in al-rimal, al-dhahabi plan

📍 prime location
🏢 first floor
it consists of:
* two entrances
* men's sitting room with a bathroom
* living room
* kitchen
* two bedrooms
* bathroom between the bedrooms
* the apartment is clean and tidy

💰 rent:
* 29,000 sar in two installments
* 26,000 sar in one paymentAr Rimal, Riyadh",https://sa.aqar.fm/en/apartment-for-rent/riyadh/east-of-riyadh/ar-rimal/apartment-for-rent-6823619,27000,300.0,90.0,90.0
Al Malqa,57000,47.0,"Apartment for Rent in Riyadh Al Malqa  §57,000/annually47m²111distinctive apartment in al-malqa district

the building is in a vibrant location, close to services.
fully furnished apartment

consisting of:
- bedroom
- living room
- open kitchen connected to the living room
- bathroom
- private rooftop for the apartment (outdoor seating area)

monthly rent

includes water and electricity
internet is also available

for inquiries, call or whatsapp:
((the number appears when you press call))Al Malqa, Riyadh",https://sa.aqar.fm/en/apartment-for-rent/riyadh/north-of-riyadh/al-malqa/apartment-for-rent-6859182,57000,47.0,1212.7659574468084,1212.7659574468084
Ar Rimal,40000,122.0,"Apartment for Rent in Riyadh Ar Rimal  §40,000/annually122m²431**apartment for rent – second floor in al-rimal district**

a distinctive apartment for rent in al-rimal district, in a prime location close to the neighborhood mosque, prince mohammed bin salman road, and the airport, making it an ideal choice for family living.

✅ second floor
✅ apartment age: one year only
✅ spacious sitting room (majlis)
✅ comfortable living room
✅ 3 bedrooms, including a master bedroom
✅ kitchen
✅ modern and clean finishes
✅ prime location close to services and main roads

the apartment is move-in ready and suitable for families.

📞 contact: abu abdulaziz
0553466425

((the number appears when you press call))Ar Rimal, Riyadh",https://sa.aqar.fm/en/apartment-for-rent/riyadh/east-of-riyadh/ar-rimal/apartment-for-rent-6752798,40000,122.0,327.8688524590164,327.8688524590164
An Nada,78000,95.0,"Apartment for Rent in Riyadh An Nada  §78,000/annually95m²3luxurious furnished apartment for rent in al nada district (families)

consists of:
living room + hall + 2 bedrooms + kitchen + 2 bathrooms

features 🏡
security cameras
close to services
independent electricity meterAn Nada, Riyadh",https://sa.aqar.fm/en/apartment-for-rent/riyadh/north-of-riyadh/an-nada/apartment-for-rent-6889462,78000,95.0,821.0526315789474,821.0526315789474
Irqah,75000,107.0,"Apartment for Rent in Riyadh Irqah  §75,000/annually107m²231apartment for rent
in al-majidiya 155 project, urqah district

first floor apartment

with modern design and strategic location
two minutes' walk from misk schools and mohammed bin salman city

features

two bedrooms (one master) + spacious living room
3 bathrooms + equipped kitchen
installed split air conditioners
smart entry (fingerprint)
spacious basement parking
close to prince mesh'al roadIrqah, Riyadh",https://sa.aqar.fm/en/apartment-for-rent/riyadh/west-of-riyadh/irqah/apartment-for-rent-6748789,75000,107.0,700.9345794392524,700.9345794392524
Ar Rimal,60000,112.0,"Apartment for Rent in Riyadh Ar Rimal  §60,000/annually112m²3📍 apartment for rent in al-rimal district, deem al-majidiyyah plan, project {musharef 4} — prime location close to all services.

floor: second
building: b8
apartment no.: 11
age: new
area: 184 sqm
electricity meter: independent

it consists of:
living room + kitchen + 3 bathrooms + three bedrooms, one of which is a master + balcony + spacious rooftop.

notes:
* installed air conditioners
* installed kitchen + oven + microwave
* smart home control system inside the apartment
* security cameras
* smart entry
* private indoor parking

price:
55,000 – one installment
60,000 – two installments

2,000 sar refundable security deposit upon vacating

code: fc297Ar Rimal, Riyadh",https://sa.aqar.fm/en/apartment-for-rent/riyadh/east-of-riyadh/ar-rimal/apartment-for-rent-6858554,60000,112.0,535.7142857142857,535.7142857142857
Al Arid,45000,128.0,"Apartment for Rent in Riyadh Al Arid  §45,000/annually128m²3apartment in al-aarid district, in a quiet family residential building,
located in front of al-namudhajiyah international schools.
on the first floor, next to the elevator.
clean with modern finishing and two parking spaces.
it consists of 3 bedrooms, a spacious living room,
a kitchen with a laundry room and 2 bathrooms.
without air conditioners and kitchen (appliances/cabinets).
well-organized apartment layout.
full payment required for rent.Al Arid, Riyadh",https://sa.aqar.fm/en/apartment-for-rent/riyadh/north-of-riyadh/al-arid/apartment-for-rent-6872411,45000,128.0,351.5625,351.5625
Al Arid,90000,119.0,"Apartment for Rent in Riyadh Al Arid  §90,000/annually119m²431🏡 luxury apartment for rent – al-aarid district | north riyadh

📍 prime location in al-aarid district, close to services and main roads, in an upscale and quiet neighborhood. overlooking abu bakr al-siddiq road.

━━━━━━━━━━━━━━

🔹 apartment 17-1 – area: 121 m²

• spacious living room
• fitted kitchen
• 4 rooms:
  - master bedroom (with the option to combine beds)
  - 3 bedrooms
• installed split air conditioners
• fully furnished

━━━━━━━━━━━━━━

⭐ property features

✔️ electric elevator
✔️ two parking spaces for the apartment
✔️ close to all services
✔️ excellent finishing

💵 annual rent: 90,000 sar

location 📌
https://maps.app.goo.gl/cc3wezsf5gcpebh28?g_st=ic

📞 for contact and inquiries:
((number appears when you press call))Al Arid, Riyadh",https://sa.aqar.fm/en/apartment-for-rent/riyadh/north-of-riyadh/al-arid/apartment-for-rent-6783940,90000,119.0,756.3025210084033,756.3025210084033
An Narjis,70000,93.0,"Apartment for Rent in Riyadh An Narjis  §70,000/annually93m²221❄️ **listing for rent** ❄️

📍 **city:** riyadh
▫️ **district:** al-narjis, south salman
🏢 **property type:** fully furnished apartment for rent
🗓️ **property age:** new
📏 **area:** 120 m²
▫️ **specifications:** living room + kitchen + 2 bedrooms + 1 master suite + 3 bathrooms + laundry room + outdoor space + external parking space

💰 **price:**
- one payment: 70,000 sar
- two payments: 75,000 sar

▫️ **listing contact:** direct with ownerAn Narjis, Riyadh",https://sa.aqar.fm/en/apartment-for-rent/riyadh/north-of-riyadh/an-narjis/apartment-for-rent-6832057,70000,93.0,752.6881720430108,752.6881720430108
Al Qirawan,55000,125.0,"Apartment for Rent in Riyadh Al Qirawan  §55,000/annually125m²331a family apartment in a villa on the second floor, located in al-qairawan neighborhood in a prime location. it features 3 rooms (a sitting room and two bedrooms, one of which is a master bedroom), a living room, and a kitchen with built-in cabinets. the apartment includes pre-installed air conditioners, 3 bathrooms, a private entrance for the apartments, two entrances to the apartment, central gas, an independent electricity meter, external surveillance cameras, an electric main door with a camera, a private parking space, with additional parking spaces available opposite the villa, and luxury finishes.

60,000 sar in two installments / 55,000 sar in one payment / 3,000 sar security deposit / 500 sar annually for water.

for inquiries, contact the caretaker jameel: ((Advertiser's number appears upon contact))
viewings available from after asr prayer until 11:00 pm.Al Qirawan, Riyadh",https://sa.aqar.fm/en/apartment-for-rent/riyadh/north-of-riyadh/al-qirawan/apartment-for-rent-6880294,55000,125.0,440.0,440.0
An Narjis,60000,510.0,"Apartment for Rent in Riyadh An Narjis  §60,000/annually510m²32apartment in a private villa with a private entrance
located in al narjis al dahyan neighborhood, an upscale and quiet area
3 rooms, a kitchen, and 2 bathrooms
air conditioners and a built-in kitchen includedAn Narjis, Riyadh",https://sa.aqar.fm/en/apartment-for-rent/riyadh/north-of-riyadh/an-narjis/apartment-for-rent-6815363,60000,510.0,117.6470588235294,117.6470588235294
Al Malqa,40300,90.0,"Apartment for Rent in Riyadh Al Malqa  §40,300/annually90m²221for rent – luxury apartment in al malqa district, al hamasa street, with an area of (90) sqm, consisting of:

- 1 bedroom
- living room (majlis)
- hall
- kitchen
- 2 bathrooms
- fitted kitchen
- installed split air conditioners
- elevator
- security guard
- surveillance cameras
- landscaped walkways for the building with seating areasAl Malqa, Riyadh",https://sa.aqar.fm/en/apartment-for-rent/riyadh/north-of-riyadh/al-malqa/apartment-for-rent-6896022,40300,90.0,447.77777777777777,447.77777777777777
Al Yasmin,115000,300.0,"Apartment for Rent in Riyadh Al Yasmin  §115,000/annually300m²355a fully renovated and fully furnished apartment with high-end furniture on the top floor (complete privacy with no neighbors), ready for immediate occupancy, dealing directly with the owner.

🏡 apartment details
**lounges and living areas:**
- outdoor ground-floor sitting area (luxurious bedouin-style tent) dedicated for barbecue with a bathroom.
- moroccan-style living room with a balcony.
- french-style guest lounge with an independent bathroom and washbasins.
- separate dining room accommodating up to 8 people.

**bedrooms:**
- two master bedrooms with en-suite bathrooms and built-in wardrobes.
- an additional room with a private external bathroom.

**kitchen and services:**
- full main kitchen + an additional preparation kitchen, fully equipped.
- maid's quarters (accommodating two maids) with a bathroom + laundry room and storage.
- private driver's room with annual fees.

❄️ **amenities and luxuries**
- split air conditioning units fully installed in all rooms and living areas.
- high-level security and protection system for the building and compound.
- spacious backyard for children and a green seating area.

💳 **payment options and agreement**
- full flexibility: payment available (monthly, quarterly, semi-annually).
- special discount: preferential price for annual or semi-annual payment (rent is negotiable).

**note:** can be rented furnished or unfurnished.

no commission (directly from the owner).

📞 **to contact:** ((number appears when you press call))Al Yasmin, Riyadh",https://sa.aqar.fm/en/apartment-for-rent/riyadh/north-of-riyadh/al-yasmin/apartment-for-rent-6744529,115000,300.0,383.3333333333333,383.3333333333333
As Sulimaniyah,78000,481.0,"Apartment for Rent in Riyadh As Sulimaniyah  §78,000/annually481m²221fully furnished apartment in king abdulaziz district (al-sulaimaniyah), consisting of:

2 bedrooms, one of which is a master bedroom
living room
kitchen
2 bathrooms
monthly rent: 6,500 sar

contact:
mobile: 0505293947As Sulimaniyah, Riyadh",https://sa.aqar.fm/en/apartment-for-rent/riyadh/north-of-riyadh/as-sulimaniyah/apartment-for-rent-6841425,78000,481.0,162.16216216216216,162.16216216216216
Al Malqa,141640,105.0,"Apartment for Rent in Riyadh Al Malqa  §141,640/annually105m²331No descriptionAl Malqa, Riyadh",https://sa.aqar.fm/en/apartment-for-rent/riyadh/north-of-riyadh/al-malqa/apartment-for-rent-6858302,141640,105.0,1348.952380952381,1348.952380952381
An Nakheel,50000,50.0,"Apartment for Rent in Riyadh An Nakheel  §50,000/annually50m²111apartment no. 14
1. fully furnished
2. number of bedrooms: 1
3. number of bathrooms: 1
4. installed air conditioners
5. smart entry
6. electricity and water included
7. permanent security guard in the building

weekly rent available: 2,000 sar, excluding platform feesAn Nakheel, Riyadh",https://sa.aqar.fm/en/apartment-for-rent/riyadh/north-of-riyadh/an-nakheel/apartment-for-rent-6739508,50000,50.0,1000.0,1000.0
An Narjis,32000,50.0,"Apartment for Rent in Riyadh An Narjis  §32,000/annually50m²211a clean bachelor apartment in al-narjis district, located close to services, consisting of:
two rooms, a living room, a kitchen, and a bathroom
air conditioners and a fitted kitchen included
rent payable in two installments: 17,000
for contact:
((number appears when pressing call))
water included in the rent
electricity on a separate meter, tenant's responsibility
security deposit: 1,000An Narjis, Riyadh",https://sa.aqar.fm/en/apartment-for-rent/riyadh/north-of-riyadh/an-narjis/apartment-for-rent-6874666,32000,50.0,640.0,640.0
Al Wadi,55000,480.0,"Apartment for Rent in Riyadh Al Wadi  §55,000/annually480m²331🏠 distinguished apartment for rent

an apartment in a prime location close to all services, situated on the first floor.

• 3 bedrooms
• 3 bathrooms
• spacious living room
• fitted kitchen
• installed split air conditioners
• private parking space inside the garage

the apartment is ready to move in and suitable for families.Al Wadi, Riyadh",https://sa.aqar.fm/en/apartment-for-rent/riyadh/north-of-riyadh/al-wadi/apartment-for-rent-6873381,55000,480.0,114.58333333333333,114.58333333333333
Al Arid,60000,140.0,"Apartment for Rent in Riyadh Al Arid  §60,000/annually140m²331apartment in a villa with a private entrance, third floor, living room, lounge, two bedrooms, fitted kitchen, and air conditioners.Al Arid, Riyadh",https://sa.aqar.fm/en/apartment-for-rent/riyadh/north-of-riyadh/al-arid/apartment-for-rent-6874870,60000,140.0,428.57142857142856,428.57142857142856
King Faisal,75000,119.0,"Apartment for Rent in Riyadh King Faisal  §75,000/annually119m²2apartment for rent - (al-majdiya apartments ""saqeefa"")

location:
between king faisal district and al-quds district - close to king abdullah street and al-ghafqi street

specifications:

* area: 120 square meters
* ground floor
* building age: only one year
* two bedrooms (one master with private bathroom)
* living room and sitting room open to each other
* 3 bathrooms
* high-quality built-in italian kitchen
* built-in bedroom wardrobes

price:

* furnished
* unfurnishedKing Faisal, Riyadh",https://sa.aqar.fm/en/apartment-for-rent/riyadh/east-of-riyadh/king-faisal/apartment-for-rent-6731637,75000,119.0,630.2521008403361,630.2521008403361
Al Khaleej,48000,90.0,"Apartment for Rent in Riyadh Al Khaleej  §48,000/annually90m²221residential unit for rent consisting of:

* two bedrooms

* living room

* kitchen

* two bathroomsAl Khaleej, Riyadh",https://sa.aqar.fm/en/apartment-for-rent/riyadh/east-of-riyadh/al-khaleej/apartment-for-rent-6857372,48000,90.0,533.3333333333334,533.3333333333334
As Sahafah,150000,73.0,"Apartment for Rent in Riyadh As Sahafah  §150,000/annually73m²222royal residence luxury tower. a comfortable studio apartment located in the vibrant al sahafah neighborhood. this property offers an excellent opportunity for those seeking comfortable living space in one of the city's most desirable areas. the studio layout combines practicality with urban living comfort, making it ideal for individuals or couples.

key features of this studio apartment include:
- open-plan living area that maximizes space utilization
- modern kitchen equipped to meet all your cooking needs
- well-organized bathroom with essential fixtures
- convenient location near shopping centers and dining options
- easy access to public transportation and main roads

this apartment is perfect for anyone looking for simple and efficient living space without compromising on location and accessibility.
whether you're a young professional or student, this studio apartment meets all your needs.

don't miss this wonderful opportunity! contact us today to schedule a viewing.As Sahafah, Riyadh",https://sa.aqar.fm/en/apartment-for-rent/riyadh/north-of-riyadh/as-sahafah/apartment-for-rent-6627978,150000,73.0,2054.794520547945,2054.794520547945
Al Olaya,42000,70.0,"Apartment for Rent in Riyadh Al Olaya  §42,000/annually70m²111apartment for rent - al olaya district, riyadh 🏠

annex apartment - new building ✨

1 bedroom + 1 living room | 1 bathroom | separate kitchen | installed air conditioners | side areas with views

📍 prime & vibrant location: close to kingdom tower, malls, restaurants, hospitals, schools, and metro station

💰 rent:

* one payment: 42,000 sar
* two payments: 45,000 sar
* monthly: 3,900 sar

✨ doors installation and final finishing touches remainingAl Olaya, Riyadh",https://sa.aqar.fm/en/apartment-for-rent/riyadh/north-of-riyadh/al-olaya/apartment-for-rent-6798961,42000,70.0,600.0,600.0
Al Malqa,90000,141.0,"Apartment for Rent in Riyadh Al Malqa  §90,000/annually141m²332upper floor apartment with an external annex and a furnished outdoor seating area,
excellent and modern furnishings,
fully equipped kitchen with electrical appliances, and a private laundry room,
with a private parking space for the apartment,
located in an excellent compound in hittin district.
please be considerate of contact and messaging times.
may god grant everyone success.Al Malqa, Riyadh",https://sa.aqar.fm/en/apartment-for-rent/riyadh/north-of-riyadh/al-malqa/apartment-for-rent-6868949,90000,141.0,638.2978723404256,638.2978723404256
Al Malqa,85000,115.0,"Apartment for Rent in Riyadh Al Malqa  §85,000/annually115m²3for rent: upscale apartment in al majidiyah village – al malqa district

a distinctive apartment within a fully integrated residential compound, combining a prime location, tranquility, and quality amenities — ideal for those seeking upscale living in north riyadh.

apartment details:
• 3 bedrooms
• spacious living room
• kitchen
• balcony
• distinctive view

compound features:
• sports club
• gardens and green spaces
• nursery/childcare
• full facilities and services
• quiet and upscale residential environment

📍 location: al malqa district – al majidiyah village
💰 annual rent: 85,000 sarAl Malqa, Riyadh",https://sa.aqar.fm/en/apartment-for-rent/riyadh/north-of-riyadh/al-malqa/apartment-for-rent-6883606,85000,115.0,739.1304347826087,739.1304347826087
Al Olaya,135000,110.0,"Apartment for Rent in Riyadh Al Olaya  §135,000/annually110m²221Premium Located Apartment with all inclusive living Facilities, A/C, Refrigerator, Washing/Drying Machine, Dish washer, Cooking Range, Oven, Furniture with Additional Extra Shared Facilities.Al Olaya, Riyadh",https://sa.aqar.fm/en/apartment-for-rent/riyadh/north-of-riyadh/al-olaya/apartment-for-rent-6850520,135000,110.0,1227.2727272727273,1227.2727272727273
Al Yasmin,55000,145.0,"Apartment for Rent in Riyadh Al Yasmin  §55,000/annually145m²321apartment in a private villa
private entrance / sitting room with bathroom / living room / large bedroom / medium bedroom / bathroom and laundry room between the two bedrooms / built-in kitchen / air conditioners / central gas

note: with all due respect, the owner lives in the villa and prefers a small family. commission is to be paid by the real estate agent.Al Yasmin, Riyadh",https://sa.aqar.fm/en/apartment-for-rent/riyadh/north-of-riyadh/al-yasmin/apartment-for-rent-6900539,55000,145.0,379.3103448275862,379.3103448275862
An Narjis,45000,390.0,"Apartment for Rent in Riyadh An Narjis  §45,000/annually390m²321upper apartment in a villa
al narjis district
3 rooms
living room
built-in kitchen
split air conditioners
central gas
shared meter
price: 48,000 in two installments
price: 45,000 in one payment
security deposit: 2,000 sar
small family requiredAn Narjis, Riyadh",https://sa.aqar.fm/en/apartment-for-rent/riyadh/north-of-riyadh/an-narjis/apartment-for-rent-6866191,45000,390.0,115.38461538461539,115.38461538461539
Al Andalus,45000,85.0,"Apartment for Rent in Riyadh Al Andalus  §45,000/annually85m²221independent apartment for a bachelor
consisting of a kitchen, two bedrooms, a living room, and two bathrooms
contact via whatsappAl Andalus, Riyadh",https://sa.aqar.fm/en/apartment-for-rent/riyadh/east-of-riyadh/al-andalus/apartment-for-rent-6869217,45000,85.0,529.4117647058823,529.4117647058823
Al Malqa,62000,180.0,"Apartment for Rent in Riyadh Al Malqa  §62,000/annually180m²332* area: 180 m²
* independent sitting room (majlis).
* living room.
* 3 bedrooms (including a master bedroom).
* 3 bathrooms.
* built-in kitchen.
* laundry room.
* private rooftop.
* air conditioners included.
* rental price: 62,000 sar annually.
(for contact via whatsapp): [(number appears when pressing call)]Al Malqa, Riyadh",https://sa.aqar.fm/en/apartment-for-rent/riyadh/north-of-riyadh/al-malqa/apartment-for-rent-6843608,62000,180.0,344.44444444444446,344.44444444444446
Al Malqa,60000,108.0,"Apartment for Rent in Riyadh Al Malqa  §60,000/annually108m²321apartment for rent on abha street – investment and residential opportunity

details:
3 bedrooms
living room
built-in kitchen
built-in air conditionersAl Malqa, Riyadh",https://sa.aqar.fm/en/apartment-for-rent/riyadh/north-of-riyadh/al-malqa/apartment-for-rent-6423603,60000,108.0,555.5555555555555,555.5555555555555
Salah Ad Din,135000,129.0,"Apartment for Rent in Riyadh Salah Ad Din  §135,000/annually129m²4No descriptionSalah Ad Din, Riyadh",https://sa.aqar.fm/en/apartment-for-rent/riyadh/north-of-riyadh/salah-ad-din/apartment-for-rent-6849278,135000,129.0,1046.5116279069769,1046.5116279069769
Ghirnatah,55000,60.0,"Apartment for Rent in Riyadh Ghirnatah  §55,000/annually60m²111bedroom + living room
there is a seating corner and a small separate kitchen away from the hall
there is a new automatic washing machine

internet + electricity + water (all inclusive) freeGhirnatah, Riyadh",https://sa.aqar.fm/en/apartment-for-rent/riyadh/east-of-riyadh/ghirnatah/apartment-for-rent-6858981,55000,60.0,916.6666666666666,916.6666666666666
As Sulimaniyah,65000,325.0,"Apartment for Rent in Riyadh As Sulimaniyah  §65,000/annually325m²221luxurious new apartment for rent in al-sulaymaniyah district
it consists of:
living room + spacious hall + 2 bedrooms + separate kitchen + 2 bathrooms
new built-in kitchen + new split air conditioners installed

apartment features:
• close to all services
• elevator available
• separate electricity meter

rent: 65,000 including waterAs Sulimaniyah, Riyadh",https://sa.aqar.fm/en/apartment-for-rent/riyadh/north-of-riyadh/as-sulimaniyah/apartment-for-rent-6684793,65000,325.0,200.0,200.0
Dhahrat Namar,27000,450.0,"Apartment for Rent in Riyadh Dhahrat Namar  §27,000/annually450m²3🏡 apartment for rent – riyadh | al awali district
families

📝 specifications:
• 2 bedrooms
• living room
• kitchen
• 2 bathrooms
• majlis (sitting room)

✨ features:
• property age: 3 years
• property type: apartment
• independent electricity meter
• private entrance

📍 location highlights:
• opposite nira park

💰 annual rent: 35,000 in two installments
📍 location: al awali districtDhahrat Namar, Riyadh",https://sa.aqar.fm/en/apartment-for-rent/riyadh/west-of-riyadh/dhahrat-namar/apartment-for-rent-6647083,27000,450.0,60.0,60.0
Al Arid,65000,146.0,"Apartment for Rent in Riyadh Al Arid  §65,000/annually146m²43for rent: new apartment number 8 in a residential building in al-arid district.
(consisting of...
a living room, three bedrooms one of which is a master bedroom, a kitchen, and three bathrooms)
#air conditioners installed.
#kitchen will be installed upon rental.
#in addition to a private parking space for the apartment.
#price: 65,000.
#brokerage contract number: 6200980910
#to contact...
((number appears when pressing call))
((number appears when pressing call))Al Arid, Riyadh",https://sa.aqar.fm/en/apartment-for-rent/riyadh/north-of-riyadh/al-arid/apartment-for-rent-6766934,65000,146.0,445.2054794520548,445.2054794520548
An Narjis,75000,450.0,"Apartment for Rent in Riyadh An Narjis  §75,000/annually450m²451for rent: a two-floor apartment in a villa, south of anas ibn malik, in al narjis district.

(consisting of…
first floor:
living room, reception hall, elderly room, kitchen, and two bathrooms.
second floor:
two bedrooms, one of which is a master bedroom, private rooftop, and three bathrooms.
air conditioners installed and kitchen installed.

#price: 75,000.
#brokerage contract number: 6200982394.
#to contact: ((advertiser's number appears upon contact))
((advertiser's number appears upon contact))An Narjis, Riyadh",https://sa.aqar.fm/en/apartment-for-rent/riyadh/north-of-riyadh/an-narjis/apartment-for-rent-6767043,75000,450.0,166.66666666666666,166.66666666666666
An Narjis,75000,570.0,"Apartment for Rent in Riyadh An Narjis  §75,000/annually570m²2⭐️⭐️ new luxury apartment ⭐️⭐️

location: masharif hills

second floor (no elevator)

- smart entry
- kitchen with appliances + washing machine
- 2 living rooms
- guest bathroom serving the living area
- two master bedrooms
- blackout curtains
- interior decorations

finished with the finest quality finishesAn Narjis, Riyadh",https://sa.aqar.fm/en/apartment-for-rent/riyadh/north-of-riyadh/an-narjis/apartment-for-rent-6688305,75000,570.0,131.57894736842104,131.57894736842104
Al Munsiyah,42000,512.0,"Apartment for Rent in Riyadh Al Munsiyah  §42,000/annually512m²431for rent: luxury apartment in the most prestigious location in al-munisiyah district

strategic location: al-saawi square (the heart of al-munisiyah), close to all services and vital facilities.

apartment details: first floor, consisting of 4 rooms and a living room with a spacious and comfortable layout suitable for families.

features: equipped with 3 window air conditioners and ready for immediate occupancy.

price: 3,500 sar per month.

for contact and viewing (abu ryan):
[mobile number]Al Munsiyah, Riyadh",https://sa.aqar.fm/en/apartment-for-rent/riyadh/east-of-riyadh/al-munsiyah/apartment-for-rent-6716906,42000,512.0,82.03125,82.03125
Ash Sharq,24000,311.0,"Apartment for Rent in Riyadh Ash Sharq  §24,000/annually311m²321apartment on the second floor, 3 bedrooms, a living room, 2 bathrooms, a kitchen, 2 bathrooms, and a large rooftop. new. monthly rent: 2,000 riyals per month. at al-aqaria park.Ash Sharq, Riyadh",https://sa.aqar.fm/en/apartment-for-rent/riyadh/east-of-riyadh/ash-sharq/apartment-for-rent-6850992,24000,311.0,77.17041800643086,77.17041800643086
Al Yarmouk,22000,60.0,"Apartment for Rent in Riyadh Al Yarmouk  §22,000/annually60m²11studio apartment in al yarmouk district
one room, living room, kitchen, and bathroom in al yarmouk district. excellent location, close to all services. for details, please contact us at the numbers shown.
((the number appears when you press call))
rental available (annual, semi-annual, or quarterly)Al Yarmouk, Riyadh",https://sa.aqar.fm/en/apartment-for-rent/riyadh/east-of-riyadh/al-yarmouk/apartment-for-rent-6694263,22000,60.0,366.6666666666667,366.6666666666667
Al Arid,40000,312.0,"Apartment for Rent in Riyadh Al Arid  §40,000/annually312m²321apartment for rent – al arid district
first floor
independent electricity meter
3 air conditioners installed
kitchen installed
consists of:
3 bedrooms, a living room, a kitchen, and 2 bathrooms
price: 40,000Al Arid, Riyadh",https://sa.aqar.fm/en/apartment-for-rent/riyadh/north-of-riyadh/al-arid/apartment-for-rent-6825228,40000,312.0,128.2051282051282,128.2051282051282
Al Quds,49000,390.0,"Apartment for Rent in Riyadh Al Quds  §49,000/annually390m²3for rent, an apartment on the first floor
3 rooms, a living room, a fitted kitchen, and air conditionersAl Quds, Riyadh",https://sa.aqar.fm/en/apartment-for-rent/riyadh/east-of-riyadh/al-quds/apartment-for-rent-6792132,49000,390.0,125.64102564102564,125.64102564102564
Al Mahdiyah,50000,109.0,"Apartment for Rent in Riyadh Al Mahdiyah  §50,000/annually109m²31apartment no. 2 details

men's sitting room

living room

open kitchen

3 bedrooms

master bedroom

2 external bathrooms

price:
50,000 sar in two installments
45,000 sar one paymentAl Mahdiyah, Riyadh",https://sa.aqar.fm/en/apartment-for-rent/riyadh/west-of-riyadh/al-mahdiyah/apartment-for-rent-6862879,50000,109.0,458.7155963302752,458.7155963302752
Al Arid,40000,405.0,"Apartment for Rent in Riyadh Al Arid  §40,000/annually405m²321apartment for rent
al-aarid district
first floor
it consists of:
a separate sitting room with its own bathroom, a hallway, a kitchen, and two bedrooms
furnished

*rent: 40,000 in one payment*
*rent: 45,000 furnished or unfurnished*Al Arid, Riyadh",https://sa.aqar.fm/en/apartment-for-rent/riyadh/north-of-riyadh/al-arid/apartment-for-rent-6897233,40000,405.0,98.76543209876543,98.76543209876543
Dhahrat Laban,40000,166.0,"Apartment for Rent in Riyadh Dhahrat Laban  §40,000/annually166m²321two-bedroom apartment with a living room and kitchen
equipped with air conditioners and curtains
for contact: bunyan al-asima real estate company
((number appears when pressing call))Dhahrat Laban, Riyadh",https://sa.aqar.fm/en/apartment-for-rent/riyadh/west-of-riyadh/dhahrat-laban/apartment-for-rent-6878006,40000,166.0,240.96385542168676,240.96385542168676
Dhahrat Laban,45000,106.0,"Apartment for Rent in Riyadh Dhahrat Laban  §45,000/annually106m²3apartment in dhahrat laban neighborhood, riyadh city
consisting of 3 rooms, a kitchen, a living room, and 3 bathrooms
annual rent: 45,000 or every 6 months for 47,000Dhahrat Laban, Riyadh",https://sa.aqar.fm/en/apartment-for-rent/riyadh/west-of-riyadh/dhahrat-laban/apartment-for-rent-6799796,45000,106.0,424.52830188679246,424.52830188679246
Al Munsiyah,48000,500.0,"Apartment for Rent in Riyadh Al Munsiyah  §48,000/annually500m²4〽️ buthrat al-mustaqbal foundation for real estate services 〽️

**(apartment in a villa - second floor)**

**details 🏡**

* two entrances to the apartment
* sitting room (majlis)
* 3 bedrooms
* living room
* kitchen
* small storage room
* 2 bathrooms
* outdoor seating area
* split air conditioners included
* kitchen cabinets included

**rental price: 48,000 in two installments / 46,000 in one payment**
**monthly: 4,000**

*(we are happy to serve you and receive your inquiries)*Al Munsiyah, Riyadh",https://sa.aqar.fm/en/apartment-for-rent/riyadh/east-of-riyadh/al-munsiyah/apartment-for-rent-6798272,48000,500.0,96.0,96.0
Al Arid,80000,138.0,"Apartment for Rent in Riyadh Al Arid  §80,000/annually138m²331luxury apartment for rent | makeen 37 complex

📍 jouharet al-yasmin district – al-arid

✨ apartment specifications:
🛏️ 3 bedrooms
🛋️ living room
🍽️ built-in kitchen
❄️ built-in air conditioners
🌤️ private rooftop
🚗 private parking space

🏢 complex amenities:
🏊 swimming pool
☕️ lounge
🏋️ gym

💰 annual rent:
• 80,000 sar — one payment
• 85,000 sar — two payments

📞 for contact and inquiries:
((number appears when clicking call))Al Arid, Riyadh",https://sa.aqar.fm/en/apartment-for-rent/riyadh/north-of-riyadh/al-arid/apartment-for-rent-6875044,80000,138.0,579.7101449275362,579.7101449275362
Al Munsiyah,58000,312.0,"Apartment for Rent in Riyadh Al Munsiyah  §58,000/annually312m²321apartment 00
ad number: 3430
to book an appointment or view other units, please visit the aamar website: http://aamar.sa/units/3430

prices:
single payment: 60,000 sar
two payments: 65,000 sar

unit details:
2 bedrooms + 2 bathrooms
living room (1) + separate lounge
fitted kitchen with appliances + washing machine
4 air conditioners (fitted)
outdoor area (private yard)
private parking (building front)
smart lock

property location features:
🛣️ prince mohammed bin salman road – 8 minutes
🛍️ roshun front – 11 minutes
🎓 princess nourah bint abdulrahman university – 13 minutes
✈️ king khalid international airport – 20 minutesAl Munsiyah, Riyadh",https://sa.aqar.fm/en/apartment-for-rent/riyadh/east-of-riyadh/al-munsiyah/apartment-for-rent-6766586,58000,312.0,185.89743589743588,185.89743589743588
Al Arid,90000,147.0,"Apartment for Rent in Riyadh Al Arid  §90,000/annually147m²231apartment i9
ad number: 3259
to book an appointment or view other units, please visit the aamar website: http://aamar.sa/units/3259

prices:
single payment: 90,000 sar
two payments: 95,000 sar

unit details:
2 bedrooms + 3 bathrooms
living room (1)
american kitchen (built-in)
6 air conditioners (built-in)
maid's room
outdoor area (balcony)
private parking (building front)
smart lock

property location features:
🛣 king fahd road – 7 minutes
🕌 mosque – 3 minutes
✈️ king khalid international airport – 19 minutes
🎓 princess nourah bint abdulrahman university – 20 minutes
🚇 metro station – 9 minutesAl Arid, Riyadh",https://sa.aqar.fm/en/apartment-for-rent/riyadh/north-of-riyadh/al-arid/apartment-for-rent-6742809,90000,147.0,612.2448979591836,612.2448979591836
Al Yarmouk,55000,79.0,"Apartment for Rent in Riyadh Al Yarmouk  §55,000/annually79m²221ground floor apartment in a building

two bedrooms, a living room, and a kitchen

there is a gym, a swimming pool, and a nursery

there is a club, a children's nursery, and a swimming pool

two bedrooms and a living roomAl Yarmouk, Riyadh",https://sa.aqar.fm/en/apartment-for-rent/riyadh/east-of-riyadh/al-yarmouk/apartment-for-rent-6811033,55000,79.0,696.2025316455696,696.2025316455696
Al Yarmouk,68000,108.0,"Apartment for Rent in Riyadh Al Yarmouk  §68,000/annually108m²3al-mahmil apartment
three bedrooms, one of which is a master bedroom, a living room, a kitchen, and two bathrooms
modern
air conditioners to be installed and kitchen included
first floor

complex features:
swimming pool
men's and women's gym
kindergarten
men's and women's lounge
mosque
underground parking

price: 65 (in two installments)Al Yarmouk, Riyadh",https://sa.aqar.fm/en/apartment-for-rent/riyadh/east-of-riyadh/al-yarmouk/apartment-for-rent-6793110,68000,108.0,629.6296296296297,629.6296296296297
Ash Sharq,33600,420.0,"Apartment for Rent in Riyadh Ash Sharq  §33,600/annually420m²321apartment for rent in al-bayan district, with two entrances, 3 bedrooms, a living room, two bathrooms, a large rooftop, independent electricity meter, and free water. monthly rent is 2,800 riyals.Ash Sharq, Riyadh",https://sa.aqar.fm/en/apartment-for-rent/riyadh/east-of-riyadh/ash-sharq/apartment-for-rent-6886571,33600,420.0,80.0,80.0
An Nasim Al Gharbi,24000,400.0,"Apartment for Rent in Riyadh An Nasim Al Gharbi  §24,000/annually400m²211((a family is required, and there is no monthly rent))
((the apartment's location mentioned in the advertisement is correct, but those who wish to view it must come to the office — the office location is mentioned at the end of the advertisement))
a family apartment for rent in al-naseem al-gharbi district, a prime location close to khurais and near all services. the apartment is on the upper floor (directly above the ground floor), consisting of two rooms, a living room, one bathroom, and a kitchen. the electricity meter is shared equally with the neighboring apartment. the annual rent is 24,000 riyals, paid in two installments.
for contact: al-zuman real estate office ((the number appears when you press call))
office location: al-naseem al-gharbi district, abdullah bin masoud street, opposite al-dhiyab mosque.An Nasim Al Gharbi, Riyadh",https://sa.aqar.fm/en/apartment-for-rent/riyadh/east-of-riyadh/an-nasim-al-gharbi/apartment-for-rent-6882350,24000,400.0,60.0,60.0
Ar Rimal,55000,118.0,"Apartment for Rent in Riyadh Ar Rimal  §55,000/annually118m²231luxury apartment in deem 2 project
consisting of 3 bedrooms - living room - kitchen - 3 bathrooms
new split air conditioners installed - kitchen cabinets with appliances included
features a private rooftop of 80 sqm and proximity to all servicesAr Rimal, Riyadh",https://sa.aqar.fm/en/apartment-for-rent/riyadh/east-of-riyadh/ar-rimal/apartment-for-rent-6871810,55000,118.0,466.10169491525426,466.10169491525426
Ar Rimal,55000,130.0,"Apartment for Rent in Riyadh Ar Rimal  §55,000/annually130m²3📍 apartment for rent in al-ramal neighborhood in dim al-majidiyah subdivision in (masharif 5) project, prime location close to all services.

floor: second
building: b8
apartment number: 5
age: new
electricity meter: independent

consists of:
living room + kitchen + 3 bathrooms + three bedrooms, one of them master + balcony.

note:
* built-in kitchen
* installed air conditioners
* smart control system inside the apartment
* security cameras
* smart entry
* private parking

price: 55 thousand, one payment or two payments

we welcome all your offers for sale and rent

inquiries: 0553642009

code: fc24Ar Rimal, Riyadh",https://sa.aqar.fm/en/apartment-for-rent/riyadh/east-of-riyadh/ar-rimal/apartment-for-rent-6657069,55000,130.0,423.0769230769231,423.0769230769231
Al Arid,95000,109.0,"Apartment for Rent in Riyadh Al Arid  §95,000/annually109m²431🏡 luxury apartment for rent – al-aarid district | north riyadh

📍 prime location in al-aarid district, close to services and main roads, in an upscale and quiet neighborhood. overlooking abu bakr al-siddiq road.

━━━━━━━━━━━━━━

🔹 apartment 3-1 – area: 113 sqm

• spacious living room
• fitted kitchen
• 4 rooms:
   - master bedroom (with the option to combine beds)
   - 3 bedrooms
• installed split air conditioners
• fully furnished

━━━━━━━━━━━━━━

⭐ property features

✔️ electric elevator
✔️ two parking spaces for the apartment
✔️ close to all services
✔️ excellent finishes

💵 annual rent: 95,000 sar

📌 location:
https://maps.app.goo.gl/cc3wezsf5gcpebh28?g_st=ic

📞 for contact and inquiries:
((number appears when pressing call))Al Arid, Riyadh",https://sa.aqar.fm/en/apartment-for-rent/riyadh/north-of-riyadh/al-arid/apartment-for-rent-6783935,95000,109.0,871.559633027523,871.559633027523
Al Malqa,100000,103.0,"Apartment for Rent in Riyadh Al Malqa  §100,000/annually103m²331**apartment for rent announcement – al malqa district**

assalamu alaikum wa rahmatullahi wa barakatuh

for rent: an apartment in al malqa district, riyadh

**fully furnished**
- living room
- kitchen with appliances
- 3 bedrooms
- installed air conditioners
- private parking

**rights:** none
**utilities:** electricity, water, sewage
**disputes:** none
**obligations:** none

💰 **price:**
- 90,000 sar – one installment
- 100,000 sar – two installments
- 2.5% commission

**location:**
https://maps.app.goo.gl/6dpc4mqr2so1j5gd8?g_st=ic

**for contact and inquiries:**
abu abdullah 📞 *(number appears when clicking call)*
abdul aziz abdullah al-junaidel real estate establishment
ad representative: abdul aziz abdullah abdul aziz al-junaidel
advertiser status: real estate broker and marketer

**fal brokerage & marketing license:** 1200019056
**brokerage contract number:** 6201001032
**real estate advertising license:** 7201053706
**license expiry date:** 31/12/2026Al Malqa, Riyadh",https://sa.aqar.fm/en/apartment-for-rent/riyadh/north-of-riyadh/al-malqa/apartment-for-rent-6786785,100000,103.0,970.8737864077669,970.8737864077669
Al Mahdiyah,50000,104.0,"Apartment for Rent in Riyadh Al Mahdiyah  §50,000/annually104m²21✨ luxury apartments for rent – modern design & full amenities ✨

al-yanabi' colors real estate office announces the availability of luxury residential apartments for rent, distinguished by their spaciousness and high quality, offering you and your family a comfortable and complete living experience.

📌 apartment features & specifications:

kitchen: fully fitted and ready for use.
air conditioning: fully installed units (ready to operate).

🏡 apartment details & layout:

independent men's sitting room (for privacy and receiving guests).
spacious and bright family living room.
kitchen with an excellent design and layout.

bedrooms:
👑 master bedroom (with headboard and private bathroom).
🛏️ (1) additional spacious bedroom.
external bathroom serving the living room and men's sitting room.

💰 price: 50,000 sar annually.

📥 for inquiries & viewing:
contact us now at al-yanabi' colors real estate office via the link or by calling:
[(number appears upon clicking ""call"")]Al Mahdiyah, Riyadh",https://sa.aqar.fm/en/apartment-for-rent/riyadh/west-of-riyadh/al-mahdiyah/apartment-for-rent-6780007,50000,104.0,480.7692307692308,480.7692307692308
Ar Rimal,50000,124.0,"Apartment for Rent in Riyadh Ar Rimal  §50,000/annually124m²3📍apartment for rent in al-ramal neighborhood in deem al-majdiya scheme in (masharif 2) project, prime location close to all services.

floor: first
building: b1
apartment number: 4
age: new
electricity meter: independent

consists of:
living room + kitchen + 3 bathrooms + three bedrooms, one of them master + balcony.

note:
*fitted kitchen
*installed air conditioners
*includes owners association fees
*smart control system inside the apartment
*security cameras
*smart entry
*private indoor parking

price:
50 thousand one payment
55 thousand two payments

{we welcome all your sale and rental offers}

inquiry: 0553642009

code: fc944Ar Rimal, Riyadh",https://sa.aqar.fm/en/apartment-for-rent/riyadh/east-of-riyadh/ar-rimal/apartment-for-rent-6666012,50000,124.0,403.2258064516129,403.2258064516129
Ar Rimal,60000,115.0,"Apartment for Rent in Riyadh Ar Rimal  §60,000/annually115m²321✨ luxurious apartment with elegant modern design
📍 al-rimal neighborhood - al-tamir | prime location
🔹 brand new apartment, never occupied before

a luxury residential project that combines modern design and elegance, with spacious areas and high-quality finishes, close to all amenities.

apartment details:

* area: 305 sqm including rooftop
* first floor
* smart entry for all facilities
* private parking
* elevator

apartment components:

* sitting room with bathroom
* maid's room
* living room with balcony
* kitchen
* two master bedrooms (each with bathroom)

🔹 total: two bedrooms + sitting room

features:

* split air conditioning units
* fully fitted kitchen
* luxury finishes and spacious areas

🏢 project amenities:

* men's club
* women's club
* lounge

💰 rent:

* 60,000 sar paid in full
* 65,000 sar in two installments

🎥 video available for the apartment (for viewing)

contact:
📞 0552376081 (abu jana)
📞 0535745856 (abu abdullah)Ar Rimal, Riyadh",https://sa.aqar.fm/en/apartment-for-rent/riyadh/east-of-riyadh/ar-rimal/apartment-for-rent-6659954,60000,115.0,521.7391304347826,521.7391304347826
Al Qadisiyah,75000,195.0,"Apartment for Rent in Riyadh Al Qadisiyah  §75,000/annually195m²3fully furnished apartment
al-qadisiyah neighborhood close to fahad bridge
consisting of:
complete kitchen with appliances: refrigerator - oven - water cooler - microwave
air-conditioned storage room
double room with two beds furnished
large master bedroom
single bedroom with one bed furnished
three bathrooms
living room with television, dining room and sitting area
apartment entrance equipped with camera
premium location on dammam road + jaber road close to all services: grocery store, pharmacy, laundry, tailor
behind fox cinema on jaber road, five minutes walk with two complexes of restaurants, cinema and cafes

close to stadium and hamra metro stations and atyaf mall
electricity and water on tenant

apartment area 200
large and spacious in a quiet and new building, all families

gardenia c building, abu ja'far al-mansourAl Qadisiyah, Riyadh",https://sa.aqar.fm/en/apartment-for-rent/riyadh/east-of-riyadh/al-qadisiyah/apartment-for-rent-6734173,75000,195.0,384.61538461538464,384.61538461538464
As Saadah,60000,75.0,"Apartment for Rent in Riyadh As Saadah  §60,000/annually75m²3apartment in joharat al saada

▪️ 3 rooms (one of them is a master bedroom)
▪️ kitchen + living room + 2 bathrooms
▪️ kitchen and air conditioners are fitted/installed

▪️ water: independent tank + independent electricity

▪️ private, government, and international schools nearby

◾️ addaq al uqood real estate & property management office ◾️

abu abdulaziz: ((number appears when you press call))

abu faisal: ((number appears when you press call))

mohammed: ((number appears when you press call))As Saadah, Riyadh",https://sa.aqar.fm/en/apartment-for-rent/riyadh/east-of-riyadh/as-saadah/apartment-for-rent-6864774,60000,75.0,800.0,800.0
Al Mahdiyah,55000,450.0,"Apartment for Rent in Riyadh Al Mahdiyah  §55,000/annually450m²211**apartment details**

apartment in a villa for rent
independent electricity meter
water is on the owner
air conditioners installed and kitchen installed
two entrances
men's sitting room (majlis)
living room
kitchen
2 bedrooms with an external bathroom
price: 55,000 (one payment)
two payments: 45,000Al Mahdiyah, Riyadh",https://sa.aqar.fm/en/apartment-for-rent/riyadh/west-of-riyadh/al-mahdiyah/apartment-for-rent-6830119,55000,450.0,122.22222222222223,122.22222222222223
Al Mahdiyah,50000,123.0,"Apartment for Rent in Riyadh Al Mahdiyah  §50,000/annually123m²21✨ luxury apartments for rent – modern design & full amenities ✨

alwan al-yanabi real estate office announces the availability of luxury residential apartments for rent, distinguished by their spaciousness and high quality, offering you and your family a comfortable and complete living experience.

📌 apartment features & specifications:
kitchen: fully fitted and ready to use.
air conditioning: fully installed units (ready to operate).

🏡 apartment details & layout:
independent men's sitting room (for privacy and receiving guests).
spacious and bright family living room.
kitchen with an excellent design and layout.

bedrooms:
👑 master bedroom (with headboard and private bathroom).
🛏️ (1) additional spacious bedroom.
external bathroom serving the living room and sitting room.

💰 price: 50,000 sar annually.

📥 for inquiries & viewing:
contact us now at alwan al-yanabi office via the link or by calling:
[(number appears when you click call)]Al Mahdiyah, Riyadh",https://sa.aqar.fm/en/apartment-for-rent/riyadh/west-of-riyadh/al-mahdiyah/apartment-for-rent-6779989,50000,123.0,406.5040650406504,406.5040650406504
Al Munsiyah,70000,149.0,"Apartment for Rent in Riyadh Al Munsiyah  §70,000/annually149m²431🏡 apartment for rent | al munsiyah – rafah (40)

new and well-designed apartment:

* 3 bedrooms (1 master)
* spacious living room + separate majlis
* fitted kitchen
* 3 bathrooms
* installed acs
* private parking

project features: men's gym, women's gym, nursery, with hoa fees included.

📍 prime location near prince mohammed bin salman road, dammam road, thumamah road, and the northern & eastern ring roads.

💰 sar 70,000 – one payment
💰 sar 75,000 – two payments

code: n-422Al Munsiyah, Riyadh",https://sa.aqar.fm/en/apartment-for-rent/riyadh/east-of-riyadh/al-munsiyah/apartment-for-rent-6822756,70000,149.0,469.7986577181208,469.7986577181208
Al Yasmin,70000,123.0,"Apartment for Rent in Riyadh Al Yasmin  §70,000/annually123m²331**distinguished apartment for annual rent**
**in al-yasmine district - riyadh**
**makeen 72 | 72 makeen**

a practically laid-out apartment in a prime location, within a building that offers a comprehensive range of services, amenities, and privacy.

**apartment specifications:**

- two bedrooms with adequate space, each with its own private bathroom.
- living room
- 3 bathrooms
- a fully fitted kitchen equipped with a washing machine
- air conditioning units from one of the finest air conditioning companies
- smart home technology for easy control
- a private parking space in the underground parking, with easy entry and exit

**rent:**
- 75,000 sar – single payment
- 78,000 sar – two paymentsAl Yasmin, Riyadh",https://sa.aqar.fm/en/apartment-for-rent/riyadh/north-of-riyadh/al-yasmin/apartment-for-rent-6802031,70000,123.0,569.1056910569106,569.1056910569106
Al Qadisiyah,60000,165.0,"Apartment for Rent in Riyadh Al Qadisiyah  §60,000/annually165m²331for rent, an apartment in al-qadisiyyah district
first floor, smart entry
it consists of the following:
three bedrooms, including a master bedroom
living room and lounge
3 bathrooms
separate fitted kitchen
installed air conditioners
price: 60,000 single payment
65,000 for two payments or 4 payments
https://maps.app.goo.gl/4lzuzoyv5yok3ve9a?g_st=acAl Qadisiyah, Riyadh",https://sa.aqar.fm/en/apartment-for-rent/riyadh/east-of-riyadh/al-qadisiyah/apartment-for-rent-6824519,60000,165.0,363.6363636363636,363.6363636363636
Al Yasmin,98000,159.0,"Apartment for Rent in Riyadh Al Yasmin  §98,000/annually159m²442brokerage fee: 2.5% + 15% vat on brokerage fee
for rent: furnished apartment in al yasmin neighborhood, prime location
area: 159 sqm
age: 7 years
full specifications:
3 bedrooms + 4 bathrooms + living room + kitchen + storage room + majlis + separate maid's room on the second floor
private parking available outside the building
elevator available
annual contract, payment system: 6 months / 6 months, monthly payment available through rise company
+ 5,000 security deposit + 1,200 sar water per year
viewing by prior appointment onlyAl Yasmin, Riyadh",https://sa.aqar.fm/en/apartment-for-rent/riyadh/north-of-riyadh/al-yasmin/apartment-for-rent-6828413,98000,159.0,616.3522012578617,616.3522012578617
Dirab,30000,317.0,"Apartment for Rent in Riyadh Dirab  §30,000/annually317m²421new apartment in dirab neighborhood
consisting of a sitting room, a living room, a hall, a kitchen, two bedrooms, and two bathrooms
third floor, independent electricity, water connected
the apartment is new and has never been occupied
rent: 30,000 in two payments
required for a small family

saad: 0508104552Dirab, Riyadh",https://sa.aqar.fm/en/apartment-for-rent/riyadh/west-of-riyadh/dirab/apartment-for-rent-6755321,30000,317.0,94.6372239747634,94.6372239747634
Okaz,40000,172.0,"Apartment for Rent in Riyadh Okaz  §40,000/annually172m²4apartment consisting of two floors
contains a living room, hallway, kitchen, 3 bedrooms with one master bedroom, 4 bathrooms, rooftop, and a car garage
brand new, never been occupied – one payment required

saad: 0508104552Okaz, Riyadh",https://sa.aqar.fm/en/apartment-for-rent/riyadh/south-of-riyadh/okaz/apartment-for-rent-6767360,40000,172.0,232.5581395348837,232.5581395348837
Al Arid,75000,120.0,"Apartment for Rent in Riyadh Al Arid  §75,000/annually120m²331✨ luxurious apartment for rent in khawalid 15 complex, al-arid district ✨
ground floor
master bedroom with bathroom 🛌
two bedrooms with a bathroom between them 🛌
living room with bathroom 🛋️
kitchen with appliances 👩‍🍳
laundry room 🧺
shutters on the windows
project features:
📲 smart entry
🅿️ private parking
❄️ split air conditioning
📍 7 km from sab metro station
📍 19 km from the airport
📍 22 km from princess noura university
📍 20 km from kafd
complex features:
🏋️‍♀️ private gym and swimming pool for men
🏋️‍♀️ private gym and swimming pool for women
🛋️ lounge and hospitality area
🌳 green walkways and gardens
📲 smart entry
🅿️ private parking
❄️ split air conditioningAl Arid, Riyadh",https://sa.aqar.fm/en/apartment-for-rent/riyadh/north-of-riyadh/al-arid/apartment-for-rent-6902408,75000,120.0,625.0,625.0
An Narjis,140000,225.0,"Apartment for Rent in Riyadh An Narjis  §140,000/annually225m²351for rent, a new two-floor apartment with a private entrance, south of anas bin malik road in al narjis district.

(consisting of…
#first floor…
car entrance, sitting room, living room, kitchen, laundry room, and maid's room.

#second floor…
three master bedrooms with two private rooftops.

#equipped with air conditioners, without kitchen.
#price: 140,000.
#brokerage contract number: 6200979098.
#for contact…
((Advertiser's number appears upon contact))
((Advertiser's number appears upon contact))An Narjis, Riyadh",https://sa.aqar.fm/en/apartment-for-rent/riyadh/north-of-riyadh/an-narjis/apartment-for-rent-6764011,140000,225.0,622.2222222222222,622.2222222222222
An Narjis,80000,104.0,"Apartment for Rent in Riyadh An Narjis  §80,000/annually104m²231✨ special temporary rental opportunity – fully furnished apartment ✨

📍 located within a fully-serviced residential compound
🏡 ground floor apartment with a private yard, ready to move in

🔹 apartment specifications:
🛏️ two bedrooms (one master)
🛋️ spacious and comfortable living room
🍽️ equipped kitchen
🚿 3 bathrooms
📦 storage room
🌿 private yard
🏠 fully furnished with complete furniture

🔹 compound amenities:
🏋️‍♂️ men's gym
🏋️‍♀️ women's gym
🧸 children's nursery
🔒 secure and fully-serviced compound
🎥 24/7 camera surveillance
🚗 private external parking space for the apartment

📅 available from: 26-06-2026

⏳ rental for a limited period only (2 months)

💰 monthly rent: 8,000 sar
💡🚰 inclusive of electricity and water

🔐 security deposit: 2,000 sar

🌟 an ideal choice for families or those coming to riyadh for a temporary period, with all services and amenities providing comfort and security in a distinguished residential location. 🌟An Narjis, Riyadh",https://sa.aqar.fm/en/apartment-for-rent/riyadh/north-of-riyadh/an-narjis/apartment-for-rent-6761082,80000,104.0,769.2307692307693,769.2307692307693
Ar Rimal,55000,148.0,"Apartment for Rent in Riyadh Ar Rimal  §55,000/annually148m²331apartment for rent | al rimal district

first floor

it consists of:
• living room
• kitchen
• 3 bedrooms, including a master bedroom
• storage room or laundry room

features:
• private parking
• built-in kitchen
• built-in air conditioners

contact:
((Advertiser's number appears upon contact))Ar Rimal, Riyadh",https://sa.aqar.fm/en/apartment-for-rent/riyadh/east-of-riyadh/ar-rimal/apartment-for-rent-6819508,55000,148.0,371.6216216216216,371.6216216216216
An Nakheel,115000,81.0,"Apartment for Rent in Riyadh An Nakheel  §115,000/annually81m²1apartment for rent in twin tower

living room
one bedroom
two bathrooms
kitchen
balcony overlooking king fahd road

private parking in the basement

additional amenities:
swimming pool
sports club (male / female)
private parking in the basement
vip lounge
24/7 security guardsAn Nakheel, Riyadh",https://sa.aqar.fm/en/apartment-for-rent/riyadh/north-of-riyadh/an-nakheel/apartment-for-rent-6833718,115000,81.0,1419.7530864197531,1419.7530864197531
Al Munsiyah,100000,122.0,"Apartment for Rent in Riyadh Al Munsiyah  §100,000/annually122m²3231🏡✨ Fully Furnished Luxury Classic Apartment for Rent | Al Munsiyah
📍 Madaen Village Project – Riyadh

Experience upscale living with a refined classic design, where elegance meets comfort in one of the most prestigious communities in Northeast Riyadh 🌿

📍 Prime Location Near Key Destinations:
• 6 minutes to IKEA
• 12 minutes to Park Avenue
• 13 minutes to King Khalid International Airport
• 13 minutes to Roshn Front
• 12 minutes to Al Mouwasat Hospital
• 13 minutes to SAR Station & Princess Nourah University

⸻

🔹 Apartment Details:
• Third floor
• Single entrance
• Spacious and elegantly designed living hall
• Guest bathroom
• Fully equipped kitchen with all electrical appliances
• Master bedroom with en-suite bathroom
• Two additional bedrooms with shared bathroom
• Central AC (split AC in two bedrooms)

✨ Exceptional Outdoor Spaces:
• Large private rooftop (70 sqm)
• Stylish terrace adding privacy and aesthetic appeal

⸻

🌟 Full Community Features:
• Green landscapes 🌿
• Entertainment & gaming lounges 🎮
• Nursery / daycare 👶
• Fitness centers (men & women) 🏋️
• Event hall 🎉
• Lounge ☕
• Squash courts 🏸
• Guest tent ⛺
• Mini market 🛒
• Private basement parking 🚗
• Elevators 🛗

⸻

💰 Annual Rent:
100.000 SAR

🎥 Video available upon requestAl Munsiyah, Riyadh",https://sa.aqar.fm/en/apartment-for-rent/riyadh/east-of-riyadh/al-munsiyah/apartment-for-rent-6763160,100000,122.0,819.672131147541,819.672131147541
Al Yasmin,65000,362.0,"Apartment for Rent in Riyadh Al Yasmin  §65,000/annually362m²331apartment inside a villa, al yasmine neighborhood
second floor
consists of 2 bedrooms
living room and sitting room
kitchen
private rooftop
installed air conditioners
installed kitchen
room with built-in wardrobes
kitchen includes an oven
down payment: 60,000
two installments: 65,000Al Yasmin, Riyadh",https://sa.aqar.fm/en/apartment-for-rent/riyadh/north-of-riyadh/al-yasmin/apartment-for-rent-6869818,65000,362.0,179.55801104972375,179.55801104972375
Dhahrat Laban,34000,600.0,"Apartment for Rent in Riyadh Dhahrat Laban  §34,000/annually600m²221apartment in a villa with two independent entrances and a second entrance for women, close to services and schools
located near the intersection of al-taif street and al-majd street
4 rooms, living room, and 2 bathrooms
2 bedrooms, sitting room, kitchen, and spacious living room
second floor
rent 34,000 in one payment or 36,000 in two payments
no monthly or quarterly payments, only one payment or two payments
small family required

we apologize to brokers and marketersDhahrat Laban, Riyadh",https://sa.aqar.fm/en/apartment-for-rent/riyadh/west-of-riyadh/dhahrat-laban/apartment-for-rent-6593097,34000,600.0,56.666666666666664,56.666666666666664
An Narjis,80000,450.0,"Floor for Rent in Riyadh An Narjis  §80,000/annually450m²431for rent: second floor apartment
consists of a sitting room, 3 bedrooms, living room, kitchen, laundry room, 3 bathrooms, and rooftop
private entrance, air conditioners and kitchen are newly installed and unused.
rent: 80,000 annuallyAn Narjis, Riyadh",https://sa.aqar.fm/en/big-flat-for-rent/riyadh/north-of-riyadh/an-narjis/big-flat-for-rent-6563783,80000,450.0,177.77777777777777,177.77777777777777
Qurtubah,36000,53.0,"Apartment for Rent in Riyadh Qurtubah  §36,000/annually53m²111luxurious bachelor apartments for rent in al-qurtubah district, prince mohammed bin salman road
one bedroom, living room, bathroom, kitchen, restroom, and installed split air conditioners
elevator available and security guard available 24 hours
payment options available:
annually: 36,000 sar
six months: 18,000 sar
monthly: 3,000 sar
please note that the contract is annual only, renewable upon the tenant's request
for contact, if there is no answer, please use whatsappQurtubah, Riyadh",https://sa.aqar.fm/en/apartment-for-rent/riyadh/east-of-riyadh/qurtubah/apartment-for-rent-6716282,36000,53.0,679.2452830188679,679.2452830188679
As Salam,28000,329.0,"Apartment for Rent in Riyadh As Salam  §28,000/annually329m²121peace be upon him and god's mercy and blessings. there are 2 rooms, a living room, a built-in kitchen, and an independent rooftop. 3rd floor. for rent. 2 bathrooms. al salam neighborhood. rent: 35,000 (open to negotiation).As Salam, Riyadh",https://sa.aqar.fm/en/apartment-for-rent/riyadh/east-of-riyadh/as-salam/apartment-for-rent-6524114,28000,329.0,85.1063829787234,85.1063829787234
Tuwaiq,37200,123.0,"Apartment for Rent in Riyadh Tuwaiq  §37,200/annually123m²431apartment for rent – new
in riyadh, tuwaiq district
all services are nearby
independent electricity meter
independent water tank

apartment specifications:
- master bedroom
- 2 additional bedrooms
- living room
- sitting room (majlis)
- kitchen
- 3 bathrooms

annual rent: 37,000 sar
every 6 months: 18,500 sar

payment options:
- annual
- semi-annual
- 3 installments

contact: (number appears when you click ""call"")Tuwaiq, Riyadh",https://sa.aqar.fm/en/apartment-for-rent/riyadh/west-of-riyadh/tuwaiq/apartment-for-rent-6872323,37200,123.0,302.4390243902439,302.4390243902439
Ar Rimal,58000,179.0,"Apartment for Rent in Riyadh Ar Rimal  §58,000/annually179m²431🌟 spacious apartment for rent in a strategic location in ""al rimal district""

a distinctive residential apartment for rent with a spacious area and comfortable design, located in the heart of al rimal district, adjacent to major roads for easy commuting and accessibility.

📏 basic property details

* area: 180 square meters
* floor: first floor
* facade: northwest-facing

🛋️ interior layout

* bedrooms: 3 rooms (including an independent master bedroom)
* sitting rooms: a dedicated guest lounge
* living room: a family living room
* kitchen: a fully equipped kitchen with an attached storage room

✨ apartment features and services

* parking: a private parking space is available
* electricity: separate (independent) electricity meter
* air conditioning: split ac system infrastructure
* services: all public and commercial services are very close to the location

📍 location and nearby landmarks

the apartment features a strategic location connecting the most prominent roads in the area:
* very close to prince mohammed bin salman road
* close to al thumama road
* close to al dammam road
* close to street 60 (al bujaidi)

> for contact and viewing:

> [‫((number appears when pressing call))‬]Ar Rimal, Riyadh",https://sa.aqar.fm/en/apartment-for-rent/riyadh/east-of-riyadh/ar-rimal/apartment-for-rent-6787125,58000,179.0,324.0223463687151,324.0223463687151
Al Munsiyah,60000,117.0,"Apartment for Rent in Riyadh Al Munsiyah  §60,000/annually117m²331for rent | mughna 38
📍 al-munsiyah district

ground floor with a practical and distinctive design

🔹 3 bedrooms
• master bedroom
• two additional bedrooms with a shared bathroom between them
• spacious living room
• facade
• laundry room
• built-in kitchen
• built-in air conditioningAl Munsiyah, Riyadh",https://sa.aqar.fm/en/apartment-for-rent/riyadh/east-of-riyadh/al-munsiyah/apartment-for-rent-6885795,60000,117.0,512.8205128205128,512.8205128205128
Ar Rimal,52000,98.0,"Apartment for Rent in Riyadh Ar Rimal  §52,000/annually98m²33📍 apartment for rent in al-rimal district, project (aknan 24) – prime location, close to all services.

floor: ground floor
apartment no.: 14

consists of:
2 master bedrooms + living room + maid's room with bathroom + kitchen + 4 bathrooms

features:
- smart entry
- security cameras throughout the complex
- independent electricity meter
- private parking space numbered to the apartment
- installed air conditioners
- fitted kitchen
- men's and women's gym
- swimming pool

price: 52,000 in one payment or 55,000 in two payments.Ar Rimal, Riyadh",https://sa.aqar.fm/en/apartment-for-rent/riyadh/east-of-riyadh/ar-rimal/apartment-for-rent-6801757,52000,98.0,530.6122448979592,530.6122448979592
Ar Raid,110000,103.0,"Apartment for Rent in Riyadh Ar Raid  §110,000/annually103m²221apartment #a4
listing number: 3195
to book an appointment or view other units, please visit the aamar website: http://aamar.sa/units/3195

**prices:**
single payment: 110,000 sar
two payments: 115,000 sar

**unit details:**
3 bedrooms + 2 bathrooms
living room (1)
american kitchen (installed)
4 air conditioners (installed)
outdoor area (none)
private parking (building front)
smart lock

**building features:**
elevator

**property location features:**
🌳 al-raed park — 1 minute
🏥 mudaydah hospitals — 5 minutes
🚇 king saud university metro station — 5 minutes
🚇 king salman oasis metro station — 5 minutes
🎓 king saud university — 7 minutes
🛍️ u walk — 12 minutesAr Raid, Riyadh",https://sa.aqar.fm/en/apartment-for-rent/riyadh/west-of-riyadh/ar-raid/apartment-for-rent-6740327,110000,103.0,1067.9611650485438,1067.9611650485438
Al Arid,65000,133.0,"Apartment for Rent in Riyadh Al Arid  §65,000/annually133m²331apartment e10
listing number: 3215
to book an appointment or view other units, please visit the aamar website: http://aamar.sa/units/3215

prices:
single payment: 65,000 sar
two payments: 70,000 sar

unit details:
3 bedrooms + 3 bathrooms
living room (1)
american kitchen (installed)
3 air conditioners (installed)
storage room
outdoor area (balcony)
private parking (building front)
smart lock

property location features:
abu bakr al-siddiq road 🚗 — 2 minutes
al-aridh park 🌳 — 2 minutes
ibrahim maqham al-maqham mosque 🕌 — 1 minute
king khalid international airport ✈️ — 20 minutesAl Arid, Riyadh",https://sa.aqar.fm/en/apartment-for-rent/riyadh/north-of-riyadh/al-arid/apartment-for-rent-6732101,65000,133.0,488.7218045112782,488.7218045112782
King Abdullah,55000,122.0,"Apartment for Rent in Riyadh King Abdullah  §55,000/annually122m²331apartment 211
ad number: 2456
to book an appointment or view other units, please visit ammar's website http://aamar.sa/units/2456
prices:
one payment: 55,000 sar
two payments: 60,000 sar
monthly payments: 69,000 sar
unit details:
3 bedrooms + 3 bathrooms
living room(1) + separate sitting room
kitchen (split) (installed)
air conditioning 1 (installed)
outdoor area (none)
private parking (building_front)
property location features:
🛒 joy mart markets — 1 minute 🕌 al-yousef mosque — 1 minute 🏫 gulf institute for training and education — 3 minutes 🛣️ eastern ring road — 4 minutes 🎓 prince sultan university — 10 minutesKing Abdullah, Riyadh",https://sa.aqar.fm/en/apartment-for-rent/riyadh/north-of-riyadh/king-abdullah/apartment-for-rent-6705343,55000,122.0,450.8196721311475,450.8196721311475
An Narjis,76000,172.0,"Apartment for Rent in Riyadh An Narjis  §76,000/annually172m²431luxury apartment for rent in al narjis district
al ajlan rafeera project

the apartment consists of:
sitting room + spacious hall + 3 bedrooms including 1 master bedroom + built-in kitchen + maid's room + 4 bathrooms
(built-in kitchen - built-in air conditioners)

notes:
- prime location
- private parking available
- smart entry system
- air conditioning and wi-fi 🛜
- close to services

price: 80,000 in two installments
one installment: 76,000

or monthly payment through rayze 👍An Narjis, Riyadh",https://sa.aqar.fm/en/apartment-for-rent/riyadh/north-of-riyadh/an-narjis/apartment-for-rent-6735951,76000,172.0,441.86046511627904,441.86046511627904
Ar Rimal,80000,144.0,"Apartment for Rent in Riyadh Ar Rimal  §80,000/annually144m²3apartment for rent in al rimal district – prime location, noran 6 project

apartment no.: 1
(first floor)

consists of:
living room – spacious hall – kitchen – 3 bathrooms – 3 bedrooms including a master bedroom.

notes:
(fully furnished)
(smart entry)
(surveillance cameras)

price:
80,000 in one payment or two installments, including homeowners association fees
negotiable
3,000 security deposit

code number: fc139Ar Rimal, Riyadh",https://sa.aqar.fm/en/apartment-for-rent/riyadh/east-of-riyadh/ar-rimal/apartment-for-rent-6745204,80000,144.0,555.5555555555555,555.5555555555555
Dhahrat Laban,50000,172.0,"Apartment for Rent in Riyadh Dhahrat Laban  §50,000/annually172m²451🏡 ground floor apartment for rent – riyadh | dhahrat laban district

📍 prime location: jabal al-aram street – dhahrat laban district
📍 map location:
https://maps.google.com/?q=24.615522,46.509117

✨ apartment details:
• majlis (sitting room)
• spacious living room
• kitchen
• back yard
• master bedroom
• two bedrooms
• kitchen cabinets included
• air conditioners included
• back yard

💰 annual rent:
50,000 sar (two installments)

🔐 security deposit:
2,500 sar
broker commission is charged to the tenant

license number: 7201015354

📞 contact:
muqrin al-ahmari – the right choice real estate services
((number appears upon clicking call))
therc.saDhahrat Laban, Riyadh",https://sa.aqar.fm/en/apartment-for-rent/riyadh/west-of-riyadh/dhahrat-laban/apartment-for-rent-6743984,50000,172.0,290.69767441860466,290.69767441860466
Al Arid,100000,103.0,"Apartment for Rent in Riyadh Al Arid  §100,000/annually103m²331✨ luxury furnished apartment for rent in khawaled 15 complex, al-arid district ✨
ground floor + two entrances
building a
master bedroom 🛌 with bathroom
two bedrooms with a shared bathroom and balcony
living room 🛋️ with bathroom
kitchen with appliances 👩‍🍳
laundry room 🧺
project features:
📲 smart entry
🅿️ private parking
❄️ central and split air conditioning
📍 7 km from sab metro station
📍 19 km from the airport
📍 22 km from princess noura university
📍 20 km from kafd
complex features:
🏋️‍♀️ private club and swimming pool for men
🏋️‍♀️ private club and swimming pool for women
🛋️ lounge and hospitality area
🌳 green walkways and gardens
📲 smart entry
🅿️ private parking
❄️ split air conditioningAl Arid, Riyadh",https://sa.aqar.fm/en/apartment-for-rent/riyadh/north-of-riyadh/al-arid/apartment-for-rent-6759620,100000,103.0,970.8737864077669,970.8737864077669
Al Fayha,28000,294.0,"Apartment for Rent in Riyadh Al Fayha  §28,000/annually294m²11a suite consisting of a bedroom, a buffet, and a bathroom, furnished and ready for occupancy.Al Fayha, Riyadh",https://sa.aqar.fm/en/apartment-for-rent/riyadh/east-of-riyadh/al-fayha/apartment-for-rent-6635343,28000,294.0,95.23809523809524,95.23809523809524
Hittin,125000,166.0,"Apartment for Rent in Riyadh Hittin  §125,000/annually166m²3🏠 apartment for rent in garden residential complex
📍 second floor
📐 area: 166.3
🛏 bedrooms: 3
price: 125000
for contact and inquiries: [0580004004]Hittin, Riyadh",https://sa.aqar.fm/en/apartment-for-rent/riyadh/north-of-riyadh/hittin/apartment-for-rent-6702291,125000,166.0,753.0120481927711,753.0120481927711
An Nasim Ash Sharqi,32000,221.0,"Apartment for Rent in Riyadh An Nasim Ash Sharqi  §32,000/annually221m²321for rent: a family apartment in al-naseem al-sharqi, al-safwa
second floor, two entrances
living room, hall, two bedrooms, kitchen, two bathrooms
rent: 32,000 in two installments
other apartment offers also available, monthly and annually

we are happy to serve you with more available rental offers, or to list your available rental units.
abad
contact us and leave the rest to usAn Nasim Ash Sharqi, Riyadh",https://sa.aqar.fm/en/apartment-for-rent/riyadh/east-of-riyadh/an-nasim-ash-sharqi/apartment-for-rent-6588959,32000,221.0,144.79638009049773,144.79638009049773
Al Malqa,49000,100.0,"Apartment for Rent in Riyadh Al Malqa  §49,000/annually100m²211📍al-malqa district (spring building 1)
apartment description:
two bedrooms, living room, and independent kitchen, and bathroom
generous discount for a limited time👌🏻💯💯💯💯
including electricity⚡️ and water 🚰
features:
strategic and vital location close to main roads🛣️, close to metro and bus stations🚍, quiet area, close to mosque 🕌, school 📚, sports club, markets, restaurants, cafes ☕️, and commercial centers.
🌟modern finishes
🌟spacious, elegant apartments with view
🌟maintenance
🌟air conditioning
🌟elevator
🌟building guard available
🌟payment plan system available💯
🌟other options available in north and east riyadh
contact number: ((Advertiser's number appears upon contact))
munira✨
we strive for your satisfaction 🌹Al Malqa, Riyadh",https://sa.aqar.fm/en/apartment-for-rent/riyadh/north-of-riyadh/al-malqa/apartment-for-rent-6499267,49000,100.0,490.0,490.0
An Namudhajiyah,90000,128.0,"Floor for Rent in Riyadh An Namudhajiyah  §90,000/annually128m²43for rent upper floor (first) in a villa in al-namudhajiyah district
=============================
the first floor consists of a main entrance from the stairs to the apartment and directly upon entering to the main men's section distributor with a bathroom and washbasins for men and a spacious men's majlis with a private terrace for the majlis and a special outdoor view.

then returning to the men's distributor to go to the entrance and distributor for the women's section and a main kitchen (installed) and washbasins and an external bathroom in the women's distributor and a women's majlis or bedroom 1, then returning to the women's distributor for bedroom 2, then returning to the women's distributor to go to the main room 3 master => (with a bathroom and dressing room and also there is a private and small terrace for the main room and the air conditioners are split units (also installed).

the location is distinguished by being in the center of riyadh area and close to king fahd road and khurais road and al-takhasusi and al-washm and all services are available including schools and markets.

important note
========
there are 2 apartments on the second floor (on the roof) with a private roof consisting of two bedrooms and a small living room and kitchen and two bathrooms with private terraces for the living room and one of the bedrooms (the roof is very spacious) the kitchen is installed and the air conditioners are split units also installed) see the videos you will find them above the photos)

for contact
=====

0532653444

0555291466

0532653111An Namudhajiyah, Riyadh",https://sa.aqar.fm/en/big-flat-for-rent/riyadh/center-of-riyadh/an-namudhajiyah/big-flat-for-rent-6614153,90000,128.0,703.125,703.125
Al Malqa,120000,93.0,"Apartment for Rent in Riyadh Al Malqa  §120,000/annually93m²231apartment for rent - al malqa district
sail 25 project

fully furnished apartment

- two master bedrooms
- living room
- kitchen
- 3 bathrooms
- private rooftop with outdoor seating area
- two basement parking spaces

compound amenities:

- gym: women/men
- outdoor seating area
- green spaces
- garden and outdoor children's playground
- swimming pool

marketing and leasing by abdul mohsen bin mahareb real estate company

920022022
((Advertiser's number appears upon contact))
((Advertiser's number appears upon contact))
((Advertiser's number appears upon contact))
((Advertiser's number appears upon contact))

fal: 1200021236
ad: 7200836415Al Malqa, Riyadh",https://sa.aqar.fm/en/apartment-for-rent/riyadh/north-of-riyadh/al-malqa/apartment-for-rent-6547029,120000,93.0,1290.3225806451612,1290.3225806451612
Al Arid,65000,150.0,"Apartment for Rent in Riyadh Al Arid  §65,000/annually150m²332for rent – apartment in al-aarид neighborhood
second floor in a building with an elevator, consisting of:

- large living room
- 3 bedrooms
- 3 bathrooms
- 5 installed air conditioners
- fitted kitchen
- electric oven with stovetop
- washing machine

price: 65,000 (one payment)
70,000 (two payments)

the building consists of 12 apartments only.Al Arid, Riyadh",https://sa.aqar.fm/en/apartment-for-rent/riyadh/north-of-riyadh/al-arid/apartment-for-rent-6568900,65000,150.0,433.3333333333333,433.3333333333333
Al Fayha,48000,253.0,"Floor for Rent in Riyadh Al Fayha  §48,000/annually253m²531upper floor apartment 🏚️

in al-qahiya neighborhood

consisting of three bedrooms

sitting area + living room + hall
three bathrooms

fitted kitchen
air conditioners not installed

annual rent 50,000
two payments of 25,000
water included
independent electricity meter at tenant's expenseAl Fayha, Riyadh",https://sa.aqar.fm/en/big-flat-for-rent/riyadh/east-of-riyadh/al-fayha/big-flat-for-rent-6601177,48000,253.0,189.72332015810278,189.72332015810278
Al Munsiyah,50000,584.0,"Apartment for Rent in Riyadh Al Munsiyah  §50,000/annually584m²431🏡 luxurious 4-bedroom + living room apartment designed as a floor for rent – prime location in the heart of al-munaysiyah, close to qurtuba

📍 location: al-munaysiyah district – strategic location, close to qurtuba
🏢 floor: first floor
🚪 two independent entrances

**apartment specifications:**
• men's sitting room (majlis)
• tiled flooring
• side women's sitting room
• indoor living room
• two bedrooms
• two bathrooms
• fitted kitchen
• installed split air conditioners
• central air conditioner for the kitchen
• free central gas

✨ **location features:**
adjacent to a middle school for boys
near a park and a mosque
parking spaces in front
prime location close to all services

💰 **rent:** 50,000 sar per year – two installments

📞 **for inquiries and contact:**
abu ryan – video of the apartment is available
0509932257

🔑 a great opportunity to live in an upscale, fully-serviced location.Al Munsiyah, Riyadh",https://sa.aqar.fm/en/apartment-for-rent/riyadh/east-of-riyadh/al-munsiyah/apartment-for-rent-6581027,50000,584.0,85.61643835616438,85.61643835616438
Al Khaleej,20000,50.0,"Apartment for Rent in Riyadh Al Khaleej  §20,000/annually50m²11available: studio apartment — one room, living room, kitchen, and bathroom
kitchen and air conditioners are installed
annual rent: 22,000
paid in two installments

in addition to service fees for all apartments:
1,000 refundable deposit
1,000 water fee

to contact 📞: ((number appears when pressing call))
to contact 📞: ((number appears when pressing call))
rent is available (annual, semi-annual, or quarterly)Al Khaleej, Riyadh",https://sa.aqar.fm/en/apartment-for-rent/riyadh/east-of-riyadh/al-khaleej/apartment-for-rent-6437244,20000,50.0,400.0,400.0
Al Malqa,34000,100.0,"Apartment for Rent in Riyadh Al Malqa  §34,000/annually100m²111**property details:**
📍 al-malqa district (al-taif building)

**apartment description:**

one bedroom, living room, counter kitchen, and bathroom

generous discount for a limited period 👌🏻💯💯💯💯
includes electricity ⚡️ and water 🚰

**features:**
- prime and strategic location, close to main roads 🛣️, near metro and bus station 🚍, quiet area, close to mosque 🕌, school 📚, sports club, markets, restaurants, cafes ☕️, and shopping centers
🌟 modern finishes
🌟 spacious, elegant, and overlooking apartments
🌟 maintenance
🌟 air conditioners
🌟 elevator
🌟 building security guard
🌟 installment payment plan available 💯
🌟 other options available in north and east riyadh

**sarh nubl real estate company**
contact: munira al-qahtani – ((Advertiser's number appears upon contact))Al Malqa, Riyadh",https://sa.aqar.fm/en/apartment-for-rent/riyadh/north-of-riyadh/al-malqa/apartment-for-rent-6499313,34000,100.0,340.0,340.0
An Narjis,78000,121.0,"Apartment for Rent in Riyadh An Narjis  §78,000/annually121m²3**listing number 3971**

**for rent: luxury apartment with high-end specifications**

📍 **location:** al-narjis district – corner location on two streets with distinctive view

✨ **apartment details:**
• smart entry system
• 3 master bedrooms (each room with private bathroom)
• spacious living room
• 5 bathrooms
• maid's room or storage room
• built-in kitchen with italian appliances (oven – microwave – gas cooktop – exhaust hood)
• 5 installed gree air conditioners

💰 **required price:**
• 78,000 sar single payment
• 83,000 sar in two installments

📞 **contact:** abu mishari
0509571553

🏢 **al-ibra real estate company**
marketing – property management – real estate development –
electronic contract writing – owners association – off-plan sales
📍 precise locationAn Narjis, Riyadh",https://sa.aqar.fm/en/apartment-for-rent/riyadh/north-of-riyadh/an-narjis/apartment-for-rent-6616456,78000,121.0,644.6280991735537,644.6280991735537
Qurtubah,75000,140.0,"Apartment for Rent in Riyadh Qurtubah  §75,000/annually140m²431listing number 3975

in the name of allah, the most gracious, the most merciful
peace be upon you and allah's mercy and blessings
please read the advertisement clearly

🏠 apartment for rent – al-majdiya project
📍 qurtuba district – first floor

✨ apartment specifications:
• 3 bedrooms
• separate sitting room
• open living room
• 3 bathrooms
• storage room or maid's room

⭐ features:
• split air conditioning units
• built-in kitchen from ikea

💰 price:
75,000 sar annually

📞 contact:
abu mishari
0509571553

🏢 al-ibra real estate company
marketing – property management – real estate development –
electronic contract writing – owners association – off-plan sales

🕓 working hours: 4 pm to 10 pm
📱 whatsapp available 24 hours

📍 exact locationQurtubah, Riyadh",https://sa.aqar.fm/en/apartment-for-rent/riyadh/east-of-riyadh/qurtubah/apartment-for-rent-6617121,75000,140.0,535.7142857142857,535.7142857142857
Qurtubah,55000,87.0,"Apartment for Rent in Riyadh Qurtubah  §55,000/annually87m²1📍fully furnished apartment for rent in qurtuba district, al ajlan rivera 15 project, prime location close to all services.

building: c
floor: third

consists of:
bedroom + living room + kitchen + bathroom + laundry room + rooftop.

note:
air conditioners installed
fitted kitchen with all electrical appliances + refrigerator + oven + washing machine.

features:
*close to prince mohammed bin salman road
*close to thumama road
*close to sar station
*close to king khalid airport
*close to park avenue
*smart entry
*security cameras inside and outside the building
*fiber internet

price:
55 thousand one payment
60 thousand two payments
including electricity and water

{we welcome all your sale and rental offers}

inquiry: 0553642009

code number: fc929Qurtubah, Riyadh",https://sa.aqar.fm/en/apartment-for-rent/riyadh/east-of-riyadh/qurtubah/apartment-for-rent-6631026,55000,87.0,632.183908045977,632.183908045977
Al Yarmouk,28000,75.0,"Apartment for Rent in Riyadh Al Yarmouk  §28,000/annually75m²21🏠 apartment for annual rent 🏠

🏠 rent paid in two installments 🏠

🏠 ⭐️ ⭐️ ⭐️ 🏠

🏠 specifications 🏠
⬇️⬇️

🏠 one bedroom, living room, kitchen, and bathroom 🏠

🏠 new building 🏠

🏠 fully renovated apartment 🏠

🏠 fitted kitchen 🏠

🏠 split air conditioners installed 🏠

🏠 excellent location, close to all services and main roads 🏠Al Yarmouk, Riyadh",https://sa.aqar.fm/en/apartment-for-rent/riyadh/east-of-riyadh/al-yarmouk/apartment-for-rent-6630239,28000,75.0,373.3333333333333,373.3333333333333
Al Qirawan,70000,116.0,"Apartment for Rent in Riyadh Al Qirawan  §70,000/annually116m²331listing number 4015
in the name of allah, the most gracious, the most merciful
please read the advertisement clearly
peace be upon you and god's mercy and blessings

* luxury apartment for rent in al-qairawan neighborhood
(al-majdiya project)
* ground floor
* area 135 sqm

consists of:

* two entrances
* 3 bedrooms
* 3 bathrooms
* large living room

🛑 kitchen and air conditioners are installed

rental price:
70,000 one payment
75,000 two payments

📞 for contact:
abu rafeef 0556678197
abu saad 0536883439

al-abra real estate company
our services: marketing - property management - real estate development - electronic contract writing - owners association - off-plan sales services
working hours from 4 pm until 10 pm
whatsapp 24 hoursAl Qirawan, Riyadh",https://sa.aqar.fm/en/apartment-for-rent/riyadh/north-of-riyadh/al-qirawan/apartment-for-rent-6640612,70000,116.0,603.448275862069,603.448275862069
At Taawon,100000,184.0,"Apartment for Rent in Riyadh At Taawon  §100,000/annually184m²342for rent: two-story apartment (184 sqm) located on the ground floor
mashallah tabarak allah, al-taawon neighborhood
building facing 3 streets

ground floor: majlis + bathroom
living room + bathroom
built-in kitchen
storage room
courtyard adjacent to kitchen and living room

first floor:
living room
master bedroom
two bedrooms with shared bathroom
small laundry room (or maid's room)

the apartment is equipped with 6 split air conditioners
strategic location close to all services, next to the neighborhood park and mosque, very close to al nakheel mall 800m
othman bin affan road and al-imam road only 500m away

rent: 100,000 one payment or 110,000 in two payments
+ 2,500 homeowners association feesAt Taawon, Riyadh",https://sa.aqar.fm/en/apartment-for-rent/riyadh/north-of-riyadh/at-taawon/apartment-for-rent-6471654,100000,184.0,543.4782608695652,543.4782608695652
Al Arid,40000,400.0,"Apartment for Rent in Riyadh Al Arid  §40,000/annually400m²211apartment for rent in al-aredh district
second floor in a villa
3 rooms, living room, kitchen, and 2 bathrooms
air conditioners installed, kitchen not installed
rent value: 40,000 in two payments
location is incorrect

there is an apartment in al-yasmin district
2 rooms, living room, kitchen, and 1 bathroom
kitchen and air conditioners installed
price: 40,000 in two paymentsAl Arid, Riyadh",https://sa.aqar.fm/en/apartment-for-rent/riyadh/north-of-riyadh/al-arid/apartment-for-rent-6796221,40000,400.0,100.0,100.0
Al Malqa,75000,116.0,"Apartment for Rent in Riyadh Al Malqa  §75,000/annually116m²222listing code: ra 562

🏠 furnished apartment for rent – al malqa district | taleed compound

specifications & features:

✅ 2 bedrooms, 2 bathrooms, and 2 living rooms
✅ luxury furniture from ashley and the factory
✅ automatic washing machine, oven, and kettle
✅ automatic robot vacuum cleaner operating on a scheduled timer
✅ television
✅ men's and women's gym/club within the compound
✅ free pilates classes for residents
✅ very close to the boulevard — approximately 5 minutes away
✅ close to boulevard world and riyadh boulevard
✅ near a variety of cafes and services

💰 annual rent: 75,000 sar
payment: two installments or one lump sum

for inquiries and contact:
551667377Al Malqa, Riyadh",https://sa.aqar.fm/en/apartment-for-rent/riyadh/north-of-riyadh/al-malqa/apartment-for-rent-6885657,75000,116.0,646.551724137931,646.551724137931
Qurtubah,65000,148.0,"Apartment for Rent in Riyadh Qurtubah  §65,000/annually148m²331for rent: a residential apartment in qurtuba district
the apartment consists of 3 rooms, a living room, air conditioners, and a built-in kitchen, inclusive of water and internet
rent: 65,000
https://maps.app.goo.gl/31k6rchd44k4saxna?g_st=icQurtubah, Riyadh",https://sa.aqar.fm/en/apartment-for-rent/riyadh/east-of-riyadh/qurtubah/apartment-for-rent-6781757,65000,148.0,439.18918918918916,439.18918918918916
As Safaa,65000,148.0,"Apartment for Rent in Riyadh As Safaa  §65,000/annually148m²341new second-floor apartment for rent in al-safa district, consisting of: [a231]
living room with balcony
bathroom
american kitchen with laundry room and maid's room with bathroom
three bedrooms, including a master bedroom with a walk-in closet
bathroom

features:
elevator installed – air conditioners installed
reception area and also a children's nursery
close to the mosque and the eastern ring road

price: 65,000 sar

for contact and inquiries: ((number appears when pressing call))

ittihad al-najah real estateAs Safaa, Riyadh",https://sa.aqar.fm/en/apartment-for-rent/riyadh/east-of-riyadh/as-safaa/apartment-for-rent-6840655,65000,148.0,439.18918918918916,439.18918918918916
An Nada,100000,156.0,"Apartment for Rent in Riyadh An Nada  §100,000/annually156m²332for rent – apartment in al nada district
al ramz 17 project
building no. 6
second floor apartment

the apartment consists of the following:
- three bedrooms, including a master bedroom with a wardrobe
- spacious living room
- separate sitting room (majlis)
- three bathrooms
- maid's room with its own bathroom
- fully fitted kitchen with all appliances
- fully installed air conditioners

rental price:
- 110,000 sar – single payment
- 120,000 sar – two payments

https://maps.app.goo.gl/k6zp6ygancfrschu7?g_st=iwAn Nada, Riyadh",https://sa.aqar.fm/en/apartment-for-rent/riyadh/north-of-riyadh/an-nada/apartment-for-rent-6722812,100000,156.0,641.025641025641,641.025641025641
An Narjis,65000,161.0,"Apartment for Rent in Riyadh An Narjis  §65,000/annually161m²321🏠 **for rent – ground floor apartment – al narjis district – two entrances** 🔥

it consists of:
- 2 bedrooms
- large living room (majlis)
- large hall
- 2 bathrooms
- private side yard
- two entrances: a private side entrance + a main building entrance

✨ **fully furnished:**
- 4 installed air conditioners
- fully fitted built-in kitchen with appliances (refrigerator – washing machine – oven – kitchen unit)

📍 **prime location:**
- 10 minutes from the airport
- 3 minutes from king salman road
- 2 minutes from othman bin affan road
- 4 minutes from abu bakr road

💰 **price:**
- **65,000 in one payment**
- **70,000 in two installments**An Narjis, Riyadh",https://sa.aqar.fm/en/apartment-for-rent/riyadh/north-of-riyadh/an-narjis/apartment-for-rent-6793691,65000,161.0,403.72670807453414,403.72670807453414
Al Qadisiyah,43000,360.0,"Apartment for Rent in Riyadh Al Qadisiyah  §43,000/annually360m²431**al-qadisiyyah district – first floor**

- **layout:** 4 rooms + hall + laundry room + storage room
- **dimensions:** living room 5×4, bedroom 5×4, hall 6×3, second room 3×4, large kitchen 5×4.70, laundry room 5×4.20
- **features:** custom decorations, private electricity meter
- **price:** 43,000 in one payment / 48,000 in two paymentsAl Qadisiyah, Riyadh",https://sa.aqar.fm/en/apartment-for-rent/riyadh/east-of-riyadh/al-qadisiyah/apartment-for-rent-6630494,43000,360.0,119.44444444444444,119.44444444444444
An Narjis,55000,450.0,"Apartment for Rent in Riyadh An Narjis  §55,000/annually450m²332🏡 listing code: ra 544

new apartment for rent – al narjis district - second floor

apartment details:
✅ area: 150 m²
✅ two independent entrances
✅ 3 bedrooms, including a master bedroom
✅ 3 bathrooms
✅ independent sitting room (majlis)
✅ large living room
✅ separate fitted kitchen
✅ internal corridor
✅ private rooftop
✅ installed air conditioners
✅ marble washbasins

💰 annual rent:
✅ 55,000 sar – one payment

📞 for inquiries or to schedule a viewing:
551667377An Narjis, Riyadh",https://sa.aqar.fm/en/apartment-for-rent/riyadh/north-of-riyadh/an-narjis/apartment-for-rent-6870300,55000,450.0,122.22222222222223,122.22222222222223
An Narjis,80000,105.0,"Apartment for Rent in Riyadh An Narjis  §80,000/annually105m²221apartment in al-narjis district
prime location; price: 80,000 (single payment) or 85,000 (two installments)
+ 1,000/year for water + 2,000 security deposit (independent electricity meter)

specifications:
building a
area: 229 sqm
age: new
floor: 3rd (elevator available)

layout:
two master bedrooms with balconies, plus a balcony in the living area
bathrooms and kitchen (to be installed by the landlord)
central air conditioning and central vacuum system
smart home features
smart entry system + private basement parking

commission: 2.5% + 15% tax on commission

for viewing and inquiries:
mohammed al-saghir real estate office
((advertiser number visible upon contact))An Narjis, Riyadh",https://sa.aqar.fm/en/apartment-for-rent/riyadh/north-of-riyadh/an-narjis/apartment-for-rent-6463605,80000,105.0,761.9047619047619,761.9047619047619
An Nahdah,64000,157.0,"Apartment for Rent in Riyadh An Nahdah  §64,000/annually157m²332apartment for rent in al-nahda district – prime location, close to all services (karam project)

**age:** new
**floor:** first floor – a-5

**the unit consists of:**
living room – kitchen – three bedrooms (one of which is a master bedroom) – balcony in the living room – storage room – three bathrooms

**notes:**
- passenger elevator
- installed air conditioners
- smart home system
- independent electricity meter
- independent water meter
- private parking space for the apartment
- fully equipped installed kitchen (double-door refrigerator – dishwasher – gas stove – grill oven – microwave – fiber gas cylinder – water purifier with water cooler)

**price:**

- 64,000 – one payment
- 70,000 – two payments

**code: n-370**An Nahdah, Riyadh",https://sa.aqar.fm/en/apartment-for-rent/riyadh/east-of-riyadh/an-nahdah/apartment-for-rent-6819007,64000,157.0,407.64331210191085,407.64331210191085
Al Jazirah,45000,484.0,"Apartment for Rent in Riyadh Al Jazirah  §45,000/annually484m²3for rent, an apartment in al jazeera neighborhood
first floor, renovated

three rooms and a living room
two bathrooms
kitchen not installed
air conditioners not installed
independent meter
40,000 (one payment)
two payments: 45,000Al Jazirah, Riyadh",https://sa.aqar.fm/en/apartment-for-rent/riyadh/east-of-riyadh/al-jazirah/apartment-for-rent-6882815,45000,484.0,92.97520661157024,92.97520661157024
An Nakheel,100000,90.0,"Apartment for Rent in Riyadh An Nakheel  §100,000/annually90m²221for rent – furnished apartment
located on the first upper floor in a residential building
in al-nakheel al-gharbi district
two bedrooms, a living room, and two bathrooms
built-in open kitchen connected to the living room
installed split air conditioners
private parking in the basementAn Nakheel, Riyadh",https://sa.aqar.fm/en/apartment-for-rent/riyadh/north-of-riyadh/an-nakheel/apartment-for-rent-6819179,100000,90.0,1111.111111111111,1111.111111111111
Al Hazm,45000,375.0,"Apartment for Rent in Riyadh Al Hazm  §45,000/annually375m²321🏡 apartment for rent in a new villa | al hazm district – riyadh

✨ modern finishing with clear attention to detail, offering privacy and independent entrances

apartment specifications:

🚪 two independent entrances
🛋️ majlis (reception room) with bathroom
🛋️ living room and fitted kitchen
🛏️ two bedrooms
🚿 two bathrooms
❄️ 5 installed air conditioners
🍽️ fitted kitchen with upper and lower cabinets
💧 water heaters
🪟 windows with modern black frames
🚪 interior wooden doors in an elegant brown color
✨ gypsum ceilings with a modern design, hidden lighting, and spotlights
🧱 large-format, glossy light-colored tile flooring, giving the spaces a sense of spaciousness and elegance
🚿 bathrooms finished with light-colored tiles and marble/stone sinks
🍳 white kitchen countertops with a modern finish
🏠 exterior facade with elegant beige stone cladding
🚪 gate and entrance with a modern design
🌿 independent paved side passage
🧹 tiled walkways and entrances that are easy to clean
✨ finishing

the apartment features a clear harmony between the glossy light-colored tiles, brown wooden doors, black frames, and hidden lighting, giving it a modern and well-organized character.

📍 location: al hazm district – riyadh
📌 quiet location close to services

🏢 al hamad real estate company
📞 ((the number appears when you press call))Al Hazm, Riyadh",https://sa.aqar.fm/en/apartment-for-rent/riyadh/west-of-riyadh/al-hazm/apartment-for-rent-6902280,45000,375.0,120.0,120.0
Al Arid,65000,123.0,"Apartment for Rent in Riyadh Al Arid  §65,000/annually123m²331**apartment details**

**district:** al-arid
**project:** makeen 36
**apartment number:** c6
**area:** 151 sqm
**floor:** first floor
**number of rooms:** 3
**bathrooms:** 3
**laundry room or maid's room**
**balcony overlooking the complex**
**basement parking**
**air conditioners installed, german wood kitchen**
**rental value (one payment):** 65,000
**rental value (two payments):** 70,000
**security deposit:** 3,000Al Arid, Riyadh",https://sa.aqar.fm/en/apartment-for-rent/riyadh/north-of-riyadh/al-arid/apartment-for-rent-6608793,65000,123.0,528.4552845528456,528.4552845528456
Ar Rimal,42000,94.0,"Apartment for Rent in Riyadh Ar Rimal  §42,000/annually94m²21luxury apartment for rent in al-rimal neighborhood, new tanal subdivision.
it consists of:
- living room (majlis)
- hall and kitchen
- 2 bedrooms
- 2 bathrooms
- furnished bedrooms and hall
- air conditioners installed
- rent: 3,500 monthlyAr Rimal, Riyadh",https://sa.aqar.fm/en/apartment-for-rent/riyadh/east-of-riyadh/ar-rimal/apartment-for-rent-6874923,42000,94.0,446.8085106382979,446.8085106382979
Al Arid,70000,164.0,"Apartment for Rent in Riyadh Al Arid  §70,000/annually164m²431**apartment details**

**district:** al-arid
**project:** makeen 36
**apartment number:** c6
**area:** 151 sqm
**floor:** first floor
**number of rooms:** 3
**bathrooms:** 3
**laundry room or maid's room**
**balcony overlooking the complex**
**basement parking**
**air conditioners and german wood kitchen installed**
**rent (one payment):** 65,000
**rent (two payments):** 70,000
**security deposit:** 3,000Al Arid, Riyadh",https://sa.aqar.fm/en/apartment-for-rent/riyadh/north-of-riyadh/al-arid/apartment-for-rent-6809318,70000,164.0,426.8292682926829,426.8292682926829
Riyadh General,25000,60.0,"Apartment for Rent in Riyadh Al Badi'ah  §25,000/annually60m²21for rent – family apartments in al-budayyah district, near al-shumaisi hospital

**details:**
2 bedrooms, american kitchen, and 2 bathrooms
kitchen is fully fitted, air conditioners are installed

🔹 close to al-shumaisi hospital, featuring wide streets

**annual rent: 25,000 sar**
flexible payment options: monthly or every 3 months, as per the listed price

we welcome your inquiries:

((number appears upon clicking call))
((number appears upon clicking call))
((number appears upon clicking call))

https://maps.app.goo.gl/jvpjpnp6e5kgfyyg6Al Badi'ah, Riyadh",https://sa.aqar.fm/en/apartment-for-rent/riyadh/west-of-riyadh/al-badiah/apartment-for-rent-6766023,25000,60.0,416.6666666666667,416.6666666666667
Al Wadi,50000,150.0,"Apartment for Rent in Riyadh Al Wadi  §50,000/annually150m²321for rent: apartment in a building – third floor
location: riyadh, al-wadi district
area: approximately 150 sqm
street: 36m east-facing
age: more than ten years old

the apartment consists of:
2 bedrooms – living room – sitting room – kitchen

number of bathrooms: 2

5 installed split ac units ✅
fitted kitchen ✅
public utilities ✅
elevator ✅

price: 50,000 – one payment

for more details, contact via whatsapp: ((number appears when clicking on call))Al Wadi, Riyadh",https://sa.aqar.fm/en/apartment-for-rent/riyadh/north-of-riyadh/al-wadi/apartment-for-rent-6888410,50000,150.0,333.3333333333333,333.3333333333333
Al Qirawan,75000,94.0,"Apartment for Rent in Riyadh Al Qirawan  §75,000/annually94m²231apartment for rent in a furnished building

floor: second floor
location: riyadh, al-qairawan district
facade: east-facing 30m, south-facing 30m
area: approximately 94 sqm
age: approximately 3 years

the apartment consists of:
2 bedrooms, one of which is a master bedroom + living room + kitchen + balcony

total bathrooms: 3

fully fitted kitchen with electrical appliances ✅
3 split air conditioners installed ✅
private electricity meter ✅
balcony available ✅

price:
75,000 sar

for more details and video, whatsapp: ((Advertiser's number appears upon contact))Al Qirawan, Riyadh",https://sa.aqar.fm/en/apartment-for-rent/riyadh/north-of-riyadh/al-qirawan/apartment-for-rent-6777642,75000,94.0,797.8723404255319,797.8723404255319
An Narjis,75000,173.0,"Apartment for Rent in Riyadh An Narjis  §75,000/annually173m²531apartment for rent in a residential building

floor: second floor
location: riyadh, al narjis district
facade: south-west facing, 18m
area: approximately 173 sqm
age: approximately 6 years

the apartment consists of:
4 rooms, one of which is a master bedroom + living room with storage + kitchen with storage + sitting room with a bathroom

total bathrooms: 3

built-in kitchen ✅
6 split air conditioners installed ✅
private electricity meter ✅
parking space ✅
sewage and water ✅

price:
75,000 sar

for more details and video, whatsapp: ((number appears when clicking on call))An Narjis, Riyadh",https://sa.aqar.fm/en/apartment-for-rent/riyadh/north-of-riyadh/an-narjis/apartment-for-rent-6878161,75000,173.0,433.52601156069363,433.52601156069363
Al Munsiyah,50000,300.0,"Apartment for Rent in Riyadh Al Munsiyah  §50,000/annually300m²321🏡 distinctive apartment for rent in al-munsiyah district – northeast riyadh

a great opportunity to live in al-munsiyah, one of the vibrant and distinguished neighborhoods in the northeast of riyadh city. it is characterized by its strategic location and easy access to major roads and main arteries, in addition to the availability of various services including schools, markets, restaurants, and daily facilities.

📍 location highlights:
• easy access to prince mohammed bin salman road
• close to al-thamama road
• easy access to king khalid international airport
• close to roshan front and park avenue
• close to services, markets, and schools
• a vibrant and distinguished location with easy entry and exit

✨ apartment details:
the apartment has a private entrance and consists of:
• 3 bedrooms
• a large and spacious living room
• open (american-style) kitchen
• 2 bathrooms
• a large and spacious rooftop 🌿
• a practical and comfortable layout suitable for families

note: if the tenant wishes to have air conditioners and kitchen installed by the landlord, this is possible with an adjustment to the rental value.

💰 rental value: 50,000 sar per year – paid in two installments
📌 important note: the rental value does not include water, electricity fees, or the real estate agency commission.

📞 for contact and inquiries:
riadat al-tahawwul real estate services establishment
📍 we welcome you to visit our office, easily reachable via google maps by searching: riadat al-tahawwul real estate services establishment

⭐ riadat al-tahawwul real estate services – we strive to provide outstanding real estate options and professional service to help you find the right property with ease and confidence.Al Munsiyah, Riyadh",https://sa.aqar.fm/en/apartment-for-rent/riyadh/east-of-riyadh/al-munsiyah/apartment-for-rent-6864703,50000,300.0,166.66666666666666,166.66666666666666
Al Malqa,48000,400.0,"Apartment for Rent in Riyadh Al Malqa  §48,000/annually400m²321apartment in a villa in al-malaqa district, on the third floor, with a private independent entrance.
two bedrooms,
a sitting room (majlis),
a living room (salah),
a kitchen,
two bathrooms.
close to all services,
king salman road,
and anas bin malik road.
includes air conditioners and kitchen.Al Malqa, Riyadh",https://sa.aqar.fm/en/apartment-for-rent/riyadh/north-of-riyadh/al-malqa/apartment-for-rent-6803840,48000,400.0,120.0,120.0
An Narjis,34000,475.0,"Apartment for Rent in Riyadh An Narjis  §34,000/annually475m²2🏠 for rent: two-bedroom apartment with living room – al narjis district

📍 location: al narjis district, south of king salman road
🏢 floor: third floor in a villa

apartment features:
• living room
• open kitchen connected to the living room
• two bedrooms
• bathroom
• private rooftop within the apartment

💰 price: 34,000 sar annually
💵 payment: cash, one installment

📋 brokerage contract number: 6201075415

📞 to contact:
((number appears upon clicking call))
((number appears upon clicking call))An Narjis, Riyadh",https://sa.aqar.fm/en/apartment-for-rent/riyadh/north-of-riyadh/an-narjis/apartment-for-rent-6899503,34000,475.0,71.57894736842105,71.57894736842105
Al Malqa,115000,183.0,"Apartment for Rent in Riyadh Al Malqa  §115,000/annually183m²331apartment for rent – north riyadh | al malqa district

a great opportunity to rent a modern apartment in al malqa district, ideally located near the boulevard, essential services, and within close proximity to a mosque.

🔹 apartment details:

• 3 bedrooms
• 3 bathrooms
• living room
• fitted kitchen
• storage room

✨ features:

• prime location near boulevard
• close to a mosque
• close to restaurants, cafés, and essential services
• prestigious and quiet neighborhood
• easy access to main roads
• close to public and international schools

📞 contact:
8001110183Al Malqa, Riyadh",https://sa.aqar.fm/en/apartment-for-rent/riyadh/north-of-riyadh/al-malqa/apartment-for-rent-6750901,115000,183.0,628.4153005464481,628.4153005464481
Al Munsiyah,30000,380.0,"Apartment for Rent in Riyadh Al Munsiyah  §30,000/annually380m²21al-freih real estate....

for rent: family apartment in al-munsiyah district – listing no. 2055 h

specifications:
- area: 120 sqm
- 2 bedrooms
- bathroom
- preparation kitchen
- located on the 2nd floor

features:
- property age: 10 years
- new finishing
- shared electricity
- prime location in east riyadh
- the location serves daily life with all its needs (restaurants, services, gyms, malls, schools, hospitals)

price: 30,000 sar / 2 installments
listing no.: 2055 h
-----------------
al-freih real estateAl Munsiyah, Riyadh",https://sa.aqar.fm/en/apartment-for-rent/riyadh/east-of-riyadh/al-munsiyah/apartment-for-rent-6814440,30000,380.0,78.94736842105263,78.94736842105263
Tuwaiq,50000,292.0,"Floor for Rent in Riyadh Tuwaiq  §50,000/annually292m²6upper floor apartment in tuwaiق neighborhood, consisting of:
living room - hall - three bedrooms, one of which is a master bedroom - kitchen - three bathrooms.

50,000 single payment / 60,000 every six monthsTuwaiq, Riyadh",https://sa.aqar.fm/en/big-flat-for-rent/riyadh/west-of-riyadh/tuwaiq/big-flat-for-rent-6764749,50000,292.0,171.23287671232876,171.23287671232876
Al Yamamah,18500,480.0,"Apartment for Rent in Riyadh Al Yamamah  §18,500/annually480m²321🏡 **for rent – apartment – 3 rooms – riyadh – al yamamah district, near new manfouha**

a great opportunity to live in a vibrant location at the heart of key services, main roads, and public facilities.

✨ **apartment specifications:**

- 3 bedrooms
- living room
- 2 bathrooms
- newly fitted kitchen

💰 **price:** 19,000 sar annually

📞 **for contact and inquiries:**
(((number appears upon pressing call)))Al Yamamah, Riyadh",https://sa.aqar.fm/en/apartment-for-rent/riyadh/center-of-riyadh/al-yamamah/apartment-for-rent-6674916,18500,480.0,38.541666666666664,38.541666666666664
Al Mahdiyah,60000,124.0,"Apartment for Rent in Riyadh Al Mahdiyah  §60,000/annually124m²3**for rent** apartment in al-mahdiya district
apartment consists of:
- 3 bedrooms
- 3 bathrooms
- living room
- kitchen (fitted with all appliances)
- private parking

rental value 60,000Al Mahdiyah, Riyadh",https://sa.aqar.fm/en/apartment-for-rent/riyadh/west-of-riyadh/al-mahdiyah/apartment-for-rent-6683911,60000,124.0,483.8709677419355,483.8709677419355
Al Malqa,110000,149.0,"Floor for Rent in Riyadh Al Malqa  §110,000/annually149m²331🏡 **luxury residential floors and apartments for rent – al malqa district**

📍 **location:**

* al malqa district
* near king fahd road
* close to the saudi german hospital
* near schools, markets, and all services

---

✨ **luxury residential apartments (2 units)**

📐 **area:** 140 m²

🏠 **specifications:**
🛏️ 3 bedrooms
👑 master bedroom
🛋️ living room with a distinctive view
🍽️ open-plan (american) kitchen
🏡 private rooftop
🚿 3 bathrooms
🛗 elevator
⚡ electricity
💧 water
🌐 internet (fiber optic)
🚗 private parking space for each unit

📍 prime location near king fahd road, the saudi german hospital, and all services.

---

💰 **pricing:**

* 110,000 sar annually (with kitchen and air conditioners) – single payment
* 115,000 sar annually (with kitchen and air conditioners) – two paymentsAl Malqa, Riyadh",https://sa.aqar.fm/en/big-flat-for-rent/riyadh/north-of-riyadh/al-malqa/big-flat-for-rent-6783053,110000,149.0,738.255033557047,738.255033557047
Al Arid,60500,117.0,"Apartment for Rent in Riyadh Al Arid  §60,500/annually117m²4ground floor apartment in al-aarid
area: 145 sqm actual with the courtyard, 117 sqm as per title deed
4 bedrooms, one of which is a master bedroom
2 bathrooms
living room
fitted kitchen
installed air conditioners
private water tank
private entrance
private parking

📌 area: 117 sqm as per title deed, total with courtyard 145 sqm
📌 price: 60,500 – one payment, security deposit 1,500, homeowners association fee 2,000
📌 district: al-aaridAl Arid, Riyadh",https://sa.aqar.fm/en/apartment-for-rent/riyadh/north-of-riyadh/al-arid/apartment-for-rent-6860672,60500,117.0,517.0940170940171,517.0940170940171
Al Malqa,90000,98.0,"Apartment for Rent in Riyadh Al Malqa  §90,000/annually98m²331apartment in riviera 22 project, al malqa district, wadi hajar street
fully furnished, air-conditioned with 4 gree brand split ac units, and a smart lock / smart home system.

• **design and space:** the apartment was designed by a professional interior designer, with an area of 100 square meters.
• **property:** building c, apartment c1, ground floor, elevator available.
• **rooms and bathrooms:**
  • 3 bedrooms:
    • master bedroom: king-size bed with wardrobe and private bathroom.
    • second bedroom: queen-size bed with a bedside table.
    • third bedroom: two single beds.
  • 3 bathrooms in total, equipped with water heaters and exhaust fans.
• **living room and kitchen:**
  • living room: 65-inch lg smart tv, sofa set for 5 persons, dining table for 4 persons.
  • fully fitted kitchen: refrigerator, freezer, microwave, italian oven, washing machine, vacuum cleaner, mop, iron, and drying rack. complete black dinnerware set including small and large plates, soup bowls, and cups.
• **parking:** private basement parking.
• **property age:** 3 years.Al Malqa, Riyadh",https://sa.aqar.fm/en/apartment-for-rent/riyadh/north-of-riyadh/al-malqa/apartment-for-rent-6769232,90000,98.0,918.3673469387755,918.3673469387755
Al Munsiyah,75000,124.0,"Apartment for Rent in Riyadh Al Munsiyah  §75,000/annually124m²331real estate links for marketing and real estate development

🏷️ for rent | distinguished apartment
in madaen village complex
al-munsiyah district
📐 area: 125 m²
floor: ground floor

🔹 apartment details:
• 3 bedrooms
• spacious living room
• 3 bathrooms
• kitchen and installed air conditioners
• private parking (basement)
• smart home system

🌟 complex services and facilities:
• lounge
• men's and women's club + swimming pools
• garden
• children's nursery
• work/study area
• guest majlis
• entertainment area
(table games + cinema)

💰 annual rent: 75,000 sar

📞 contact: 0504364475Al Munsiyah, Riyadh",https://sa.aqar.fm/en/apartment-for-rent/riyadh/east-of-riyadh/al-munsiyah/apartment-for-rent-6653701,75000,124.0,604.8387096774194,604.8387096774194
Al Andalus,40000,141.0,"Apartment for Rent in Riyadh Al Andalus  §40,000/annually141m²31apartment for rent in al-andalus neighborhood
for families
consisting of:

three bedrooms

living room

fitted kitchen

two bathrooms

air conditioners installed

45 annually payment and 500 for water rights, ground floorAl Andalus, Riyadh",https://sa.aqar.fm/en/apartment-for-rent/riyadh/east-of-riyadh/al-andalus/apartment-for-rent-6643015,40000,141.0,283.68794326241135,283.68794326241135
Al Mahdiyah,33000,400.0,"Apartment for Rent in Riyadh Al Mahdiyah  §33,000/annually400m²31🏡 apartment for rent (first floor) – al mahdiyah district (south al mahdiyah)

🏢 floor: first
🚪 entrances: two independent entrances

🛋️ specifications & interior layout:
🛏️ 2 bedrooms
🛋️ sitting room + living room
🍳 kitchen
🚽 2 bathrooms

⚡💧 utilities & meters:
⚡ independent electricity meter
💧 water is free (included in the rent)

💰 rental details & payment system:
💵 annual price: 33,000 sar
💳 payment method: monthly payments available (2,750 sar/month)Al Mahdiyah, Riyadh",https://sa.aqar.fm/en/apartment-for-rent/riyadh/west-of-riyadh/al-mahdiyah/apartment-for-rent-6840969,33000,400.0,82.5,82.5
Al Qirawan,42000,333.0,"Floor for Rent in Riyadh Al Qirawan  §42,000/annually333m²441for rent – apartment in al-jubaylah district

**ground floor | furnished**

- 2 entrances
- private entrance
- 4 bedrooms
- living room
- kitchen
- 3 bathrooms
- built-in kitchen
- air conditioners included
- fully furnished

**requirements:**
- small family
- employed

**rent: 42,000 sar** – one or two payments onlyAl Qirawan, Riyadh",https://sa.aqar.fm/en/big-flat-for-rent/riyadh/north-of-riyadh/al-qirawan/big-flat-for-rent-6857487,42000,333.0,126.12612612612612,126.12612612612612
Al Yasmin,80000,149.0,"Apartment for Rent in Riyadh Al Yasmin  §80,000/annually149m²442🏡 luxury two-floor apartment for rent – fully furnished

✨ a luxurious and distinctive apartment for rent, fully furnished and equipped, with a practical design and a strategic location close to the most important destinations and services.

🏠 apartment details:

ground floor:

* two spacious living rooms with a distinctive view
* fully equipped kitchen
* two bathrooms
* luxury finishing and complete furniture

second floor:

* master bedroom
* two bedrooms
* shared bathroom between the rooms
* small lounge

📍 location:

* close to boulevard city
* close to kafd
* close to all services and daily needs
* pharmacies
* supermarket
* banks
* private and government schools

⭐ suitable for families looking for luxury living, comfort, and a prime location.

📞 for contact and inquiries:
price: 90,000 in two installments / 80,000 in one paymentAl Yasmin, Riyadh",https://sa.aqar.fm/en/apartment-for-rent/riyadh/north-of-riyadh/al-yasmin/apartment-for-rent-6831980,80000,149.0,536.9127516778524,536.9127516778524
Al Malqa,60000,139.0,"Apartment for Rent in Riyadh Al Malqa  §60,000/annually139m²331for rent: apartment with rooftop in al-malqa district. families only. 3 bedrooms and living room, sitting room and kitchen. 3 bathrooms. private rooftop. apartment renovated. elevator available. two payments 80,000. one payment 75,000.Al Malqa, Riyadh",https://sa.aqar.fm/en/apartment-for-rent/riyadh/north-of-riyadh/al-malqa/apartment-for-rent-6727674,60000,139.0,431.6546762589928,431.6546762589928
As Safaa,70000,129.0,"Apartment for Rent in Riyadh As Safaa  §70,000/annually129m²231luxury new ground floor apartment for rent in al-safa neighborhood consisting of: [a177]
living room, small storage room
built-in american kitchen
bathroom
maid's room with bathroom
two master bedrooms, each room has a walk-in closet

features:
elevator installed for use like car parking in the basement
kitchen is built-in and air conditioning units are also installed
two minutes away from omar ibn al-khattab road

price: 70,000 riyals negotiable

for contact and inquiries: 0508416644

success union real estateAs Safaa, Riyadh",https://sa.aqar.fm/en/apartment-for-rent/riyadh/east-of-riyadh/as-safaa/apartment-for-rent-6694309,70000,129.0,542.6356589147287,542.6356589147287
Qurtubah,60000,500.0,"Apartment for Rent in Riyadh Qurtubah  §60,000/annually500m²321new luxury apartment for rent in qurtuba district consisting of: [a191]
living room
kitchen
three bedrooms
two bathrooms

features:
kitchen fitted and air conditioners included
distinguished vital location near all services

price: 60,000 sar

for contact and inquiries: 0508416644

success union real estateQurtubah, Riyadh",https://sa.aqar.fm/en/apartment-for-rent/riyadh/east-of-riyadh/qurtubah/apartment-for-rent-6717682,60000,500.0,120.0,120.0
As Safaa,65000,108.0,"Apartment for Rent in Riyadh As Safaa  §65,000/annually108m²231new second-floor apartment for rent in al-safa district, consisting of: [a247]
living room with outdoor seating area
bathroom
separate fitted kitchen with laundry room and maid's room with bathroom
two master bedrooms, one of which has a balcony

features:
elevator -- covered parking spaces
smart entry -- high-end finishing
kitchen appliances and air conditioners included
prime location near services and main roads

price: 65,000 sar

for contact and inquiries: ((number appears when pressing call))

ittihad al-najah real estateAs Safaa, Riyadh",https://sa.aqar.fm/en/apartment-for-rent/riyadh/east-of-riyadh/as-safaa/apartment-for-rent-6890341,65000,108.0,601.8518518518518,601.8518518518518
An Narjis,50000,540.0,"Apartment for Rent in Riyadh An Narjis  §50,000/annually540m²42apartment for rent in front of al masar international school, al narjis district, north of king salman.

second floor apartment consisting of:
3 rooms and a hall with a fully fitted kitchen, a storage room, 2 bathrooms, and a rooftop accessible from the apartment itself, with two separate entrances for men and women.

price: 50,000 sar in two payments, or 60,000 sar in one payment.An Narjis, Riyadh",https://sa.aqar.fm/en/apartment-for-rent/riyadh/north-of-riyadh/an-narjis/apartment-for-rent-6850003,50000,540.0,92.5925925925926,92.5925925925926
Al Khaleej,50000,120.0,"Apartment for Rent in Riyadh Al Khaleej  §50,000/annually120m²421apartment for rent in a villa – al khalij district, east riyadh

specifications:

* 3 bedrooms
* majlis (men's sitting room)
* living room
* kitchen
* 2 bathrooms

location features:

* located in al khalij district, one of the vibrant neighborhoods in east riyadh.
* close to king abdullah road and sheikh jaber al-ahmad al-sabah road.
* easy access to khurais road and the eastern ring road.
* near schools, daily services, and commercial markets.
* close to healthcare centers and pharmacies.
* a location that provides easy commuting to various east riyadh neighborhoods.

a suitable apartment for families looking for housing in a well-serviced location close to all daily needs.Al Khaleej, Riyadh",https://sa.aqar.fm/en/apartment-for-rent/riyadh/east-of-riyadh/al-khaleej/apartment-for-rent-6896110,50000,120.0,416.6666666666667,416.6666666666667
An Narjis,65000,450.0,"Apartment for Rent in Riyadh An Narjis  §65,000/annually450m²341for rent: a two-floor apartment in al-narjis neighborhood, in a prime location close to all services.

apartment specifications:
first floor:
- majlis (sitting room)
- living room
- kitchen
- 2 bathrooms

second floor:
- 3 bedrooms, one master
- 2 bathrooms
- rooftop

* private entrance
* installed air conditioners
* installed kitchen

rent:
65,000

📞 for contact and inquiries, please call the designated number
((the number appears when you press call))An Narjis, Riyadh",https://sa.aqar.fm/en/apartment-for-rent/riyadh/north-of-riyadh/an-narjis/apartment-for-rent-6887244,65000,450.0,144.44444444444446,144.44444444444446
At Taawon,89000,205.0,"Apartment for Rent in Riyadh At Taawon  §89,000/annually205m²442spacious 3-bedroom family apartment | al taawun - satel

a family apartment in al taawun district, located within a residential building managed and operated by satel, featuring a practical layout with spaces suitable for family living, along with continuous maintenance and support services.

apartment details
3 bedrooms (1 master) – majlis – living room – fitted kitchen – 4 bathrooms – laundry room

building features & services
elevator – parking – 24/7 cctv – integrated safety systems – regular maintenance – customer service & maintenance team available to handle requests and inquiries

location
8 minutes from granada metro – 10 minutes from al rabi metro – 7 minutes from prince sultan university – 10 minutes from british international school riyadh – 13 minutes from dr. sulaiman al habib specialist hospital – 7 minutes from al hammadi hospitalAt Taawon, Riyadh",https://sa.aqar.fm/en/apartment-for-rent/riyadh/north-of-riyadh/at-taawon/apartment-for-rent-6863801,89000,205.0,434.1463414634146,434.1463414634146
Hittin,70000,540.0,"Apartment for Rent in Riyadh Hittin  §70,000/annually540m²321🏠 apartment for rent

a distinctive apartment consisting of:
• 3 rooms
• 2 bathrooms
• second floor
• installed air conditioners + installed kitchen
• prime location, suitable for families

📞 for contact and inquiries: [((number appears when clicking on call))]Hittin, Riyadh",https://sa.aqar.fm/en/apartment-for-rent/riyadh/north-of-riyadh/hittin/apartment-for-rent-6863678,70000,540.0,129.62962962962962,129.62962962962962
An Narjis,70000,137.0,"Apartment for Rent in Riyadh An Narjis  §70,000/annually137m²3**apartment for rent in al-narjis district**
**al-majidiya 147**
• first floor
- 3 bedrooms
- 3 bathrooms
- living room
- storage room
- kitchen
- balcony
- air conditioning units installed in all bedrooms and living room
- 1 ground floor parking space

**shared facilities in the complex**
- nursery
- lounge
- women's club
- men's club

amount: 70,000 annually

https://maps.app.goo.gl/2vqep9q4usgwmzjp8?g_st=icAn Narjis, Riyadh",https://sa.aqar.fm/en/apartment-for-rent/riyadh/north-of-riyadh/an-narjis/apartment-for-rent-6684620,70000,137.0,510.94890510948903,510.94890510948903
Al Muruj,90000,138.0,"Apartment for Rent in Riyadh Al Muruj  §90,000/annually138m²331🏡 front-facing apartment for rent – al murooj district | riyadh
location:
https://maps.app.goo.gl/4qdqvhokbpnaorbg7?g_st=iw
📍 on ibn sina street
🏗️ property age: 2 years
apartment specifications:
* 3 bedrooms, one of which is a master
* living room
* laundry room
* kitchen to be installed at the tenant's expense, with the cost deducted by agreement
* air conditioners installed
* private parking space in the basement
* prime location with easy access
💰 annual rent: 90,000 sar, paid in one payment
security deposit: 3,000 sar
broker's commission is paid by the tenant
a suitable apartment for families and ready to move in.Al Muruj, Riyadh",https://sa.aqar.fm/en/apartment-for-rent/riyadh/north-of-riyadh/al-muruj/apartment-for-rent-6902356,90000,138.0,652.1739130434783,652.1739130434783
Al Munsiyah,45000,384.0,"Apartment for Rent in Riyadh Al Munsiyah  §45,000/annually384m²321for rent, an apartment
in al-munsiyah neighborhood
second floor
consisting of:
rooftop
three rooms
living room
built-in kitchen
built-in air conditioners
price: 45Al Munsiyah, Riyadh",https://sa.aqar.fm/en/apartment-for-rent/riyadh/east-of-riyadh/al-munsiyah/apartment-for-rent-6851852,45000,384.0,117.1875,117.1875
Al Qirawan,75000,137.0,"Apartment for Rent in Riyadh Al Qirawan  §75,000/annually137m²331**bintoul 103 project 🏠✨**
apartment for rent – al qairawan district, prime location, close to all amenities ✨
apartment no. 1️⃣2️⃣ – second floor

it consists of ⬇️
• 3 bedrooms, including a master bedroom
• spacious living room
• fully fitted kitchen
• storage room
• 3 bathrooms
• air conditioners installed
• independent electricity meter
• independent water meter
• parking space

apartment area: 137 m²
rent: 75,000 – one payment
80,000 – two paymentsAl Qirawan, Riyadh",https://sa.aqar.fm/en/apartment-for-rent/riyadh/north-of-riyadh/al-qirawan/apartment-for-rent-6856509,75000,137.0,547.4452554744526,547.4452554744526
Al Quds,80000,144.0,"Apartment for Rent in Riyadh Al Quds  §80,000/annually144m²431apartment for rent – al quds district
second floor
new for rent with a private outdoor space – 135 square meters

• 3 bedrooms
• 3 bathrooms
• 1 living room
• 1 dining room
• 1 kitchen
• installed split air conditioners
• water filtration systems
• 24/7 water availability with high pressure
• private underground parking
• smart home system

the building is located on the eastern ring road, exit 8, near granada mall and granada business gate in riyadh, with easy access to:
• granada mall
• several supermarkets and hypermarkets
• mcdonald's / burger king / al baik and many restaurants
• fitness time and sports clubs for men and women

rent: 80,000 in two installmentsAl Quds, Riyadh",https://sa.aqar.fm/en/apartment-for-rent/riyadh/east-of-riyadh/al-quds/apartment-for-rent-6845238,80000,144.0,555.5555555555555,555.5555555555555
Ar Rabie,60000,140.0,"Apartment for Rent in Riyadh Ar Rabie  §60,000/annually140m²431for rent: upper floor villa apartment
location: riyadh, al-rabie district
area: approximately 140 sqm
street: 15m east-facing
age: 10 years

the unit consists of:
3 bedrooms - kitchen - living room - lounge - rooftop

number of bathrooms: 3

3 installed split air conditioners ✅
built-in kitchen ✅
next to a mosque ✅

price: 60,000

for more details, contact via whatsapp: ((number appears when clicking on call))Ar Rabie, Riyadh",https://sa.aqar.fm/en/apartment-for-rent/riyadh/north-of-riyadh/ar-rabie/apartment-for-rent-6843423,60000,140.0,428.57142857142856,428.57142857142856
Ar Rayan,75000,250.0,"Floor for Rent in Riyadh Ar Rayan  §75,000/annually250m²231upper floor apartment in al-rayan neighborhood, consisting of:

* 2 master bedrooms
* men's sitting room (majlis)
* dining room (with an entrance, laundry area, and separate bathroom)
* indoor living room
* fitted kitchen
* maid's room
* laundry room
* private rooftop

distinguished by its location near the eastern ring road and khurais road, and its proximity to services, schools, and a mosque.

floor number: 112
to contact: ((number appears when you press call))Ar Rayan, Riyadh",https://sa.aqar.fm/en/big-flat-for-rent/riyadh/east-of-riyadh/ar-rayan/big-flat-for-rent-6804123,75000,250.0,300.0,300.0
An Narjis,90000,119.0,"Apartment for Rent in Riyadh An Narjis  §90,000/annually119m²331apartment in sail 35 project, al narjis district
((a video clip showing the apartment details is attached to the listing))

**key features**

- two shaded parking spaces in the car basement next to the apartment entrance
- spacious private courtyard for the apartment
- built-in kitchen and air conditioning units

**apartment layout:**
- living room with a private balcony
- bathroom serving the living room and a laundry/maid's room
- high-quality built-in kitchen
- master bedroom
- two additional bedrooms with a bathroom
- spacious private courtyard

---

**rental value:**
- 90,000 – single payment
- 100,000 – two payments

---

**al-shahin real estate**
we welcome all offers and inquiries
buy – sell – rent – property managementAn Narjis, Riyadh",https://sa.aqar.fm/en/apartment-for-rent/riyadh/north-of-riyadh/an-narjis/apartment-for-rent-6852594,90000,119.0,756.3025210084033,756.3025210084033
An Narjis,85000,170.0,"Apartment for Rent in Riyadh An Narjis  §85,000/annually170m²41🏡 apartment for rent in al narjis district – south salman

✨ an apartment with a practical design and a prime location.
apartment on the first floor
sitting room with a bathroom
living room
kitchen
3 bedrooms, one of which is a master bedroom
maid's room with a bathroom
fully fitted kitchen with appliances
split air conditioners installed
smart entrance
two private parking spaces in the basement
*85,000 – single payment*

📍 location
https://maps.app.goo.gl/ne3kaz2aiobj3qds7?g_st=awbAn Narjis, Riyadh",https://sa.aqar.fm/en/apartment-for-rent/riyadh/north-of-riyadh/an-narjis/apartment-for-rent-6697832,85000,170.0,500.0,500.0
Al Malqa,86000,201.0,"Apartment for Rent in Riyadh Al Malqa  §86,000/annually201m²341🏡 **luxury duplex apartment for rent – al malqa district** ✨

📍 **location:** al malqa district – directly on **abhur street**, with a very distinguished location and a wonderful frontage.

a **two-floor** apartment with spacious areas and an elegant practical design, within an excellent building that provides an elevator and outdoor parking.

### ✨ apartment details:

▪️ independent men's sitting room with a bathroom.
▪️ spacious and comfortable living room.
▪️ furnished and fully equipped kitchen.
▪️ guest restroom off the living room.
▪️ **3 bedrooms** on the second floor, including a master bedroom.
▪️ two bedrooms sharing a bathroom between them.
▪️ wardrobe and closet room with an additional bathroom.
▪️ independent laundry room.
▪️ **private rooftop**.
▪️ an additional multi-purpose room on the rooftop.
▪️ elevator in the building.
▪️ outdoor parking spaces.

💎 **a distinguished apartment for those seeking space, privacy, and an exceptional location in al malqa district.**

💰 **annual rent: 86,000 sar**

📞 **for contact and inquiries:**
((number appears when pressing call))
((number appears when pressing call))
((number appears when pressing call))

🏢 **aqarati real estate company**Al Malqa, Riyadh",https://sa.aqar.fm/en/apartment-for-rent/riyadh/north-of-riyadh/al-malqa/apartment-for-rent-6827456,86000,201.0,427.8606965174129,427.8606965174129
Al Arid,110000,143.0,"Apartment for Rent in Riyadh Al Arid  §110,000/annually143m²331### 🏡 **fully furnished luxury apartment for rent in makeen 36 project – al aarid district** ✨

**an exceptional opportunity for luxury living** within one of the most prestigious residential projects in north riyadh, where modern design meets comprehensive services and privacy in an upscale environment.

📍 **location:** **makeen 36** project – **al aarid** district

### ✨ apartment specifications:

▪️ **fully furnished and ready for immediate occupancy.**
▪️ elegant living room with luxurious furnishings.
▪️ spacious and comfortable lounge.
▪️ fully equipped kitchen with all electrical appliances.
▪️ 3 bedrooms, **one of which is fully fitted with modern wardrobes and cabinets.**
▪️ 3 bathrooms with premium finishes.
▪️ small storage room providing additional storage space.
▪️ all air conditioners installed and ready.

### 🌟 project amenities:

✅ private parking (basement).
✅ smart entrances and surveillance cameras.
✅ modern elevators.
✅ internal gardens and green spaces.
✅ air-conditioned and covered corridors.
✅ children's play area.
✅ men's fitness club.
✅ women's fitness club.
✅ men's and women's swimming pools.
✅ jacuzzi, sauna, and steam room.
✅ relaxation area and upscale seating lounges.
✅ safe and quiet residential environment offering the highest levels of comfort and luxury.

💎 **a fully furnished and equipped apartment — all you need is to bring your personal belongings and move in directly, within a project that offers a luxurious lifestyle by every standard.**

💰 **annual rent: 120,000 sar**

🏢 **aqarati real estate company**Al Arid, Riyadh",https://sa.aqar.fm/en/apartment-for-rent/riyadh/north-of-riyadh/al-arid/apartment-for-rent-6759316,110000,143.0,769.2307692307693,769.2307692307693
Umm Salim,35000,85.0,"Apartment for Rent in Riyadh Umm Salim  §35,000/annually85m²321No descriptionUmm Salim, Riyadh",https://sa.aqar.fm/en/apartment-for-rent/riyadh/center-of-riyadh/umm-salim/apartment-for-rent-6848648,35000,85.0,411.7647058823529,411.7647058823529
An Nada,117000,144.0,"Apartment for Rent in Riyadh An Nada  §117,000/annually144m²331🏡 apartment – riviera 31 project |
✨ specifications:
* private rooftop: 80 m²
* 3 bedrooms
* 3 bathrooms
* spacious living room
* sleek & fully equipped kitchen (modern cabinets and practical countertops)
* dedicated storage room
* maid's room & laundry room
* smart lock & installed split acs
📍 location:
al nada district – north riyadh (close to all services and main roads).
🚗 nearby landmarks:
* solitaire mall & roshn front
* imam muhammad ibn saud university
* kingdom hospital & train station
* al thumamah road & prince mohammed bin salman road

📞 for inquiries, details, and to schedule a viewing:
920022709An Nada, Riyadh",https://sa.aqar.fm/en/apartment-for-rent/riyadh/north-of-riyadh/an-nada/apartment-for-rent-6883409,117000,144.0,812.5,812.5
Al Yasmin,95000,152.0,"Apartment for Rent in Riyadh Al Yasmin  §95,000/annually152m²331**luxury apartment for rent in al-yasmin district – exceptional location and high-end finishing**

a remarkable opportunity to reside in one of the most prestigious neighborhoods in northern riyadh — an elegant apartment that combines luxury, comfort, and beautiful views.

📍 **location:** al-yasmin district – a prime location, close to all services and vital amenities.

🔹 **apartment specifications:**
▪️ furnished men's sitting room (majlis) with a stunning street view and a private balcony.
▪️ an independent bathroom serving the majlis.
▪️ spacious furnished living room with a modern and comfortable design.
▪️ fully fitted kitchen, ready for use.
▪️ 3 partially furnished bedrooms.
▪️ 3 bathrooms with elegant finishes.
▪️ all air conditioning units installed and ready for use.

🌟 **additional features:**
✅ all windows offer open and distinctive views.
✅ direct street view.
✅ beautiful view of the interior central garden.
✅ private parking space for the apartment.
✅ modern and quiet building.
✅ strategic location in the heart of al-yasmin district, close to main roads and services.

💎 **a fully furnished luxury residence that offers comfort, privacy, and quality of life in one of the most prestigious neighborhoods in northern riyadh.**

💰 **annual rent: 95,000 sar only**

📞 **for inquiries and viewings:**
((number appears upon pressing call))
((number appears upon pressing call))
((number appears upon pressing call))

🏢 **aqarati real estate company**Al Yasmin, Riyadh",https://sa.aqar.fm/en/apartment-for-rent/riyadh/north-of-riyadh/al-yasmin/apartment-for-rent-6747894,95000,152.0,625.0,625.0
Al Janadriyah,50000,183.0,"Floor for Rent in Riyadh Al Janadriyah  §50,000/annually183m²431**first floor – new & luxurious apartment for rent – al janadriyah district (ghusoon plan) – riyadh – listing no. 1919 h**

an exceptional opportunity for family living in a brand-new floor with high-end modern finishes, in a quiet location close to services and dammam road.

📍 **location:** al janadriyah district (ghusoon plan), riyadh
📐 **area:** 183 m²
🧭 **facade:** north-facing on a 15m street
🏠 **floor:** first floor

✨ **unit specifications:**
* 3 bedrooms (including a master bedroom)
* spacious sitting room (majlis)
* large open living room with dining area
* kitchen with storage room and washing machine hookup
* 3 bathrooms
* car entrance
* independent water and electricity meters
* installed split air conditioners
* brand new property

🌟 **location features:**
* close to all essential services
* easy access to dammam road
* directly behind a public garden plan
* quiet neighborhood suitable for families

💰 **rent:**
50,000 sar annually (one or two installments)

**listing no.: 1919 h**

---
**al furaih real estate**Al Janadriyah, Riyadh",https://sa.aqar.fm/en/big-flat-for-rent/riyadh/east-of-riyadh/al-janadriyah/big-flat-for-rent-6868024,50000,183.0,273.224043715847,273.224043715847
Dhahrat Laban,34000,450.0,"Apartment for Rent in Riyadh Dhahrat Laban  §34,000/annually450m²321two apartments for rent, 3 bedrooms with living room and 4 bedrooms with living room.
close to all services, close to shahd mall.Dhahrat Laban, Riyadh",https://sa.aqar.fm/en/apartment-for-rent/riyadh/west-of-riyadh/dhahrat-laban/apartment-for-rent-6880044,34000,450.0,75.55555555555556,75.55555555555556
Tuwaiq,31000,97.0,"Apartment for Rent in Riyadh Tuwaiq  §31,000/annually97m²221apartment for rent in a very clean residential complex
in riyadh, tuwaiq district
on the ground floor
all services are nearby
independent electricity
water by tanker (water truck)
kitchen installed
air conditioners installed

apartment specifications:
master bedroom
bedroom
large living room
kitchen
two bathrooms

annual rent: 31,000 sar
every six months: 15,500 sar

contact: 0557672536Tuwaiq, Riyadh",https://sa.aqar.fm/en/apartment-for-rent/riyadh/west-of-riyadh/tuwaiq/apartment-for-rent-6756988,31000,97.0,319.58762886597935,319.58762886597935
An Nada,90000,137.0,"Apartment for Rent in Riyadh An Nada  §90,000/annually137m²3luxury apartment for rent – al nada district, riyadh

in a luxury residential project distinguished by its location, design, and quality of finishes.

* 3 bedrooms including a master bedroom
* 3 bathrooms
* dining room
* separate sitting room
* equipped kitchen
* central air conditioners
* fully furnished
* excellent finishes and modern design

a fully integrated apartment, ideal for those seeking upscale, move-in ready housing in one of the prestigious neighborhoods in northern riyadh.

📍 location: al nada district – riyadhAn Nada, Riyadh",https://sa.aqar.fm/en/apartment-for-rent/riyadh/north-of-riyadh/an-nada/apartment-for-rent-6885917,90000,137.0,656.9343065693431,656.9343065693431
An Narjis,53495,262.0,"Apartment for Rent in Riyadh An Narjis  §53,495/annually262m²321luxury residential unit for rent.

**layout:**
(3 bedrooms 🛏️ - living room 🛋️ - 2 bathrooms 🚾 - kitchen)

**amenities:**
- split air conditioning units
- kitchen cabinets
- independent electricity meter

**contract system:** annual

**payment options 💷:**
annual / one-time payment / semi-annualAn Narjis, Riyadh",https://sa.aqar.fm/en/apartment-for-rent/riyadh/north-of-riyadh/an-narjis/apartment-for-rent-6785148,53495,262.0,204.1793893129771,204.1793893129771
Dhahrat Laban,55000,140.0,"Apartment for Rent in Riyadh Dhahrat Laban  §55,000/annually140m²331for rent - apartment for families only, first floor, consisting of:
two bedrooms, a living room, a sitting room, a kitchen, and three bathrooms, with a balcony.
new building with an elevator and a private parking space in the basement.
split air conditioners and a built-in kitchen.
there is also another apartment with the same details next to it.

contact: 0551503311Dhahrat Laban, Riyadh",https://sa.aqar.fm/en/apartment-for-rent/riyadh/west-of-riyadh/dhahrat-laban/apartment-for-rent-6741503,55000,140.0,392.85714285714283,392.85714285714283
Ar Rawabi,70000,113.0,"Apartment for Rent in Riyadh Ar Rawabi  §70,000/annually113m²331apartment in a 5-story residential building (al-rawabi district)
area: 173 sqm
the apartment consists of:
two master bedrooms and a living room
3 bathrooms
fitted kitchen
fitted air conditioners

apartment features:
private rooftop
balcony
elevator
smart entry and control system
close to all services
air-conditioned corridors
building cleaning staff
private parking (basement) with additional eastern parking spacesAr Rawabi, Riyadh",https://sa.aqar.fm/en/apartment-for-rent/riyadh/east-of-riyadh/ar-rawabi/apartment-for-rent-6719982,70000,113.0,619.4690265486726,619.4690265486726
Al Malqa,60000,123.0,"Apartment for Rent in Riyadh Al Malqa  §60,000/annually123m²331apartment for rent in al-malqa district

3 rooms + living room + men's sitting room + 3 bathrooms


for contact:
khalidAl Malqa, Riyadh",https://sa.aqar.fm/en/apartment-for-rent/riyadh/north-of-riyadh/al-malqa/apartment-for-rent-6698342,60000,123.0,487.8048780487805,487.8048780487805
Ar Rayan,68000,86.0,"Apartment for Rent in Riyadh Ar Rayan  §68,000/annually86m²331🏡 **new apartment for rent – makeen project | al rayyan district**

✨ a great opportunity to live in a brand-new apartment within the makeen project, featuring a modern design and comprehensive amenities that provide comfort for the whole family.

**🛋️ apartment specifications:**

* 🛏️ two master bedrooms.
* 🛋️ spacious living room.
* 🍽️ fitted kitchen.
* ❄️ built-in air conditioners.
* 🌿 private courtyard / outdoor space.
* 🚗 private parking space.
* 🆕 brand new apartment (first occupant).

**🏢 project amenities:**

* 💪 men's gym.
* 🏊‍♂️ men's swimming pool.
* ♨️ sauna.
* 💃 women's gym.
* 🏊‍♀️ women's swimming pool.
* 👶 nursery and kindergarten.
* 🕌 prayer room.
* 🌳 quiet and safe residential environment with comprehensive services.Ar Rayan, Riyadh",https://sa.aqar.fm/en/apartment-for-rent/riyadh/east-of-riyadh/ar-rayan/apartment-for-rent-6757147,68000,86.0,790.6976744186046,790.6976744186046
Dhahrat Laban,36000,150.0,"Apartment for Rent in Riyadh Dhahrat Laban  §36,000/annually150m²431🏠✨ residential apartment in a prime location – laban district ✨🏠

📍 location: intersection of najran street and najd street
⭐ prime location, close to services and vital facilities

🛋️ apartment details:
🔹 4 rooms
🛏️ 2 bedrooms
🍽️ dining room
🛋️ living room/sitting area
🚪 2 independent entrances

📍 location features:
✅ vibrant and prime location
✅ close to services and shops
✅ easy access and exit

📞 for contact and inquiries:
📱 number appears upon pressing call – whatsapp communication availableDhahrat Laban, Riyadh",https://sa.aqar.fm/en/apartment-for-rent/riyadh/west-of-riyadh/dhahrat-laban/apartment-for-rent-6889506,36000,150.0,240.0,240.0
Ar Rimal,55000,101.0,"Apartment for Rent in Riyadh Ar Rimal  §55,000/annually101m²341for rent: new apartment in al-rimal district (aknan 24)

* air conditioners included
* kitchen included
* independent electricity meter
* men's and women's fitness center
* children's entertainment and gaming room
* swimming pool
* lounge
* private basement parking space numbered with the apartment
* smart entry, security systems, and smart home features
* water included

――――――――――――――――――――――――――――――

the apartment consists of:

living room / kitchen / 2 bedrooms including a master bedroom / 4 bathrooms

――――――――――――――――――――――――――――――

note: the kitchen will be installed after coordinating with the tenant to choose the desired style.

down payment: 55,000 sar
monthly: 5,000 sar

al-sharq contracts real estate services officeAr Rimal, Riyadh",https://sa.aqar.fm/en/apartment-for-rent/riyadh/east-of-riyadh/ar-rimal/apartment-for-rent-6753975,55000,101.0,544.5544554455446,544.5544554455446
An Nahdah,27000,60.0,"Apartment for Rent in Riyadh An Nahdah  §27,000/annually60m²111available apartment in al-nahda district
consisting of: one bedroom, a living room, and a bathroom
features: built-in air conditioners + built-in kitchen
car parking 🚗 + surveillance cameras 📹
prime location with all services available 📍
to contact 📞: ((number appears when pressing call))
to contact 📞: ((number appears when pressing call))

rental available (annual, semi-annual, or quarterly)An Nahdah, Riyadh",https://sa.aqar.fm/en/apartment-for-rent/riyadh/east-of-riyadh/an-nahdah/apartment-for-rent-6645060,27000,60.0,450.0,450.0
Qurtubah,80000,124.0,"Apartment for Rent in Riyadh Qurtubah  §80,000/annually124m²331for rent – apartment in al qurtubah district
al asalah building

the apartment consists of:
- 1 master bedroom
- 2 bedrooms
- a spacious living room
- a fitted kitchen
- 2 bathrooms
- all air conditioners included (split units)
- smart door lock

available furnished for rent:
- 80,000 in one payment
- 85,000 in two payments
- monthly payment available: 7,500 per month

https://maps.app.goo.gl/ihpspnvkjjxbfsj57?g_st=icQurtubah, Riyadh",https://sa.aqar.fm/en/apartment-for-rent/riyadh/east-of-riyadh/qurtubah/apartment-for-rent-6816512,80000,124.0,645.1612903225806,645.1612903225806
Al Ghadir,110000,109.0,"Apartment for Rent in Riyadh Al Ghadir  §110,000/annually109m²231🏷️ furnished apartment for rent in wakn 25 – al ghadir district

📌 property details
• fully furnished apartment
• second floor
• 2 master bedrooms
• 3 bathrooms
• living room
• fully equipped kitchen + kitchenette
• washing machine
• installed ac units
• basement parking
• installed shutters
• balcony

💰 rent
• 110,000 sar annually

🏢 why alama realty
✔ professional local support
✔ carefully curated property listings
✔ clear and transparent communication
✔ premium experience tailored for professionals and residentsAl Ghadir, Riyadh",https://sa.aqar.fm/en/apartment-for-rent/riyadh/north-of-riyadh/al-ghadir/apartment-for-rent-6764877,110000,109.0,1009.1743119266055,1009.1743119266055
Hittin,95000,144.0,"Apartment for Rent in Riyadh Hittin  §95,000/annually144m²331🏠 apartment for rent – hittin district

📐 area: 144 m²
🏢 floor: second

apartment details:
• sitting room with a bathroom
• kitchen with storage room + built-in kitchen cabinets
• spacious living room
• two bedrooms with a shared bathroom
• master bedroom
• 6 built-in split air conditioners

📍 prime location:
• located on the busy al-tahlia street
• 3 minutes from the intersection of turki first road and prince mohammed bin salman road
• 5 minutes from boulevard world, boulevard city, and kingdom arena
• close to all commercial, healthcare, and educational services

📞 for contact and inquiries:
((number appears upon clicking call))Hittin, Riyadh",https://sa.aqar.fm/en/apartment-for-rent/riyadh/north-of-riyadh/hittin/apartment-for-rent-6878453,95000,144.0,659.7222222222222,659.7222222222222
Al Mohammadiyah,57000,540.0,"Apartment for Rent in Riyadh Al Mohammadiyah  §57,000/annually540m²321apartment for rent – al muhammadiyah district
independent electricity meter
it consists of:
three bedrooms
living room
kitchen
two bathrooms
57,000 in two payments
50,000 in one paymentAl Mohammadiyah, Riyadh",https://sa.aqar.fm/en/apartment-for-rent/riyadh/north-of-riyadh/al-mohammadiyah/apartment-for-rent-6726390,57000,540.0,105.55555555555556,105.55555555555556
Al Mahdiyah,35000,450.0,"Apartment for Rent in Riyadh Al Mahdiyah  §35,000/annually450m²311apartment for rent in al-mahdia neighborhood
it consists of:
- living room
- hall
- two bedrooms
- kitchen
- two bathrooms
- apartment on the first floor
- apartment with two entrancesAl Mahdiyah, Riyadh",https://sa.aqar.fm/en/apartment-for-rent/riyadh/west-of-riyadh/al-mahdiyah/apartment-for-rent-6869445,35000,450.0,77.77777777777777,77.77777777777777
King Abdullah,48000,100.0,"Apartment for Rent in Riyadh King Abdullah  §48,000/annually100m²311available

furnished studio, large space – 2,500 monthly
one bedroom and living room, unfurnished – 3,500 monthly
two bedrooms and living room – 4,000 monthly

in a residential building on al-alamein street, uthman ibn affan roads

((the number appears when pressing call))King Abdullah, Riyadh",https://sa.aqar.fm/en/apartment-for-rent/riyadh/north-of-riyadh/king-abdullah/apartment-for-rent-6858999,48000,100.0,480.0,480.0
Ar Rimal,65000,128.0,"Apartment for Rent in Riyadh Ar Rimal  §65,000/annually128m²331apartment for rent in a commercial building consisting of:

- living room (majlis)
- hall
- kitchen
- 3 bedrooms, one of which is a master bedroom
- 3 bathrooms
- 6 split air conditioners (installed)
- built-in kitchen cabinets + electric oven

one payment: 60,000
two payments: 65,000
monthly: 5,500

for inquiries, contact: ((((Advertiser's number appears upon contact)))) abdulrahmanAr Rimal, Riyadh",https://sa.aqar.fm/en/apartment-for-rent/riyadh/east-of-riyadh/ar-rimal/apartment-for-rent-6835072,65000,128.0,507.8125,507.8125
Al Malqa,50000,375.0,"Apartment for Rent in Riyadh Al Malqa  §50,000/annually375m²331apartment for rent in al malqa district
apartment area: 133 sqm

details:
second floor
spacious independent living room + private bathroom
spacious hall + bathroom + light well
two medium-sized bedrooms + shared bathroom
3 bathrooms
built-in kitchen + air conditioners
location features: 4 entrances to the neighborhood, all services available around the location
apartment location:Al Malqa, Riyadh",https://sa.aqar.fm/en/apartment-for-rent/riyadh/north-of-riyadh/al-malqa/apartment-for-rent-6888239,50000,375.0,133.33333333333334,133.33333333333334
Ar Rawdah,65000,325.0,"Apartment for Rent in Riyadh Ar Rawdah  §65,000/annually325m²331first occupancy apartment in al-rawdah district, in a building with an excellent location, very close to all services.

it consists of:
- 3 bedrooms (2 master bedrooms)
- kitchen
- living room
- 3 bathrooms (2 in the master bedrooms)

- air conditioner in each room
- central vacuum system
- private parking
- external rooftop
- elevator available

district: al-rawdah
https://maps.app.goo.gl/y9atgxab6kd46weq6?g_st=iw

rent: 65,000 (one payment)
70,000 (two payments)

god is the granter of success.Ar Rawdah, Riyadh",https://sa.aqar.fm/en/apartment-for-rent/riyadh/east-of-riyadh/ar-rawdah/apartment-for-rent-6884052,65000,325.0,200.0,200.0
Qurtubah,50000,438.0,"Apartment for Rent in Riyadh Qurtubah  §50,000/annually438m²421apartment for rent in qurtubah neighborhood

i have an apartment in qurtubah neighborhood, directly behind othaim markets.
3 bedrooms, a living room, a kitchen, a small storage room, two bathrooms, two entrances to the apartment, third floor, no roof access.
air conditioners are installed.
kitchen is installed.
private parking.
private electricity meter.
only one apartment in the villa.

street: 20
in a villa
price: 50,000, paid in one or two installmentsQurtubah, Riyadh",https://sa.aqar.fm/en/apartment-for-rent/riyadh/east-of-riyadh/qurtubah/apartment-for-rent-6758408,50000,438.0,114.15525114155251,114.15525114155251
Al Manar,70000,145.0,"Apartment for Rent in Riyadh Al Manar  §70,000/annually145m²331new furnished second-floor apartment for rent in al-manar neighborhood consisting of:
living room with bathroom
american kitchen
3 bedrooms including one master bedroom
bathroom

features:
passenger elevator
fitted kitchen equipped with latest electrical appliances
new split air conditioners
smart entry - luxury furniture
steps away from all services and also khurais road

price: 70,000 sar negotiable

for contact and inquiries: ((Advertiser's number appears upon contact))

we provide residential and commercial lease contract documentation service through the ejar platform with speed and reliability, officially and certified.
contact us now and complete your contract easily: ((Advertiser's number appears upon contact))

success union real estate
all your real estate services in one placeAl Manar, Riyadh",https://sa.aqar.fm/en/apartment-for-rent/riyadh/east-of-riyadh/al-manar/apartment-for-rent-6595877,70000,145.0,482.7586206896552,482.7586206896552
As Safaa,65000,122.0,"Apartment for Rent in Riyadh As Safaa  §65,000/annually122m²331luxurious new first-floor apartment for rent in al-safa neighborhood consisting of: [a187]
living room with balcony
bathroom with sinks
american kitchen
laundry room
three bedrooms including one master bedroom
bathroom

features:
kitchen is being installed as well as air conditioners
elevator is installed
steps away from omar ibn al-khattab road and rapid transit stations

price: 65,000 sar

for contact and inquiries: 0508416644

success union real estateAs Safaa, Riyadh",https://sa.aqar.fm/en/apartment-for-rent/riyadh/east-of-riyadh/as-safaa/apartment-for-rent-6717603,65000,122.0,532.7868852459017,532.7868852459017
Al Yarmouk,75000,142.0,"Apartment for Rent in Riyadh Al Yarmouk  §75,000/annually142m²331**contact number: 0506896274**

🏡 **new apartment for rent | al-yarmouk district – riyadh**

✨ a brand-new apartment with a modern design and contemporary finishing, move-in ready, in a prime location. the residential complex includes: (women's and men's prayer rooms – swimming pool – women's and men's club – men's and women's lounge – play area – garden area), and is close to all services.

📍 **location:**
https://maps.app.goo.gl/pxtp8584upmbdqmh8?g_st=iw
• al-yarmouk district – riyadh
• next to a large mosque
• behind ibn rushd school
• health center within the neighborhood
• quiet location, suitable for families

🏠 **apartment details:**
• 3 bedrooms
• 3 bathrooms
• living room
• fully fitted and ready kitchen
• first floor
• building no. 8
• apartment no. 7
• brand new – first occupant

❄️ **air conditioning:**
• 24 btu ac unit in the living room
• 24 btu ac unit in the master bedroom

🔐 **smart access:**
• apartment entry via code or fingerprint
• private parking in the basement
• parking access via special code
• parking control via mobile app
• apartment door password management via mobile app

💰 **annual rent: 75,000 sar**
⚡ electricity and water are the tenant's responsibility.

📸 photos of the apartment are attached. viewings are available for serious inquiries only.Al Yarmouk, Riyadh",https://sa.aqar.fm/en/apartment-for-rent/riyadh/east-of-riyadh/al-yarmouk/apartment-for-rent-6696379,75000,142.0,528.169014084507,528.169014084507
Al Arid,65000,100.0,"Apartment for Rent in Riyadh Al Arid  §65,000/annually100m²3📍 **for rent – new apartment in the details project, al-aarid district**

all services available
🛣️ close to abu bakr al-siddiq road – al-aarid

🚪 **specifications:**
- garden and children's playground
- outdoor seating areas
- super deluxe finishing
- apartment located on the second floor

**consists of:**
- living room with central air conditioning
- fitted kitchen
- two bedrooms with installed air conditioners
- three bathrooms
- smart home system
- smart entry for the building and apartment
- surveillance cameras in the building with smart access
- women's and men's club for building residents

**price: 65,000 sar**Al Arid, Riyadh",https://sa.aqar.fm/en/apartment-for-rent/riyadh/north-of-riyadh/al-arid/apartment-for-rent-6870799,65000,100.0,650.0,650.0
Al Yarmouk,75000,135.0,"Apartment for Rent in Riyadh Al Yarmouk  §75,000/annually135m²4four-bedroom apartment with living room, three to four bathrooms
in a building
ground floor
with courtyard
private parking
three bedrooms, one of which is master
living room, hall, and kitchen
price 75
air conditioners installed
kitchen to be installedAl Yarmouk, Riyadh",https://sa.aqar.fm/en/apartment-for-rent/riyadh/east-of-riyadh/al-yarmouk/apartment-for-rent-6726038,75000,135.0,555.5555555555555,555.5555555555555
Ar Rimal,60000,169.0,"Apartment for Rent in Riyadh Ar Rimal  §60,000/annually169m²541for rent – penthouse

- al ramal district, independent entrance and private parking.

* first floor: independent majlis, living room, kitchen, and one bedroom.
* second floor: two master bedrooms, two additional bedrooms, a bathroom, and an outdoor laundry area.
* private rooftop suitable for an outdoor seating area.

price: 60,000 sar annually.
((number appears when pressing call))
contact for viewing.

location: al ramal district
[view location on map](https://maps.app.goo.gl/qdvwn9pfufvusmge6?g_st=ic)Ar Rimal, Riyadh",https://sa.aqar.fm/en/apartment-for-rent/riyadh/east-of-riyadh/ar-rimal/apartment-for-rent-6823610,60000,169.0,355.0295857988166,355.0295857988166
Al Arid,65000,139.0,"Apartment for Rent in Riyadh Al Arid  §65,000/annually139m²2apartment for rent
location: al arid district
unit code: 497

price: 65,000

details:
2 bedrooms
spacious living room
private entrance
private yard
2 bathrooms

unit features:
✨ air conditioners installed
✨ wide, spacious windows
✨ smart entry

location features:
🛣️ 1 minute from king abdulaziz road
🛣️ 3 minutes from king fahd road
⚡️ 2 minutes from the saudi electricity companyAl Arid, Riyadh",https://sa.aqar.fm/en/apartment-for-rent/riyadh/north-of-riyadh/al-arid/apartment-for-rent-6902477,65000,139.0,467.62589928057554,467.62589928057554
Al Malqa,70000,130.0,"Apartment for Rent in Riyadh Al Malqa  §70,000/annually130m²431apartment for rent in al malqa district
in a building
al majidiyah project
area: 130 sqm
ground floor
3 bedrooms, 3 bathrooms, and a fully fitted kitchen with appliances, built-in air conditioners, and water heaters
it has a side yard, a private entrance, a main entrance, a private parking space, and consists of a sitting room and a living room
rent: 70,000 one payment or two paymentsAl Malqa, Riyadh",https://sa.aqar.fm/en/apartment-for-rent/riyadh/north-of-riyadh/al-malqa/apartment-for-rent-6789686,70000,130.0,538.4615384615385,538.4615384615385
Al Arid,75000,172.0,"Apartment for Rent in Riyadh Al Arid  §75,000/annually172m²331apartment for rent – al aarid district

**apartment details:**
- **district:** al aarid
- **project:** diva residence al aarid
- **apartment number:** c8
- **floor:** ground floor
- two entrances to the apartment
- **number of rooms:** 3
- maid's room + driver's room in the basement
- 3 bathrooms
- private courtyard for the apartment
- external parking space
- air conditioners and kitchen included
- **rent (single payment):** 70,000 sar
- **rent (two payments):** 75,000 sar
- **security deposit:** 3,000 sar

**homeowners association fees are to be paid by the tenant**Al Arid, Riyadh",https://sa.aqar.fm/en/apartment-for-rent/riyadh/north-of-riyadh/al-arid/apartment-for-rent-6697275,75000,172.0,436.04651162790697,436.04651162790697
An Nasim Al Gharbi,41000,312.0,"Floor for Rent in Riyadh An Nasim Al Gharbi  §41,000/annually312m²531(( a small family is required, and there is no monthly rent ))
(( the floor's location is correct, but those who wish to inspect the property must come to the office — the office location is mentioned at the end of the advertisement ))

an upper floor (directly above the ground floor) for rent — families only — in al-naseem al-gharbi district. very prime location, close to khurais, the metro station, and near all services. two entrances, a majlis, a maqalat, three bedrooms, a living room, 3 bathrooms, a fitted kitchen, and an independent electricity meter. the entrance is shared with a rented apartment on the rooftop. annual rent: 45,000 sar in two installments. water: 1,000 sar per year.

for contact: al-zoman real estate office (( the number appears when you press ""call"" ))
office location: al-naseem al-gharbi district, abdullah bin masoud street, opposite al-dhiyab mosque.An Nasim Al Gharbi, Riyadh",https://sa.aqar.fm/en/big-flat-for-rent/riyadh/east-of-riyadh/an-nasim-al-gharbi/big-flat-for-rent-6796637,41000,312.0,131.4102564102564,131.4102564102564
Al Yasmin,72000,140.0,"Apartment for Rent in Riyadh Al Yasmin  §72,000/annually140m²332for rent: two apartments in al yasmine neighborhood
first occupant after complete renovation and restoration.

apartment layout:
- independent sitting room
- living room
- kitchen
- 2 bedrooms
- 2 bathrooms

apartment no. 303 on the second floor:
- split air conditioners installed
- modern custom-made aluminum kitchen to be installed
- price: 65,000 in one payment

apartment no. 202:
- price: 72,500 in one paymentAl Yasmin, Riyadh",https://sa.aqar.fm/en/apartment-for-rent/riyadh/north-of-riyadh/al-yasmin/apartment-for-rent-6783728,72000,140.0,514.2857142857143,514.2857142857143
Al Uraija Al Gharbiyah,60000,400.0,"Floor for Rent in Riyadh Al Uraija Al Gharbiyah  §60,000/annually400m²531**furnished upper floor for rent in al-uraija district**

**it consists of:**
• an entrance courtyard
• 🛋️ private sitting room with a bathroom 🛁
• 🍽️ kitchen
• 🛌 master bedroom
• 🛌 two bedrooms
• 🛋️ living room
• 🚽 bathrooms
• private rooftop

🌟 **apartment features** 🌟
• close to the mosque
• close to all services
• installed air conditioners
• furnished sitting room
• furnished living room
• installed kitchen
• dishwasher
• 2 refrigerators

**rent:**
💵 annual: 60,000
💵 6 months: 30,000Al Uraija Al Gharbiyah, Riyadh",https://sa.aqar.fm/en/big-flat-for-rent/riyadh/west-of-riyadh/al-uraija-al-gharbiyah/big-flat-for-rent-6806427,60000,400.0,150.0,150.0
Al Munsiyah,45000,600.0,"Apartment for Rent in Riyadh Al Munsiyah  §45,000/annually600m²321apartment for rent on the third floor in al-munsiyah
two bedrooms
sitting room
living room
two bathrooms
shared electricity
equipped with new air conditioners and a new kitchenAl Munsiyah, Riyadh",https://sa.aqar.fm/en/apartment-for-rent/riyadh/east-of-riyadh/al-munsiyah/apartment-for-rent-6856418,45000,600.0,75.0,75.0
Al Mahdiyah,50000,139.0,"Apartment for Rent in Riyadh Al Mahdiyah  §50,000/annually139m²31apartment for rent – al mahdia district

apartment details:

- air conditioners installed
- kitchen installed
- men's sitting room (majlis)
- living room (hall)
- kitchen
- 3 bedrooms
- 1 master bedroom
- 2 bathrooms (external)
- 55,000 (two payments)
- 50,000 (one payment)Al Mahdiyah, Riyadh",https://sa.aqar.fm/en/apartment-for-rent/riyadh/west-of-riyadh/al-mahdiyah/apartment-for-rent-6807344,50000,139.0,359.71223021582733,359.71223021582733
Al Arid,63000,132.0,"Apartment for Rent in Riyadh Al Arid  §63,000/annually132m²331apartment for rent – al-arid district ✨

🔸 three bedrooms with a master unit
🔸 spacious living room
🔸 three bathrooms
🔸 fully equipped kitchen
🔸 installed air conditioners
🔸 private parking
🔸 small basement suitable for storage

apartment location features 📍

▫️ located in al-arid district, one of the vibrant neighborhoods in northern riyadh
▫️ close to main roads with easy access
▫️ near schools and daily services
▫️ close to restaurants, cafes, and markets
▫️ quiet neighborhood suitable for family living
▫️ all essential services available around the location
▫️ easy entry and exit from the neighborhoodAl Arid, Riyadh",https://sa.aqar.fm/en/apartment-for-rent/riyadh/north-of-riyadh/al-arid/apartment-for-rent-6843250,63000,132.0,477.27272727272725,477.27272727272725
Al Munsiyah,75000,159.0,"Apartment for Rent in Riyadh Al Munsiyah  §75,000/annually159m²531✨ apartment for rent – al munsiyah

🔸 men's sitting room (majlis)
🔸 tiled flooring
🔸 spacious living room
🔸 two bedrooms
🔸 one of which is a master bedroom
🔸 dressing room
🔸 fully equipped kitchen by abyat
🔸 3 bathrooms

♦️ rent includes homeowners association fees

air conditioners and kitchen are included

apartment location features 📍

▫️ located in al munsiyah neighborhood, one of the vibrant districts in east riyadh
▫️ close to main roads with easy access
▫️ near schools and daily services
▫️ close to restaurants, cafés, and markets
▫️ quiet neighborhood suitable for family living
▫️ all essential services available around the location
▫️ easy entry and exit from the neighborhoodAl Munsiyah, Riyadh",https://sa.aqar.fm/en/apartment-for-rent/riyadh/east-of-riyadh/al-munsiyah/apartment-for-rent-6864636,75000,159.0,471.6981132075472,471.6981132075472
Al Malqa,85000,159.0,"Apartment for Rent in Riyadh Al Malqa  §85,000/annually159m²311luxurious apartment in al-malqa district, located on the second floor of a new villa — first occupant. it consists of:

**apartment specifications:**

- large living room
- 3 bedrooms, one of which is a master bedroom
- 3 bathrooms
- private rooftop

- maid's room
- fitted kitchen
- air conditioners installed
- car entrance

**new**

- 3 bedrooms, one of which is a master bedroom
- separate kitchen
- maid's room with bathroom
- dedicated laundry room
- living room with private rooftop

**annual rent:**
- 85,000 sar

**for contact:**
khaledAl Malqa, Riyadh",https://sa.aqar.fm/en/apartment-for-rent/riyadh/north-of-riyadh/al-malqa/apartment-for-rent-6778636,85000,159.0,534.5911949685535,534.5911949685535
Al Munsiyah,42000,300.0,"Apartment for Rent in Riyadh Al Munsiyah  §42,000/annually300m²4apartment for rent in al-munsiyah district ✨

🔸 four bedrooms and three bathrooms
🔸 equipped kitchen
🔸 clean finishes and comfortable for living
🔸 prime location close to services and main roads
🔸 suitable for families and newlyweds

📍 location: al-munsiyah district

apartment location features 📍

▫️ located in al-munsiyah, one of the vibrant neighborhoods in east riyadh
▫️ close to main roads with easy accessibility
▫️ near schools and daily services
▫️ close to restaurants, cafes, and markets
▫️ quiet neighborhood suitable for family living
▫️ all essential services available around the location
▫️ easy entry and exit from the neighborhoodAl Munsiyah, Riyadh",https://sa.aqar.fm/en/apartment-for-rent/riyadh/east-of-riyadh/al-munsiyah/apartment-for-rent-6886327,42000,300.0,140.0,140.0
As Safaa,47000,300.0,"Apartment for Rent in Riyadh As Safaa  §47,000/annually300m²221new second-floor apartment for rent in al-safa neighborhood, luxury finishing, consisting of: [a185]
private rooftop
living room with a bathroom and sinks
installed american kitchen
two bedrooms
bathroom

features:
kitchen and air conditioners are installed
large private rooftop
steps away from the mosque and omar ibn al-khattab street, and two minutes from the eastern ring road

price: 47,000 sar

for contact and inquiries: ((number appears when pressing call))

ittihad al-najah real estateAs Safaa, Riyadh",https://sa.aqar.fm/en/apartment-for-rent/riyadh/east-of-riyadh/as-safaa/apartment-for-rent-6735495,47000,300.0,156.66666666666666,156.66666666666666
As Safaa,75000,300.0,"Apartment for Rent in Riyadh As Safaa  §75,000/annually300m²222a new second-floor apartment with an independent entrance for rent in al-safa district, consisting of: [a233]
a sitting room with a bathroom
a spacious living room with an outdoor seating area
an american-style kitchen
two bedrooms, including a master bedroom

features:
independent entrance — elevator installed
smart entry — parking space
air conditioners installed, kitchen currently being fitted
just steps away from the mosque and the eastern ring road

price: 75,000 sar, negotiable

for contact and inquiries: ((number appears when pressing call))

ittihad al-najah real estateAs Safaa, Riyadh",https://sa.aqar.fm/en/apartment-for-rent/riyadh/east-of-riyadh/as-safaa/apartment-for-rent-6845030,75000,300.0,250.0,250.0
Al Malqa,40000,234.0,"Apartment for Rent in Riyadh Al Malqa  §40,000/annually234m²111listing code / ra160

🏡 apartment for rent inside taleed compound – hittin district
a premium compound offering full services and a prestigious location

available apartment details:

🔹 fourth model:
✅ majlis
✅ bedroom
✅ kitchen
✅ bathroom

💰 prices:
40,000 sar one payment
45,000 sar two payments

✅ rent includes:
✅ electricity
✅ water
✅ homeowners association

🔐 security deposit:
✅ 2,000 sar refundable

for contact and inquiries:
920024941 | ((Advertiser's number appears upon contact)) | ((Advertiser's number appears upon contact))Al Malqa, Riyadh",https://sa.aqar.fm/en/apartment-for-rent/riyadh/north-of-riyadh/al-malqa/apartment-for-rent-6608595,40000,234.0,170.94017094017093,170.94017094017093
Ar Rimal,35000,500.0,"Apartment for Rent in Riyadh Ar Rimal  §35,000/annually500m²321🏠 apartment for rent – al-rimal al-sa'idan district
📍 first floor
consists of:
• 2 bedrooms
• living room
• sitting room (majlis)
• 2 bathrooms
✨ suitable for families
💰 rent: 35,000 sar
two installments or monthlyAr Rimal, Riyadh",https://sa.aqar.fm/en/apartment-for-rent/riyadh/east-of-riyadh/ar-rimal/apartment-for-rent-6870862,35000,500.0,70.0,70.0
Al Malqa,65000,160.0,"Apartment for Rent in Riyadh Al Malqa  §65,000/annually160m²531for rent: second floor apartment in a villa
location: riyadh - al malqa
area: approximately 160 sqm
facade: eastern
age: more than 10 years
consisting of:
majlis - 3 bedrooms - living room - kitchen - maid's room - 3 bathrooms - rooftop.

number of bathrooms: 3

- fitted kitchen
- independent electricity
- 5 window ac units + 1 split ac
- elevator

price: 65,000

for more details whatsapp: 0568288007Al Malqa, Riyadh",https://sa.aqar.fm/en/apartment-for-rent/riyadh/north-of-riyadh/al-malqa/apartment-for-rent-6727863,65000,160.0,406.25,406.25
Al Aqiq,63000,135.0,"Apartment for Rent in Riyadh Al Aqiq  §63,000/annually135m²3**apartment for rent | al-aqiq district**

specifications:

* large living room
* 3 bedrooms, including a master bedroom
* built-in kitchen
* storage room
* installed air conditioners
* 3 bathrooms

📍 prime location in al-aqiq district

price: 75,000

https://maps.app.goo.gl/35s4kehksapjzw6aa?g_st=icAl Aqiq, Riyadh",https://sa.aqar.fm/en/apartment-for-rent/riyadh/north-of-riyadh/al-aqiq/apartment-for-rent-6835882,63000,135.0,466.6666666666667,466.6666666666667
Al Malqa,110000,139.0,"Apartment for Rent in Riyadh Al Malqa  §110,000/annually139m²523**🏷️ luxury two-floor apartment - al malqa district**

two floors with an independent entrance for each floor.
5 bedrooms (3 master).
4 spacious living rooms.
7 bathrooms.
kitchen equipped with cabinets and appliances.
fully installed air conditioning.
two parking spaces (1 outdoor + 1 basement).

**price: 120,000 sar**

negotiable

https://maps.app.goo.gl/dxc4xwvilpgufegt8Al Malqa, Riyadh",https://sa.aqar.fm/en/apartment-for-rent/riyadh/north-of-riyadh/al-malqa/apartment-for-rent-6759426,110000,139.0,791.3669064748201,791.3669064748201
As Saadah,40000,540.0,"Apartment for Rent in Riyadh As Saadah  §40,000/annually540m²4🔝upper floor apartment for rent🔝

- prime location in al saada district with full services

🏡 facilities 🏡

* majlis (sitting room) + bathroom
* maqlat (inner hallway)
* living room
* 2 bedrooms + bathroom
* kitchen

* total rooms: 4 rooms
* bathrooms: 2

💡 property features 💡
- close to all services
- steps away from the mosque
- steps away from al saada square restaurants and cafés complex
- close to the metro station
- close to peninsula road

▪️ the most precise real estate contracts and property management ▪️

contact 📞
((number appears when you press call))
((number appears when you press call))As Saadah, Riyadh",https://sa.aqar.fm/en/apartment-for-rent/riyadh/east-of-riyadh/as-saadah/apartment-for-rent-6801631,40000,540.0,74.07407407407408,74.07407407407408
Al Malqa,64000,118.0,"Apartment for Rent in Riyadh Al Malqa  §64,000/annually118m²431luxury apartment for rent – ground floor

the apartment consists of:

* two bedrooms with a bathroom
* an open living room connected to a kitchen

living room, sitting room, a kitchen room within the living area, and two bathrooms

smart entry system

rental price: 65,000

for contact:
khaledAl Malqa, Riyadh",https://sa.aqar.fm/en/apartment-for-rent/riyadh/north-of-riyadh/al-malqa/apartment-for-rent-6699700,64000,118.0,542.3728813559322,542.3728813559322
Ar Rawabi,73000,400.0,"Villa for Rent in Riyadh Ar Rawabi  §73,000/annually400m²41property name: al rawabi
villa no. {1}
1. property age: [3 years]
2. ground floor
3. number of rooms: [4]
4. number of living rooms: [1]
5. number of bathrooms: [4]
6. kitchen: [built-in]
7. air conditioners: [7 built-in air conditioners]
8. general apartment features:
9. external courtyard
luxury finishing, distinctive design
security cameras
rent: 73,000 sar including water
security deposit: 1,500 sarAr Rawabi, Riyadh",https://sa.aqar.fm/en/villa-for-rent/riyadh/east-of-riyadh/ar-rawabi/villa-for-rent-6877076,73000,400.0,182.5,182.5
Al Arid,68000,134.0,"Apartment for Rent in Riyadh Al Arid  §68,000/annually134m²3ground floor apartment for rent in al-arid neighborhood

* 3 bedrooms (including one master bedroom)
* maid's room
* spacious living room
* built-in kitchen
* built-in air conditioning

rent: 70,000 riyals annuallyAl Arid, Riyadh",https://sa.aqar.fm/en/apartment-for-rent/riyadh/north-of-riyadh/al-arid/apartment-for-rent-6686776,68000,134.0,507.46268656716416,507.46268656716416
As Sahafah,120000,112.0,"Apartment for Rent in Riyadh As Sahafah  §120,000/annually112m²221✨luxury apartment in a tower in al-sahafa district
consisting of:
✨master bedroom
✨bedroom
✨office
✨living room
✨two bathrooms
✨independent kitchen

men's gym available
women's gym available

🚘private parking availableAs Sahafah, Riyadh",https://sa.aqar.fm/en/apartment-for-rent/riyadh/north-of-riyadh/as-sahafah/apartment-for-rent-6458743,120000,112.0,1071.4285714285713,1071.4285714285713
Al Fakhiriyah,50000,120.0,"Apartment for Rent in Riyadh Al Fakhiriyah  §50,000/annually120m²221two-floor apartment for rent - al-fakheriya district

living room
hall
two bathrooms
kitchen (fitted) + storage under the stairs
large master bedroom
laundry room
private rooftop

shared entrance
separate meter

for marketing and leasing:
abdul mohsen bin maharib real estate company

920022022

advertisement license: 7201152447
fal: 1200021236Al Fakhiriyah, Riyadh",https://sa.aqar.fm/en/apartment-for-rent/riyadh/west-of-riyadh/al-fakhiriyah/apartment-for-rent-6897289,50000,120.0,416.6666666666667,416.6666666666667
Al Mahdiyah,45000,130.0,"Apartment for Rent in Riyadh Al Mahdiyah  §45,000/annually130m²321for rent, apartment in al-mahdiyah district
large apartment
upper floor apartment
consisting of a men's sitting room with a bathroom
and a women's sitting room with a bathroom
and a large living room
and two bedrooms with a bathroom between them
and a fitted kitchen
rent: 40,000 in one payment
or 44,000 in two paymentsAl Mahdiyah, Riyadh",https://sa.aqar.fm/en/apartment-for-rent/riyadh/west-of-riyadh/al-mahdiyah/apartment-for-rent-6641411,45000,130.0,346.15384615384613,346.15384615384613
Irqah,90000,107.0,"Apartment for Rent in Riyadh Irqah  §90,000/annually107m²2🏷️apartments for rent | al majidiya 155 project – arqa district

two bedrooms (one master) • spacious living room • 3 bathrooms • private basement parking

kitchen and air conditioning will be installed upon contract signing according to tenant's preference.

premium shared services including outdoor seating areas and private gardens for residents.

rent: 90,000 sar annually
payment: two installments

*full furnishing option available according to tenant's preference.*

https://maps.app.goo.gl/gyjj2hguptombfq1a?g_st=icIrqah, Riyadh",https://sa.aqar.fm/en/apartment-for-rent/riyadh/west-of-riyadh/irqah/apartment-for-rent-6697566,90000,107.0,841.1214953271028,841.1214953271028
Ash Sharq,36000,438.0,"Apartment for Rent in Riyadh Ash Sharq  §36,000/annually438m²4✨first floor apartment for rent in al-bayan neighborhood✨

📍 location: al-bayan neighborhood – quiet and distinctive location
🏠 details:
    * 2 bedrooms
    * living room
    * 2 bathrooms
    * majlis (sitting room)
    * kitchen
    * shared electricity meter

💰 rental price 3000 sar monthly
✅ the apartment is suitable for families seeking comfort and privacy

📞 for contact and inquiries: [0536365489]Ash Sharq, Riyadh",https://sa.aqar.fm/en/apartment-for-rent/riyadh/east-of-riyadh/ash-sharq/apartment-for-rent-6668600,36000,438.0,82.1917808219178,82.1917808219178
Ash Sharq,35000,199.0,"Apartment for Rent in Riyadh Ash Sharq  §35,000/annually199m²3✨second floor apartment for rent in al-bayan district✨

📍 location: al-bayan district – quiet and distinguished location
🏠 details:

• men's sitting room
• single entrance only
• 3 bedrooms, one of them master
• maid's room
• laundry room
• living room
• 3 bathrooms
• independent water tank and electricity meter

💰 rental price: 35,000 riyals in one payment or two payments

✅ the apartment is suitable for families seeking comfort and privacy
✅ quiet environment and close to schools, markets, and essential services

📞 for contact and inquiries: [0536365489]Ash Sharq, Riyadh",https://sa.aqar.fm/en/apartment-for-rent/riyadh/east-of-riyadh/ash-sharq/apartment-for-rent-6668615,35000,199.0,175.87939698492463,175.87939698492463
Al Yasmin,130000,92.0,"Apartment for Rent in Riyadh Al Yasmin  §130,000/annually92m²331fully furnished with a private parking space for the apartment.
the project also offers several amenities including a men's gym, a women's gym, a lounge, and various other available facilities.Al Yasmin, Riyadh",https://sa.aqar.fm/en/apartment-for-rent/riyadh/north-of-riyadh/al-yasmin/apartment-for-rent-6765128,130000,92.0,1413.0434782608695,1413.0434782608695
Al Yasmin,55000,180.0,"Apartment for Rent in Riyadh Al Yasmin  §55,000/annually180m²341🏡 duplex apartment for rent | al-yasmin district – al-khayala street

a distinctive apartment for rent in al-yasmin district, located in building no. 106 – apartment no. 2, spanning two floors (ground + first).

apartment details:
• 3 bedrooms, one of which is a master bedroom
• sitting room (majlis)
• living room
• built-in kitchen
• small storage room
• built-in air conditioners
• private parking space

💰 annual rent:
• 60,000 sar – single payment
• 65,000 sar – two payments

🔒 security deposit: 2,000 sar

📍 location: riyadh – al-yasmin district – al-khayala street

📞 contact:
((number appears when clicking on call))Al Yasmin, Riyadh",https://sa.aqar.fm/en/apartment-for-rent/riyadh/north-of-riyadh/al-yasmin/apartment-for-rent-6872670,55000,180.0,305.55555555555554,305.55555555555554
Ash Sharq,50000,171.0,"Apartment for Rent in Riyadh Ash Sharq  §50,000/annually171m²4✨ first floor apartment for rent in al-bayan district ✨

📍 location: al-bayan district – quiet and distinguished location close to services
🏠 details:
     • area 175 sqm
     • 3 spacious bedrooms including one master + comfortable living room + sitting room
     • laundry room and storage
     • maid's room
     • elevator
     • independent electricity meter
     • independent water tank
     • private parking
     • split air conditioning units installed
     • owners association

💰 rent 50 thousand in one payment or two payments

✅ the apartment is suitable for families seeking comfort and privacy
✅ quiet environment close to schools, markets, and basic services

📞 for contact and inquiries: [((Advertiser's number appears upon contact))]Ash Sharq, Riyadh",https://sa.aqar.fm/en/apartment-for-rent/riyadh/east-of-riyadh/ash-sharq/apartment-for-rent-6482537,50000,171.0,292.39766081871346,292.39766081871346
Dahiat Namar,23000,76.0,"Apartment for Rent in Riyadh Dahiat Namar  §23,000/annually76m²321apartment for rent in dhahiyat namar district
in a new villa
3 bedrooms
living room
2 bathrooms
without kitchen or air conditioners
excellent finishing
rent: 23,000 thousand in two payments
or monthly rent is available

companies or employees are preferredDahiat Namar, Riyadh",https://sa.aqar.fm/en/apartment-for-rent/riyadh/west-of-riyadh/dahiat-namar/apartment-for-rent-6845096,23000,76.0,302.63157894736844,302.63157894736844
Hittin,110000,166.0,"Apartment for Rent in Riyadh Hittin  §110,000/annually166m²3apartment for rent in hittin district in a prime location
near the boulevard and king khalid road
area: 166 sqm
balcony spanning the full width of the apartment with an area of 21 sqm
second floor apartment
consisting of 3 bedrooms
3 bathrooms
reception hall
laundry room
fully equipped kitchen with the latest appliances

all rooms + reception hall have balconies overlooking the compound courtyard
split air conditioners + smart entry systems + private parking space

the compound features:
men's and women's gym
cinema with the option to book a private room for families
supermarket
nursery
children's game room
barbershop
business office
integrated services
green spaces and indoor garden
security guards at the compound
smartphone application for compound servicesHittin, Riyadh",https://sa.aqar.fm/en/apartment-for-rent/riyadh/north-of-riyadh/hittin/apartment-for-rent-6753151,110000,166.0,662.6506024096385,662.6506024096385
King Abdullah,210000,186.0,"Floor for Rent in Riyadh King Abdullah  §210,000/annually186m²642🏠 abdul mohsen al-rusaiss & sons group presents a ground floor unit for rent – king abdullah district

enjoy a living experience that combines a prime location, comfort, and easy access to various services. the apartment is situated in a vibrant area that provides easy access to main roads, daily amenities, and transportation, offering a practical residential environment suitable for individuals and families.

📍 apartment details

📍 location: king abdullah district – al-thaghr street – banban street

📐 area: 186.44 m²

💰 rental value:

210,000 annually

🏡 apartment specifications

🔹 3 bedrooms + 1 maid's room
🔹 4 bathrooms
🔹 1 spacious living room
🔹 1 fully equipped kitchen (air conditioner + refrigerator + microwave + oven)
🔹 1 sitting room (majlis)

✨ features

✅ vibrant location close to services
✅ easy access to main roads
✅ nearby garden
✅ 2 parking spaces in front of the apartment
✅ spacious areas
✅ fully installed and fitted air conditioning

📞 for inquiries or to schedule a viewing appointment, please contact the number listed in the advertisement, and our team will be happy to assist you.

or contact us at: 920031005King Abdullah, Riyadh",https://sa.aqar.fm/en/big-flat-for-rent/riyadh/north-of-riyadh/king-abdullah/big-flat-for-rent-6792610,210000,186.0,1129.032258064516,1129.032258064516
Al Murabba,55000,203.0,"Apartment for Rent in Riyadh Al Murabba  §55,000/annually203m²11furnished apartment for rent - al muraba'a

bedroom
living room
open kitchen to the living room
bathroom

the apartment is fully furnished
built-in kitchen + small electric oven (single burner) + washing machine + exhaust fan + microwave
built-in air conditioners
rent includes water and electricity

services within 2 minutes:
metro station
riyadh avenue mall
lulu hypermarket
a variety of international and local restaurants and cafes

price:
55,000 sar with an annual contract
rent available (monthly, semi-annual, annual)

monthly: (5,500 sar) with an annual contract

for marketing and leasing:
abdul mohsen bin maharib real estate company

920022022

rega license: 1200021236
advertisement: 7201143593Al Murabba, Riyadh",https://sa.aqar.fm/en/apartment-for-rent/riyadh/center-of-riyadh/al-murabba/apartment-for-rent-6885469,55000,203.0,270.935960591133,270.935960591133
Hittin,145000,127.0,"Apartment for Rent in Riyadh Hittin  §145,000/annually127m²3good evening
luxury apartment for rent in hittin district
located in the upscale khawaled 10 complex, which includes gardens, swimming pool, sports clubs for men and women, lounges, billiards hall and tennis

in a prime location near king khalid road and prince mohammed bin salman road
and close to the sports boulevard project

apartment details:
- apartment area 128 sqm
- 3 bedrooms
- 3 bathrooms
- spacious living room and dining room
- fully equipped kitchen
- laundry room

apartment features:
- fully furnished - luxury furniture
- garden view of the complex
- close to prominent tourist landmarks in riyadhHittin, Riyadh",https://sa.aqar.fm/en/apartment-for-rent/riyadh/north-of-riyadh/hittin/apartment-for-rent-6566846,145000,127.0,1141.732283464567,1141.732283464567
Al Arid,47000,420.0,"Apartment for Rent in Riyadh Al Arid  §47,000/annually420m²321apartment for rent
al-arid district
area: 120 square meters
consists of:
living room, 2 bedrooms, hall, 2 bathrooms, kitchen — fully renovated and completely refurbished

without air conditioners and kitchen (appliances)

rent: 47,000 in two payments

https://maps.google.com/?q=24.890779,46.618389Al Arid, Riyadh",https://sa.aqar.fm/en/apartment-for-rent/riyadh/north-of-riyadh/al-arid/apartment-for-rent-6817216,47000,420.0,111.9047619047619,111.9047619047619
Al Wadi,35000,40.0,"Apartment for Rent in Riyadh Al Wadi  §35,000/annually40m²11upstairs studio apartment for rent for one person only:

bedroom + kitchen + bathroom + washbasins
split ac unit installed + kitchen currently being fitted
🚧 furnishing available according to tenant's preference
🚧 rent value includes utilities (water and electricity)
excellent location, close to all services and main roads
contact via whatsapp
((number appears when you press call))
((number appears when you press call))Al Wadi, Riyadh",https://sa.aqar.fm/en/apartment-for-rent/riyadh/north-of-riyadh/al-wadi/apartment-for-rent-6784213,35000,40.0,875.0,875.0
Al Arid,38000,250.0,"Apartment for Rent in Riyadh Al Arid  §38,000/annually250m²321for rent – apartment in a villa, al-arid neighborhood

private entrance
excellent location, close to raihanah bint zaid street, near the mosque and all services

installed air conditioners
fitted kitchen

the apartment consists of:
- 2 bedrooms
- living room
- kitchen
- private rooftop
- 2 bathrooms

newlyweds preferred
to contact: (number appears when you click ""call"")Al Arid, Riyadh",https://sa.aqar.fm/en/apartment-for-rent/riyadh/north-of-riyadh/al-arid/apartment-for-rent-6743375,38000,250.0,152.0,152.0
Al Munsiyah,40000,400.0,"Apartment for Rent in Riyadh Al Munsiyah  §40,000/annually400m²321price: 42,000 (one payment) or 45,000 (two payments)

🏡 for rent | distinguished apartment in al-munsiyah district

📍 inside a villa – second floor
✨ spacious apartment suitable for families

🔹 consists of:
• 2 bedrooms 🛏️
• sitting room (majlis)
• living room (hall)
• 2 bathrooms 🚿
• separate kitchen
• without air conditioners
• private rooftop 🌤️

💰 price:
▪️ 45,000 sar annually — two payments
▪️ 42,000 sar annually — one payment

📞 for contact and inquiries:
((number appears when pressing call))Al Munsiyah, Riyadh",https://sa.aqar.fm/en/apartment-for-rent/riyadh/east-of-riyadh/al-munsiyah/apartment-for-rent-6803113,40000,400.0,100.0,100.0
Al Arid,75000,144.0,"Apartment for Rent in Riyadh Al Arid  §75,000/annually144m²331✨ offer code: ra 550

🏡 apartment for rent | in al-shu'laan 50 complex

📍 location: al-arid district

🏢 project: al-shu'laan 50
🔹 apartment number: c6
🔹 floor: first floor
🔹 area: 144 m²

✨ apartment details:

• 3 bedrooms
• master bedroom with private balcony
• balcony
• built-in kitchen
• built-in air conditioners
• refrigerator
• washing machine
• electric stove
• oven
• exhaust hood
• private parking space in the basement
• no private yard or rooftop
• no maid's room

✨ al-shu'laan 50 complex amenities:

• lounge
• men's gym
• women's gym
• children's play area

💰 rental price:

75,000 sar per year (single payment)
75,000 sar per year (two installments)

📞 for inquiries or to book a viewing appointment, please contact the following numbers:

557592030 | 500740220 | 551667377 | 557590330Al Arid, Riyadh",https://sa.aqar.fm/en/apartment-for-rent/riyadh/north-of-riyadh/al-arid/apartment-for-rent-6873478,75000,144.0,520.8333333333334,520.8333333333334
As Safaa,65000,108.0,"Apartment for Rent in Riyadh As Safaa  §65,000/annually108m²241a new second-floor apartment with luxury finishing for rent in al-safa district, consisting of: [a232]

living room with rooftop
bathroom
independent fitted kitchen with a maid's room including a bathroom
two bedrooms, including a master bedroom with a walk-in closet
bathroom

features:
elevator installed — parking spaces
fitted kitchen, air conditioners included, along with a central ac for the living room
smart entry — luxury finishing

price: 65,000 sar

for contact and inquiries: ((number appears when pressing call))

**ittihad al-najah real estate**As Safaa, Riyadh",https://sa.aqar.fm/en/apartment-for-rent/riyadh/east-of-riyadh/as-safaa/apartment-for-rent-6840942,65000,108.0,601.8518518518518,601.8518518518518
Al Jazirah,45000,484.0,"Apartment for Rent in Riyadh Al Jazirah  §45,000/annually484m²221No descriptionAl Jazirah, Riyadh",https://sa.aqar.fm/en/apartment-for-rent/riyadh/east-of-riyadh/al-jazirah/apartment-for-rent-6845151,45000,484.0,92.97520661157024,92.97520661157024
Ar Rimal,42000,191.0,"Floor for Rent in Riyadh Ar Rimal  §42,000/annually191m²421for rent: apartment in al rimal district
modern, luxury finishing
has two entrances

first floor in a new villa
three rooms and a living room
two bathrooms
kitchen installed
2 split air conditioners installed

price: 42,000, paid in two installmentsAr Rimal, Riyadh",https://sa.aqar.fm/en/big-flat-for-rent/riyadh/east-of-riyadh/ar-rimal/big-flat-for-rent-6838749,42000,191.0,219.89528795811518,219.89528795811518
Al Malaz,30000,40.0,"Apartment for Rent in Riyadh Al Malaz  §30,000/annually40m²3apartment in al malaz district
for rent

for contact:
((number appears when pressing call))
((number appears when pressing call))
((number appears when pressing call))Al Malaz, Riyadh",https://sa.aqar.fm/en/apartment-for-rent/riyadh/east-of-riyadh/al-malaz/apartment-for-rent-6863508,30000,40.0,750.0,750.0
Al Masif,47000,100.0,"Apartment for Rent in Riyadh Al Masif  §47,000/annually100m²221north riyadh

from the finest neighborhoods

available in al-masif, al-murooj, al-falah, al-waaha, and al-sulimaniyah districts

apartment
two bedrooms, living room, kitchen, 2 bathrooms
for families, close to all services

one bedroom, living room, kitchen, and bathroom

studios

advantages:
free internet and cameras throughout the building
car parking

600 meters from the northern ring road
between exit 5 and exit 6
quiet area
close to mosque and parking area
10 minutes from king abdullah financial district
15 minutes from boulevard
25 minutes from king khalid airport

also available:
apartments for rent
districts: al-murooj, al-sulimaniyah, al-waaha, al-falah, king fahd

monthly rental also available
luxury furnished apartments including all servicesAl Masif, Riyadh",https://sa.aqar.fm/en/apartment-for-rent/riyadh/north-of-riyadh/al-masif/apartment-for-rent-6649529,47000,100.0,470.0,470.0
Al Malqa,70000,141.0,"Apartment for Rent in Riyadh Al Malqa  §70,000/annually141m²331🏠 apartment for rent | al malqa district - abha street - hajar 16 project

💰 annual rent: 70,000 sar
📐 area: 141 sqm

📋 apartment details:
• 3 bedrooms
• open majlis connected to the living room with modern design
• spacious living room
• kitchen
• 3 bathrooms
• modern finishing
• parking space

📍 location: al malqa district - hajar 16 project - north riyadhAl Malqa, Riyadh",https://sa.aqar.fm/en/apartment-for-rent/riyadh/north-of-riyadh/al-malqa/apartment-for-rent-6702737,70000,141.0,496.45390070921985,496.45390070921985
Hittin,110000,125.0,"Apartment for Rent in Riyadh Hittin  §110,000/annually125m²3for rent apartment in khawaled project

three bedrooms
three bathrooms

air conditioners and fitted kitchen

for contact
khalidHittin, Riyadh",https://sa.aqar.fm/en/apartment-for-rent/riyadh/north-of-riyadh/hittin/apartment-for-rent-6728340,110000,125.0,880.0,880.0
Al Malqa,80000,81.0,"Apartment for Rent in Riyadh Al Malqa  §80,000/annually81m²331apartment for rent in al-majedia 62 project
al-malqa district
it consists of:
3 bedrooms
living room and kitchen
3 bathrooms

for contact:
khaledAl Malqa, Riyadh",https://sa.aqar.fm/en/apartment-for-rent/riyadh/north-of-riyadh/al-malqa/apartment-for-rent-6770789,80000,81.0,987.6543209876543,987.6543209876543
As Sahafah,80000,255.0,"Floor for Rent in Riyadh As Sahafah  §80,000/annually255m²333full first floor: 3 bedrooms, a living room, a majlis, a maqlat (washroom area), and a kitchen.

upstairs apartment: a majlis, a living room, a kitchen, and 2 bedrooms.

fully renovated: paint, tiles, electrical, plumbing, doors and windows (almost new).

split air conditioners and a newly installed kitchen.

close to the mosque, schools, and main roads (king fahd road, anas bin malik road, and king abdulaziz road), as well as the youth club, the german hospital, and al habib hospital.As Sahafah, Riyadh",https://sa.aqar.fm/en/big-flat-for-rent/riyadh/north-of-riyadh/as-sahafah/big-flat-for-rent-6825693,80000,255.0,313.72549019607845,313.72549019607845
An Nasim Al Gharbi,27000,500.0,"Apartment for Rent in Riyadh An Nasim Al Gharbi  §27,000/annually500m²311((small family required, no monthly rent))

((anyone wishing to view the property should come to the office; the office location is mentioned at the end of the ad))

brand-new apartment, first occupant, for rent in al-naseem al-gharbi neighborhood, on the third floor, prime location next to all services, consisting of 3 rooms, a living room, one bathroom, a kitchen, and a private roof.

independent electricity meter.

annual rent is 27,000 riyals, paid in two installments.

water is shared.

(( video attached to the ad ))

contact: al-zouman real estate office ((the number appears when you click call))
office location: al-naseem al-gharbi neighborhood, abdullah bin masoud street, opposite al-dhiyab mosque.An Nasim Al Gharbi, Riyadh",https://sa.aqar.fm/en/apartment-for-rent/riyadh/east-of-riyadh/an-nasim-al-gharbi/apartment-for-rent-6733048,27000,500.0,54.0,54.0
An Narjis,115000,170.0,"Floor for Rent in Riyadh An Narjis  §115,000/annually170m²341✴️ for rent | luxury second-floor apartment – al narjis district ✴️
✨ elegant modern design, spacious areas, and premium finishes in a strategic location ✨

📍 location: al narjis district – riyadh
📍 intersection of othman bin affan and anas bin malik streets
🏢 floor: second
🏡 property: brand new

🏡 apartment details:
🖼️ large family living room with a bathroom and balcony
👩‍🍳 fully fitted kitchen equipped with all electrical appliances
🧹 maid's room with a private bathroom
🛏️ master bedroom with a private bathroom
🛏️🛏️ two additional bedrooms with a shared bathroom

✨ features:
🛗 elevator
⚡💧 independent electricity and water meters (fully separate consumption)
❄️ central air conditioning for year-round comfort
🍽️ fully equipped kitchen with electrical appliances
🚗 private parking space
📐 spacious rooms with a practical and comfortable layout
📍 prime location close to main roads and services
👨‍👩‍👧‍👦 ideal for families seeking comfort and spacious living
🔑 smart entry system
📹 security surveillance cameras

💵 price:
115,000 sar

⛰️ afaq al jabal real estate ⛰️
📞 contact:
📱 abu bassam: ((number appears upon pressing call))An Narjis, Riyadh",https://sa.aqar.fm/en/big-flat-for-rent/riyadh/north-of-riyadh/an-narjis/big-flat-for-rent-6882875,115000,170.0,676.4705882352941,676.4705882352941
An Nuzhah,80000,156.0,"Apartment for Rent in Riyadh An Nuzhah  §80,000/annually156m²431🏡 distinctive apartment for rent in al-nuzhah district | directly opposite al-ruwad international schools

📍 prime location – close to main roads and services.

✨ unit details:
• 4 rooms
• living room
• 3 bathrooms
• kitchen

🔧 amenities:
• kitchen cabinets
• split air conditioning units

📍 location highlights:
• directly opposite al-ruwad international schools
• close to abu bakr al-siddiq road
• close to uthman ibn affan road
• close to essential services and facilities

📞 for inquiries or to schedule a viewing appointment, please contact us.An Nuzhah, Riyadh",https://sa.aqar.fm/en/apartment-for-rent/riyadh/north-of-riyadh/an-nuzhah/apartment-for-rent-6895775,80000,156.0,512.8205128205128,512.8205128205128
As Sulimaniyah,600000,139.0,"Building for Rent in Riyadh As Sulimaniyah  §600,000/annually139m²12mResidentiallisting code: ea-3
✨ for rent – new building with luxury finishing in al-sulimaniyah district ✨

exceptional opportunity for investment or living in a vital and sought-after location in the heart of riyadh 📍

🔹 building details:
	•	completely new building
	•	luxury and modern finishing
	•	practical and comfortable design

🔹 property components:
	•	ground floor 1:
• private car entrance 🚗
• consists of two rooms + living room + kitchen
	•	ground floor 1:
• consists of two rooms + living room + kitchen and private car entrance
	•	apartments:
• 4 apartments
• each apartment: two rooms + living room + kitchen

🔹 features:
	•	prime location in al-sulimaniyah district
	•	close to all services (markets, restaurants, main roads)
	•	suitable for family living or investmentAs Sulimaniyah, Riyadh",https://sa.aqar.fm/en/building-for-rent/riyadh/north-of-riyadh/as-sulimaniyah/building-for-rent-6680459,600000,139.0,4316.546762589928,4316.546762589928
Al Malqa,110000,120.0,"Apartment for Rent in Riyadh Al Malqa  §110,000/annually120m²331for rent apartment in al majidiyah village project
in al malqa district for families only, ground floor close to all services
area / 120 sqm consisting of
three bedrooms, living room and closed kitchen with laundry room
and three bathrooms with outdoor courtyard
complex with all services lounge and games and outdoor seating
(( sub-leasing is not accepted ))
for contact / 0551504411Al Malqa, Riyadh",https://sa.aqar.fm/en/apartment-for-rent/riyadh/north-of-riyadh/al-malqa/apartment-for-rent-6646802,110000,120.0,916.6666666666666,916.6666666666666
Al Aqiq,40000,357.0,"Apartment for Rent in Riyadh Al Aqiq  §40,000/annually357m²1✨ for rent | fully furnished apartment inside a villa

an exceptional opportunity for those seeking upscale, fully ready accommodation that combines comfort, privacy, and quality furnishings — with no additional setup required.

apartment features:
• bedroom.
• living room.
• built-in kitchen.
• bathroom.
• installed air conditioners.

furnishings include:
• complete bedroom set.
• living room sofa.
• television.
• refrigerator.
• microwave.

suitable for a single person or a couple, ready for immediate occupancy, in a quiet environment that provides all living essentials.

payment options:
• annual: 50,000 sar.
• semi-annual: 25,000 sar.
• quarterly: 12,700 sar.
• monthly: 4,500 sar.Al Aqiq, Riyadh",https://sa.aqar.fm/en/apartment-for-rent/riyadh/north-of-riyadh/al-aqiq/apartment-for-rent-6791661,40000,357.0,112.04481792717087,112.04481792717087
An Narjis,60000,500.0,"Apartment for Rent in Riyadh An Narjis  §60,000/annually500m²3apartment in al-narjis district
first kilometer
first floor
close to al-ridwan grand mosque
close to princess nourah university and imam university
nearby exits to uthman ibn affan street, anas ibn malik road, and king salman road

consists of:
- two entrances
- men's sitting room with a bathroom
- dining room
- kitchen
- maid's room
- 3 bedrooms with bathrooms
- living room

installed air conditioners
built-in kitchen
building age: 8 years
water: 1,000 sar
for contact: ((number appears when you press call))An Narjis, Riyadh",https://sa.aqar.fm/en/apartment-for-rent/riyadh/north-of-riyadh/an-narjis/apartment-for-rent-6779676,60000,500.0,120.0,120.0
Al Malqa,85000,140.0,"Apartment for Rent in Riyadh Al Malqa  §85,000/annually140m²321apartment consisting of three bedrooms, a living room, a kitchen, and three bathrooms in a building, with a maid's room.Al Malqa, Riyadh",https://sa.aqar.fm/en/apartment-for-rent/riyadh/north-of-riyadh/al-malqa/apartment-for-rent-6735245,85000,140.0,607.1428571428571,607.1428571428571
Ash Sharq,36000,381.0,"Apartment for Rent in Riyadh Ash Sharq  §36,000/annually381m²321✨ for rent: second floor apartment in al bayan district ✨

📍 location: al bayan district – quiet and distinctive location
🏠 details:
- two entrances
- 2 bedrooms
- sitting room (majlis)
- maqalat (small reception/multipurpose room)
- living room (hall)
- kitchen
- 2 bathrooms

💰 rental price: 36,000 – first 3 months paid upfront, then monthly payments thereafter

✅ the apartment is suitable for families looking for comfort and privacyAsh Sharq, Riyadh",https://sa.aqar.fm/en/apartment-for-rent/riyadh/east-of-riyadh/ash-sharq/apartment-for-rent-6755712,36000,381.0,94.48818897637796,94.48818897637796
Al Munsiyah,80000,126.0,"Apartment for Rent in Riyadh Al Munsiyah  §80,000/annually126m²43apartment for rent in al munisiyah neighborhood, prime location and close to all servicesAl Munsiyah, Riyadh",https://sa.aqar.fm/en/apartment-for-rent/riyadh/east-of-riyadh/al-munsiyah/apartment-for-rent-6602152,80000,126.0,634.9206349206349,634.9206349206349
Dahiat Namar,38400,375.0,"Floor for Rent in Riyadh Dahiat Namar  §38,400/annually375m²531ground floor apartment, new, in namar 3020, for rent
car entrance, courtyard
inside: a tiled reception hall, living room, kitchen, three bedrooms
including a master bedroom
the floor is spacious and large, masha'allah

the neighborhood is new, no schools, and water is by tanker

price: 3,200 monthly

for contact and inquiries:
((number appears when pressing call)) abu fahad
al-mustaqbal al-jadeed real estate officeDahiat Namar, Riyadh",https://sa.aqar.fm/en/big-flat-for-rent/riyadh/west-of-riyadh/dahiat-namar/big-flat-for-rent-6837007,38400,375.0,102.4,102.4
As Sulimaniyah,80000,425.0,"Apartment for Rent in Riyadh As Sulimaniyah  §80,000/annually425m²331- luxury apartment
- 3 bedrooms
- 1 living room (9 × 4 square meters)
- open american-style kitchen connected to the living room
- 3 bathrooms
- 2 entrances to the floor, one of which is private
- gardens and open spaces
- garage door for 2 cars
- 5 samsung split air conditioners
- building age: 6 years, in excellent condition
- very quiet area, just a few minutes' walk from al-tahliya street, with a large number of restaurants and levantine product stores
- requested rent: 80,000, payable in two installments of equal valueAs Sulimaniyah, Riyadh",https://sa.aqar.fm/en/apartment-for-rent/riyadh/north-of-riyadh/as-sulimaniyah/apartment-for-rent-6868793,80000,425.0,188.23529411764707,188.23529411764707
Al Fayha,70000,191.0,"Floor for Rent in Riyadh Al Fayha  §70,000/annually191m²4🔴 first floor apartment in al-fayha district

consisting of:
- living room and bathroom
- coffee corner or storage room
- spacious hall + kitchen
- two bedrooms and a bathroom
- master bedroom
- air conditioners included

for inquiries:

◼️ adaq al-uqood real estate & property management office ◼️

055/4989/900

055/4969/900

055/4446/191Al Fayha, Riyadh",https://sa.aqar.fm/en/big-flat-for-rent/riyadh/east-of-riyadh/al-fayha/big-flat-for-rent-6823528,70000,191.0,366.4921465968586,366.4921465968586
Ar Rimal,50000,107.0,"Apartment for Rent in Riyadh Ar Rimal  §50,000/annually107m²2a distinctive opportunity to live in a new apartment that combines comfort and privacy, with a prime location and close to all services.

**apartment specifications:**
* master bedroom.
* spacious living room.
* independent sitting room (majlis).
* maid's room.
* american kitchen.
* 3 bathrooms.
* large private courtyard.
* 3rd floor.

**features:**
* private parking space.
* fully air-conditioned.
* smart entry.
* services in the basement.
* elevator.
* modern finishes and high quality.
* 4,200 monthly.

https://maps.app.goo.gl/cmcx1enw8rkaphko7?g_st=icAr Rimal, Riyadh",https://sa.aqar.fm/en/apartment-for-rent/riyadh/east-of-riyadh/ar-rimal/apartment-for-rent-6794814,50000,107.0,467.2897196261682,467.2897196261682
Al Yarmouk,17000,40.0,"Apartment for Rent in Riyadh Al Yarmouk  §17,000/annually40m²11there is a room, bathroom, and buffet kitchen 🏕🏝🧱

bachelor building ❌❌❌❌❌👉

ground floor. private entrance 🏣

kitchen installed 🏚

split air conditioner installed

there is a video for clarification 💯👍

annual rent paid in two installments

there is an electronic contract — do not pay any amount outside the platform

office location: al-yarmuk district, al-najah street
the property is managed by al-bi'ah al-sakaniyyah real estate services institution

payment every six months or annually only

in case of no response, please contact via whatsapp with a photo of the ad and it will be processedAl Yarmouk, Riyadh",https://sa.aqar.fm/en/apartment-for-rent/riyadh/east-of-riyadh/al-yarmouk/apartment-for-rent-6824136,17000,40.0,425.0,425.0
Ghirnatah,95000,209.0,"Apartment for Rent in Riyadh Ghirnatah  §95,000/annually209m²321comfortable and spacious apartment available for rent, including:

- 3 bedrooms
- 2 bathrooms
- laundry room
- bright and large living room with natural lighting
- fully fitted kitchen
- private rooftop terrace belonging to the apartment
- split air conditioning units in all bedrooms, living room, and kitchen
- ideal for families, with a practical layout, a comfortable living environment, full nearby amenities, and a neighborhood garden
- internal elevator
- private parking spaceGhirnatah, Riyadh",https://sa.aqar.fm/en/apartment-for-rent/riyadh/east-of-riyadh/ghirnatah/apartment-for-rent-6770668,95000,209.0,454.54545454545456,454.54545454545456
As Sahafah,55000,134.0,"Apartment for Rent in Riyadh As Sahafah  §55,000/annually134m²321🏠 abdul mohsen al-rusaiss & sons group presents an apartment for rent – prime location, al-sahafa district

enjoy a living experience that combines a prime location, comfort, and easy access to various services. the apartment is located in a vibrant area that provides easy access to main roads, daily amenities, and transportation, offering a practical residential environment suitable for individuals and families.

📍 apartment details

📍 location: al-sahafa district – prince salman bin mohammed bin saud road

📐 area: 134.78 sqm

💰 rental value:

55,000 + 5% commission + 5% security deposit + 15% vat + service fees

🏡 apartment specifications

🔹 3 bedrooms

🔹 2 bathrooms

🔹 living room

🔹 equipped kitchen

✨ features

✅ vibrant location close to services

✅ easy access to main roads

✅ building elevator

✅ regular maintenance of facilities

✅ ground-level parking

✅ tenant is responsible for electricity consumption only

📞 for inquiries or to schedule a viewing appointment, please contact the number provided in the listing, and our team will be happy to assist you.As Sahafah, Riyadh",https://sa.aqar.fm/en/apartment-for-rent/riyadh/north-of-riyadh/as-sahafah/apartment-for-rent-6732161,55000,134.0,410.44776119402985,410.44776119402985
As Sahafah,94000,154.0,"Apartment for Rent in Riyadh As Sahafah  §94,000/annually154m²131in al-sahafa neighborhood
golden square
area 154
3 rooms
3 bathrooms
separate majlis
separate kitchen

kitchen installed with central air conditioning
85 thousand paymentAs Sahafah, Riyadh",https://sa.aqar.fm/en/apartment-for-rent/riyadh/north-of-riyadh/as-sahafah/apartment-for-rent-6634872,94000,154.0,610.3896103896104,610.3896103896104
Al Malqa,64000,405.0,"Apartment for Rent in Riyadh Al Malqa  §64,000/annually405m²221apartment for rent in a villa

first floor: independent electricity meter.
second floor: blocked and has a storage room, shared electricity meter between two apartments.
prime location.

al malqa district
it consists of:
- 2 bedrooms
- 1 living room
- 1 kitchen (to be installed according to the client's request and agreement)
- 2 bathrooms
- independent electricity meter
- air conditioners not installed

video below the listing.

surouh fal real estate services – al malqa districtAl Malqa, Riyadh",https://sa.aqar.fm/en/apartment-for-rent/riyadh/north-of-riyadh/al-malqa/apartment-for-rent-6821056,64000,405.0,158.02469135802468,158.02469135802468
Ghirnatah,70000,119.0,"Apartment for Rent in Riyadh Ghirnatah  §70,000/annually119m²331for rent – new apartment, first floor | granada district
_______________________________________________

**specifications:**
- spacious family living room with laundry area and bathroom
- kitchen
- storage room
- two bedrooms with a shared bathroom
- master bedroom

**features:**
- close to main roads
- high-end modern finishing
- security system with surveillance cameras
- smart entry system
- built-in kitchen
- wall-mounted split air conditioners
- private basement parking
- warranties included
- passenger elevator

**rental price:** 70,000 sar annually (in two installments)
**security deposit:** 5,000 sarGhirnatah, Riyadh",https://sa.aqar.fm/en/apartment-for-rent/riyadh/east-of-riyadh/ghirnatah/apartment-for-rent-6818476,70000,119.0,588.2352941176471,588.2352941176471
Al Arid,90000,118.0,"Apartment for Rent in Riyadh Al Arid  §90,000/annually118m²3**luxury furnished apartment for rent | al-aarid district – makeen 37**

enjoy a premium living experience within a peaceful, fully-serviced residential complex that combines comfort, privacy, and security in one of the finest neighborhoods in north riyadh. 🌿

📍 **location:** al-aarid district – makeen 37 project

**apartment details:**
• area: 120.5 m²
• two apartment models available
• fully furnished with modern and elegant furniture
• spacious living room
• master bedroom with en-suite bathroom
• two additional bedrooms
• fully equipped kitchen
• 3 bathrooms
• private parking space

**complex amenities:**
• men's fitness club
• women's club with a separate swimming pool
• swimming pools
• lounges and co-working spaces
• screens in shared facilities
• children's play area
• quiet and secure complex
• all daily services and essential facilities available in close proximity to the complex

**annual rent:**
90,000 sar

✨ a perfect choice for those seeking a fully furnished, move-in-ready apartment within an integrated complex that offers all amenities and services in a prime location in north riyadh.

contact us to schedule a viewing appointment.Al Arid, Riyadh",https://sa.aqar.fm/en/apartment-for-rent/riyadh/north-of-riyadh/al-arid/apartment-for-rent-6767459,90000,118.0,762.7118644067797,762.7118644067797
An Narjis,65000,167.0,"Apartment for Rent in Riyadh An Narjis  §65,000/annually167m²31apartment for rent
in al narjis
al majidiah 129 project
first floor
3 rooms, one of which is a master bedroom
1 living room
3 bathrooms
balcony overlooking the back street

fitted kitchen
fitted air conditioners
2 parking spaces
on abu bakr road
rent price: 70 (two payments)
one payment: 65An Narjis, Riyadh",https://sa.aqar.fm/en/apartment-for-rent/riyadh/north-of-riyadh/an-narjis/apartment-for-rent-6518124,65000,167.0,389.2215568862275,389.2215568862275
Ar Rabwah,45000,234.0,"Apartment for Rent in Riyadh Ar Rabwah  §45,000/annually234m²221second floor apartment for rent in al-rabwa neighborhood consisting of: [a174]
large private rooftop
living room with bathroom and sinks
hall
independent fitted kitchen
two bedrooms
bathroom

features:
large private rooftop
fitted kitchen
steps away from the mosque
minutes away from makkah road and eastern ring road

price: 45,000 riyals

for contact and inquiries: 0508416644

success union real estateAr Rabwah, Riyadh",https://sa.aqar.fm/en/apartment-for-rent/riyadh/center-of-riyadh/ar-rabwah/apartment-for-rent-6670741,45000,234.0,192.30769230769232,192.30769230769232
As Safaa,55000,94.0,"Apartment for Rent in Riyadh As Safaa  §55,000/annually94m²231a new ground floor apartment for rent in al-safa district, with luxurious finishing, consisting of: [a221]
a living room with a bathroom and sinks
american-style kitchen
two master bedrooms, one of which has a setback

features:
smart entry -- parking spaces
passenger elevator -- air conditioners included
located just two minutes away from the eastern ring road and omar ibn al-khattab road

price: 55,000 sar in one installment -- 60,000 sar in two installments

for contact and inquiries: ((number appears when pressing call))

ittihad al-najah real estateAs Safaa, Riyadh",https://sa.aqar.fm/en/apartment-for-rent/riyadh/east-of-riyadh/as-safaa/apartment-for-rent-6781155,55000,94.0,585.1063829787234,585.1063829787234
As Safaa,65000,108.0,"Apartment for Rent in Riyadh As Safaa  §65,000/annually108m²231new second-floor apartment for rent in al-safa district, consisting of: [a248]
living room with an outdoor seating area
bathroom
independent fitted kitchen with a laundry room and a maid's room with a bathroom
two bedrooms, including a master bedroom with a dressing room
bathroom

features:
elevator -- parking spaces
smart entry -- high-end finishing
kitchen and air conditioners are included
prime location near services and main roads

price: 65,000 sar

for contact and inquiries: ((number appears when pressing call))

ittihad al-najah real estateAs Safaa, Riyadh",https://sa.aqar.fm/en/apartment-for-rent/riyadh/east-of-riyadh/as-safaa/apartment-for-rent-6890357,65000,108.0,601.8518518518518,601.8518518518518
An Narjis,42000,468.0,"Apartment for Rent in Riyadh An Narjis  §42,000/annually468m²331🏡 for rent: apartment in al-narjis district

✨ specifications:

* first floor.
* living room (majlis).
* lounge.
* kitchen.
* two bedrooms.

📞 for contact and inquiries:
((number appears when pressing call))An Narjis, Riyadh",https://sa.aqar.fm/en/apartment-for-rent/riyadh/north-of-riyadh/an-narjis/apartment-for-rent-6769950,42000,468.0,89.74358974358974,89.74358974358974
Al Munsiyah,70000,116.0,"Apartment for Rent in Riyadh Al Munsiyah  §70,000/annually116m²331**location:** al-munsiyah district, close to qurtuba – maghni project
a prime location overlooking ath-thumamah road

* close to the airport
* close to sar train station
* close to princess nourah university and imam university
* close to park avenue
* close to a sports club (approximately 3 minutes away)
* close to all amenities

**property details**
ground floor (area: 116 sqm)

* 3 bedrooms, including a master bedroom
* living room
* 3 bathrooms
* laundry room (with washing machine)
* fitted kitchen (with refrigerator)
* built-in air conditioners
* furniture for one bedroom
* private parking

price includes water and homeowners association fees
**rent: 70,000 sar in two installments**
**single payment: 68,000 sar**Al Munsiyah, Riyadh",https://sa.aqar.fm/en/apartment-for-rent/riyadh/east-of-riyadh/al-munsiyah/apartment-for-rent-6822092,70000,116.0,603.448275862069,603.448275862069
Al Arid,65000,95.0,"Apartment for Rent in Riyadh Al Arid  §65,000/annually95m²3📍 distinctive and new apartment for rent
🛣️ prime location, close to services – al-arid – makan 63
🚪 specifications:
• spacious living room with a bathroom
• two bedrooms, one of which is a master bedroom
• kitchen
• installed air conditioners

the building features:
elevators
swimming pool
lounge
club
parking

price: 65,000Al Arid, Riyadh",https://sa.aqar.fm/en/apartment-for-rent/riyadh/north-of-riyadh/al-arid/apartment-for-rent-6860529,65000,95.0,684.2105263157895,684.2105263157895
Al Yasmin,70000,158.0,"Apartment for Rent in Riyadh Al Yasmin  §70,000/annually158m²4**apartments for rent in al yasmin district**

**apartment details:**
- sitting room with a bathroom
- spacious living room
- master bedroom
- two bedrooms with a shared bathroom
- fitted kitchen
- air conditioners included

**location features 📍**
- close to public services
- close to al thumama road
- close to prince nasser bin saud road

**annual rent: 70,000 sar**

**for more information:** (number appears upon clicking call) 003566

fal license number: 1200018448
advertisement license number: 7201076717

location: https://maps.app.goo.gl/dtboqx9smu3h6zfj9Al Yasmin, Riyadh",https://sa.aqar.fm/en/apartment-for-rent/riyadh/north-of-riyadh/al-yasmin/apartment-for-rent-6814684,70000,158.0,443.0379746835443,443.0379746835443
Al Yasmin,130000,170.0,"Apartment for Rent in Riyadh Al Yasmin  §130,000/annually170m²341luxurious furnished hotel apartment,
containing three bedrooms,
a master bedroom and a maid's room,
a living room with an independent bathroom,
a kitchen, a dining area, and an outdoor seating area with a garden
on a private rooftop,
private parking in the basement.
the apartment is located in a prime location
in al-yasmin district, north of riyadh,
close to the most important landmarks of riyadh and hospitals
(sulaiman al-habib al-sihafa, sulaiman al-faqih).
third floor.
area: 213 square meters.
rental value:
130,000 sar – one payment
135,000 sar – two payments
refundable security deposit.Al Yasmin, Riyadh",https://sa.aqar.fm/en/apartment-for-rent/riyadh/north-of-riyadh/al-yasmin/apartment-for-rent-6554618,130000,170.0,764.7058823529412,764.7058823529412
Al Arid,80000,147.0,"Apartment for Rent in Riyadh Al Arid  §80,000/annually147m²431🏡 fully equipped apartment with premium finishes and an exceptional location

if you're looking for an apartment that combines quality, comfort, and privacy, this apartment is an option worth considering ✨

🔹 apartment details:
• spacious and comfortable living room
• 🍽️ fully fitted kitchen with new, high-quality cabinets
• kitchen is fully equipped with brand-new appliances: oven, refrigerator, dishwasher, washing machine, and microwave
• 🛏️ 3 bedrooms
• 🛌 master bedroom with an en-suite bathroom, a balcony, and a distinctive view
• two additional bedrooms with a shared external bathroom
• ❄️ new split air conditioning units, fully installed
• 🚗 private outdoor parking space
• ⚡ independent electricity meter
• 🔐 smart entry system

📍 location highlights:
• located in al-arid district – north riyadh, on al-qama street
• 🛣️ facing king abdulaziz road
• close to king salman road and abu bakr al-siddiq road
• near prince saud bin abdullah bin jiluwi road
• 🏋️‍♂️ close to body masters gym – al-arid branch
• prime location with easy access to major roads and services
• ✈️ approximately 10–15 minutes by car from king khalid international airport

⭐ a move-in ready apartment with brand-new, complete furnishings, in a prime and vibrant location in north riyadh.

a great opportunity for those seeking comfort, quality, and a prime location all at once.Al Arid, Riyadh",https://sa.aqar.fm/en/apartment-for-rent/riyadh/north-of-riyadh/al-arid/apartment-for-rent-6814988,80000,147.0,544.2176870748299,544.2176870748299
Uraidh,80000,432.0,"Apartment for Rent in Riyadh Uraidh  §80,000/annually432m²111🏡 listing code | ra 558

✨ two fully furnished apartments for monthly rent | al narjis district – riyadh

two brand-new, never-occupied apartments, fully furnished and equipped with modern finishing and new furniture, ready for immediate occupancy.

📍 location: al narjis district – behind prince saud bin jalawi road

🏠 apartment no. 1

• approximate area: 135 m²
• second floor
• spacious furnished studio
• large private rooftop 🌿
• fully equipped kitchen 🍽️
• spacious bathroom
• all appliances included
• new furniture and modern finishing
• ready for immediate move-in 🔑

💰 monthly rent: 7,000 sar
✅ electricity and water included

🏠 apartment no. 2

• second floor
• spacious furnished studio
• private rooftop 🌿
• fully equipped kitchen 🍽️
• bathroom
• all appliances included
• new furniture and excellent finishing
• ready for immediate move-in 🔑

💰 monthly rent: 5,500 sar
✅ electricity and water included

✨ brand-new, fully furnished apartments, ideal for those seeking a ready and well-appointed residence in al narjis district, with electricity and water included.

📞 for inquiries and to schedule a viewing:
557592030 | 500740220 | 551667377 | 557590330Uraidh, Riyadh",https://sa.aqar.fm/en/apartment-for-rent/riyadh/south-of-riyadh/uraidh/apartment-for-rent-6877579,80000,432.0,185.1851851851852,185.1851851851852
An Nasim Ash Sharqi,60000,180.0,"Apartment for Rent in Riyadh An Nasim Ash Sharqi  §60,000/annually180m²331luxury apartment for rent in al-naseem al-sharqi district – makeen 85 compound 🏡
(third floor, 32 – building e)
area: 156 m² 📐
three bedrooms
(one master)
large living room
three bathrooms
air conditioners installed ❄️
kitchen installed 🍸
private roof terrace 🏖

features: smart entry ✨️
private covered parking 🚗
fitness club, swimming pool, and cafés (men/women) 🏊‍♂️

📌 location: ⏱ 5 minutes from national guard hospital
⏱ 5 minutes from khashm al-aan metro
⏱ 4 minutes from khurais road
2 minutes from al-rajhi square
💳 rent: two payments: 60,000 per payment

https://maps.app.goo.gl/f3v34ismypaj2job7?g_st=acAn Nasim Ash Sharqi, Riyadh",https://sa.aqar.fm/en/apartment-for-rent/riyadh/east-of-riyadh/an-nasim-ash-sharqi/apartment-for-rent-6767498,60000,180.0,333.3333333333333,333.3333333333333
Al Qirawan,90000,113.0,"Apartment for Rent in Riyadh Al Qirawan  §90,000/annually113m²3**🏷️ for rent** apartment in al-qayrawan district, prime location:

consists of:
- living room
- kitchen
- 3 bedrooms, including 2 master bedrooms
- 3 bathrooms

**rent price: 90,000**

https://maps.app.goo.gl/rvnhsurbayeabxtf7?g_st=icAl Qirawan, Riyadh",https://sa.aqar.fm/en/apartment-for-rent/riyadh/north-of-riyadh/al-qirawan/apartment-for-rent-6809336,90000,113.0,796.4601769911504,796.4601769911504
Al Munsiyah,32000,35.0,"Apartment for Rent in Riyadh Al Munsiyah  §32,000/annually35m²2apartment for rent in al-munsiyah district ✨

🔸 two bedrooms and a living room
🔸 installed air conditioners
🔸 equipped kitchen
🔸 clean and comfortable finishes
🔸 prime location, close to services and main roads
🔸 suitable for families and newlyweds

📍 location: al-munsiyah district – al-qana street

apartment location features 📍

▫️ located in al-munsiyah, one of the vibrant neighborhoods in east riyadh
▫️ close to main roads with easy access
▫️ near schools and daily services
▫️ close to restaurants, cafes, and markets
▫️ a quiet neighborhood suitable for family living
▫️ all essential services available around the location
▫️ easy entry and exit from the neighborhoodAl Munsiyah, Riyadh",https://sa.aqar.fm/en/apartment-for-rent/riyadh/east-of-riyadh/al-munsiyah/apartment-for-rent-6880941,32000,35.0,914.2857142857143,914.2857142857143
Al Mahdiyah,55000,134.0,"Apartment for Rent in Riyadh Al Mahdiyah  §55,000/annually134m²32apartment for rent in a residential building

a distinctive apartment for rent in a quiet location suitable for families, consisting of:

* 3 bedrooms
* spacious living room
* fitted kitchen
* 3 bathrooms
* all air conditioners installed
* private parking space

the apartment is clean and ready to move in, featuring a practical layout and comfortable spaces suitable for families.

((number appears upon clicking call))Al Mahdiyah, Riyadh",https://sa.aqar.fm/en/apartment-for-rent/riyadh/west-of-riyadh/al-mahdiyah/apartment-for-rent-6743185,55000,134.0,410.44776119402985,410.44776119402985
At Taawon,70000,123.0,"Apartment for Rent in Riyadh At Taawon  §70,000/annually123m²231❌❌. rented ❌❌❌
for new offers, please contact the office.At Taawon, Riyadh",https://sa.aqar.fm/en/apartment-for-rent/riyadh/north-of-riyadh/at-taawon/apartment-for-rent-6768869,70000,123.0,569.1056910569106,569.1056910569106
Ar Rimal,54000,115.0,"Apartment for Rent in Riyadh Ar Rimal  §54,000/annually115m²331apartment for rent in al-rimal district, deem al-majidiah plan, project {masharef 4} – prime location with access to all services.

**floor:** first
**building:** b 01
**apartment no.:** 3
**age:** new
**area:** 184 m²
**electricity meter:** independent

**the apartment consists of:**
living room + kitchen + 3 bathrooms + three bedrooms (one of which is a master bedroom) + balcony.

**notes:**
- installed air conditioners
- installed kitchen + oven + grill + exhaust hood
- smart control system inside the apartment
- surveillance cameras
- smart entry system
- private indoor parking space

**price:**
- 54,000 sar (one payment)
- 54,000 sar (two payments)

price includes homeowners association fees, water fees, facility maintenance, and cleaning fees.
2,000 sar refundable security deposit upon vacating the unit.Ar Rimal, Riyadh",https://sa.aqar.fm/en/apartment-for-rent/riyadh/east-of-riyadh/ar-rimal/apartment-for-rent-6871882,54000,115.0,469.5652173913044,469.5652173913044
Al Arid,85000,115.0,"Apartment for Rent in Riyadh Al Arid  §85,000/annually115m²331apartment for rent in al majidiyah 130 complex
at the beginning of al aarid neighborhood, close to king salman road

the apartment is fully furnished and consists of:
- spacious living room with a balcony
- 3 bedrooms, including a master bedroom with an en-suite bathroom
- 3 bathrooms
- built-in air conditioners
- kitchen with built-in cabinets
- full set of kitchen appliances
- laundry room
- basement parking

complex amenities:
- men's gym
- women's gym
- men's lounge
- women's lounge

price:
85,000 – one installment
90,000 – two installmentsAl Arid, Riyadh",https://sa.aqar.fm/en/apartment-for-rent/riyadh/north-of-riyadh/al-arid/apartment-for-rent-6890405,85000,115.0,739.1304347826087,739.1304347826087
An Narjis,65000,408.0,"Apartment for Rent in Riyadh An Narjis  §65,000/annually408m²341apartment on the second floor with modern design in a villa 🏡

**property features 🏡**
• intercom 🖥️
• private rooftop 🪑🛋️
• balcony 🪴🪑
• separate electricity meter ⚡
• gas pipeline ☑️
• independent maid's room 🧕

**property specifications 🏡**
• spacious independent sitting room with bathroom 🛋️
• spacious living room 📺
• two bedrooms, one of which is a master bedroom 🛏️
• maid's room with bathroom 🧕
• laundry area 🧺
• 4 bathrooms 🛁
• fitted kitchen cabinets 🍽️
• installed split air conditioners ❄️

the neighborhood is distinguished by its location in al-narjis district, north of king salman road, and is known for its proximity to all services, including a school complex and an international school:
- al-irtiqaa national sciences schools – 5 minutes 🏫
- taallam international schools – 7 minutes 🏫
- children's nursery – 2 minutes 👶🏻🚼
- al-narjis plaza – 7 minutes 🏬
- public park – 7 minutes 🌴An Narjis, Riyadh",https://sa.aqar.fm/en/apartment-for-rent/riyadh/north-of-riyadh/an-narjis/apartment-for-rent-6790162,65000,408.0,159.31372549019608,159.31372549019608
Al Qirawan,55000,390.0,"Apartment for Rent in Riyadh Al Qirawan  §55,000/annually390m²32apartment for rent – al-qairawan district
prime location in a villa |
📍 features and amenities:

• air conditioning: fully installed split ac units.
• kitchen: brand new installed kitchen with (electric oven).
• elevator: elevator shaft infrastructure in place.
🛋️ apartment details:
• majlis (sitting room): spacious sitting room with a private bathroom.
• living room: comfortable family living room.
• bedrooms:
• master bedroom.
• second bedroom.
• additional attachments: a room on the ground floor with a private bathroom (suitable for a maid/driver or as a storage room).
💰 rental price:
• one payment: 60,000 sar per year.
• two payments: 70,000 sar per year.
💡 note:
• preference in renting is given to newlyweds.Al Qirawan, Riyadh",https://sa.aqar.fm/en/apartment-for-rent/riyadh/north-of-riyadh/al-qirawan/apartment-for-rent-6688916,55000,390.0,141.02564102564102,141.02564102564102
Al Mishal,33000,60.0,"Apartment for Rent in Riyadh Al Mishal  §33,000/annually60m²32bachelor and worker apartments for rent in al-masha'el neighborhood
available: 18 apartments only
two rooms, two bathrooms, a kitchen, and a living room (which can be used as an additional room)
wide corridors and emergency entrances and exits
parking spaces in front of and behind the building
water heaters for all apartments and ready-made kitchens
equipped with civil defense requirements
each apartment has an independent electricity meter
price includes: water and sewage services
to view the apartment or to rent: ((number appears when clicking on call))((number appears when clicking on call))Al Mishal, Riyadh",https://sa.aqar.fm/en/apartment-for-rent/riyadh/south-of-riyadh/al-mishal/apartment-for-rent-6901135,33000,60.0,550.0,550.0
Al Wizarat,30000,60.0,"Apartment for Rent in Riyadh Al Wizarat  §30,000/annually60m²111apartment for rent in al-wizarat

one bedroom + living room + kitchen + bathroom
fitted kitchen + split ac unit installed

price: 30,000 including water

world of real estate expertise
0550781222 - 0505816222Al Wizarat, Riyadh",https://sa.aqar.fm/en/apartment-for-rent/riyadh/center-of-riyadh/al-wizarat/apartment-for-rent-6682110,30000,60.0,500.0,500.0
Al Arid,50000,375.0,"Apartment for Rent in Riyadh Al Arid  §50,000/annually375m²331**for rent – apartment in a villa**
in al-arid district
first floor
comprising the following:
three bedrooms
including a master bedroom
a sitting room and a living room
three bathrooms
built-in kitchen
5 installed air conditioners
price: 50,000 in two installments
45,000 in a single payment

---

**for rent – apartment in a villa**
in al-arid district
first floor
comprising the following:
two entrances – one for the sitting room and one for the living room
three bedrooms
including a master bedroom
a sitting room and a living room
three bathrooms
built-in kitchen
5 installed air conditioners
price: 55,000 in two installments
50,000 in a single paymentAl Arid, Riyadh",https://sa.aqar.fm/en/apartment-for-rent/riyadh/north-of-riyadh/al-arid/apartment-for-rent-6844939,50000,375.0,133.33333333333334,133.33333333333334
An Narjis,80000,106.0,"Apartment for Rent in Riyadh An Narjis  §80,000/annually106m²231🏡 apartment for rent | al narjis district | mughna 32 project

a fully furnished apartment on the second floor, with a comfortable design and a prime location ✨

✨ specifications:
• two bedrooms
• master bedroom
• additional room
• shared bathroom between rooms
• spacious living room
• laundry room
• basement parking
• fully furnished unit

🏢 complex amenities:
• gym
• kids' room
• private / shared lounge

💰 annual rent: 80,000 sar
• one installment
• or two installmentsAn Narjis, Riyadh",https://sa.aqar.fm/en/apartment-for-rent/riyadh/north-of-riyadh/an-narjis/apartment-for-rent-6816417,80000,106.0,754.7169811320755,754.7169811320755
Dhahrat Laban,44000,450.0,"Apartment for Rent in Riyadh Dhahrat Laban  §44,000/annually450m²444 thousand with roof
two sitting rooms
two bedrooms
living room
two bathrooms
kitchenDhahrat Laban, Riyadh",https://sa.aqar.fm/en/apartment-for-rent/riyadh/west-of-riyadh/dhahrat-laban/apartment-for-rent-6723873,44000,450.0,97.77777777777777,97.77777777777777
Ar Rahmaniyah,50000,325.0,"Apartment for Rent in Riyadh Ar Rahmaniyah  §50,000/annually325m²1a one-bedroom and living room apartment with two bathrooms in al-rahmaniyah district, close to royal mall and king fahd road. very clean, with a kitchen and installed air conditioners.
for contact, whatsapp ((the number appears when you press call))Ar Rahmaniyah, Riyadh",https://sa.aqar.fm/en/apartment-for-rent/riyadh/north-of-riyadh/ar-rahmaniyah/apartment-for-rent-6868595,50000,325.0,153.84615384615384,153.84615384615384
Al Quds,50000,390.0,"Apartment for Rent in Riyadh Al Quds  §50,000/annually390m²331**apartment for rent in al-quds district**

an apartment on the second floor (rooftop level) consisting of:
living room + lounge + kitchen + 2 bedrooms (one of which is a master suite) + 3 bathrooms + laundry room.

**prime location**, close to services and main roads (eastern ring road, king abdullah road).

• built-in kitchen cabinets.
• built-in air conditioners.
• full maintenance and renovation has been completed for the apartment (plumbing, electricity, and painting).

**rental price:**
50,000 sar

**fal brokerage and marketing license number:**
1200038480

**location:**
riyadh - al-quds district
https://maps.app.goo.gl/afhpsc1cuphhkddx6?g_st=ic

**contact:**
*(number appears when you press call)*

**muqayada real estate company**Al Quds, Riyadh",https://sa.aqar.fm/en/apartment-for-rent/riyadh/east-of-riyadh/al-quds/apartment-for-rent-6850243,50000,390.0,128.2051282051282,128.2051282051282
Al Qirawan,80000,170.0,"Apartment for Rent in Riyadh Al Qirawan  §80,000/annually170m²331🪧 **for rent – modern new apartment in al qairawan district**

project: bentoul 103
area: 170 sqm
floor: first floor
price: 80,000 (one payment) // 85,000 (two payments)

✨️ **specifications** ✨️

🔹️ 3 bedrooms including a master bedroom
🔹️ spacious family lounge
🔹️ 3 bathrooms
🔹️ high-quality fitted american kitchen
🔹️ gree split air conditioners
🔹️ thermal and sound insulation
🔹️ basement parking space
🔹️ smart home entry system
🔹️ homeowners association, daily cleaning, and security
🔹️ prime and upscale strategic location, close to all services, public facilities, and main roadsAl Qirawan, Riyadh",https://sa.aqar.fm/en/apartment-for-rent/riyadh/north-of-riyadh/al-qirawan/apartment-for-rent-6775761,80000,170.0,470.5882352941176,470.5882352941176
Al Malqa,85000,130.0,"Apartment for Rent in Riyadh Al Malqa  §85,000/annually130m²331luxury apartment for rent in safa 47 building – al malqa district

**a prime opportunity to reside in one of the most prestigious neighborhoods in north riyadh, within a modern building featuring luxury finishes and a strategic location close to all services and main roads.**

📍 **location:** al malqa district – **safa 47 building**

### ✨ apartment details:

▪️ men's sitting room (majlis) with a modern design and a private bathroom.
▪️ spacious living room offering ample comfort for the family.
▪️ fully fitted and furnished kitchen with appliances, open to the living room in a modern design.
▪️ all air conditioners are installed and ready.
▪️ separate laundry room equipped with a washing machine.
▪️ practical storage room providing additional storage space.
▪️ 3 bedrooms:

* master bedroom with a private bathroom.
* two bedrooms sharing a common bathroom.

### 🌟 apartment features:

✅ modern design with high-end finishes.
✅ fully furnished kitchen.
✅ ready for immediate occupancy.
✅ located in a modern, upscale building.
✅ prime location close to main roads, schools, restaurants, cafes, and all services.

💰 **annual rent: 85,000 sar**

📞 **for inquiries and contact:**
((number appears upon pressing call))
((number appears upon pressing call))
((number appears upon pressing call))

🏢 **aqarati real estate company**Al Malqa, Riyadh",https://sa.aqar.fm/en/apartment-for-rent/riyadh/north-of-riyadh/al-malqa/apartment-for-rent-6755518,85000,130.0,653.8461538461538,653.8461538461538
Al Malqa,65000,118.0,"Apartment for Rent in Riyadh Al Malqa  §65,000/annually118m²221fully furnished apartment for rent in nova project - al malqa district

area: 119 m²
floor: ground floor

apartment components:

two bedrooms (one of them master)
spacious living room
kitchen
two bathrooms

the apartment is suitable for family living, furnished and ready to move in, with a prime location in an upscale neighborhood close to all services.Al Malqa, Riyadh",https://sa.aqar.fm/en/apartment-for-rent/riyadh/north-of-riyadh/al-malqa/apartment-for-rent-6707241,65000,118.0,550.8474576271186,550.8474576271186
Al Arid,65000,128.0,"Apartment for Rent in Riyadh Al Arid  §65,000/annually128m²331🏡 distinctive apartment for rent | in al-aarid – modern design & stunning view 🏡

🔹 apartment specifications:
▪️ 3 spacious bedrooms.
▪️ master bedroom with private bathroom.
▪️ open living room connected to the lounge with a modern design.
▪️ open kitchen connected to the living room.
▪️ 3 bathrooms.
▪️ maid's room.
▪️ dedicated laundry area.
▪️ balcony with a direct street view.
▪️ all air conditioners installed.
▪️ kitchen fully fitted and ready.
▪️ private parking in front of the building.

✨ additional features:
✅ modern interior design offering spaciousness and elegance.
✅ natural lighting and a distinctive view.
✅ suitable for families looking for comfortable and upscale living.
✅ ready for immediate occupancy.

💰 annual rent: 65,000 sar

**aqarati real estate company**Al Arid, Riyadh",https://sa.aqar.fm/en/apartment-for-rent/riyadh/north-of-riyadh/al-arid/apartment-for-rent-6797609,65000,128.0,507.8125,507.8125
Al Ghadir,95000,103.0,"Apartment for Rent in Riyadh Al Ghadir  §95,000/annually103m²221for rent – allen project apartment (122) – al-ghadir district, north riyadh

apartment: no. 17 – second floor

consists of: 2 bedrooms (one master) + living room + 2 bathrooms + fully equipped kitchen (all appliances included)

price: 110,000 sar – payment method: one installment + 2,000 sar refundable deposit (agency fee applies)

area: 103 square meters

private parking space + full smart home control (lighting switches, smart lock, air conditioning control)

building features: cctv surveillance system + daily cleaning + elevator + smart entry access

location advantages: close to all amenities (schools, supermarkets, metro) – 5 minutes to kafd – al-olaya road – al-takhasusi roadAl Ghadir, Riyadh",https://sa.aqar.fm/en/apartment-for-rent/riyadh/north-of-riyadh/al-ghadir/apartment-for-rent-6717585,95000,103.0,922.3300970873786,922.3300970873786
An Narjis,95000,107.0,"Apartment for Rent in Riyadh An Narjis  §95,000/annually107m²2apartment for rent in a distinguished compound
the apartment is furnished and equipped with the latest electrical appliances as well as split air conditioners
it consists of two bedrooms, one of which is a master
and a spacious living room with seating and dining table
as well as a kitchen and a bathroom for the living room and another one for the master bedroom
there is also a maid's room
the compound has many services that distinguish it
green spaces and a safe play area for children
there is also a health club for women and another for men with sauna and steam rooms
and a swimming pool for men and another for women as well as for children
there is a reception at the entrance
and there is a guest lounge
very secure and equipped with cameras
there are outdoor parking spaces as well as indoor parking

the required amount is 95 thousand in one payment or 98 thousand in two payments
monthly rent is available for 8500 not including electricity and water
if including electricity and water 9500 riyals
prices do not include tax and commission

we at ramda are pleased to receive your offers and respond to your inquiries
do not hesitate to contact us

the location is distinguished and the compound is upscale with many servicesAn Narjis, Riyadh",https://sa.aqar.fm/en/apartment-for-rent/riyadh/north-of-riyadh/an-narjis/apartment-for-rent-6469112,95000,107.0,887.8504672897196,887.8504672897196
Qurtubah,44000,412.0,"Apartment for Rent in Riyadh Qurtubah  §44,000/annually412m²321apartment for rent:
families only
apartment specifications:
first upper floor
independent electricity meter
two entrances
two bedrooms
independent sitting room (majlis)
living room
kitchen
two bathrooms
the apartment is clean with new paint and ready to move inQurtubah, Riyadh",https://sa.aqar.fm/en/apartment-for-rent/riyadh/east-of-riyadh/qurtubah/apartment-for-rent-6847253,44000,412.0,106.79611650485437,106.79611650485437
Al Quds,85000,132.0,"Apartment for Rent in Riyadh Al Quds  §85,000/annually132m²331apartment for rent in safa 52 project - al-quds district 🏢

specifications:
▪️ 3 bedrooms (including master bedroom)
▪️ spacious living room
▪️ built-in kitchen
▪️ built-in air conditioners
▪️ separate laundry room
▪️ elevator in the building
▪️ smart entry 🔐
▪️ private parking space in basement 🚗

rent:
90,000 sar (two payments)
85,000 sar (one payment)

for contact and inquiries, please call the following numbers: 📞

((Advertiser's number appears upon contact))
((Advertiser's number appears upon contact))
((Advertiser's number appears upon contact))Al Quds, Riyadh",https://sa.aqar.fm/en/apartment-for-rent/riyadh/east-of-riyadh/al-quds/apartment-for-rent-6597399,85000,132.0,643.939393939394,643.939393939394
An Narjis,62000,510.0,"Apartment for Rent in Riyadh An Narjis  §62,000/annually510m²3distinguished and fully furnished apartment
prime location close to services and main roads
the apartment consists of three bedrooms
living room
clean and new furnitureAn Narjis, Riyadh",https://sa.aqar.fm/en/apartment-for-rent/riyadh/north-of-riyadh/an-narjis/apartment-for-rent-6637000,62000,510.0,121.56862745098039,121.56862745098039
An Nuzhah,39000,30.0,"Apartment for Rent in Riyadh An Nuzhah  §39,000/annually30m²11• 🏠 furnished apartment in al-malqa neighborhood
• ✨ modern interior design
• spacious and comfortable rooms
• suitable for living

contact: ((Advertiser's number appears upon contact))An Nuzhah, Riyadh",https://sa.aqar.fm/en/apartment-for-rent/riyadh/north-of-riyadh/an-nuzhah/apartment-for-rent-6481573,39000,30.0,1300.0,1300.0
Al Malqa,130000,134.0,"Apartment for Rent in Riyadh Al Malqa  §130,000/annually134m²3**required information for listing a unit for rent:**

📌 **unit type:** furnished apartment
📌 **project name:** hajar 10
📌 **unit number:** 8
📌 **floor number:** 2

📌 **specifications:**
luxury apartment – al malqa district
area: 134 sqm
3 bedrooms
3 bathrooms
sitting room (majlis)
kitchen
living room
light well with a small garden

**fully furnished:**
- master bedroom with mattress
- children's bedroom – two beds with mattresses
- game room
- furnished living room with smart tv
- furnished sitting room (majlis)
- fully fitted kitchen – refrigerator, gas oven, water heater, microwave, dishwasher, washing machine, clothes dryer, dining table
- furnished sitting room (majlis)

private parking space

📌 **area:** 134 sqm
📌 **price:** 130,000
📌 **district:** al malqa

📌 **location:**
https://maps.app.goo.gl/5dxuwsgumajs5bte9?g_st=icAl Malqa, Riyadh",https://sa.aqar.fm/en/apartment-for-rent/riyadh/north-of-riyadh/al-malqa/apartment-for-rent-6817036,130000,134.0,970.1492537313433,970.1492537313433
An Nasim Ash Sharqi,26000,70.0,"Apartment for Rent in Riyadh An Nasim Ash Sharqi  §26,000/annually70m²1✨ furnished apartment for annual rent – al-naseem al-sharqi district ✨

🔹 one bedroom and living room
🔹 independent kitchen
🔹 bathroom
🔹 fully furnished apartment ready to move in

💰 annual rent: only 26,000 sar

📍 prime location, quiet and close to services

we also have multiple options available in riyadh neighborhoods at competitive prices
📲 for contact via whatsapp directlyAn Nasim Ash Sharqi, Riyadh",https://sa.aqar.fm/en/apartment-for-rent/riyadh/east-of-riyadh/an-nasim-ash-sharqi/apartment-for-rent-6709648,26000,70.0,371.42857142857144,371.42857142857144
Al Arid,75000,134.0,"Apartment for Rent in Riyadh Al Arid  §75,000/annually134m²331📌 unit type: (apartment)
📌 project name: (al majalat 61)
📌 unit number: (2)
📌 floor number: (ground floor)

📌 specifications:
- 3 bedrooms, one of which is a master bedroom
- 3 bathrooms
- spacious living room
- features a setback around the perimeter of the apartment; the living room and all rooms have sliding glass doors opening onto the courtyard (setback area)
- installed air conditioners
- installed kitchen – includes appliances: italian oven, alba brand, size 90; italian 5-burner gas hob, alba brand, size 90; italian alba microwave
- installed curtains in all rooms

📌 area: 187 sqm
📌 price: 75,000 – inclusive of water and homeowners association fees
📌 district: al aridAl Arid, Riyadh",https://sa.aqar.fm/en/apartment-for-rent/riyadh/north-of-riyadh/al-arid/apartment-for-rent-6782933,75000,134.0,559.7014925373135,559.7014925373135
Al Muruj,90000,138.0,"Apartment for Rent in Riyadh Al Muruj  §90,000/annually138m²331facade apartment for rent in al-muruj district – 95,000 annually
on ibn sina street
two years old
a distinctive apartment for rent in a prime location in al-muruj district, consisting of 3 bedrooms, in addition to a living room and kitchen.

apartment specifications:

* 3 bedrooms, one of which is a master bedroom
* laundry room
* (kitchen to be installed at the tenant's expense, with the value to be deducted by agreement)
* installed air conditioners
* private parking space in the basement
* prime location and easy access

annual rent: 95,000

a suitable apartment for families, ready to move in.Al Muruj, Riyadh",https://sa.aqar.fm/en/apartment-for-rent/riyadh/north-of-riyadh/al-muruj/apartment-for-rent-6812516,90000,138.0,652.1739130434783,652.1739130434783
Ad Dhubbat,48000,130.0,"Apartment for Rent in Riyadh Ad Dhubbat  §48,000/annually130m²331to avoid any embarrassment, this property is designated for families only.

sayan real estate company – al dobbat district, close to king fahad medical city

this is one of sayan real estate company's projects. based on our commitment to comfortable living quality and our dedication to providing the highest quality, we offer you an apartment in a modern, closed residential building with architectural design. family apartments are available in al dobbat district, close to the specialist hospital, king fahad medical city, and the military hospital.

the apartment consists of:
three bedrooms, a living room, a kitchen, and two bathrooms.

amenities:
- elevator
- 24-hour maintenance team follow-up

contact number: ((the number appears when you press ""call""))Ad Dhubbat, Riyadh",https://sa.aqar.fm/en/apartment-for-rent/riyadh/center-of-riyadh/ad-dhubbat/apartment-for-rent-6861971,48000,130.0,369.2307692307692,369.2307692307692
An Narjis,80000,135.0,"Apartment for Rent in Riyadh An Narjis  §80,000/annually135m²3*luxury apartment for rent – al narjis district*

modern building | smart entry
open living room with fitted kitchen
3 master bedrooms + maid's room
installed air conditioning
basement parking
smart waste system

contemporary design and complete comfort
price 80,000

https://maps.app.goo.gl/aqmmd4nkg21omo859?g_st=icAn Narjis, Riyadh",https://sa.aqar.fm/en/apartment-for-rent/riyadh/north-of-riyadh/an-narjis/apartment-for-rent-6655357,80000,135.0,592.5925925925926,592.5925925925926
Al Mahdiyah,45000,127.0,"Apartment for Rent in Riyadh Al Mahdiyah  §45,000/annually127m²441🏡 apartment for rent in a residential building

a great opportunity to live in a spacious apartment with a practical and comfortable design, consisting of:

- 3 bedrooms (one of which is a master bedroom with a private bathroom).
- sitting room (majlis).
- spacious living room.
- open kitchen connected to the living room.
- 4 bathrooms.
- underground basement parking.
- installed air conditioners.

✨ an apartment suitable for families with a practical design and comfortable spaces.

📍 for contact and inquiries:
abu sultan – al-obaid & al-mutawa real estate office
📞 ((((number appears upon pressing call))))Al Mahdiyah, Riyadh",https://sa.aqar.fm/en/apartment-for-rent/riyadh/west-of-riyadh/al-mahdiyah/apartment-for-rent-6767894,45000,127.0,354.3307086614173,354.3307086614173
Qurtubah,43000,360.0,"Apartment for Rent in Riyadh Qurtubah  §43,000/annually360m²321🏡 for rent | distinguished apartment in al-munsiyah district

📍 inside a villa – second floor
✨ spacious apartment suitable for families

🔹 consists of:
• 2 bedrooms 🛏️
• sitting room
• living room
• 2 bathrooms 🚿
• separate kitchen
• without air conditioners
• private rooftop 🌤️

💰 price:
▪️ 45,000 sar annually — two payments
▪️ 42,000 sar annually — one payment

📞 for contact and inquiries
((number appears when pressing call))Qurtubah, Riyadh",https://sa.aqar.fm/en/apartment-for-rent/riyadh/east-of-riyadh/qurtubah/apartment-for-rent-6663766,43000,360.0,119.44444444444444,119.44444444444444
Al Faruq,60000,101.0,"Apartment for Rent in Riyadh Al Faruq  §60,000/annually101m²321**luxury furnished apartment for rent in the neighborhood**

it consists of:

⚡️ living room (majlis)
⚡️ two bedrooms
⚡️ arranged lounge
⚡️ fully equipped kitchen
⚡️ two bathrooms
⚡️ private rooftop
[air conditioners included] [kitchen included]

**apartment features:**

the apartment is distinguished by its ideal and vibrant location in **al-farouq district**, **very close to al-rajhi mosque**, and enjoys the following advantages:
* **very close to the metro station** and dammam train station.
* surrounded by many parks and green spaces, and close to the **institute of public administration**.

**apartment specifications and features:**
* **condition:** **brand new apartment, never lived in**
* the apartment is fully furnished
* the kitchen is fully and completely furnished
⚡️ elevator available

* **60,000 sar** — one installment
* **70,000 sar** — two installments

((number appears when pressing call)) 533908444 — ((number appears when pressing call))Al Faruq, Riyadh",https://sa.aqar.fm/en/apartment-for-rent/riyadh/center-of-riyadh/al-faruq/apartment-for-rent-6833042,60000,101.0,594.059405940594,594.059405940594
Al Arid,45000,425.0,"Apartment for Rent in Riyadh Al Arid  §45,000/annually425m²321apartment for rent in al-aarid neighborhood in a prime location, consisting of two bedrooms, a sitting room, a living room, a kitchen, and two bathrooms, located on the second floor of a villa. it includes built-in kitchen cabinets and installed air conditioners.
annual rent: 45,000 in one payment or 50,000 in two payments.
independent electricity meter.Al Arid, Riyadh",https://sa.aqar.fm/en/apartment-for-rent/riyadh/north-of-riyadh/al-arid/apartment-for-rent-6788396,45000,425.0,105.88235294117646,105.88235294117646
King Fahd,57000,80.0,"Apartment for Rent in Riyadh King Fahd  §57,000/annually80m²31✨ apartment
2 bedrooms and a living room ✨
🏠 quiet design and atmosphere
details 🔻
🛏️ 2 bedrooms
🛋️ living room
🍽️ kitchen
🚿 bathroom
✅ split ac units installed ✅ kitchen installed
monthly payment available (reiz or ejaari)

📍 prime location, close to servicesKing Fahd, Riyadh",https://sa.aqar.fm/en/apartment-for-rent/riyadh/north-of-riyadh/king-fahd/apartment-for-rent-6770996,57000,80.0,712.5,712.5
At Taawon,49000,75.0,"Apartment for Rent in Riyadh At Taawon  §49,000/annually75m²211for rent: a family apartment on the ground floor of a building, consisting of:
- two bedrooms + living room + kitchen + bathroom
- kitchen cabinets included, without split air conditioners
- private entrance + private parking + independent electricity meter
- excellent location, close to all services and main roads
- to contact: whatsapp
((number appears when pressing call))
((number appears when pressing call))At Taawon, Riyadh",https://sa.aqar.fm/en/apartment-for-rent/riyadh/north-of-riyadh/at-taawon/apartment-for-rent-6651712,49000,75.0,653.3333333333334,653.3333333333334
An Nada,40000,70.0,"Apartment for Rent in Riyadh An Nada  §40,000/annually70m²111family apartment for rent in a villa
private entrance ground floor consisting of:
bedroom + living room + kitchen + bathroom
without kitchen and without split air conditioners
rent includes utilities (electricity + water)
excellent location close to all services and main roads
contact via whatsapp
0533243303
0565993377An Nada, Riyadh",https://sa.aqar.fm/en/apartment-for-rent/riyadh/north-of-riyadh/an-nada/apartment-for-rent-6613158,40000,70.0,571.4285714285714,571.4285714285714
Dhahrat Laban,75000,245.0,"Apartment for Rent in Riyadh Dhahrat Laban  §75,000/annually245m²342for rent – villa in dhahrat laban district

duplex (semi-detached)
close to all amenities
area: 280 sqm
south-facing facade
street width: 20 meters
ample parking available
less than 50 meters from the mosque
brand new – never used
includes 8 new air conditioners
fully equipped new kitchen

ground floor:
large living room
men's sitting room (majlis)
large entrance hall
car garage
2 bathrooms

first floor:
3 bedrooms
2 bathrooms
large living room

second floor:
laundry room
maid's room and rooftop terrace
7 air conditioners installed, kitchen with appliances included

for rent: 70,000 sar – paid in two installments

https://maps.app.goo.gl/bd1z3dldmfvkbcne7Dhahrat Laban, Riyadh",https://sa.aqar.fm/en/apartment-for-rent/riyadh/west-of-riyadh/dhahrat-laban/apartment-for-rent-6817473,75000,245.0,306.1224489795918,306.1224489795918
Al Faruq,65000,107.0,"Apartment for Rent in Riyadh Al Faruq  §65,000/annually107m²221a new furnished second-floor apartment for rent in al-farouk district, consisting of: [a245]
living room with a bathroom
hall
american kitchen
two bedrooms, each with an outdoor seating area
bathroom
rooftop

features:
elevator -- two entrances to the apartment
private parking
outdoor seating areas with the bedrooms
luxurious and new furniture

price: 65,000 sar

for contact and inquiries: ((number appears when pressing call))

ittihad al-najah real estateAl Faruq, Riyadh",https://sa.aqar.fm/en/apartment-for-rent/riyadh/center-of-riyadh/al-faruq/apartment-for-rent-6884582,65000,107.0,607.4766355140187,607.4766355140187
Uhud,28000,420.0,"Apartment for Rent in Riyadh Uhud  §28,000/annually420m²3213 apartments for rent in dairab district

the first: entrance, living room, lounge, 2 bedrooms, kitchen, and 2 bathrooms

the second: entrance, living room, lounge, 2 bedrooms, kitchen, and 2 bathrooms

an apartment with a full rooftop: living room, lounge, 2 bedrooms, kitchen, and 2 bathrooms

contact via whatsapp

rooftop price: 30, apartments: 28

payment is annual only, no monthly payments
https://maps.app.goo.gl/f8w29uewqojfee6x7?g_st=iwUhud, Riyadh",https://sa.aqar.fm/en/apartment-for-rent/riyadh/south-of-riyadh/uhud/apartment-for-rent-6860580,28000,420.0,66.66666666666667,66.66666666666667
Hittin,65000,154.0,"Apartment for Rent in Riyadh Hittin  §65,000/annually154m²432if you are looking for a home that combines luxury and quality of life, this is your opportunity in the hittin district, north of riyadh.
own a luxurious apartment with a spacious design, distinctive views, and fresh air, in one of riyadh's most prestigious neighborhoods.

**apartment specifications:**
▫️ 3 spacious bedrooms (including a master bedroom)
▫️ majlis (formal sitting room)
▫️ living room
▫️ 3 bathrooms
▫️ driver's room within the same building
▫️ fitted kitchen
▫️ new split air conditioners (gree brand), pre-installed
▫️ private parking space in the basement
▫️ shared children's game room for building residents

**location highlights:**
▫️ 3 minutes to boulevard
▫️ 3 minutes to the arab open university
▫️ 5 minutes to diriyah gate
▫️ 5 minutes to boulevard riyadh city (sports track)
▫️ 8 minutes to king saud university

the apartment is also distinguished by its proximity to private, international, and government schools, mosques, markets, clinics, cafes, restaurants, and all daily services — providing you and your family with a comfortable and fully integrated lifestyle.Hittin, Riyadh",https://sa.aqar.fm/en/apartment-for-rent/riyadh/north-of-riyadh/hittin/apartment-for-rent-6862475,65000,154.0,422.0779220779221,422.0779220779221
Ghirnatah,50000,150.0,"Apartment for Rent in Riyadh Ghirnatah  §50,000/annually150m²431luxury apartment for rent in granada district, consisting of three rooms, a living room, two bathrooms, and a kitchen. located in a residential villa on the third floor (top floor) with a private rooftop. includes installed air conditioners and a fitted kitchen. price: 50,000Ghirnatah, Riyadh",https://sa.aqar.fm/en/apartment-for-rent/riyadh/east-of-riyadh/ghirnatah/apartment-for-rent-6798211,50000,150.0,333.3333333333333,333.3333333333333
Al Arid,85000,151.0,"Apartment for Rent in Riyadh Al Arid  §85,000/annually151m²431🏷️ *for rent* apartment in al-arid neighborhood, al-ajlan riviera project

consists of:
- majlis (sitting room)
- living room with balcony
- 3 bedrooms
- 3 bathrooms
- built-in kitchen
- laundry room

*rental price*
*one payment 85,000*
*two payments 90,000*

https://maps.app.goo.gl/rd9vhqzt119u8wqs7?g_st=icAl Arid, Riyadh",https://sa.aqar.fm/en/apartment-for-rent/riyadh/north-of-riyadh/al-arid/apartment-for-rent-6681248,85000,151.0,562.9139072847682,562.9139072847682
An Nakheel,93000,103.0,"Apartment for Rent in Riyadh An Nakheel  §93,000/annually103m²331apartment for rent - aleen 38 project - west nakheel
prince abdulaziz bin thnayan street

• the apartment is on the ground floor of aleen residential complex
• private external parking space for the apartment
• 3 bedrooms + 3 bathrooms
• all rooms overlook a private garden for the apartment
• spacious and bright living room
• kitchen equipped with an oven
• air conditioners installed
• independent electricity meter

rent includes annual homeowners association feesAn Nakheel, Riyadh",https://sa.aqar.fm/en/apartment-for-rent/riyadh/north-of-riyadh/an-nakheel/apartment-for-rent-6774034,93000,103.0,902.9126213592233,902.9126213592233
Al Yasmin,50000,147.0,"Apartment for Rent in Riyadh Al Yasmin  §50,000/annually147m²441🏢 **property no.: 4103**
**duplex apartment for rent – al yasmin district | north riyadh**

**specifications:**
* two-floor apartment
* ground floor: men's sitting room + living room
* kitchen open to the living room
* two bathrooms
* first floor: two bedrooms
* one bathroom
* external rooftop

**features:**
* practical two-floor layout
* private external rooftop
* independent sitting room
* open-plan living room and kitchen
* suitable for families
* prime residential location

**location:**
* al yasmin district – north riyadh
* close to king salman road
* close to anas ibn malik road
* close to uthman ibn affan road
* close to schools and mosques
* close to markets, restaurants, cafés, and daily services
* easy access to main roads in north riyadh

**rental price:**
💰 50,000 sar per year

📍 **location link:**
https://maps.app.goo.gl/tr9ktqdnidjpxik2a

🏢 **ghazara real estate company**

**advertisement license:** 7201124275Al Yasmin, Riyadh",https://sa.aqar.fm/en/apartment-for-rent/riyadh/north-of-riyadh/al-yasmin/apartment-for-rent-6864722,50000,147.0,340.13605442176873,340.13605442176873
Al Mahdiyah,60000,131.0,"Apartment for Rent in Riyadh Al Mahdiyah  §60,000/annually131m²3a new modern apartment for rent, consisting of:
* three rooms*
*master bedroom*
*balcony*
* open kitchen to the living room*
* three bathrooms*
for contact, abu abdulmalik: ((advertiser's number appears upon contact))
mushari: ((advertiser's number appears upon contact))
abu abdulrahman: ((advertiser's number appears upon contact))Al Mahdiyah, Riyadh",https://sa.aqar.fm/en/apartment-for-rent/riyadh/west-of-riyadh/al-mahdiyah/apartment-for-rent-6586837,60000,131.0,458.01526717557255,458.01526717557255
Al Yasmin,110000,360.0,"Floor for Rent in Riyadh Al Yasmin  §110,000/annually360m²552for rent: first floor with an upper apartment together, consisting of:

**first floor:** majlis (sitting room), reception room, hall, kitchen, maid's room, 3 bedrooms (one of which is a master bedroom), and 4 bathrooms.

**upper apartment:** majlis (sitting room), hall, kitchen, 2 bedrooms (one of which is a master bedroom), and 3 bathrooms.Al Yasmin, Riyadh",https://sa.aqar.fm/en/big-flat-for-rent/riyadh/north-of-riyadh/al-yasmin/big-flat-for-rent-6627806,110000,360.0,305.55555555555554,305.55555555555554
Al Malqa,80000,135.0,"Apartment for Rent in Riyadh Al Malqa  §80,000/annually135m²331apartment for rent in al-malqa neighborhood

1 master bedroom + 2 bedrooms with bathroom + large living room with balcony + maid's room with bathroom + kitchen with electric oven and exhaust fan with storage + men's sitting room with bathroom and external sinks / air conditioning throughout the apartment

first floor apartment c8 building c with rear balcony

for contact:
khalidAl Malqa, Riyadh",https://sa.aqar.fm/en/apartment-for-rent/riyadh/north-of-riyadh/al-malqa/apartment-for-rent-6688100,80000,135.0,592.5925925925926,592.5925925925926
Dhahrat Laban,50000,131.0,"Apartment for Rent in Riyadh Dhahrat Laban  §50,000/annually131m²431🏡 for rent – clean and move-in ready apartment in dhahrat laban

📍 location: dhahrat laban – beginning of the neighborhood, before al-riyadh club
📌 prime location, easily accessible

✨ apartment details:
• third floor
• two bedrooms, including a master bedroom
• living room
• men's sitting room (majlis)
• fully equipped and fitted kitchen
• two bathrooms
• installed air conditioners
• brand new building

🛋️ furnishings:
the men's sitting room and master bedroom are fully furnished; only the living room furniture is needed.

⭐ a well-organized apartment, ideal for those looking for a ready-to-move-in home with minimal furnishing needs.
💰 rent: 50,000 sar annually (one payment)
💰 rent: 54,000 sar (two payments)
📞 for inquiries and contact:Dhahrat Laban, Riyadh",https://sa.aqar.fm/en/apartment-for-rent/riyadh/west-of-riyadh/dhahrat-laban/apartment-for-rent-6829837,50000,131.0,381.6793893129771,381.6793893129771
Al Yasmin,70000,406.0,"Floor for Rent in Riyadh Al Yasmin  §70,000/annually406m²442for rent, first floor in al yasmine neighborhood, block 4 (close to dr. suleiman al habib medical center)
shared entrance with an apartment
two entrances to the floor
area: 375 sqm
property age: 7 years, recently renovated
majlis (sitting room) with bathroom
maqlaṭ (secondary sitting room) with bathroom
living room
separate kitchen (fitted)
3 bedrooms, including a master bedroom
air conditioners included
rental value: 70,000 sarAl Yasmin, Riyadh",https://sa.aqar.fm/en/big-flat-for-rent/riyadh/north-of-riyadh/al-yasmin/big-flat-for-rent-6608733,70000,406.0,172.41379310344828,172.41379310344828
Al Yasmin,90000,148.0,"Apartment for Rent in Riyadh Al Yasmin  §90,000/annually148m²331apartment for rent | al yasmin district, riyadh – first floor

**apartment specifications:**
- 3 bedrooms (including one master bedroom)
- 3 bathrooms
- spacious living room
- balcony
- built-in kitchen
- maid's room / storage room
- 6 built-in air conditioners
- smart entry system
- private covered parking
- area: 143 m²

the entire building is under the supervision and management of a homeowners association, ensuring the organization and maintenance of facilities and common areas.

**annual rent: 90,000 sar**Al Yasmin, Riyadh",https://sa.aqar.fm/en/apartment-for-rent/riyadh/north-of-riyadh/al-yasmin/apartment-for-rent-6808314,90000,148.0,608.1081081081081,608.1081081081081
As Sahafah,59000,100.0,"Apartment for Rent in Riyadh As Sahafah  §59,000/annually100m²221for rent: an apartment in a building located in al-sahafa district, close to al-olaya road. it consists of a living room, two bedrooms (one master bedroom), an open kitchen, and two bathrooms. the apartment is new (without a majlis/sitting room), located on the first floor with no elevator.
rent includes water.
electricity is separate.
first floor, no elevator.As Sahafah, Riyadh",https://sa.aqar.fm/en/apartment-for-rent/riyadh/north-of-riyadh/as-sahafah/apartment-for-rent-6805405,59000,100.0,590.0,590.0
Al Ezdihar,105000,144.0,"Floor for Rent in Riyadh Al Ezdihar  §105,000/annually144m²341✨ luxurious floor for rent ✨

🏡 **features:**
- master bedroom with private bathroom.
- two bedrooms with a shared bathroom.
- the kitchen will be fully fitted.
- elegant living room with a modern design and bathroom.
- concealed air conditioning for the master bedroom, living room, and kitchen.
- split air conditioning for the bedrooms and maid's room.
- maid's room with a private bathroom.
- private covered parking.

🌟 a floor suitable for families seeking comfort and luxury!

📞 **for contact and inquiries:**
- *((number: ((number appears when pressing call))))*

don't miss the opportunity — the apartment is ready for immediate handover! 🚪✨Al Ezdihar, Riyadh",https://sa.aqar.fm/en/big-flat-for-rent/riyadh/east-of-riyadh/al-ezdihar/big-flat-for-rent-6753559,105000,144.0,729.1666666666666,729.1666666666666
Al Qirawan,75000,111.0,"Apartment for Rent in Riyadh Al Qirawan  §75,000/annually111m²21**apartment for rent – al qairawan district**
area: 111 m²
spacious living room
built-in kitchen
3 bathrooms
3 bedrooms including a master bedroom + storage room
private covered parking

https://maps.app.goo.gl/ft9rneclkpv1gdue8?g_st=iwAl Qirawan, Riyadh",https://sa.aqar.fm/en/apartment-for-rent/riyadh/north-of-riyadh/al-qirawan/apartment-for-rent-6663191,75000,111.0,675.6756756756756,675.6756756756756
Ash Sharq,30000,83.0,"Apartment for Rent in Riyadh Ash Sharq  §30,000/annually83m²3✨ second floor apartment for rent in al marjan neighborhood ✨

📍 location: al marjan neighborhood – quiet and distinctive location
🏠 details:
    * 2 bedrooms
    * living room
    * 2 bathrooms
    * sitting room
    * kitchen
    * small private courtyard
    * two entrances

💰 rent price 3000 - negotiable for serious buyers with the owner
independent electricity meter

✅ the apartment is suitable for families seeking comfort and privacy

📞 for contact and inquiries: [0508706331]Ash Sharq, Riyadh",https://sa.aqar.fm/en/apartment-for-rent/riyadh/east-of-riyadh/ash-sharq/apartment-for-rent-6659662,30000,83.0,361.4457831325301,361.4457831325301
Al Malqa,55000,87.0,"Apartment for Rent in Riyadh Al Malqa  §55,000/annually87m²31🏠 for rent: apartment in al-malqa district – ground floor

📍 located inside a residential building

it consists of:
• 2 bedrooms
• living room
• kitchen
• 2 bathrooms
• sitting room (majlis)
• private courtyard
• private parking space
• independent electricity meter

💰 annual rent: 55,000 sar
💧 water: 1,000 sar per year

📞 for contact and inquiries: [add contact number]Al Malqa, Riyadh",https://sa.aqar.fm/en/apartment-for-rent/riyadh/north-of-riyadh/al-malqa/apartment-for-rent-6880431,55000,87.0,632.183908045977,632.183908045977
As Sahafah,120000,95.0,"Apartment for Rent in Riyadh As Sahafah  §120,000/annually95m²231luxury apartment for rent - meem residence north (al sahafah district) 🏢

the apartment consists of:
• spacious living room with a balcony overlooking king fahd road 🛋️
• 2 master bedrooms 😴
• 3 bathrooms 🚻
• fully fitted kitchen 🧑‍🍳

features & amenities:
• modern split air conditioners ❄️
• smart entry system and private parking 🚗
• swimming pool and gym 🏊‍♂️
• lounge and outdoor seating areas 🌿

rental options:
• single payment: 120,000 sar 💳
• two payments: 140,000 sar 💳As Sahafah, Riyadh",https://sa.aqar.fm/en/apartment-for-rent/riyadh/north-of-riyadh/as-sahafah/apartment-for-rent-6775255,120000,95.0,1263.157894736842,1263.157894736842
Al Quds,85000,115.0,"Apartment for Rent in Riyadh Al Quds  §85,000/annually115m²332apartment for rent

📍 location:
al quds district – al majdiah project, close to all essential services and major entrances and exits.

🏢 floor:
ground floor with a private outdoor setback.

📐 area:
115 sqm

🛏️ bedrooms:
3 bedrooms

✨ features:

* fully fitted kitchen
* installed air conditioning in all rooms
* private parking space
* private outdoor setback

💰 annual rent:

* sar 85,000 – one annual payment
* sar 90,000 – two paymentsAl Quds, Riyadh",https://sa.aqar.fm/en/apartment-for-rent/riyadh/east-of-riyadh/al-quds/apartment-for-rent-6835358,85000,115.0,739.1304347826087,739.1304347826087
An Nakheel,125000,134.0,"Apartment for Rent in Riyadh An Nakheel  §125,000/annually134m²341for rent – apartment in allen project (138) – al nakheel district, north riyadh

(contact: number appears when pressing call)

apartment: no. 6 – first floor

consists of: 3 bedrooms (one master) + living room + 4 bathrooms + maid's room + fitted kitchen

price: 125,000 sar – payment method: one installment or two installments + refundable deposit of 4,000 sar (brokerage fee applies)

area: 134 square meters

private parking space + full smart home control (lighting switches, smart lock, ac control)

building features: cctv surveillance system + daily cleaning + elevator + smart entry

location features: close to all services (schools – markets – metro) | overlooking kafd | access to king fahd road – takhassousi roadAn Nakheel, Riyadh",https://sa.aqar.fm/en/apartment-for-rent/riyadh/north-of-riyadh/an-nakheel/apartment-for-rent-6773691,125000,134.0,932.8358208955224,932.8358208955224
Az Zahra,33600,462.0,"Apartment for Rent in Riyadh Az Zahra  §33,600/annually462m²1ground floor apartment consisting of a room, bathroom, and kitchen with appliances, open to the living room, split air conditioning, located in al-zahraa neighborhood. the location is precise, and it is preferred to call for viewing.
for a family or single person only.
rent includes water.
electricity at 33% on the unit.
the price is final and non-negotiable.Az Zahra, Riyadh",https://sa.aqar.fm/en/apartment-for-rent/riyadh/center-of-riyadh/az-zahra/apartment-for-rent-6834990,33600,462.0,72.72727272727273,72.72727272727273
Al Arid,90000,115.0,"Apartment for Rent in Riyadh Al Arid  §90,000/annually115m²431🏡 luxury apartment for rent – al-aarid district | north riyadh

📍 prime location in al-aarid district, close to services and main roads, in an upscale and quiet neighborhood.

━━━━━━━━━━━━━━

🔹 apartment – area: 121 m²

• spacious living room
• built-in kitchen
• 4 rooms:
  - master bedroom
  - 3 bedrooms
• built-in split air conditioners
• fully furnished

━━━━━━━━━━━━━━

⭐ property features

✔️ electric elevator
✔️ two parking spaces for the apartment
✔️ close to all services
✔️ excellent finishes

💵 annual rent: 90,000 sar
location 📌
https://maps.app.goo.gl/cc3wezsf5gcpebh28?g_st=ic

📞 for contact and inquiries:
((number appears when pressing call))Al Arid, Riyadh",https://sa.aqar.fm/en/apartment-for-rent/riyadh/north-of-riyadh/al-arid/apartment-for-rent-6781203,90000,115.0,782.6086956521739,782.6086956521739
An Nakheel,95000,112.0,"Apartment for Rent in Riyadh An Nakheel  §95,000/annually112m²331for rent – apartment in allen project (66) – al nakheel district, north riyadh

(contact: ((number appears when pressing call)))
apartment: no. 1 – ground floor

consists of: 3 master bedrooms + living room + 3 bathrooms + laundry room + fully equipped kitchen with all appliances

price: 100,000 sar – payment method: one installment or two installments + refundable deposit of 4,000 sar (agent fee applies)

area: 112 square meters

private parking space + full smart home control (lighting switches, smart lock, air conditioning control)

building features: cctv surveillance system + daily cleaning + elevator + smart morning entry

location advantages: close to all services (schools – markets – metro) kafd – al olaya road – al takhasusi roadAn Nakheel, Riyadh",https://sa.aqar.fm/en/apartment-for-rent/riyadh/north-of-riyadh/an-nakheel/apartment-for-rent-6770527,95000,112.0,848.2142857142857,848.2142857142857
Al Malqa,80000,131.0,"Apartment for Rent in Riyadh Al Malqa  §80,000/annually131m²331🏡 apartment for rent – al malqa district | asala residence project

📍 location:
https://maps.app.goo.gl/hkgb3p3nvdiujh1w9?g_st=ic

✨ asala residence project – developed by al habib company

📐 area: 132 m²
🏢 first floor
🧭 south-facing

🏠 apartment details:
• 3 bedrooms
• spacious living room
• kitchen
• 3 bathrooms
• private covered parking in the basement
• independent electricity meter
• water and owners' association fees are the owner's responsibility

💰 annual rent:
• 80,000 sar – single payment
or
• 85,000 sar – two payments

security deposit: 3,000 sar
broker commission is the tenant's responsibility

📞 contact:
((number appears upon clicking call))

🏢 al khyar al sahih real estate services officeAl Malqa, Riyadh",https://sa.aqar.fm/en/apartment-for-rent/riyadh/north-of-riyadh/al-malqa/apartment-for-rent-6873352,80000,131.0,610.6870229007634,610.6870229007634
Ghirnatah,75000,120.0,"Apartment for Rent in Riyadh Ghirnatah  §75,000/annually120m²331for rent – new ground floor apartment | granada district
\_\_\_\_\_\_\_\_\_\_\_\_\_\_\_\_\_\_\_\_\_\_\_\_\_\_\_\_\_\_\_\_\_\_

**specifications:**
- spacious family living room with sink area and bathroom
- kitchen
- small storage room
- two bedrooms with a shared bathroom
- master bedroom
- courtyard

**features:**
- close to main roads
- high-end modern finishing
- security system with surveillance cameras
- smart entry system
- fitted kitchen
- wall-mounted split ac units
- private parking
- private entrance
- warranties included

**annual rent:** 75,000 sar (paid in two installments)
**security deposit:** 5,000 sarGhirnatah, Riyadh",https://sa.aqar.fm/en/apartment-for-rent/riyadh/east-of-riyadh/ghirnatah/apartment-for-rent-6818457,75000,120.0,625.0,625.0
Al Fayha,45000,165.0,"Apartment for Rent in Riyadh Al Fayha  §45,000/annually165m²4🔝spacious apartment🔝

- prime location in al-fayha neighborhood with full services

🏡 amenities 🏡

* living room + bathroom
* hall
* 3 bedrooms + bathroom
* fitted kitchen
* installed split air conditioners

* total rooms: 4 rooms

💡 property features 💡
- close to all services
- nearby mosque
- nearby park
- installed air conditioners
- nearby complex of international and government schools

▪️ the most precise real estate contracts and property management ▪️

contact 📞
0554989900
0554969900Al Fayha, Riyadh",https://sa.aqar.fm/en/apartment-for-rent/riyadh/east-of-riyadh/al-fayha/apartment-for-rent-6814430,45000,165.0,272.72727272727275,272.72727272727275
Al Munsiyah,38000,312.0,"Apartment for Rent in Riyadh Al Munsiyah  §38,000/annually312m²321🏢 real estate links for marketing and real estate development

🏷️ for rent | 3 apartments in a villa in al-munasiya district

📍 western facade on a 20-meter street

🔹 the apartments consist of:
• 3 bedrooms
• living room
• kitchen
• 2 bathrooms

🔹 two apartments on the first floor
• one has an installed kitchen
• electricity with shared meter

🔹 one apartment on the second floor with private rooftop
• parquet flooring installed
• electricity with independent meter

📍location: https://maps.app.goo.gl/4pyfzy871fbirza7a?g_st=ic

💰 price: 45 thousand, negotiable

📞 contact: 0566117910Al Munsiyah, Riyadh",https://sa.aqar.fm/en/apartment-for-rent/riyadh/east-of-riyadh/al-munsiyah/apartment-for-rent-6697464,38000,312.0,121.7948717948718,121.7948717948718
Al Yasmin,65000,166.0,"Apartment for Rent in Riyadh Al Yasmin  §65,000/annually166m²3for rent: a two-floor apartment in al-yasmine neighborhood, in a prime location close to all services.

floor specifications:
- area: 233 m²
- sitting room
- living room
- kitchen
- 3 bedrooms, one master
- 3 bathrooms
- storage room

*air conditioners and kitchen are included (built-in)*

rent:
- 65,000 – one payment
- 70,000 – two payments

📞 for contact and inquiries, please call the designated number
((the number appears when you press call))Al Yasmin, Riyadh",https://sa.aqar.fm/en/apartment-for-rent/riyadh/north-of-riyadh/al-yasmin/apartment-for-rent-6728960,65000,166.0,391.56626506024094,391.56626506024094
Al Aqiq,100000,119.0,"Apartment for Rent in Riyadh Al Aqiq  §100,000/annually119m²231apartment for rent (stone complex)
location: al-aqiq district
unit code: 493

price: 100,000

details:
2 master bedrooms
spacious living room with balcony
laundry room or storage room
3 bathrooms

unit features:
✨ kitchen and air conditioners included
✨ wide and spacious windows
✨ smart entry
✨ private parking
✨ common lounge
✨ club

location features:
🛣️ 2 minutes from king fahd road
🛣️ 2 minutes from imam saud bin faisal road
🏢 9 minutes from the financial center
🚝 9 minutes from the financial center metroAl Aqiq, Riyadh",https://sa.aqar.fm/en/apartment-for-rent/riyadh/north-of-riyadh/al-aqiq/apartment-for-rent-6813372,100000,119.0,840.3361344537815,840.3361344537815
King Fahd,85000,107.0,"Apartment for Rent in Riyadh King Fahd  §85,000/annually107m²3💢 new apartment for rent – king fahd district, ground floor

🔅 area: 150 m²

💢 apartment details:
🔹 large living room
🔹 kitchen
🔹 storage room
🔹 master bedroom + walk-in closet
🔹 two bedrooms with a shared bathroom
🔹 courtyard

💢 apartment specifications and features:
🔸 two private parking spaces
🔸 independent electricity meter and independent water meter
🔸 all air conditioners are installed
🔸 kitchen will be installed

🔵 price: 85,000 – slight negotiation acceptedKing Fahd, Riyadh",https://sa.aqar.fm/en/apartment-for-rent/riyadh/north-of-riyadh/king-fahd/apartment-for-rent-6896167,85000,107.0,794.392523364486,794.392523364486
An Nakheel,60000,120.0,"Apartment for Rent in Riyadh An Nakheel  §60,000/annually120m²321ground floor apartment
consisting of two bedrooms, a living room, a sitting room, two bathrooms, and a kitchenAn Nakheel, Riyadh",https://sa.aqar.fm/en/apartment-for-rent/riyadh/north-of-riyadh/an-nakheel/apartment-for-rent-6806446,60000,120.0,500.0,500.0
Ar Rimal,36000,200.0,"Apartment for Rent in Riyadh Ar Rimal  §36,000/annually200m²321https://maps.app.goo.gl/ougzlwtsnqyokvwq8?g_st=ac

apartment for rent
al rimal district
second floor
3 bedrooms
living room, kitchen
2 bathrooms
2 entrances to the apartment
separate electricity meter
monthly rent: 3,000 sarAr Rimal, Riyadh",https://sa.aqar.fm/en/apartment-for-rent/riyadh/east-of-riyadh/ar-rimal/apartment-for-rent-6806219,36000,200.0,180.0,180.0
Ishbiliyah,30000,100.0,"Apartment for Rent in Riyadh Ishbiliyah  §30,000/annually100m²111a apartment consisting of a bedroom, a living room, a bathroom, and a kitchenette in a building with high-end hotel-style finishing. - air conditioners are installed - the building has two elevators - parking spaces are available in front of the building - the building is close to the main streets in ishbiliyah on al-qubba street - all services are nearby - flexible payment options are available, including monthly, quarterly, two installments, or annual paymentsIshbiliyah, Riyadh",https://sa.aqar.fm/en/apartment-for-rent/riyadh/east-of-riyadh/ishbiliyah/apartment-for-rent-6802995,30000,100.0,300.0,300.0
Al Quds,22800,100.0,"Apartment for Rent in Riyadh Al Quds  §22,800/annually100m²11an apartment consisting of one bedroom, a bathroom, and a kitchenette - air conditioners are installed - there is an elevator in the building - parking spaces are available in front of the building - the building is close to the main streets in jerusalem on khalid ibn al-walid street - all services are nearby - flexibility in payment with options for monthly, quarterly, two installments, or annual payment.Al Quds, Riyadh",https://sa.aqar.fm/en/apartment-for-rent/riyadh/east-of-riyadh/al-quds/apartment-for-rent-6803003,22800,100.0,228.0,228.0
Tuwaiq,30000,450.0,"Apartment for Rent in Riyadh Tuwaiq  §30,000/annually450m²321apartment for annual rent, located behind harvey, lady ali najm al-din.
_______
1- independent electricity meter, and also very close to the mosque within a distance of 300 steps or less.
_______
2- connected to water (municipal water supply)
3- al-fallah street 20
—————
apartment details:
it consists of a men's sitting room, a living room, a kitchen, two bedrooms, and two bathrooms.
_____
note: all air conditioners are split units.
the villa is a privately owned building.Tuwaiq, Riyadh",https://sa.aqar.fm/en/apartment-for-rent/riyadh/west-of-riyadh/tuwaiq/apartment-for-rent-6779653,30000,450.0,66.66666666666667,66.66666666666667
Al Munsiyah,35000,50.0,"Apartment for Rent in Riyadh Al Munsiyah  §35,000/annually50m²111silver arrow real estate company announces the availability of an apartment for rent, consisting of a room, living room, bathroom, kitchen, private entrance, and a small courtyard, located in al-munisiyah neighborhood in a prime location with all services available.

- elevator available
- full-time security guard
- air conditioners installed
- fiber internet available
- monthly rental available through ejari or rise company

for more details, contact: ((Advertiser's number appears upon contact))

other offers are also available.Al Munsiyah, Riyadh",https://sa.aqar.fm/en/apartment-for-rent/riyadh/east-of-riyadh/al-munsiyah/apartment-for-rent-6797460,35000,50.0,700.0,700.0
An Narjis,42000,360.0,"Apartment for Rent in Riyadh An Narjis  §42,000/annually360m²232listing code / ra 536

🏠 semi-new upper-floor apartment for rent – al narjis district

apartment details:

✅ semi-new upper-floor apartment
✅ 2 bedrooms with light wells
✅ large living room
✅ large majlis with a private rooftop terrace overlooking it
✅ kitchen
✅ 3 bathrooms
✅ independent electricity meter
✅ shared water

*apartment is without air conditioners and without a kitchen*
*owner does not accept monthly payments*

💰 annual rent: 42,000 sar – two payments – non-negotiable

for inquiries and contact:
551667377An Narjis, Riyadh",https://sa.aqar.fm/en/apartment-for-rent/riyadh/north-of-riyadh/an-narjis/apartment-for-rent-6864182,42000,360.0,116.66666666666667,116.66666666666667
Al Qirawan,75000,112.0,"Apartment for Rent in Riyadh Al Qirawan  §75,000/annually112m²3for rent – apartment in al-qairawan district, new

distinctive unit featuring:

- three bedrooms
- two master bedrooms
- living room
- fully fitted kitchen with all electrical appliances
- three bathrooms

the kitchen is fully marble with air conditioners, touch-control gas stove, oven, microwave, and dishwasher. air conditioners (5 units) are the latest model with wi-fi, both heating and cooling. sinks are marble with shelving.Al Qirawan, Riyadh",https://sa.aqar.fm/en/apartment-for-rent/riyadh/north-of-riyadh/al-qirawan/apartment-for-rent-6784624,75000,112.0,669.6428571428571,669.6428571428571
Tuwaiq,40000,165.0,"Apartment for Rent in Riyadh Tuwaiq  §40,000/annually165m²332may allah bless your time with all goodness

we are pleased to present this special offer to you ✨
( apartment for rent on the first floor in a residential complex )

apartment details:
* men's sitting room (majlis)
* family living room
* kitchen
* laundry room
* 3 bedrooms
* 3 bathrooms
* balcony

preferred for newlyweds or a small family

annual rent value:
40,800 (single payment)
3,400 monthly

we are honored to serve you
to view available offers,
please schedule a suitable time to view our properties 🙏🏻
for inquiries: ((number appears when pressing call))Tuwaiq, Riyadh",https://sa.aqar.fm/en/apartment-for-rent/riyadh/west-of-riyadh/tuwaiq/apartment-for-rent-6692521,40000,165.0,242.42424242424244,242.42424242424244
Qurtubah,75000,190.0,"Apartment for Rent in Riyadh Qurtubah  §75,000/annually190m²441apartment no. (1) – ground floor in a residential building 🏡

**property features:** 🏡
• two apartments per floor, with a total of (7) units in the entire building 🏡
• private parking space in front of the building 🚗
• two entrances 🚪
• maid's room with bathroom 🧕
• independent electricity meter ⚡
• homeowners' association available 🏢
• storage room / laundry area 📦🧺

**property specifications:** 🏡
• spacious independent sitting room (majlis) 🛋️
• spacious living room 📺
• (3) bedrooms, one of which is a master bedroom 🛏️
• (4) bathrooms 🛁
• built-in kitchen cabinets 🍽️
• built-in split air conditioning units ❄️

the neighborhood is distinguished by its location at the intersection of the northern ring road and the eastern ring road, and is close to all amenities, including a school complex and a nearby international school:

- al-tarbiya al-namodhajiya international schools – 3 minutes 🏫
- al-hussan international schools – 4 minutes 🏫
- regent international school – 5 minutes 🏫
- riyadh al-ilm university – 4 minutes 🎓
- public park – 2 minutes 🌴
- imam muhammad ibn saud university – 7 minutes 🎓
- princess nourah university – 13 minutes 🎓
- metro station – 7 minutes 🚇
- roshan front – 9 minutes 🎬🏬
- park avenue – 9 minutes 🏬
- king khalid international airport – 17 minutes 🛫
- global business complex (economic gateway) – 5 minutes 🏦Qurtubah, Riyadh",https://sa.aqar.fm/en/apartment-for-rent/riyadh/east-of-riyadh/qurtubah/apartment-for-rent-6812923,75000,190.0,394.7368421052632,394.7368421052632
Al Manar,57000,128.0,"Apartment for Rent in Riyadh Al Manar  §57,000/annually128m²331🏠 semi-new apartment for rent

a distinctive and well-organized apartment, consisting of:

🛏️ 3 bedrooms, including a master bedroom

🚿 3 bathrooms

🛋️ semi-independent sitting room

🛋️ living room

🍳 built-in kitchen

🚗 private parking space

✨ the apartment is semi-new and clean, with a practical layout suitable for families.

📍 location: al-manar district, close to imam ahmad ibn hanbal streetAl Manar, Riyadh",https://sa.aqar.fm/en/apartment-for-rent/riyadh/east-of-riyadh/al-manar/apartment-for-rent-6899838,57000,128.0,445.3125,445.3125
An Narjis,65000,97.0,"Apartment for Rent in Riyadh An Narjis  §65,000/annually97m²231🏡 luxury apartment for annual rent – 3 bedrooms, al arid district, apartment no. 5, najoum elite project – ready to move in, flexible payment options available

📞 contact: 9200032342
modern residential designs with premium finishing

additional features:
- dedicated tenant app
- daily property cleaning
- maintenance available through the app
- 24/7 customer service
- property monitored by security cameras
- various services available within the app

apartment specifications:
- 3 bedrooms
- 3 bathrooms
- fitted kitchen
- fully installed air conditioning units
- private parking
- excellent ventilation and natural lighting
- neat finishing and ready to move in

💰 price:
- sar 65,000 annually – one payment
- sar 70,000 annually – two payments

📍 location: al arid district – riyadhAn Narjis, Riyadh",https://sa.aqar.fm/en/apartment-for-rent/riyadh/north-of-riyadh/an-narjis/apartment-for-rent-6741676,65000,97.0,670.1030927835052,670.1030927835052
Al Mahdiyah,45000,120.0,"Apartment for Rent in Riyadh Al Mahdiyah  §45,000/annually120m²431ground floor apartment in a new building consisting of:

living room - hall - small storage room (or maid's room) according to your needs
master bedroom - two bedrooms - bathroom
private parking
independent water tank - independent electricityAl Mahdiyah, Riyadh",https://sa.aqar.fm/en/apartment-for-rent/riyadh/west-of-riyadh/al-mahdiyah/apartment-for-rent-6880674,45000,120.0,375.0,375.0
Al Mahdiyah,45000,123.0,"Apartment for Rent in Riyadh Al Mahdiyah  §45,000/annually123m²4first floor apartment in a building consisting of:
one entrance
master bedroom
two bedrooms
living room
open kitchen to the living room
two bathrooms
two private parking spaces for the apartment
elevator

for more details and inquiries, contact:
abu abdullah
((number appears when pressing call))Al Mahdiyah, Riyadh",https://sa.aqar.fm/en/apartment-for-rent/riyadh/west-of-riyadh/al-mahdiyah/apartment-for-rent-6874080,45000,123.0,365.8536585365854,365.8536585365854
Al Arid,65000,143.0,"Apartment for Rent in Riyadh Al Arid  §65,000/annually143m²431apartment for rent in a building
floor: first floor above ground
location: riyadh, al-arid district
facade: north-western, 30m
area: approximately 143 sqm
age: approximately 3 years

consists of:
3 rooms, one of which is a master bedroom with a walk-in closet + living room + kitchen + laundry room + balcony.

total bathrooms: 3

built-in kitchen ✅
6 built-in split air conditioners ✅
private electricity meter ✅
external parking space ✅
balcony available ✅
close to a park ✅
close to a mosque ✅
wide street ✅

price:
62,000 – one installment
65,000 – two installments

for more details and video, whatsapp: ((number appears when pressing call))Al Arid, Riyadh",https://sa.aqar.fm/en/apartment-for-rent/riyadh/north-of-riyadh/al-arid/apartment-for-rent-6887886,65000,143.0,454.54545454545456,454.54545454545456
An Narjis,105000,169.0,"Apartment for Rent in Riyadh An Narjis  §105,000/annually169m²431✴️ for rent | fully furnished luxury apartment – al majdiah project ✴️
✨ where luxury meets modern living ✨
📍 location: al narjis district – turaif street

🏡 apartment details:
🛋️ guest reception room with a bathroom
🛋️ spacious family living room with an elegant design and a dedicated dining area
🍳 luxury kitchen fully equipped with all electrical appliances
🛏️ master bedroom with a private bathroom
🛏️ two additional bedrooms with premium finishes
🚿 shared bathroom

🌟 features:
🪑 fully furnished with luxury furniture and ready for immediate occupancy
❄️ installed split air conditioners
⚡ independent electricity meter
🔌 full set of electrical appliances
🍽️ complete kitchen utensils and supplies
📺 smart tv with entertainment subscriptions (netflix and osn)
📦 built-in wardrobes providing practical and spacious storage
🛋️ modern furniture combining elegance and comfort
🎯 strategic location close to malls, restaurants, cafes, schools, and hospitals

💵 annual rent:
120,000 sar

📞 contact:
📱 abu bassam: ((number appears upon pressing call))

⛰️ afaq al jabal real estate ⛰️
🆔 advertisement license: 7201079003
🆔 fal real estate marketing license: 1200035388An Narjis, Riyadh",https://sa.aqar.fm/en/apartment-for-rent/riyadh/north-of-riyadh/an-narjis/apartment-for-rent-6815078,105000,169.0,621.301775147929,621.301775147929
An Narjis,55000,312.0,"Apartment for Rent in Riyadh An Narjis  §55,000/annually312m²32🏠 3-room apartment + living room for rent – private entrance

📍 villa – third floor
✨ private rooftop exclusive to the apartment
🚪 private entrance

apartment features:
• majlis (sitting room)
• living room
• open kitchen connected to the living room
• two bedrooms
• installed air conditioners
• fully equipped and fitted kitchen

💰 rent: 55,000 sar per year
💳 payment: two installments

📋 brokerage contract no.: 6201075811

📞 for contact and inquiries:
((number appears when you press call))
((number appears when you press call))An Narjis, Riyadh",https://sa.aqar.fm/en/apartment-for-rent/riyadh/north-of-riyadh/an-narjis/apartment-for-rent-6868212,55000,312.0,176.28205128205127,176.28205128205127
Al Uraija Al Gharbiyah,36000,400.0,"Apartment for Rent in Riyadh Al Uraija Al Gharbiyah  §36,000/annually400m²421🏠 apartment for rent | al-uraija al-gharbi district | area: 400 m²

a distinctive and spacious apartment on the second floor with a private rooftop, featuring a practical layout suitable for families, consisting of:

• sitting room (majlis)
• reception room (maqalat)
• living room
• 3 bedrooms
• 2 bathrooms
• private rooftop

📐 area: 400 m²

📍 location features:
• located in tuwaiq district
• near bilal bin rabah street
• western ring road, exit 29 — 3 minutes away
• al-doha metro station — 4 minutes away
• mosque — 1 minute away
• al-doha park — 5 minutes away
• all educational, health, and commercial services are available nearby

📞 for contact and inquiries: ((number appears when clicking on call))Al Uraija Al Gharbiyah, Riyadh",https://sa.aqar.fm/en/apartment-for-rent/riyadh/west-of-riyadh/al-uraija-al-gharbiyah/apartment-for-rent-6878361,36000,400.0,90.0,90.0
Al Arid,75000,312.0,"Apartment for Rent in Riyadh Al Arid  §75,000/annually312m²341**distinctive duplex apartment for rent in a villa with independent entrance – fully furnished**

✨ **spacious areas and a prime location ideal for families seeking comfort and privacy** ✨

📍 **location:** al-arid
📐 **area:** 312 m²
**fully furnished apartment**
🏢 **located on the ground floor with an independent entrance**
⚡ **independent electricity meter.**

🔹 **first floor:**
▪️ spacious sitting room (majlis).
▪️ dining area or lounge.
▪️ comfortable family living room.
▪️ built-in kitchen.
▪️ two bathrooms.
▪️ built-in air conditioning units.

🔹 **second floor:**
▪️ 3 spacious bedrooms, one master bedroom.
▪️ shared bathroom between two bedrooms.

✅ practical design offering privacy for the family.
✅ comfortable interior spaces.
✅ ready-to-use kitchen and air conditioning.
✅ prime location close to services and essential facilities.

💰 **annual rent: 85,000 sar**

📞 **contact:**
((number appears upon clicking call))
((number appears upon clicking call))
((number appears upon clicking call))

🏢 **aqarati real estate company.**Al Arid, Riyadh",https://sa.aqar.fm/en/apartment-for-rent/riyadh/north-of-riyadh/al-arid/apartment-for-rent-6743511,75000,312.0,240.3846153846154,240.3846153846154
Al Yasmin,85000,230.0,"Apartment for Rent in Riyadh Al Yasmin  §85,000/annually230m²451🏡 **for rent | duplex apartment in al-yasmin district**

✨ **space • privacy • luxury • prime location**

for those seeking **upscale living with spacious areas and high privacy**, we present a duplex apartment with a distinctive layout and generous spaces, combining the comfort of a home with the independence of family living.

📍 **prime location in al-yasmin district – al-yasmin garden plan**

### ✨ property details

**ground floor:**
• elegant sitting room (majlis)
• spacious and comfortable living room
• kitchen with fitted cabinets
• private side courtyard
• two bathrooms

**first floor:**
• 3 very spacious bedrooms
• spacious master bedroom
• maid's room
• practical layout providing the highest levels of comfort and privacy

### ⭐ key features

• concealed ac units and installed split units
• kitchen with fitted cabinets
• very spacious bedrooms
• side courtyard
• duplex design giving you the feel and independence of a house
• prime location near **al-yasmin garden**
• suitable for families seeking **tranquility, spaciousness, and a prime location**

💰 **annual rent: 85,000 sar**

📍 **al-yasmin district | al-yasmin garden plan**

---

**aqarati real estate company**
*real estate choices worthy of you*Al Yasmin, Riyadh",https://sa.aqar.fm/en/apartment-for-rent/riyadh/north-of-riyadh/al-yasmin/apartment-for-rent-6863878,85000,230.0,369.5652173913044,369.5652173913044
Dhahrat Namar,36000,193.0,"Apartment for Rent in Riyadh Dhahrat Namar  §36,000/annually193m²111✨ furnished apartment for monthly/annual rent. al-awali neighborhood
🔹 bedroom + living room + kitchen + storage + large private courtyard.
✨ features:
• luxury finishes
• smart door for the building and apartment
• high ceilings 3.15 m
• 5g network
• elegant interior design
• natural lighting (large overlooking windows)
• strategic location close to main services and vital roads
• safe and quiet neighborhood
• close to southern ring road - mecca road - najm al-din
• 180 meters from the mosque + new neighborhood park
• rent: 4 thousand monthly / or 30 thousand annually
rent includes: electricity, water, wifi, and building fees for owners' union.
rent is negotiable.Dhahrat Namar, Riyadh",https://sa.aqar.fm/en/apartment-for-rent/riyadh/west-of-riyadh/dhahrat-namar/apartment-for-rent-6693951,36000,193.0,186.52849740932643,186.52849740932643
As Sahafah,120000,91.0,"Apartment for Rent in Riyadh As Sahafah  §120,000/annually91m²221✨ for rent: luxury apartment in joud tower ✨
🌇 prime location next to rafal tower | view

📍 located on the 4th floor
⸻

🛋️ apartment details:
▪️ spacious and comfortable living room
▪️ open counter kitchen connected to the living room 🍽️
▪️ bedroom
▪️ master bedroom 🛏️
▪️ balcony
▪️ private parking in the basement 🚗

⸻

🏙️ tower amenities:
✨ elegant lounge
💪 fully equipped gym
🏊‍♂️ swimming pool
📍 central location close to all services

⸻

💰 price:
🔥 120,000 sar only

⸻

📌 location:
next to rafal tower
🔗 https://maps.app.goo.gl/ezwljcrj1uha54dba?g_st=com.google.maps.preview.copyAs Sahafah, Riyadh",https://sa.aqar.fm/en/apartment-for-rent/riyadh/north-of-riyadh/as-sahafah/apartment-for-rent-6832610,120000,91.0,1318.6813186813188,1318.6813186813188
Al Fayha,60000,253.0,"Apartment for Rent in Riyadh Al Fayha  §60,000/annually253m²431first floor apartment consisting of:

men's sitting room with a private bathroom and a private entrance
living room
kitchen
laundry room
master bedroom with a walk-in closet
two bedroomsAl Fayha, Riyadh",https://sa.aqar.fm/en/apartment-for-rent/riyadh/east-of-riyadh/al-fayha/apartment-for-rent-6849813,60000,253.0,237.15415019762847,237.15415019762847
Qurtubah,50000,364.0,"Apartment for Rent in Riyadh Qurtubah  §50,000/annually364m²331⛔️ please 🙏, before contacting us, read and view all the details

• copying or marketing this ad is prohibited

✅ for rent – spacious apartment (families) in a residential villa
* district: east qurtuba
* floor: second (with rooftop)
* 👈 fully renovated apartment + new split air conditioners
* 👈 has its own private rooftop (accessible from inside the apartment)
* 👈 the apartment has two entrances (men – women)

✅ rent:
* 50,000 sar (one payment or two payments)

✅ the apartment consists of:
- 2 bedrooms (one of which is a master bedroom)
- sitting room (majlis)
- large living room
- 3 bathrooms
- kitchen
- private rooftop

✅ new split air conditioners installed
❌ kitchen is not installed

⛔️ 👈 contact:
((Advertiser's number appears upon contact))
((Advertiser's number appears upon contact))Qurtubah, Riyadh",https://sa.aqar.fm/en/apartment-for-rent/riyadh/east-of-riyadh/qurtubah/apartment-for-rent-6843358,50000,364.0,137.36263736263737,137.36263736263737
Al Arid,85000,135.0,"Apartment for Rent in Riyadh Al Arid  §85,000/annually135m²33✨ for rent: furnished apartment ✨
riyadh _ al-arid district
excellent location, close to all services
private entrance to the apartment with a courtyard
smart home system
features a full reception area
kitchen
maid's room
3 bedrooms including a master bedroom
private parking space
ad number: 7100284722Al Arid, Riyadh",https://sa.aqar.fm/en/apartment-for-rent/riyadh/north-of-riyadh/al-arid/apartment-for-rent-6704881,85000,135.0,629.6296296296297,629.6296296296297
Al Yasmin,56000,390.0,"Apartment for Rent in Riyadh Al Yasmin  §56,000/annually390m²431**property no. (131)**

✨ **a distinguished residential opportunity in the heart of the prestigious al-yasmin neighborhood** ✨

are you looking for a home that combines luxury and privacy in one of the most upscale neighborhoods in north riyadh? 📍 we present to you this luxurious residential unit that meets all your aspirations.

🏠 **apartment features:**
• 🛋️ men's sitting room with a bathroom
• ✨ spacious and expansive hall for family gatherings
• 🍳 built-in kitchen with an elegant and practical design
• 🛏️ luxurious master bedroom with a private bathroom
• 🛌 two additional bedrooms with excellent space
• ❄️ built-in air conditioning throughout the entire apartment with high efficiency
• 🚗 private parking space for easy access and vehicle protection

📍 **strategic location:**
the property is located in al-yasmin neighborhood, one of riyadh's most sought-after and valued districts, surrounded by the finest services and commercial centers, with easy access to main roads.

the unit is ready for immediate occupancy and is an ideal choice for families seeking quality and location. 🏠✨

📞 for inquiries and to schedule a viewing, please contact us at **""maskan tuba real estate"":**
920027203Al Yasmin, Riyadh",https://sa.aqar.fm/en/apartment-for-rent/riyadh/north-of-riyadh/al-yasmin/apartment-for-rent-6776011,56000,390.0,143.5897435897436,143.5897435897436
Al Olaya,38000,60.0,"Apartment for Rent in Riyadh Al Olaya  §38,000/annually60m²211🏡 fully furnished apartment for rent

consists of:
1 bedroom
1 living room
1 kitchen
1 bathroom

includes:
⚡ electricity
🚰 water
🛜 fiber internet

💰 rent: 38,000
💳 payment: one installment / two installments / monthly payments

contact: abu mushari
((number appears when pressing call))
—————————————————
✅ monthly payment available
🏢 do you have a property?
leave the marketing to us 🤝
📸 professional photography
📢 ad posting and management
🎯 reaching target clients
🏪 kanar najd real estateAl Olaya, Riyadh",https://sa.aqar.fm/en/apartment-for-rent/riyadh/north-of-riyadh/al-olaya/apartment-for-rent-6881118,38000,60.0,633.3333333333334,633.3333333333334
Al Malqa,90000,149.0,"Apartment for Rent in Riyadh Al Malqa  §90,000/annually149m²331luxurious and spacious apartment in al malqa district
3 bedrooms
3 bathrooms
luxurious kitchen with electrical appliances
large living room and lounge
storage room
maid's room
installed air conditioners
private parking
2 balconiesAl Malqa, Riyadh",https://sa.aqar.fm/en/apartment-for-rent/riyadh/north-of-riyadh/al-malqa/apartment-for-rent-6868328,90000,149.0,604.0268456375838,604.0268456375838
Dhahrat Laban,48000,375.0,"Apartment for Rent in Riyadh Dhahrat Laban  §48,000/annually375m²321luxurious apartment in a villa for rent in east laban district, riyadh:

consisting of:
- men's sitting room (majlis)
- 2 bedrooms
- living room
- 2 bathrooms
- separate kitchen
- installed split air conditioners

- independent electricity meter
- water bill covered by the owner

building features:
- strategic location, close to all services
- front and rear parking spaces
- two entrances to the apartment and two entrances to the building
- apartment located in a villa
- the apartment occupies the entire floor with no neighbors
- close to the diplomatic quarter (embassy district)
- multiple neighborhood entrances to avoid traffic congestion
- large parking spaces dedicated to the tenant
- high-quality sound and thermal insulation with notable quietness

first floor

price: 48,000 – payable in one, two, or four installments, including water

to contact: ((number appears when you press call)) 534081999-Dhahrat Laban, Riyadh",https://sa.aqar.fm/en/apartment-for-rent/riyadh/west-of-riyadh/dhahrat-laban/apartment-for-rent-6867746,48000,375.0,128.0,128.0
Al Qirawan,80000,223.0,"Apartment for Rent in Riyadh Al Qirawan  §80,000/annually223m²331**apartment for rent in al-qairawan district – riyadh**

- **floor**: second
- **specifications**:
  - 3 bedrooms
  - living room
  - sitting room (majlis)
  - kitchen
  - storage room
  - area: 223 sqm
  - 3 bathrooms
- **independent electricity meter**
- rooftop: 70 sqm
- parking space
- **annual rent**: 80,000 (in two installments)Al Qirawan, Riyadh",https://sa.aqar.fm/en/apartment-for-rent/riyadh/north-of-riyadh/al-qirawan/apartment-for-rent-6886734,80000,223.0,358.74439461883406,358.74439461883406
An Nafal,135000,147.0,"Apartment for Rent in Riyadh An Nafal  §135,000/annually147m²3apartment for rent – diyar 27 project, al nafl district

close to the metro and king abdulaziz road.

**apartment specifications:**
- 3 bedrooms + 1 single bedroom
- master bedroom
- 3 bathrooms
- laundry/maid's room
- open living room
- luxury kitchen fully fitted with appliances from a leading kitchen brand
- premium fully integrated wardrobes from a leading wardrobe brand
- external shutters on all windows
- balcony overlooking the main street with electric curtains installed
- parking space in the basement

**shared facilities:**
- men's and women's gym
- meeting rooms
- mini market
- nursery/daycare
- laundry room
- reading room
- outdoor seating areasAn Nafal, Riyadh",https://sa.aqar.fm/en/apartment-for-rent/riyadh/north-of-riyadh/an-nafal/apartment-for-rent-6817231,135000,147.0,918.3673469387755,918.3673469387755
Al Munsiyah,70000,137.0,"Apartment for Rent in Riyadh Al Munsiyah  §70,000/annually137m²331for rent – apartment in al-munsiyah district, luxury apartments

consisting of:
first floor
building a

details:
3 bedrooms and a living room
3 bathrooms
fitted kitchen
installed air conditioners
two payments – 68,000 sar
direct

https://maps.app.goo.gl/viabt2zng5hbc5nua?g_st=awbAl Munsiyah, Riyadh",https://sa.aqar.fm/en/apartment-for-rent/riyadh/east-of-riyadh/al-munsiyah/apartment-for-rent-6773633,70000,137.0,510.94890510948903,510.94890510948903
Al Andalus,80000,139.0,"Apartment for Rent in Riyadh Al Andalus  §80,000/annually139m²331luxurious furnished apartment for rent in al-andalus district

it consists of:

⚡️ 3 bedrooms [one master bedroom]
⚡️ living room
⚡️ dining room
⚡️ fully equipped kitchen
⚡️ 3 bathrooms

[kitchen appliances included] [air conditioners included]

apartment features:
• upscale and excellent neighborhood
• close to all services
• fully furnished with brand new furniture
• elevator + private parking + smart entry + security cameras

price: 80,000 annually
price: 10,000 monthly

((number appears when pressing call)) 33908444 - ((number appears when pressing call))Al Andalus, Riyadh",https://sa.aqar.fm/en/apartment-for-rent/riyadh/east-of-riyadh/al-andalus/apartment-for-rent-6867952,80000,139.0,575.5395683453237,575.5395683453237
Ash Sharq,36000,360.0,"Apartment for Rent in Riyadh Ash Sharq  §36,000/annually360m²331apartment in al-sharq neighborhood
consisting of two rooms, a living room, a kitchen,
and a bathroom
for 36,000 in two installmentsAsh Sharq, Riyadh",https://sa.aqar.fm/en/apartment-for-rent/riyadh/east-of-riyadh/ash-sharq/apartment-for-rent-6868680,36000,360.0,100.0,100.0
Ar Rimal,35000,262.0,"Apartment for Rent in Riyadh Ar Rimal  §35,000/annually262m²2apartment in a villa - second floor
two bedrooms
two bathrooms
living room
hall
kitchen
rooftop
two entrances to the apartment
🔴 small familyAr Rimal, Riyadh",https://sa.aqar.fm/en/apartment-for-rent/riyadh/east-of-riyadh/ar-rimal/apartment-for-rent-6745164,35000,262.0,133.58778625954199,133.58778625954199
Al Yasmin,47000,520.0,"Apartment for Rent in Riyadh Al Yasmin  §47,000/annually520m²331for rent: apartment in a villa, third floor
shared entrance
two bedrooms, including a master bedroom
sitting room (majlis)
living room (hall)
three bathrooms
air conditioners and built-in kitchen
al yasmine districtAl Yasmin, Riyadh",https://sa.aqar.fm/en/apartment-for-rent/riyadh/north-of-riyadh/al-yasmin/apartment-for-rent-6881145,47000,520.0,90.38461538461539,90.38461538461539
Al Masif,120000,128.0,"Apartment for Rent in Riyadh Al Masif  §120,000/annually128m²3✨ for rent | luxury vip furnished apartment – al maseef district ✨
brand new apartment | luxurious new hotel-grade furniture | smart entry
an upscale living experience that combines luxury and comfort, with complete hotel-style furnishings and high-quality fittings, ready for immediate occupancy.
🏡 property details:
▪️ 3 bedrooms
▪️ spacious living room with dining area
▪️ fully equipped open kitchen
▪️ 3 bathrooms
▪️ separate maid's bathroom
▪️ maid's room
▪️ balcony
▪️ smart entry
▪️ central air conditioning for the living room, kitchen, and master bedroom
▪️ split air conditioning for the remaining rooms
▪️ elevator
▪️ private parking space
💎 exceptional features:
new hotel-grade furniture • brand new apartment • vip setup • smart entry • fully move-in ready
📍 al maseef district
the perfect choice for those seeking luxurious, modern, and fully detailed living.Al Masif, Riyadh",https://sa.aqar.fm/en/apartment-for-rent/riyadh/north-of-riyadh/al-masif/apartment-for-rent-6855898,120000,128.0,937.5,937.5
Ar Rimal,55000,104.0,"Apartment for Rent in Riyadh Ar Rimal  §55,000/annually104m²221for rent - new apartment with modern design
installed ac + kitchen cabinets
consists of: two master bedrooms - living room - kitchen - private parking
sports club - prayer room

annual contract: 55,000 sar - one or two payments
al rimal district, al tameer plan

at emaar najd real estate services

contact via whatsapp or call: 0533648284Ar Rimal, Riyadh",https://sa.aqar.fm/en/apartment-for-rent/riyadh/east-of-riyadh/ar-rimal/apartment-for-rent-6824503,55000,104.0,528.8461538461538,528.8461538461538
An Narjis,40000,550.0,"Apartment for Rent in Riyadh An Narjis  §40,000/annually550m²5for rent: apartment in a villa, second floor
shared entrance with the first floor
age: 7 years
al qamra 7, al narjis, close to abu bakr road and close to a mosque
tiled sitting room, living room, kitchen, laundry area, 3 bedrooms
3 bathrooms
air conditioners and kitchen appliances installed
40,000 (sar)
water: 600 sar, electricity: separate meter
security deposit: 2,000 (sar)An Narjis, Riyadh",https://sa.aqar.fm/en/apartment-for-rent/riyadh/north-of-riyadh/an-narjis/apartment-for-rent-6893245,40000,550.0,72.72727272727273,72.72727272727273
Al Qirawan,69000,600.0,"Apartment for Rent in Riyadh Al Qirawan  §69,000/annually600m²321for rent: new apartment in a villa
al-qayrawan, al-jawharah subdivision
north of saud bin jalawi, east of turki
3 rooms, living room, kitchen, and balcony

((number appears when pressing call)) omar
air conditioners installed, kitchen fitted
69,000 in two installmentsAl Qirawan, Riyadh",https://sa.aqar.fm/en/apartment-for-rent/riyadh/north-of-riyadh/al-qirawan/apartment-for-rent-6852296,69000,600.0,115.0,115.0
Al Mahdiyah,45000,135.0,"Apartment for Rent in Riyadh Al Mahdiyah  §45,000/annually135m²331🏢 new apartments for rent – al mahdiyah district | riyadh

for families only | 10 apartments available

new residential apartments for rent in al mahdiyah district, equipped with air conditioners and kitchens, with parking spaces available.

six apartments:
• 3 bedrooms
• living room
• 3 bathrooms
• maid's room
• installed air conditioners
• fitted kitchen
• parking spaces

🔹 four apartments:
• 3 bedrooms
• living room
• 3 bathrooms
• installed air conditioners
• fitted kitchen
• parking spaces

📍 location: al mahdiyah district – riyadh
prices start from 40,000 to 45,000 sar
📞 for contact, inquiries, and viewing:
wadi araqah real estate office
((number appears when clicking on call))Al Mahdiyah, Riyadh",https://sa.aqar.fm/en/apartment-for-rent/riyadh/west-of-riyadh/al-mahdiyah/apartment-for-rent-6880152,45000,135.0,333.3333333333333,333.3333333333333
Riyadh General,60000,80.0,"Apartment for Rent in Riyadh Al Badi'ah  §60,000/annually80m²231🏡 distinctive apartment with a private rooftop for rent
📍 maghna 130 – al-budeiah district

a third-floor apartment with a practical and suitable design for residential living, featuring a private rooftop:

• master bedroom
• additional bedroom
• shared bathroom
• living room
• kitchen
• private rooftop

📍 4 minutes from the metro
📍 7 minutes from king saud medical cityAl Badi'ah, Riyadh",https://sa.aqar.fm/en/apartment-for-rent/riyadh/west-of-riyadh/al-badiah/apartment-for-rent-6886740,60000,80.0,750.0,750.0
Dhahrat Laban,30000,450.0,"Apartment for Rent in Riyadh Dhahrat Laban  §30,000/annually450m²21apartment for rent in al-laban district, consisting of three rooms, annual rent 30,000, two payments.Dhahrat Laban, Riyadh",https://sa.aqar.fm/en/apartment-for-rent/riyadh/west-of-riyadh/dhahrat-laban/apartment-for-rent-6713052,30000,450.0,66.66666666666667,66.66666666666667
Al Qirawan,65000,130.0,"Apartment for Rent in Riyadh Al Qirawan  §65,000/annually130m²331luxury apartment for rent – al qairawan district

📍 location: al qairawan district

apartment specifications:

* 3 bedrooms (one master bedroom)
* spacious living room
* kitchen
* laundry room
* 3 bathrooms

features:

* ✅ built-in kitchen
* ✅ built-in air conditioners

💰 annual rent: 65,000

osoul al khibra real estate company

sale – purchase – marketing – property management – full building leasing

((number appears when pressing call)) 533908444 – ((number appears when pressing call))Al Qirawan, Riyadh",https://sa.aqar.fm/en/apartment-for-rent/riyadh/north-of-riyadh/al-qirawan/apartment-for-rent-6779772,65000,130.0,500.0,500.0
An Narjis,57000,480.0,"Apartment for Rent in Riyadh An Narjis  §57,000/annually480m²321third floor apartment
consisting of:
a sitting room, two bedrooms, and a living room
two bathrooms
built-in kitchens and air conditioners
rent includes water
electricity is independent (tenant's responsibility)
fiber optic is available in the building (tenant's responsibility)An Narjis, Riyadh",https://sa.aqar.fm/en/apartment-for-rent/riyadh/north-of-riyadh/an-narjis/apartment-for-rent-6814507,57000,480.0,118.75,118.75
As Sahafah,165000,123.0,"Apartment for Rent in Riyadh As Sahafah  §165,000/annually123m²33for businessmen and those seeking distinction and tranquility — a luxurious furnished apartment with high-end furnishings, located in one of the most prestigious towers in riyadh: rafal escore al-olaya tower, on one of the upper floors (23rd floor), with a pleasant east-facing view.

the apartment features two bedrooms, each with a private bathroom, a living room, a dining room with 6 chairs, an open kitchen fully equipped with all necessities, a guest bathroom, and a maid's room with bathroom.

**the rent includes:**
- a private parking space in the basement
- a men's club, a private women's club, and a children's play area
- use of all hotel services: business offices, sauna, restaurant, café, and other services

**note:**
- smoking of all kinds is strictly prohibited; tenants must comply with the rules and regulations of the property
- a security deposit of 15% of the rental value is required upon signing the contract and will be refunded upon handover

---

**description:**

residential apartment (for families or companies), approximately one and a half years old, located on the 23rd floor of rafal escore al-olaya tower (residential apartments section). area: 123 sqm, east-facing view overlooking a 60-meter-wide street, with moderate temperatures in summer. two bedrooms each with a private bathroom, living room, dining room, open kitchen, guest bathroom, and maid's room with bathroom.

**key features:**
- semi-new, used for one year; the apartment has been fully cleaned and sanitized
- includes all electrical appliances: washing machine, dishwasher, refrigerator, microwave, and coffee machine
- fully furnished in a modern style from the finest international brands
- top specifications in the tower, featuring an 85-inch screen in the living room and 50-inch screens in both bedrooms
- private parking space in the basement
- 24/7 security and reception services
- rent includes access to a men's club, women's club, and children's play area
- access to hotel services: restaurant, café, room cleaning, and many other services

**price includes** the annual tower maintenance fee of sar 25,000, but **does not include** electricity, water, gas, or any additional services requested by the tenant from the hotel.As Sahafah, Riyadh",https://sa.aqar.fm/en/apartment-for-rent/riyadh/north-of-riyadh/as-sahafah/apartment-for-rent-6899473,165000,123.0,1341.4634146341464,1341.4634146341464
Al Malqa,85000,105.0,"Apartment for Rent in Riyadh Al Malqa  §85,000/annually105m²2🌟 apartment for rent | sail 25 project – al malqa district 🌟

a modern apartment in a prime location in al malqa district, less than one year old, and close to the most prominent destinations and services in north riyadh.

🏠 apartment details:
• area: 106 m²
• second floor
• 2 bedrooms 🛏️
• living room 🛋️
• 2 bathrooms 🚿
• unfurnished

✨ apartment features:
• fully fitted kitchen with appliances 🍳
• large refrigerator
• microwave
• german oven and range hood
• built-in air conditioners ❄️
• water heaters for bathrooms and kitchen
• private parking space in the basement 🚗
• independent electricity meter
• shared water
• a specialized company for building maintenance and management

📍 location highlights:
• al malqa district – near imam saud bin faisal road
• wadi al batha street
• behind al makan mall
• approximately 3 minutes from the new avenues riyadh project
• close to boulevard world
• close to boulevard riyadh city
• close to wonder garden

💰 annual rent: 85,000 sar

📞 for inquiries and contact:
0543539883Al Malqa, Riyadh",https://sa.aqar.fm/en/apartment-for-rent/riyadh/north-of-riyadh/al-malqa/apartment-for-rent-6886084,85000,105.0,809.5238095238095,809.5238095238095
Qurtubah,110000,140.0,"Apartment for Rent in Riyadh Qurtubah  §110,000/annually140m²3🏡 fully furnished luxury apartment – qurtuba district | diyar 21

a distinctive apartment with an area of 140 m², located on the first floor, featuring a practical and comfortable layout with elegant finishing.

✨ apartment details:
• large living room with open kitchen
• balcony
• 3 bedrooms, one of which is a master bedroom
• maid's room
• laundry room
• 3 bathrooms
• installed air conditioners
• fully furnished
• private parking in the basement
• public parking available outside the complex

🏊 complex amenities:
• men's club and women's club
• swimming pool
• dedicated children's play area
• guest lounge and buffet available for residents by coordination with the owners' association

📍 location:
riyadh – qurtuba district – al-wadi al-a'la street
diyar 21 complex – building a – first floor

an ideal apartment for those seeking upscale, move-in-ready living in a prime location in east riyadh.

📞 for inquiries and contact:
0556191010Qurtubah, Riyadh",https://sa.aqar.fm/en/apartment-for-rent/riyadh/east-of-riyadh/qurtubah/apartment-for-rent-6879370,110000,140.0,785.7142857142857,785.7142857142857
Al Malqa,150000,134.0,"Apartment for Rent in Riyadh Al Malqa  §150,000/annually134m²331✨ luxury hotel-style apartment for rent – al malqa district (al majidiyah village) ✨

a furnished apartment with an elegant hotel-inspired design within al majidiyah village project, strategically located close to business centers and services 👌

🔹 apartment details:
• 3 bedrooms (including one master bedroom)
• 3 bathrooms
• spacious and comfortable living room
• dining table
• fully equipped kitchen with all electrical appliances
• storage room

🔹 features:
• private parking space 🚗
• indoor garden within the complex 🌿
• elegant lounge
• men's and women's gym 🏋️‍♂️
• children's play area 👶

🔹 services within the complex:
• gourmet coffee shop ☕
• barbershop ✂️
• laundry service 👕
• grocery store 🛒

📍 location:
• 7 minutes from riyadh boulevard
• 5 minutes from shopping centers
• 15 minutes from downtown riyadh

✨ a perfect choice for upscale living and comfort in a vibrant and fully integrated locationAl Malqa, Riyadh",https://sa.aqar.fm/en/apartment-for-rent/riyadh/north-of-riyadh/al-malqa/apartment-for-rent-6783771,150000,134.0,1119.402985074627,1119.402985074627
An Narjis,45000,120.0,"Apartment for Rent in Riyadh An Narjis  §45,000/annually120m²321in the name of allah, the most gracious, the most merciful
please read the advertisement carefully
peace, mercy, and blessings of allah be upon you

**apartment for rent – al narjis district**
- first floor
- distinguished by its location and proximity to services
- 🛑 private entrance

it consists of:
- sitting room with a bathroom
- living room
- master bedroom
- bathroom
- bedroom
- kitchen with a light shaft

🛑 without kitchen and air conditioners

**rental price:**
- 40,000 – single payment
- 45,000 – two payments

📞 for contact:
0705507050

**al-ibra real estate company**
our services: marketing – property management – real estate development – electronic contract writing – owners' association – off-plan sales services
working hours: from 4 pm to 10 pm
whatsapp available 24 hoursAn Narjis, Riyadh",https://sa.aqar.fm/en/apartment-for-rent/riyadh/north-of-riyadh/an-narjis/apartment-for-rent-6750162,45000,120.0,375.0,375.0
Shubra,30000,500.0,"Apartment for Rent in Riyadh Shubra  §30,000/annually500m²321apartment for rent in al-suwaidi district
shubra – sadeer

city of riyadh:

it consists of:

- men's sitting room
- living room
- 3 bedrooms
- kitchen
- 2 bathrooms
- without kitchen – without air conditioners

building features:
- private entrance
- strategic location, 3 minutes from the southern ring road
- opposite sulaiman al-habib hospital
- near markets, a health complex, and a bus station

annual rent: 35,000 sar
negotiable

for contact – ((number appears when pressing call))Shubra, Riyadh",https://sa.aqar.fm/en/apartment-for-rent/riyadh/west-of-riyadh/shubra/apartment-for-rent-6884685,30000,500.0,60.0,60.0
Al Manar,65000,104.0,"Apartment for Rent in Riyadh Al Manar  §65,000/annually104m²3312 master bedrooms
3 bathrooms
kitchen with built-in air conditioners
private side entrance + private yardAl Manar, Riyadh",https://sa.aqar.fm/en/apartment-for-rent/riyadh/east-of-riyadh/al-manar/apartment-for-rent-6898890,65000,104.0,625.0,625.0
Hittin,120000,161.0,"Apartment for Rent in Riyadh Hittin  §120,000/annually161m²331offer number 4134

in the name of allah, the most gracious, the most merciful
please read the advertisement clearly
peace be upon you and allah's mercy and blessings

* luxury furnished apartment for rent in hittin district
* garden residence project

distinguished by its proximity to all services and main roads

◀️ consists of:

- two balconies.
- master bedroom (king bed).
- two bedrooms (two single beds each).
- 3 bathrooms.
- living room.
- full kitchen.

- the project features a gym for men and women, children's playroom and lounge.

rent:

120 thousand one payment
125 thousand two payments

📞 contact

abu rafif     ((number appears when pressing call))
abu saad      ((number appears when pressing call))

al-abra real estate company
our services: marketing - property management - real estate development - electronic contract writing - owners association - off-plan sales services
working hours from 4 pm to 10 pm
whatsapp 24 hoursHittin, Riyadh",https://sa.aqar.fm/en/apartment-for-rent/riyadh/north-of-riyadh/hittin/apartment-for-rent-6731241,120000,161.0,745.3416149068323,745.3416149068323
Al Arid,80000,179.0,"Apartment for Rent in Riyadh Al Arid  §80,000/annually179m²552**offer no. 4217**

in the name of allah, the most gracious, the most merciful
please read the advertisement carefully.
peace, mercy, and blessings of allah be upon you.

♦️ **two-story apartment for rent – al-arid district**

📌 **specifications:**

◀️ two separate entrances (one entrance with the building door, one external entrance with a private setback)
◀️ separate laundry room with a maid's room
◀️ large majlis (reception hall)
◀️ small living room with the possibility of separating the two areas
◀️ three bedrooms and a master suite on the second floor
◀️ four bathrooms – 2 downstairs and 2 upstairs

📌 **features:**
- total number of apartments in the building: (5)
- smart entry + standard entry
- (3) external security cameras dedicated to the apartment
- fully installed air conditioners
- fully fitted separate kitchen
- private parking space
- independent electricity meter
- external iron security window guards

---

**rental price:**

- 80,000 – one payment
- 85,000 – two payments

---

**contact:**

abu rafif
📞 055-66-78197

abu saad
📞 053-883-439

**rukn al-ibra real estate company**
our services: marketing – property management – real estate development – electronic contract writing – owners' association – off-plan sales services
working hours: 4:00 pm to 10:00 pm
whatsapp available 24 hoursAl Arid, Riyadh",https://sa.aqar.fm/en/apartment-for-rent/riyadh/north-of-riyadh/al-arid/apartment-for-rent-6809512,80000,179.0,446.92737430167597,446.92737430167597
Al Malqa,85000,100.0,"Apartment for Rent in Riyadh Al Malqa  §85,000/annually100m²231offer no. 4278

in the name of allah, the most gracious, the most merciful
please read the advertisement carefully
peace, mercy, and blessings of allah be upon you

♦️ luxury furnished apartment for rent – al malqa district
- ground floor
- area: 100 sqm

📌 features:
- close proximity to all services and main roads
- men's and women's fitness club with free membership
- nursery/childcare
- prayer room
- atm
- garden view

📌 the apartment consists of:
- 2 master bedrooms
- kitchen
- laundry room
- living room overlooking the garden
- 3 bathrooms

💸 rental price:
- 85,000 – one installment
- 90,000 – two installments

📞 contact:
abu rafif
(number appears when clicking call)
abu saad
(number appears when clicking call)

rukn al-ibra real estate company
our services: marketing – property management – real estate development – electronic contract writing – owners' association – off-plan sales services
working hours: 4 pm to 10 pm
whatsapp available 24 hoursAl Malqa, Riyadh",https://sa.aqar.fm/en/apartment-for-rent/riyadh/north-of-riyadh/al-malqa/apartment-for-rent-6859646,85000,100.0,850.0,850.0
Al Yarmouk,90000,213.0,"Apartment for Rent in Riyadh Al Yarmouk  §90,000/annually213m²452luxury modern two-floor apartment for rent in al-yarmouk district
area: 213 m²

it consists of:
**ground floor:**
living room + hall + kitchen + 2 bathrooms + balcony

**second floor:**
3 bedrooms, including 2 master bedrooms + hall + 3 bathrooms + 2 balconies + private rooftop

(built-in kitchen – split air conditioners included)

**building features:**
- private parking
- prime location

🛑 **note:** rental is unfurnished

**price: 90,000**

---

**ibda' al-ibda' real estate**
leasing – sales – property management – full building leasing
0557026555 – 0553918555 – 0559638555Al Yarmouk, Riyadh",https://sa.aqar.fm/en/apartment-for-rent/riyadh/east-of-riyadh/al-yarmouk/apartment-for-rent-6894804,90000,213.0,422.53521126760563,422.53521126760563
As Saadah,42000,400.0,"Apartment for Rent in Riyadh As Saadah  §42,000/annually400m²3apartments for rent – al saada district

first floor apartments
independent electricity meter
new installed air conditioners
new installed kitchen
water available
sewage system
close to the metro station
close to the national guard medical city

all apartments consist of a sitting room, a living room, a kitchen, two bedrooms, and three bathrooms including a master bedroom with an en-suite bathroom — all brand new and never been occupied.

first floor apartment facing the street — rent: 50,000
apartment opposite to it — rent: 46,000
second floor apartment — rent: 42,000

for inquiries, please call:
0552900019
0554420904As Saadah, Riyadh",https://sa.aqar.fm/en/apartment-for-rent/riyadh/east-of-riyadh/as-saadah/apartment-for-rent-6892836,42000,400.0,105.0,105.0
An Narjis,85000,117.0,"Apartment for Rent in Riyadh An Narjis  §85,000/annually117m²331ground floor apartment for rent (new - first occupant)

location: al-narjis district (prime location, close to king salman road and abu bakr road)

two master bedrooms
living room
kitchen
maid's room
two bathrooms serving the living room
back yard
concealed air conditioning
security system with surveillance cameras
private parking in the basement

complex amenities:
women's club
men's club
lounge
children's nurseryAn Narjis, Riyadh",https://sa.aqar.fm/en/apartment-for-rent/riyadh/north-of-riyadh/an-narjis/apartment-for-rent-6882277,85000,117.0,726.4957264957264,726.4957264957264
Al Mahdiyah,42000,322.0,"Apartment for Rent in Riyadh Al Mahdiyah  §42,000/annually322m²1for contact: 0538666571 abu hala
rental price includes water and electricity
furnished apartment with a private entrance, consisting of a bedroom, living room, kitchen, and bathroomAl Mahdiyah, Riyadh",https://sa.aqar.fm/en/apartment-for-rent/riyadh/west-of-riyadh/al-mahdiyah/apartment-for-rent-6867249,42000,322.0,130.43478260869566,130.43478260869566
Al Maizilah,75000,124.0,"Apartment for Rent in Riyadh Al Maizilah  §75,000/annually124m²331🏷️ new luxury fully furnished apartment for rent - first floor (above ground)

📍 location: al muaither district - riyadh
📐 total area: 124.4 m²

located near the national guard hospital 🏥
near king fahd security college 👮🏻‍♂️
near king fahd sports city 🏟️

specifications:
🔶 3 furnished bedrooms (one of which is a master bedroom)
🔶 spacious furnished living room
🔶 3 bathrooms
🔶 elevator
🔶 smart entry
🚗 private parking
🔷 fully fitted kitchen (with complete kitchen appliances)
🔷 installed split air conditioners

💰 rent:
70,000 - one payment
75,000 - two paymentsAl Maizilah, Riyadh",https://sa.aqar.fm/en/apartment-for-rent/riyadh/east-of-riyadh/al-maizilah/apartment-for-rent-6836133,75000,124.0,604.8387096774194,604.8387096774194
Al Qadisiyah,70000,152.0,"Apartment for Rent in Riyadh Al Qadisiyah  §70,000/annually152m²331luxurious family apartment for rent – al qadisiyah district

specifications:
* rooms: 3 bedrooms (including a master bedroom)
* living areas & facilities: independent sitting room + spacious living room
* services: 3 bathrooms + built-in kitchen
* features: 2 balconies with a distinctive view + 5 fully built-in air conditioners

location & geographic features:
* 📍 district: al qadisiyah
* ⏱ 5 minutes from king abdullah road
* 🚗 direct access to sheikh jaber al ahmad road
* ✈️ only 15 minutes from king khalid international airport

payment options:
* single payment: 70,000 sar
* two installments: 73,000 sarAl Qadisiyah, Riyadh",https://sa.aqar.fm/en/apartment-for-rent/riyadh/east-of-riyadh/al-qadisiyah/apartment-for-rent-6872066,70000,152.0,460.5263157894737,460.5263157894737
An Narjis,35000,600.0,"Apartment for Rent in Riyadh An Narjis  §35,000/annually600m²1for rent – apartment in al narjis district

ready for occupancy, with an excellent location on faisal bin bandar road, close to king salman road.

apartment specifications:

* one bedroom.
* living room.
* kitchen (semi-open).
* one bathroom.
* air conditioners installed.
* includes refrigerator and washing machine.

suitable for a single person or a couple, in a prime location close to services and main roads.

for contact:
wudouh al ru'ya real estate
050 900 4360An Narjis, Riyadh",https://sa.aqar.fm/en/apartment-for-rent/riyadh/north-of-riyadh/an-narjis/apartment-for-rent-6843647,35000,600.0,58.333333333333336,58.333333333333336
Al Muruj,60000,60.0,"Apartment for Rent in Riyadh Al Muruj  §60,000/annually60m²111furnished residential units for rent in al-muruj district
available: furnished one-bedroom and living room apartment
includes kitchen - electric oven - washing machine (subject to availability).
prime location
annual rent: 50,000 (one payment)
monthly: 5,000
includes electricity, water, and internet
contact: ((number appears when clicking call)) (osama)
((number appears when clicking call)) (abdulaziz)
((number appears when clicking call)) (naif)

alf real estate company
our services: marketing - property management - electronic contract writing
working hours: saturday to thursday, friday is off

from 3:00 pm to 10:00 pmAl Muruj, Riyadh",https://sa.aqar.fm/en/apartment-for-rent/riyadh/north-of-riyadh/al-muruj/apartment-for-rent-6843407,60000,60.0,1000.0,1000.0
Ad Dhubbat,40000,600.0,"Apartment for Rent in Riyadh Ad Dhubbat  §40,000/annually600m²40direct:
🏢 distinctive modern apartment for rent | al dhabbat district - riyadh
an excellent opportunity for comfortable living in a vibrant location close to all amenities. the apartment is on the ground floor with a practical and fully utilized layout.
📐 property details:
 📍 location: riyadh - al dhabbat district.
 🚪 floor: ground floor.
 🛏️ rooms: 2 bedrooms.
 🛋️ living room: spacious living room of excellent size.
 🍳 kitchen: open plan to the living room (modern design).
 🚿 bathroom: 1 bathroom.
 ❄️ air conditioning: installed (fully split system).
💰 financial details:
 💵 rent: 42,000 sar annually, including water and service fees.
 🛑 note: no monthly rental option available.
📲 for inquiries and viewings:
 💬 inquiries via whatsapp only.Ad Dhubbat, Riyadh",https://sa.aqar.fm/en/apartment-for-rent/riyadh/center-of-riyadh/ad-dhubbat/apartment-for-rent-6794483,40000,600.0,66.66666666666667,66.66666666666667
Al Yasmin,48000,348.0,"Apartment for Rent in Riyadh Al Yasmin  §48,000/annually348m²331for rent: an apartment in a villa in al yasmin district.
prime location with a southern façade on a 20-meter through street leading to abu bakr al-siddiq road.
the apartment includes a kitchen, used but clean air conditioners.
2 bedrooms, a living room, a hallway, a kitchen, and 3 bathrooms.
the apartment is on the rooftop, and the roof is shared, not private to the apartment.
rent: 50,000 in two installments.
((Advertiser's number appears upon contact))
rou'ah bila hudood real estate office
certified real estate broker and marketerAl Yasmin, Riyadh",https://sa.aqar.fm/en/apartment-for-rent/riyadh/north-of-riyadh/al-yasmin/apartment-for-rent-6841754,48000,348.0,137.93103448275863,137.93103448275863
Al Munsiyah,30000,375.0,"Apartment for Rent in Riyadh Al Munsiyah  §30,000/annually375m²2apartment for rent

consisting of two bedrooms, a living room, a kitchen, and a bathroomAl Munsiyah, Riyadh",https://sa.aqar.fm/en/apartment-for-rent/riyadh/east-of-riyadh/al-munsiyah/apartment-for-rent-6886270,30000,375.0,80.0,80.0
Qurtubah,70000,174.0,"Apartment for Rent in Riyadh Qurtubah  §70,000/annually174m²331apartment in al argan project - qurtubah district
strategic location in one of the finest neighborhoods of riyadh

📍 ground floor apartment
📍 single entrance

features:
✔️ independent meter
✔️ private parking
✔️ fitted kitchen
✔️ installed air conditioners

details:
🛋 men's majlis
🚿 bathroom
🛋 living room
🍽 kitchen with storage or maid's room + bathroom
🛋 women's majlis

🛏 number of bedrooms: 3
* 2 master bedrooms
* third bedroom
🚿 additional bathroom

💰 rent: 70,000 annually

🎥 video available for the apartment

📞 for contact and inquiries:
0535888528 – abu abdulaziz
0535745856 – abu janaQurtubah, Riyadh",https://sa.aqar.fm/en/apartment-for-rent/riyadh/east-of-riyadh/qurtubah/apartment-for-rent-6701651,70000,174.0,402.2988505747126,402.2988505747126
An Narjis,50000,360.0,"Apartment for Rent in Riyadh An Narjis  §50,000/annually360m²3for rent – fully renovated used apartment
al narjis district, north of king salman road

first floor apartment consisting of:
- living room and sitting room
- 2 bedrooms
- 2 bathrooms
- fitted kitchen
- air conditioners included

prime location, very suitable for newlyweds.

for inquiries:
wudouh al-ru'ya real estate
050 900 4360An Narjis, Riyadh",https://sa.aqar.fm/en/apartment-for-rent/riyadh/north-of-riyadh/an-narjis/apartment-for-rent-6826349,50000,360.0,138.88888888888889,138.88888888888889
Badr,30000,215.0,"Apartment for Rent in Riyadh Badr  §30,000/annually215m²3large apartment in al-shafa, al-muzaini district for rent – first floor

apartment specifications:

* master bedroom
* 2 bedrooms
* living room
* bathroom
* separate kitchen
* shared entrance
* shared electricity with the option to fix the bill at a flat monthly rate
* water to be paid at the beginning of the contract

rent:

* 30,000 sar annually
* one or two payments
* 2,700 sar per month

notes:

* there are some remarks, which will be fully addressed by the owner before handover
* the owner is currently residing in the property
* small and respectable families onlyBadr, Riyadh",https://sa.aqar.fm/en/apartment-for-rent/riyadh/south-of-riyadh/badr/apartment-for-rent-6834817,30000,215.0,139.53488372093022,139.53488372093022
Ar Rimal,58000,225.0,"Floor for Rent in Riyadh Ar Rimal  §58,000/annually225m²5townhouse apartment
private parking
independent meter
consists of two floors
starting from the first floor
first floor: reception and kitchen
second floor: bedrooms
consists of three master bedroomsAr Rimal, Riyadh",https://sa.aqar.fm/en/big-flat-for-rent/riyadh/east-of-riyadh/ar-rimal/big-flat-for-rent-6826451,58000,225.0,257.77777777777777,257.77777777777777
An Narjis,60000,145.0,"Apartment for Rent in Riyadh An Narjis  §60,000/annually145m²331for rent, an apartment in al narjis neighborhood,
darco 307 project,
brand new, never been occupied,
ground floor,
consisting of:
3 bedrooms including a master bedroom,
living room,
hall and kitchen,
3 bathrooms,
kitchen cabinets and air conditioners included.An Narjis, Riyadh",https://sa.aqar.fm/en/apartment-for-rent/riyadh/north-of-riyadh/an-narjis/apartment-for-rent-6820789,60000,145.0,413.7931034482759,413.7931034482759
Al Munsiyah,38000,500.0,"Apartment for Rent in Riyadh Al Munsiyah  §38,000/annually500m²321apartment for rent consisting of a living room, a hall, two bedrooms, a fitted kitchen, and two bathrooms, with two entrances, located on the first floor.
electricity is shared with the opposite apartment.
location: al-munsiyah neighborhood, all services available.Al Munsiyah, Riyadh",https://sa.aqar.fm/en/apartment-for-rent/riyadh/east-of-riyadh/al-munsiyah/apartment-for-rent-6779695,38000,500.0,76.0,76.0
Al Faruq,50000,101.0,"Apartment for Rent in Riyadh Al Faruq  §50,000/annually101m²22 bedrooms / 1 living room / 2 bathrooms / 1 hall / 1 kitchen
built-in fixtures and built-in air conditioners
newAl Faruq, Riyadh",https://sa.aqar.fm/en/apartment-for-rent/riyadh/center-of-riyadh/al-faruq/apartment-for-rent-6779249,50000,101.0,495.0495049504951,495.0495049504951
Al Marwah,45000,164.0,"Apartment for Rent in Riyadh Al Marwah  §45,000/annually164m²431assalamu alaikum wa rahmatullahi wa barakatuh

we have available:
**apartment**

located in..... building
floor....... second floor
number of rooms.... 4
number of bathrooms.... 3
entrance...... (shared)
electricity meter...... (private)
extras..... new split air conditioners and a new kitchen
payment.... (annual 45,000 in two installments) (annual 40,000 in one installment)Al Marwah, Riyadh",https://sa.aqar.fm/en/apartment-for-rent/riyadh/south-of-riyadh/al-marwah/apartment-for-rent-6872447,45000,164.0,274.390243902439,274.390243902439
An Narjis,50000,383.0,"Apartment for Rent in Riyadh An Narjis  §50,000/annually383m²321apartment in a villa for rent in al narjis district
two entrances
first floor
consists of:
living room + hall + 2 bedrooms + kitchen + 2 bathrooms
small private courtyard
(kitchen fitted + split air conditioners installed)
price: 50,000 one payment
two payments: 52,000
excellent location
close to servicesAn Narjis, Riyadh",https://sa.aqar.fm/en/apartment-for-rent/riyadh/north-of-riyadh/an-narjis/apartment-for-rent-6820596,50000,383.0,130.54830287206266,130.54830287206266
Dhahrat Laban,32000,127.0,"Apartment for Rent in Riyadh Dhahrat Laban  §32,000/annually127m²321**for rent – apartment in dhahrat laban area**
**west laban**

excellent apartment

**3rd floor** with shared rooftop
consisting of:
- 2 bedrooms
- living room (salah)
- sitting room (majlis)
- private rooftop for the apartment
- 2 bathrooms
- kitchen

independent electricity meter

no extra charges

**suitable for a small family**

**rent:**
- 28,000 sar – one payment
- 30,000 sar – two payments
- 2,750 sar – monthly

**rent includes water**Dhahrat Laban, Riyadh",https://sa.aqar.fm/en/apartment-for-rent/riyadh/west-of-riyadh/dhahrat-laban/apartment-for-rent-6789585,32000,127.0,251.96850393700788,251.96850393700788
Al Malqa,85000,137.0,"Apartment for Rent in Riyadh Al Malqa  §85,000/annually137m²331two internal courtyards
100 meters away from the avenues
50 meters from bus stops
all services available
upscale location in project saqifa number 9
three bedrooms, a master suite with a walk-in closet and a private courtyard
maid's room, storage room, and a large living room overlooking the courtyard
fully equipped kitchen from the german company cuisine plus
refrigerator, gas stove, oven, and full german parquet flooringAl Malqa, Riyadh",https://sa.aqar.fm/en/apartment-for-rent/riyadh/north-of-riyadh/al-malqa/apartment-for-rent-6870942,85000,137.0,620.4379562043796,620.4379562043796
Tuwaiq,32000,189.0,"Apartment for Rent in Riyadh Tuwaiq  §32,000/annually189m²4we have an apartment in a residential building for rent, payable in two installments. the apartment has an elevator and an independent water meter (project water). it is located on the second floor and consists of four rooms, a living room, a master bedroom, a kitchen, a storage room, and a large hall.Tuwaiq, Riyadh",https://sa.aqar.fm/en/apartment-for-rent/riyadh/west-of-riyadh/tuwaiq/apartment-for-rent-6760988,32000,189.0,169.31216931216932,169.31216931216932
Al Arid,45000,360.0,"Apartment for Rent in Riyadh Al Arid  §45,000/annually360m²3apartment in a villa, first floor, shared entrance, separate electricity meter.
consists of a majlis (sitting room), a living hall, and two bedrooms.Al Arid, Riyadh",https://sa.aqar.fm/en/apartment-for-rent/riyadh/north-of-riyadh/al-arid/apartment-for-rent-6902580,45000,360.0,125.0,125.0
Al Qirawan,55000,480.0,"Apartment for Rent in Riyadh Al Qirawan  §55,000/annually480m²331al-abbad real estate company presents to you a family apartment for annual rent

location: al-qairawan district – north of king salman road

🌟 specifications:
- lounge with a bathroom and lavatories
- three bedrooms, one of which is a master bedroom
- closed kitchen
- living room
- (installed air conditioners)

🌟 features:
• private electricity meter
• private elevator for the apartment
• independent entrance
• close to the mosque
• the apartment is distinguished by its unique and exceptional location

📍 most notably, the apartment is:
close to the most important main roads (king salman road, prince turki road, and king khalid road)

📍 it is also distinguished by its proximity to all services:
commercial outlets of all kinds, gas station ⛽️, atm 🚊, grocery stores

price: 55,000 sar

🌟 al-abbad real estate company 🌟Al Qirawan, Riyadh",https://sa.aqar.fm/en/apartment-for-rent/riyadh/north-of-riyadh/al-qirawan/apartment-for-rent-6826030,55000,480.0,114.58333333333333,114.58333333333333
An Nada,170000,121.0,"Apartment for Rent in Riyadh An Nada  §170,000/annually121m²343✨ luxury apartment for rent – al majdiyah 82 project ✨

a luxury residential apartment with an area of 221.5 m², located on the third floor, with an elevator, a parking space, and a private rooftop for the apartment.

apartment details

* 3 rooms: two bedrooms + a maid's room.
* 4 bathrooms.
* two living halls with a service kitchen in between.
* two kitchens: a main fitted and equipped kitchen + a service kitchen.
* storage room.
* 3 balconies.
* private rooftop for the apartment.

rooms

* master room: private bathroom, bed, dresser, separate wardrobes (men's and women's), luxury furnishings, and an electric curtain from cedar.
* second bedroom: electric curtain from abyat.
* maid's room: private bathroom, bed, and tv.

equipment and features

* 5 haam split air conditioners with wi-fi technology distributed across all rooms.
* kitchen equipped with a refrigerator, oven, dishwasher, and microwave.
* skylight in part of the hall, with an external electric curtain and an internal curtain from cedar.
* the rooftop is equipped with a grill with a gas cylinder, a seating area for 6 people, and a canopy.
* parquet flooring.

property condition

the apartment is in excellent condition, with the walls and doors repainted, and the plumbing and electrical work inspected and maintained.An Nada, Riyadh",https://sa.aqar.fm/en/apartment-for-rent/riyadh/north-of-riyadh/an-nada/apartment-for-rent-6901650,170000,121.0,1404.9586776859503,1404.9586776859503
Ar Rimal,38000,126.0,"Apartment for Rent in Riyadh Ar Rimal  §38,000/annually126m²321🏡 elegant apartment for rent | al-ramal district – tanal plan

📍 strategic location on abu rifa'a al-adawi street
a distinguished apartment with a practical layout and a prime location, suitable for families looking for accommodation near the airport, universities, and key services.

unit details:
▪️ first floor
▪️ property age: 3 years
▪️ two independent entrances
▪️ sitting room (majlis)
▪️ 2 bedrooms
▪️ living room
▪️ kitchen
▪️ 2 bathrooms
▪️ family residential

exceptional location, close to:
✈️ king khalid international airport
🎓 imam mohammad ibn saud islamic university
🎓 princess nourah university
🛣️ al-thamama road
🏙️ raushan front
🛍️ all services and vital facilities

💰 annual rent: 38,000 sar
💳 monthly rent: 3,500 sar

📍 location:
""click here to view the location"" (https://maps.app.goo.gl/kljahzhqauoqvibda?g_st=iw)

✨ prime location • practical layout • ideal choice for familiesAr Rimal, Riyadh",https://sa.aqar.fm/en/apartment-for-rent/riyadh/east-of-riyadh/ar-rimal/apartment-for-rent-6813485,38000,126.0,301.58730158730157,301.58730158730157
Al Arid,54000,345.0,"Apartment for Rent in Riyadh Al Arid  §54,000/annually345m²32for rent, apartment in a villa
first floor
shared entrance
two bedrooms with bathroom
and a sitting room with bathroom
living room
air conditioners and built-in kitchen
al-arid districtAl Arid, Riyadh",https://sa.aqar.fm/en/apartment-for-rent/riyadh/north-of-riyadh/al-arid/apartment-for-rent-6881161,54000,345.0,156.52173913043478,156.52173913043478
Ar Rimal,33600,288.0,"Apartment for Rent in Riyadh Ar Rimal  §33,600/annually288m²3for rent: third-floor unit, including electricity, water, and sewage.
annual contract: 2,800 per month, all-inclusive.
3 rooms / 3 bathrooms / kitchen

al-rimal al-waha neighborhood

listed with emaar najd real estate services

to contact via whatsapp: ((number appears when you click call))Ar Rimal, Riyadh",https://sa.aqar.fm/en/apartment-for-rent/riyadh/east-of-riyadh/ar-rimal/apartment-for-rent-6901610,33600,288.0,116.66666666666667,116.66666666666667
Ar Rimal,55000,137.0,"Apartment for Rent in Riyadh Ar Rimal  §55,000/annually137m²331for rent: new apartment with a modern and contemporary design – aknan project

ground floor | independent electricity meter | private parking
additional amenities include: green spaces + men's and women's gym | children's nursery | play area + reception lounge

the apartment consists of: sitting room / hall / kitchen / 3 bedrooms / 3 bathrooms / private parking

55,000 sar annually – payable in one, two, or quarterly installments

al-ramal district, al-waha plan

listed by: emaar najd real estate services

contact via whatsapp: (number appears when you click call)Ar Rimal, Riyadh",https://sa.aqar.fm/en/apartment-for-rent/riyadh/east-of-riyadh/ar-rimal/apartment-for-rent-6845824,55000,137.0,401.45985401459853,401.45985401459853
Qurtubah,40000,133.0,"Apartment for Rent in Riyadh Qurtubah  §40,000/annually133m²321🏡 **for rent – distinctive apartment in qurtuba district**

📍 **location:** qurtuba district
🏢 **floor:** second floor – inside a building

**apartment details:**

* 2 bedrooms
* sitting room (majlis)
* living room (hall)
* 2 bathrooms
* elevator

💰 **annual price:** 40,000 sar
💳 **payment:** two installments

📞 **for contact and inquiries:** al-haykal al-memari real estate developmentQurtubah, Riyadh",https://sa.aqar.fm/en/apartment-for-rent/riyadh/east-of-riyadh/qurtubah/apartment-for-rent-6890665,40000,133.0,300.7518796992481,300.7518796992481
Al Qirawan,62000,312.0,"Apartment for Rent in Riyadh Al Qirawan  §62,000/annually312m²341luxury townhouse apartment for rent in al qirawan district

it consists of:

**first floor:**
spacious living room + kitchen + bathroom

**second floor:**
3 master bedrooms, each with its own bathroom

(fitted kitchen + installed split air conditioners)

**property features:**
• private entrance
• upscale and quiet neighborhood
• close to services

**price: 62,000**

for contact: (number appears when you click call)Al Qirawan, Riyadh",https://sa.aqar.fm/en/apartment-for-rent/riyadh/north-of-riyadh/al-qirawan/apartment-for-rent-6765282,62000,312.0,198.71794871794873,198.71794871794873
Ar Rimal,36000,496.0,"Apartment for Rent in Riyadh Ar Rimal  §36,000/annually496m²321apartment for rent in al-rimal district
2 bedrooms
living room
kitchen
sitting room
2 bathrooms
rent: 35,000 in two payments
3,000 monthly
location:
https://maps.app.goo.gl/vmwxtjpucqoyvox19
we apologize, the location is not accurateAr Rimal, Riyadh",https://sa.aqar.fm/en/apartment-for-rent/riyadh/east-of-riyadh/ar-rimal/apartment-for-rent-6887856,36000,496.0,72.58064516129032,72.58064516129032
Namar,25000,160.0,"Apartment for Rent in Riyadh Namar  §25,000/annually160m²11we welcome your real estate inquiries and strive to fulfill your real estate requirements.

daleel al-imar real estate welcomes your property listings.

daleel al-imar real estate is pleased to receive offers from property owners:

• rental offers: apartments, residential units, and commercial units
• sale offers: villas, buildings, lands, and residential units
• full building leasing: we lease entire residential buildings directly from their owners

list your property with us and we will handle its marketing professionally.

to contact us and list your property:
0536447999 – 0554702999 – 0553164999

daleel al-imar real estateNamar, Riyadh",https://sa.aqar.fm/en/apartment-for-rent/riyadh/west-of-riyadh/namar/apartment-for-rent-6896745,25000,160.0,156.25,156.25
An Narjis,60000,117.0,"Apartment for Rent in Riyadh An Narjis  §60,000/annually117m²331**offer no. 4267**

in the name of allah, the most gracious, the most merciful

please read the advertisement carefully.

peace be upon you and the mercy and blessings of allah.

**apartment for rent in al-majidiyah 129**

* located in al-narjis district, close to:
- abu bakr al-siddiq road (may allah be pleased with him)
- uthman ibn affan road
- king salman road

* the apartment consists of:
- three rooms, one of which is a master bedroom (furnished)
- furnished living room
- kitchen and maid's room
- 3 bathrooms

* kitchen is fully fitted
* central air conditioning

**rental price:**
- 60,000 for one payment
- 65,000 for two payments

**contact:**
- abu abdul aziz: 059092-8680
- abu musaed: 059144-1224

**rukn al-ibra real estate company**
our services: marketing – property management – real estate development – electronic contract writing – owners' association – off-plan sales services
working hours: 4:00 pm to 10:00 pm
whatsapp available 24 hoursAn Narjis, Riyadh",https://sa.aqar.fm/en/apartment-for-rent/riyadh/north-of-riyadh/an-narjis/apartment-for-rent-6852860,60000,117.0,512.8205128205128,512.8205128205128
Ar Rayan,75000,104.0,"Apartment for Rent in Riyadh Ar Rayan  §75,000/annually104m²441a ground floor apartment located in al-rayan district - fully maintained.

the apartment consists of:

3 bedrooms

4 bathrooms

maid's room

laundry area

external storage room

the apartment is equipped with smart entry system, air conditioning, and 24-hour security.Ar Rayan, Riyadh",https://sa.aqar.fm/en/apartment-for-rent/riyadh/east-of-riyadh/ar-rayan/apartment-for-rent-6812192,75000,104.0,721.1538461538462,721.1538461538462
Al Manar,62000,550.0,"Apartment for Rent in Riyadh Al Manar  §62,000/annually550m²531for rent – luxury residential apartments

a distinctive rental opportunity in riyadh – al manar district

(7) residential apartments
contents and apartment models:

ground floor model (a) – includes apartments no. 1 & 2:
majlis + living room + kitchen + 3 bedrooms + 3 bathrooms + laundry room.

model (b) – includes apartments no. 3, 4, 5 & 6:
majlis + living room with dining area + washbasins + kitchen + 3 bedrooms + dressing room + 3 bathrooms.

model (c) – includes apartment no. 7:
majlis + living room with dining area + kitchen + 2 bedrooms + 3 bathrooms.

notes and features:
air conditioners and fitted kitchen are included in all apartments.
an elevator serves all apartments.
each apartment has an independent electricity meter.
water charges are free.

rental value:
model (a) & (c): 62,000 sar
model (b): 67,000 sar

to contact:
((number appears upon pressing call))
((number appears upon pressing call))

badr al-habib real estate investment group is pleased to be at your service.Al Manar, Riyadh",https://sa.aqar.fm/en/apartment-for-rent/riyadh/east-of-riyadh/al-manar/apartment-for-rent-6881001,62000,550.0,112.72727272727273,112.72727272727273
Al Malqa,44000,450.0,"Apartment for Rent in Riyadh Al Malqa  §44,000/annually450m²331apartment for rent in a villa in al malqa district 📍
- upper annex

consists of:
1 living room, 2 bedrooms, 1 hall, 1 kitchen, 2 bathrooms.

🔺 rent includes water and gas

🔺 for families only

one payment: 40,000 sar

contact via whatsapp
((number appears when you press call))Al Malqa, Riyadh",https://sa.aqar.fm/en/apartment-for-rent/riyadh/north-of-riyadh/al-malqa/apartment-for-rent-6785162,44000,450.0,97.77777777777777,97.77777777777777
Badr,36000,143.0,"Apartment for Rent in Riyadh Badr  §36,000/annually143m²4🏠 apartment for rent – badr district

first-floor apartment consisting of:
• 2 bedrooms
• living room
• kitchen
• sitting room (majlis)
• maqlat (dressing/utility room)
• 2 bathrooms

💰 annual rent: 36,000 sar

suitable for families. for inquiries and contact, please send a private message.Badr, Riyadh",https://sa.aqar.fm/en/apartment-for-rent/riyadh/south-of-riyadh/badr/apartment-for-rent-6884280,36000,143.0,251.74825174825176,251.74825174825176
Qurtubah,95000,97.0,"Apartment for Rent in Riyadh Qurtubah  §95,000/annually97m²221apartment for rent – luxury | west cordoba (sabic district)

📍 prime location opposite sultan bin fahad mosque and the park
✨ within al-burqa project – quiet building (only 8 apartments)

🔹 apartment details:
• 2 bedrooms
• spacious living room
• 2 bathrooms
• fully fitted kitchen

🔌 appliances & features:
• refrigerator
• dishwasher
• washer-dryer combo
• microwave
• grill
• built-in cooktop
• fully concealed air-conditioning

🚗 private parking space
⚡ independent electricity meter

💸 annual rent: 95,000 sar (services included)
💰 security deposit: 5,000 sar

📞 contact:
((Advertiser's number appears upon contact))Qurtubah, Riyadh",https://sa.aqar.fm/en/apartment-for-rent/riyadh/east-of-riyadh/qurtubah/apartment-for-rent-6746835,95000,97.0,979.3814432989691,979.3814432989691
Ar Rimal,50000,139.0,"Apartment for Rent in Riyadh Ar Rimal  §50,000/annually139m²431apartment for rent in al-rimal neighborhood – prime location close to all services

floor: ground
apartment number: a2
area: 158 sq m
consists of:

(two entrances: one with the main entrance and a separate private side entrance)
* living room
* kitchen
* 3 bedrooms (one master)
* 3 bathrooms
* laundry room / storage room
* yard

features:

* smart entry
* security cameras in the complex
* private basement parking
* fitted kitchen
* installed air conditioners

price:
* 50,000 sar – one payment
* 60,000 sar – two payments
* 2,000 sar security deposit

code: fc015

contact number: ((number appears when pressing call))

🔴 dear client – security warning 🔴

to protect you and your funds from fraud and scams, we request that you do not transfer any amounts except to the official company account only, under our registered trade name (future contracts real estate company), and not to any personal or private accounts. this notice has been issued to disclaim any legal responsibility. we thank you for contacting us and look forward to serving you.Ar Rimal, Riyadh",https://sa.aqar.fm/en/apartment-for-rent/riyadh/east-of-riyadh/ar-rimal/apartment-for-rent-6656906,50000,139.0,359.71223021582733,359.71223021582733
Al Arid,57000,109.0,"Apartment for Rent in Riyadh Al Arid  §57,000/annually109m²322🏠 apartment for rent –
al-arid district
– al-sanhouri street

first-floor apartment, featuring two independent entrances, consisting of:

• sitting room
• living room
• 2 bedrooms
• 2 bathrooms
• first floor
• two independent entrances

rental price: 40 (two installments)

📱 contact
🔗 direct whatsapp:
https://wa.me/Al Arid, Riyadh",https://sa.aqar.fm/en/apartment-for-rent/riyadh/north-of-riyadh/al-arid/apartment-for-rent-6845766,57000,109.0,522.9357798165138,522.9357798165138
Al Arid,80000,86.0,"Apartment for Rent in Riyadh Al Arid  §80,000/annually86m²2furnished apartment for rent in al-ared district – rose residence

features sound insulation (walls and doors)

the apartment consists of:
2 bedrooms + living room + dining room + 2 bathrooms + fully equipped italian wood kitchen
split air conditioners – gree brand
85-inch samsung smart tv
equipped internal courtyard
air purifier filter for the home
fireplace unit
samsung refrigerator
italian microwave – ariston brand
italian electric oven – ariston brand
italian grill – ariston brand
all faucets are german – grohe brand
sound insulation for the apartment (walls and doors)

price:
75,000 – one installment
80,000 – two installments
45,000 – six months
8,500 – monthlyAl Arid, Riyadh",https://sa.aqar.fm/en/apartment-for-rent/riyadh/north-of-riyadh/al-arid/apartment-for-rent-6867193,80000,86.0,930.2325581395348,930.2325581395348
Al Yasmin,48000,312.0,"Apartment for Rent in Riyadh Al Yasmin  §48,000/annually312m²331for rent: apartment in a villa, third floor
shared entrance
two bedrooms, including a master bedroom
and a sitting room with a bathroom
living room
three bathrooms
air conditioners and built-in kitchen
al yasmin districtAl Yasmin, Riyadh",https://sa.aqar.fm/en/apartment-for-rent/riyadh/north-of-riyadh/al-yasmin/apartment-for-rent-6881154,48000,312.0,153.84615384615384,153.84615384615384
Hittin,80000,144.0,"Apartment for Rent in Riyadh Hittin  §80,000/annually144m²333**apartment for annual rent – hittin district**

- residential building with luxury freehold apartments.
- surveillance cameras and intercom system for the main entrance.
- luxurious building entrance with central air conditioning.
- electronic door lock for the apartment.
- smart switches for lighting and a fire alarm system.
- master bedroom + two bedrooms + living room + fully equipped kitchen + maid's room.
- split air conditioning units installed.
- private parking space with a shade canopy.
- property age: 2 years.

rent: 80,000 (one payment) — price is non-negotiable.Hittin, Riyadh",https://sa.aqar.fm/en/apartment-for-rent/riyadh/north-of-riyadh/hittin/apartment-for-rent-6802422,80000,144.0,555.5555555555555,555.5555555555555
Qurtubah,70000,96.0,"Apartment for Rent in Riyadh Qurtubah  §70,000/annually96m²3apartment in qurtubah district
in al ajlan riviera 15, qurtubah
second floor
2 bedrooms / living room / kitchen / majlis / balcony / roof / 3 bathrooms / private parking in the basement
fitted kitchen / appliances: microwave / gas oven / electric oven / 5 air conditioners
appliances included
to contact: osus qurtubah real estate officeQurtubah, Riyadh",https://sa.aqar.fm/en/apartment-for-rent/riyadh/east-of-riyadh/qurtubah/apartment-for-rent-6901392,70000,96.0,729.1666666666666,729.1666666666666
Riyadh General,65000,87.0,"Apartment for Rent in Riyadh Al Badi'ah  §65,000/annually87m²21✨ two-bedroom apartment with private rooftop for rent
📍 maghna 130 project – al-budeiah district

third-floor apartment with a comfortable layout, featuring a private rooftop that offers extra space and privacy:

• master bedroom
• additional bedroom
• shared bathroom
• living room
• kitchen
• private rooftop

📍 4 minutes from the metro
📍 7 minutes from king saud medical cityAl Badi'ah, Riyadh",https://sa.aqar.fm/en/apartment-for-rent/riyadh/west-of-riyadh/al-badiah/apartment-for-rent-6886737,65000,87.0,747.1264367816092,747.1264367816092
Al Malqa,140000,119.0,"Apartment for Rent in Riyadh Al Malqa  §140,000/annually119m²331📍 this offer is for buyers only — brokers/intermediaries are strictly not accepted 📍

**luxury furnished apartment for rent – al malqa district | safa project**
a prestigious opportunity to reside within a fully-serviced compound with modern design and high privacy ✨

**apartment details:**
• 3 bedrooms (including master bedroom)
• spacious living room
• separate dining room
• private outdoor patio suitable for seating/gatherings
• ground floor unit

**unit information:**
• project: safa
• project number: 47
• block: b
• floor: ground floor

**compound amenities:**
• supermarket
• men's gym
• women's gym
• children's play area
• nursery/daycare
• coffee shop
• meeting room

**additional features:**
• fully furnished with luxury furniture
• includes bed linens (2 sets per bed)
• all furnishings are clean, sanitized, and well-maintained
• high privacy and quiet residential environment

**annual rent:**
175,000 sar
(inclusive of owners' association fees – electricity is charged to the tenant)
🔸🔸 note: special discount for newlyweds 🔸🔸

**notes:**
• subletting is strictly prohibited

📄 **advertising license:**
7200954933

📞 **contact:**
(number appears upon clicking ""call"")
(number appears upon clicking ""call"")Al Malqa, Riyadh",https://sa.aqar.fm/en/apartment-for-rent/riyadh/north-of-riyadh/al-malqa/apartment-for-rent-6677359,140000,119.0,1176.4705882352941,1176.4705882352941
Ad Dar Al Baida,28000,600.0,"Apartment for Rent in Riyadh Ad Dar Al Baida  §28,000/annually600m²3apartment for rent – al-dar al-baydaa district

📍 location: al-dar al-baydaa district

apartment specifications:

* majlis (sitting room)
* living room
* two bedrooms
* kitchen
* two bathrooms

property features:

* east-facing
* close to all amenities
* parking available
* excellent finishing

💰 annual rent: 30,000

osoul al-khibra real estate company

selling – buying – marketing – property management – full building leasing

0552408444 – 0533908444 – 0559408444Ad Dar Al Baida, Riyadh",https://sa.aqar.fm/en/apartment-for-rent/riyadh/south-of-riyadh/ad-dar-al-baida/apartment-for-rent-6790180,28000,600.0,46.666666666666664,46.666666666666664
Qurtubah,65000,145.0,"Apartment for Rent in Riyadh Qurtubah  §65,000/annually145m²441luxury apartment for rent – al qurtubah district

📍 apartment within a residential building, in a prime location.

it consists of:
- 3 bedrooms (one master bedroom)
- majlis (sitting room)
- living room
- kitchen
- 4 bathrooms
- storage room
- driver's room in the basement

features:
- built-in kitchen
- built-in air conditioners
- car parking shade

💰 rent:
- 65,000 in two payments, without the driver's room
- or 75,000 in two payments, with the driver's roomQurtubah, Riyadh",https://sa.aqar.fm/en/apartment-for-rent/riyadh/east-of-riyadh/qurtubah/apartment-for-rent-6879312,65000,145.0,448.2758620689655,448.2758620689655
Al Marwah,22000,60.0,"Apartment for Rent in Riyadh Al Marwah  §22,000/annually60m²111ground floor apartment for rent in al marwa district
dirab road

riyadh city:
it consists of:

bedroom
living room
counter kitchen
bathroom
courtyard

building features:
strategic location and close to all services:
3 minutes away from dirab road

rental price: 22,000

((daleel al-imar real estate company))

for contact:-
0534081999
0552862999
0533725999Al Marwah, Riyadh",https://sa.aqar.fm/en/apartment-for-rent/riyadh/south-of-riyadh/al-marwah/apartment-for-rent-6691727,22000,60.0,366.6666666666667,366.6666666666667
An Narjis,70000,130.0,"Apartment for Rent in Riyadh An Narjis  §70,000/annually130m²341listing code: ra327
🏡 apartment for rent – armal project – al narjis

📍 apartment details:
✅ 3 bedrooms (including a master bedroom)
✅ spacious living room
✅ kitchen overlooking the living room, fully equipped
✅ maid's room
✅ laundry room
✅ 4 bathrooms
✅ practical design with comfortable spaces
✅ suitable for families

💰 annual rent: 75,000 sarAn Narjis, Riyadh",https://sa.aqar.fm/en/apartment-for-rent/riyadh/north-of-riyadh/an-narjis/apartment-for-rent-6734790,70000,130.0,538.4615384615385,538.4615384615385
Dhahrat Laban,46000,151.0,"Apartment for Rent in Riyadh Dhahrat Laban  §46,000/annually151m²531**for rent – first floor | dhahrat laban district**

first floor for rent in dhahrat laban district. spacious and fully finished to a private residential standard, with large windows and excellent natural lighting.

**floor details:**
- **location:** dhahrat laban district
- **floor:** first floor
- **number of entrances:** 2 entrances
- **sitting room (majlis):** yes
- **maqlaṭ (secondary sitting area):** yes
- **number of bedrooms:** 3 bedrooms
- **master bedroom:** yes
- **living area:** large living room
- **kitchen:** kitchen with built-in kitchen cabinets
- **number of bathrooms:** 3 bathrooms

**additional features:**
- spacious floor
- fully finished to a private residential standard
- large windows

**price:** 50,000 sar per yearDhahrat Laban, Riyadh",https://sa.aqar.fm/en/apartment-for-rent/riyadh/west-of-riyadh/dhahrat-laban/apartment-for-rent-6795409,46000,151.0,304.63576158940396,304.63576158940396
Al Wurud,24000,40.0,"Apartment for Rent in Riyadh Al Wurud  §24,000/annually40m²11apartment for rent (families) - al wurud district
consists of one room, bathroom, and kitchen
equipped with a new split air conditioner
equipped with a new kitchen
prime location
close to all servicesAl Wurud, Riyadh",https://sa.aqar.fm/en/apartment-for-rent/riyadh/north-of-riyadh/al-wurud/apartment-for-rent-6833803,24000,40.0,600.0,600.0
An Narjis,40000,450.0,"Apartment for Rent in Riyadh An Narjis  §40,000/annually450m²321🏡 **listing no. 4151**

✨ apartment for rent in a villa – al narjis district
📍 north of king salman road

🔹 **apartment features:**
🛏️ 2 bedrooms
🛋️ living room
🪑 sitting room (majlis)
🍽️ kitchen

❄️ air conditioners not installed, kitchen not installed

🏠 the apartment is on the upper floor (rooftop level) with no private roof

✅ prime location, close to all services
✅ lively and quiet neighborhood
✅ suitable for small families

💰 **rent:** 40,000 sar annually – single payment, non-negotiable

📞 **contact:** abu mushari

🏢 **al-ibra real estate company**
🔹 real estate marketing
🔹 property management
🔹 real estate development
🔹 electronic contract writing
🔹 owners' association

📱 whatsapp 24An Narjis, Riyadh",https://sa.aqar.fm/en/apartment-for-rent/riyadh/north-of-riyadh/an-narjis/apartment-for-rent-6745256,40000,450.0,88.88888888888889,88.88888888888889
An Narjis,85000,116.0,"Apartment for Rent in Riyadh An Narjis  §85,000/annually116m²2🏡 apartment for rent | aries compound (132) – al narjis district

📍 location: north of king salman road – extension of abu bakr al-siddiq road

✨ compound features:
• reception and 24-hour security
• garden and children's playground
• private guest reception room
• fully equipped sports club
• swimming pool
• private basement parking

🏠 apartment details:
• 2 bedrooms
• living room
• built-in kitchen
• additional kitchen
• 4 bathrooms
• maid's room
• built-in air conditioners

💰 annual rent: 85,000 sar – 2 installments

📞 contact:
khalid al-qahtani
0537274777An Narjis, Riyadh",https://sa.aqar.fm/en/apartment-for-rent/riyadh/north-of-riyadh/an-narjis/apartment-for-rent-6891593,85000,116.0,732.7586206896551,732.7586206896551
Ar Rimal,36000,375.0,"Apartment for Rent in Riyadh Ar Rimal  §36,000/annually375m²422for rent: apartment in al-khunayni district, in a residential villa

located on the first floor
independent meter
two entrances – men's and women's
men's sitting room
bathroom
living room
kitchen
two bedrooms
bathroom

rent: 36,000 thousandAr Rimal, Riyadh",https://sa.aqar.fm/en/apartment-for-rent/riyadh/east-of-riyadh/ar-rimal/apartment-for-rent-6858170,36000,375.0,96.0,96.0
An Nakheel,48000,120.0,"Apartment for Rent in Riyadh An Nakheel  §48,000/annually120m²111distinctive residential opportunity in al-nakheel neighborhood📍- al-jouri building✨

-new finishes ✨
-installed air conditioners
-installed counter kitchen
-building guard

one bedroom + living room + counter kitchen + bathroom

all-inclusive rent ✨
electricity + water

payment methods: annual three installments or two installments or one payment or monthly ✨

seize the opportunity and get modern housing in a vital location ✨

contact 0533123520An Nakheel, Riyadh",https://sa.aqar.fm/en/apartment-for-rent/riyadh/north-of-riyadh/an-nakheel/apartment-for-rent-6722132,48000,120.0,400.0,400.0
Al Munsiyah,75000,95.0,"Apartment for Rent in Riyadh Al Munsiyah  §75,000/annually95m²3offer no. 4173

🏡 apartment for rent – makeen 33 project | third floor

a distinctive apartment with a modern design and high-quality finishes, located in building no. (4), apartment no. (10), featuring practical spaces and modern specifications.

apartment details:
• 3 bedrooms (including a master bedroom with an en-suite bathroom).
• spacious living room.
• built-in kitchen.
• 3 bathrooms.
• private rooftop.
• total area including rooftop is approximately 160 m².

features:
• kitchen equipped with:
• hob oven.
• built-in oven.
• microwave.
• installed lg air conditioners.
• central vacuum system.
• smart entry system for the building and apartment.

room dimensions:
• living room: 5 × 4.2 m
• kitchen: 3.5 × 3.2 m
• master bedroom: 4.2 × 3.5 m with en-suite bathroom.
• second bedroom: 3.3 × 3.3 m
• third bedroom: 3.9 × 2.9 m with a skylight.
• rooftop: 8 × 6 m

📞 contact: abu mushari
0509571553

al-ibra real estate company
real estate marketing | property management | real estate development | electronic contract writing | owners' association | off-plan sales.Al Munsiyah, Riyadh",https://sa.aqar.fm/en/apartment-for-rent/riyadh/east-of-riyadh/al-munsiyah/apartment-for-rent-6768465,75000,95.0,789.4736842105264,789.4736842105264
Ar Rimal,50000,154.0,"Apartment for Rent in Riyadh Ar Rimal  §50,000/annually154m²431apartment in a vital and commercial location
near services, schools, and the airport
also close to imam mohammad ibn saud university and princess nourah bint abdulrahman university
contains:
- majlis with bathroom
- overlooking balcony
- living room
- separate fitted kitchen
- 3 bedrooms, one master
- installed air conditionersAr Rimal, Riyadh",https://sa.aqar.fm/en/apartment-for-rent/riyadh/east-of-riyadh/ar-rimal/apartment-for-rent-6730224,50000,154.0,324.6753246753247,324.6753246753247
An Narjis,50000,350.0,"Apartment for Rent in Riyadh An Narjis  §50,000/annually350m²321**offer no. 4218**

in the name of allah, the most gracious, the most merciful
please read the advertisement carefully.
peace, mercy, and blessings of allah be upon you.

**apartment for rent**

an apartment in a villa, second floor, private entrance, prime location — behind al-tamimi complex and close to all services.

the apartment consists of: 2 bedrooms, a living room, a majlis (sitting room), a kitchen, and 2 entrances.

🟢 installed air conditioners
🟢 installed kitchen

**required price:**
50,000 – one payment
55,000 – two payments

**for contact:**
abu rakan: ((Advertiser's number appears upon contact))
abu abdulaziz: ((Advertiser's number appears upon contact))

**al-ibra real estate company**
our services: marketing – property management – real estate development – electronic contract writing – owners' association – off-plan sales services
working hours: 4 pm to 10 pm
whatsapp available 24 hoursAn Narjis, Riyadh",https://sa.aqar.fm/en/apartment-for-rent/riyadh/north-of-riyadh/an-narjis/apartment-for-rent-6809779,50000,350.0,142.85714285714286,142.85714285714286
Shubra,50000,400.0,"Floor for Rent in Riyadh Shubra  §50,000/annually400m²641ground floor apartment for rent in al-suwaydi district
it consists of:
living room + outdoor sitting area + entrance hall + 2 bedrooms + hall + women's sitting room
+ kitchen + 4 bathrooms
built-in air conditioners + built-in kitchen
property features:
• yard + garage
• two entrances
• excellent location, close to all services
price: 50,000
real estate experience services
sale - rent - property management - full building leasingShubra, Riyadh",https://sa.aqar.fm/en/big-flat-for-rent/riyadh/west-of-riyadh/shubra/big-flat-for-rent-6887786,50000,400.0,125.0,125.0
An Nuzhah,38000,70.0,"Apartment for Rent in Riyadh An Nuzhah  §38,000/annually70m²211apartment for rent in al-nuzha district
consisting of:
2 bedrooms + living room + counter kitchen + bathroom
installed air conditioners + installed kitchen
price:
one payment: 38,000
two payments: 42,000An Nuzhah, Riyadh",https://sa.aqar.fm/en/apartment-for-rent/riyadh/north-of-riyadh/an-nuzhah/apartment-for-rent-6661062,38000,70.0,542.8571428571429,542.8571428571429
Al Arid,65000,512.0,"Apartment for Rent in Riyadh Al Arid  §65,000/annually512m²321in a villa, second floor, first occupant
📍 apartment for rent in al-arid district - north riyadh
close to king fahd road and vital amenities
spacious rooftop available

✨ apartment specifications:
• 2 spacious rooms and a living room
• 2 bathrooms
• independent annex
• built-in kitchen
• private entrance
• high-end finishing
• prime location in a quiet neighborhood, close to services

💰 rent
• 2 payments: 70,000 sarAl Arid, Riyadh",https://sa.aqar.fm/en/apartment-for-rent/riyadh/north-of-riyadh/al-arid/apartment-for-rent-6888466,65000,512.0,126.953125,126.953125
Qurtubah,75000,143.0,"Apartment for Rent in Riyadh Qurtubah  §75,000/annually143m²331for rent – qurtuba district

modern apartment in a luxurious building, furnished, area: 200 sqm
- two entrances to the apartment
- living room
- master bedroom
- two regular bedrooms
- three bathrooms
- balcony
- rooftop
- built-in kitchen
- built-in air conditioning
75 (thousand) – two installments
video availableQurtubah, Riyadh",https://sa.aqar.fm/en/apartment-for-rent/riyadh/east-of-riyadh/qurtubah/apartment-for-rent-6881494,75000,143.0,524.4755244755245,524.4755244755245
Ad Dhubbat,100000,465.0,"Apartment for Rent in Riyadh Ad Dhubbat  §100,000/annually465m²351we have available an apartment in a residential compound consisting of:

3 bedrooms (one of which is a master bedroom)
living room
kitchen (fully fitted)
installed air conditioners
central gas
private parking
sports club
swimming poolAd Dhubbat, Riyadh",https://sa.aqar.fm/en/apartment-for-rent/riyadh/center-of-riyadh/ad-dhubbat/apartment-for-rent-6643304,100000,465.0,215.05376344086022,215.05376344086022
Al Malqa,55000,375.0,"Apartment for Rent in Riyadh Al Malqa  §55,000/annually375m²3for rent, an apartment in al malqa district

sitting room and bathroom
living room
kitchen
two bedrooms and a bathroom

kitchen is fitted and split air conditioners are installedAl Malqa, Riyadh",https://sa.aqar.fm/en/apartment-for-rent/riyadh/north-of-riyadh/al-malqa/apartment-for-rent-6844381,55000,375.0,146.66666666666666,146.66666666666666
Qurtubah,50000,360.0,"Apartment for Rent in Riyadh Qurtubah  §50,000/annually360m²321excellent apartment for rent in al-qurtuba district
it consists of:

⚡️ sitting room
⚡️ two bedrooms
⚡️ living room
⚡️ kitchen
⚡️ two bathrooms
[kitchen is fitted] [split air conditioners installed]

apartment features:
• upscale neighborhood, close to all services
• well-designed apartment
• located in a villa

price: 50,000 (one payment)
price: 52,000 (two payments)
monthly payment available

((number appears when pressing call)) ((number appears when pressing call)) ((number appears when pressing call)) 552086444Qurtubah, Riyadh",https://sa.aqar.fm/en/apartment-for-rent/riyadh/east-of-riyadh/qurtubah/apartment-for-rent-6782136,50000,360.0,138.88888888888889,138.88888888888889
As Saadah,70000,287.0,"Floor for Rent in Riyadh As Saadah  §70,000/annually287m²531for rent: ground floor apartment in al-saada district, east riyadh.

car entrance.

living room + guest reception room + 3 bedrooms + hall + kitchen + 3 bathrooms.

al-fayha real estate

((number appears when pressing call))

platform x:
aqarat_fAs Saadah, Riyadh",https://sa.aqar.fm/en/big-flat-for-rent/riyadh/east-of-riyadh/as-saadah/big-flat-for-rent-6764067,70000,287.0,243.90243902439025,243.90243902439025
An Narjis,55000,123.0,"Apartment for Rent in Riyadh An Narjis  §55,000/annually123m²331for rent, an apartment in a building in al narjis district, consisting of:

- three bedrooms
- a living room
- a maid's room
- a storage room
- a kitchen (with built-in appliances and air conditioners installed)
- three bathrooms

price: 55,000An Narjis, Riyadh",https://sa.aqar.fm/en/apartment-for-rent/riyadh/north-of-riyadh/an-narjis/apartment-for-rent-6845592,55000,123.0,447.1544715447154,447.1544715447154
Al Qirawan,80000,450.0,"Apartment for Rent in Riyadh Al Qirawan  §80,000/annually450m²231al-abbad real estate company presents a fully furnished luxury apartment in one of the most prestigious residential neighborhoods.

• **location:** jawharat al-qairawan
• **facing:** north
• **street width:** 20 meters

**apartment features:**
- two bedrooms with a shared bathroom between them
- three bathrooms in total
- fully equipped kitchen
- living room
- men's sitting room with a bathroom and washbasins

**highlights:**
- installed split air conditioners
- fully equipped kitchen
- private rooftop
- private entrance
- prime location in a luxury neighborhood

**strategic location – close to key destinations in riyadh:**
- 2 minutes to king khalid road
- 5 minutes to king salman road
- 20 minutes to king khalid international airport

**annual rent: 80,000 sar**

✨ al-abbad real estate company ✨Al Qirawan, Riyadh",https://sa.aqar.fm/en/apartment-for-rent/riyadh/north-of-riyadh/al-qirawan/apartment-for-rent-6837647,80000,450.0,177.77777777777777,177.77777777777777
Al Arid,90000,312.0,"Apartment for Rent in Riyadh Al Arid  §90,000/annually312m²441penthouse for rent in a private villa

✔️ bike entrance + private entrance
✔️ elevator
✔️ private electricity meter
✔️ fitted kitchen
✔️ installed air conditioners

first floor:
large living room 8x4 overlooking the street with a bathroom

upper floor:
kitchen
3 spacious bedrooms
spacious living room
2 bathrooms
maid's room + laundry room + maid's bathroom
private rooftop
service rooftop

contact: 0550666633Al Arid, Riyadh",https://sa.aqar.fm/en/apartment-for-rent/riyadh/north-of-riyadh/al-arid/apartment-for-rent-6886095,90000,312.0,288.46153846153845,288.46153846153845
Ar Rimal,30000,312.0,"Apartment for Rent in Riyadh Ar Rimal  §30,000/annually312m²3apartment for rent on the first floor with independent meter, behind the popular market, consisting of three rooms and a living room, air conditioning prepared for split units
0534759199Ar Rimal, Riyadh",https://sa.aqar.fm/en/apartment-for-rent/riyadh/east-of-riyadh/ar-rimal/apartment-for-rent-6724341,30000,312.0,96.15384615384616,96.15384615384616
Ash Sharq,32000,130.0,"Apartment for Rent in Riyadh Ash Sharq  §32,000/annually130m²321**apartment for rent in al-bayan district**

**it consists of:**

- two entrances
- men's sitting room (majlis)
- men's bathroom
- living room (hall)
- kitchen
- two bedrooms
- bathroom

**features:**

- independent electricity meter
- close to a mosque
- located near all services, best block in al-bayan district

---
**price: 32,000 – one payment, negotiable**

---
**offer no. (292)**Ash Sharq, Riyadh",https://sa.aqar.fm/en/apartment-for-rent/riyadh/east-of-riyadh/ash-sharq/apartment-for-rent-6796442,32000,130.0,246.15384615384616,246.15384615384616
Al Fayha,55000,106.0,"Apartment for Rent in Riyadh Al Fayha  §55,000/annually106m²431for rent: a new modern apartment in a building in al-fayha district, riyadh.

the apartment consists of:
- large living room
- american-style kitchen
- laundry room
- two master bedrooms
- one bedroom with a bathroom
- new german kitchen

- new midea air conditioners (highest quality)
- underground parking space
- independent water meter
- independent electricity meter

prime location, close to all services.

for contact:
irtikaz al-bunyan real estate office
0550/333/683
058/056/4848Al Fayha, Riyadh",https://sa.aqar.fm/en/apartment-for-rent/riyadh/east-of-riyadh/al-fayha/apartment-for-rent-6835633,55000,106.0,518.8679245283018,518.8679245283018
Al Jazirah,55000,484.0,"Apartment for Rent in Riyadh Al Jazirah  §55,000/annually484m²421for rent – apartment in al jazeera district, riyadh

there are two apartments in the same villa on the second floor:

**right apartment includes:**
- majlis + bathroom
- living room + bathroom
- open fitted kitchen connected to the living room
- 3 bedrooms

shared electricity

rent: 55,000 sar

---

**left apartment includes:**
- majlis + bathroom
- living room + bathroom
- fitted kitchen
- 2 bedrooms

shared electricity
air conditioners included

rent: 50,000 sar

---

the location is excellent and close to all services.
the neighborhood is quiet, and al jazeera district is distinctive for its island-style layout.

**contact:**
irtikaz al bunyan real estate office
0550/333/683
058/068/4848Al Jazirah, Riyadh",https://sa.aqar.fm/en/apartment-for-rent/riyadh/east-of-riyadh/al-jazirah/apartment-for-rent-6892847,55000,484.0,113.63636363636364,113.63636363636364
An Narjis,60000,150.0,"Apartment for Rent in Riyadh An Narjis  §60,000/annually150m²321🏠 new 3-room apartment for rent – al narjis district

💰 60,000 sar – two installments

apartment features:
• independent reception/sitting room with bathroom
• two bedrooms with a shared bathroom
• living room
• closed kitchen

apartment details:
• new apartment inside a villa
• second floor (rooftop level)
• independent entrance
• no elevator
• new split air conditioners
• new kitchen
• new gypsum board, lighting, and finishing

📍 very prime location near the institute of public administration – south of anas ibn malik road, and close to:
• princess nourah university
• imam muhammad ibn saud islamic university
• king fahd hospital
• anas ibn malik road
• prince faisal ibn fahd roadAn Narjis, Riyadh",https://sa.aqar.fm/en/apartment-for-rent/riyadh/north-of-riyadh/an-narjis/apartment-for-rent-6829339,60000,150.0,400.0,400.0
An Nadhim,65000,234.0,"Villa for Rent in Riyadh An Nadhim  §65,000/annually234m²7🏡 apartment for rent – al-nadwa district

📍 location: al-nadwa district – al-sahab street

✨ apartment details:

ground floor:
▪️ sitting room (majlis)
▪️ bathroom
▪️ maqalt (washing area)
▪️ spacious living room
▪️ kitchen
▪️ elderly room with private bathroom
▪️ independent women's entrance

upper floor (with internal staircase):
▪️ 5 bedrooms
▪️ 2 master bedrooms

⚡ independent electricity meter

✨ apartment features:
✔️ spacious design suitable for families
✔️ internal staircase between the two floors
✔️ independent women's entrance
✔️ prime location in al-nadwa district

💰 annual rent: 65,000 sar

📞 for contact and inquiries:
0565202223
0552088999

ibn tawalah real estate companyAn Nadhim, Riyadh",https://sa.aqar.fm/en/villa-for-rent/riyadh/east-of-riyadh/an-nadhim/villa-for-rent-6793107,65000,234.0,277.77777777777777,277.77777777777777
Al Aqiq,57575,160.0,"Apartment for Rent in Riyadh Al Aqiq  §57,575/annually160m²451a comfortable apartment with a well-organized design, suitable for families looking for tranquility and easy access to services.

a two-floor apartment in a villa with two entrances.

it consists of:

- 3 bedrooms, including 2 master bedrooms
- a sitting room and a bathroom
- a living room with a staircase inside
- 5 bathrooms
- a maid's room and an independent rooftop

for contact: (number appears when pressing call)Al Aqiq, Riyadh",https://sa.aqar.fm/en/apartment-for-rent/riyadh/north-of-riyadh/al-aqiq/apartment-for-rent-6875985,57575,160.0,359.84375,359.84375
An Narjis,65000,450.0,"Apartment for Rent in Riyadh An Narjis  §65,000/annually450m²231luxury residential apartment for rent in the golden zone | al narjis district, riyadh 📍

✨ key features:
* location: al narjis district (south of king salman road and near anas ibn malik road), on a 25-meter-wide street 🗺️.
* interior layout: majlis, living room, 2 bedrooms, and 2 bathrooms 🛏️.
* luxury fittings: fully fitted high-quality european kitchen and built-in air conditioners (from al asasiya agency) ❄️🍽️.
* construction quality: very high-end finishing using top-quality materials, with a practical and well-suited space distribution ✨.
* nearby landmarks: easy access to king khalid international airport, king fahd road, imam university, and princess nourah university ✈️🎓.
💰 annual rental value: 65,000 sar.An Narjis, Riyadh",https://sa.aqar.fm/en/apartment-for-rent/riyadh/north-of-riyadh/an-narjis/apartment-for-rent-6854063,65000,450.0,144.44444444444446,144.44444444444446
Al Aqiq,70000,126.0,"Apartment for Rent in Riyadh Al Aqiq  §70,000/annually126m²52apartment for rent in al-aqiq district

* floor: first.
* finishing: excellent.
* number of rooms: 3 bedrooms, 1 sitting room, 1 living room.
* american kitchen.
* 3 bathrooms.
* private parking available.
* elevator available.
* never been rented before.
* annual fees: 1,800 sar, including water and homeowners association.

sale/rental details:

1. required rent: 75,000 sar per year.
2. contract type: non-exclusive.Al Aqiq, Riyadh",https://sa.aqar.fm/en/apartment-for-rent/riyadh/north-of-riyadh/al-aqiq/apartment-for-rent-6852170,70000,126.0,555.5555555555555,555.5555555555555
Al Qirawan,65000,399.0,"Apartment for Rent in Riyadh Al Qirawan  §65,000/annually399m²3very clean apartment for rent
in a villa
first floor
luxurious modern finishing

consisting of two bedrooms
a sitting room
a living room
a kitchen
and two bathrooms

apartment features:
prime location
fully fitted kitchen with all appliances
new split air conditioners
independent electricity meter
rain shower
pre-installed satellite dish for arabsat and nilesat
remote-controlled street door opener from inside the apartmentAl Qirawan, Riyadh",https://sa.aqar.fm/en/apartment-for-rent/riyadh/north-of-riyadh/al-qirawan/apartment-for-rent-6875312,65000,399.0,162.90726817042608,162.90726817042608
Al Mahdiyah,45000,116.0,"Apartment for Rent in Riyadh Al Mahdiyah  §45,000/annually116m²3🏡 offer no. 4203

✨ apartment for rent – al mahdia district

a great opportunity to live in al mahdia district, in a quiet location close to all amenities, with excellent and brand-new finishes.

🏠 apartment specifications:
🛋️ spacious living room.
🛏️ 3 bedrooms.
🚿 3 bathrooms.
🍽️ built-in kitchen.
🧺 maid's room / laundry room.
❄️ 5 built-in air conditioners.
🚗 private parking space.
⚡ independent electricity meter.
💧 independent water meter.
🏢 located on the second floor (top floor).
📍 corner unit.

💰 annual rent:
✅ 45,000 sar – single payment.
✅ 50,000 sar – two payments.

📞 for inquiries and contact:
abu mushari
📱 0509571553

🏢 rukn al ibra real estate company

our services:
🏠 real estate marketing
🏢 property management
🏗️ real estate development
📝 electronic contract writing
🤝 owners' association
📐 off-plan sales services

🕓 working hours: 4:00 pm to 10:00 pm
📲 whatsapp available 24 hoursAl Mahdiyah, Riyadh",https://sa.aqar.fm/en/apartment-for-rent/riyadh/west-of-riyadh/al-mahdiyah/apartment-for-rent-6798398,45000,116.0,387.9310344827586,387.9310344827586
An Narjis,65000,121.0,"Apartment for Rent in Riyadh An Narjis  §65,000/annually121m²3(for rent - luxury modern apartment)

- location: north riyadh in al-narjis neighborhood near all services.

- the apartment consists of:
- smart entry
- private parking
- large living room
- modern fitted kitchen
- 3 bedrooms, one of them master
- 3 bathrooms
- installed air conditioners

- price: (70,000 sar) two payments
        : (65,000 sar) single payment

we welcome your offers and requests..
we are honored to serve you and deal with you..

basmah al-munafithoun real estate

*our specialty:* property management - marketing

*mobile: 0552515511
mobile: 0530099023An Narjis, Riyadh",https://sa.aqar.fm/en/apartment-for-rent/riyadh/north-of-riyadh/an-narjis/apartment-for-rent-6717936,65000,121.0,537.1900826446281,537.1900826446281
Al Qirawan,90000,132.0,"Apartment for Rent in Riyadh Al Qirawan  §90,000/annually132m²331for rent – distinguished apartment in al-qairawan district

an apartment with an area of 132 m², featuring a practical layout and a prime location, offering privacy and ease of access through two independent entrances: an external entrance and an internal entrance.

unit details:

* 3 bedrooms
* spacious living room
* fully fitted kitchen
* brand new kitchen appliances
* 3 bathrooms
* storage room
* full air conditioning units (installed)
* large windows providing good lighting and ventilation
* private parking space
* prime location in al-qairawan district

a distinguished unit with a practical finish and complete amenities, suitable for families seeking comfort and a prime location.Al Qirawan, Riyadh",https://sa.aqar.fm/en/apartment-for-rent/riyadh/north-of-riyadh/al-qirawan/apartment-for-rent-6888221,90000,132.0,681.8181818181819,681.8181818181819
Al Aziziyah,26000,360.0,"Apartment for Rent in Riyadh Al Aziziyah  §26,000/annually360m²321apartment for rent
3 bedrooms
living room
built-in kitchen
3 bathrooms
independent electricity meter
private rooftop
rent: 27,000 in two installmentsAl Aziziyah, Riyadh",https://sa.aqar.fm/en/apartment-for-rent/riyadh/south-of-riyadh/al-aziziyah/apartment-for-rent-6880944,26000,360.0,72.22222222222223,72.22222222222223
Ar Rawdah,80000,145.0,"Apartment for Rent in Riyadh Ar Rawdah  §80,000/annually145m²331for rent | apartment in al-rawdah district – mohammed al-habib project

apartment specifications:

* 3 bedrooms
* spacious living room
* fully equipped kitchen
* 3 bathrooms
* private balcony
* installed air conditioners
* private parking space in the basement in addition to an outdoor parking space

location is close to:

* metro station
* king salman park
* granada center
* al-nakheel mall
* kingdom centre
* al-habib hospital – al-rayyan

annual rent: 80,000 sar
security deposit: 3,000 sar
commission not included

contact:
((number appears upon clicking call))Ar Rawdah, Riyadh",https://sa.aqar.fm/en/apartment-for-rent/riyadh/east-of-riyadh/ar-rawdah/apartment-for-rent-6790305,80000,145.0,551.7241379310345,551.7241379310345
Al Yasmin,46000,300.0,"Apartment for Rent in Riyadh Al Yasmin  §46,000/annually300m²321for rent, an apartment in al yasmine neighborhood
second floor in a villa

two bedrooms
living room
sitting room
unfurnished
built-in kitchen
without air conditioners

rent: 46,500 thousand

viewing available anytime

https://goo.gl/maps/rgjfyfqpcrnl3ilx9Al Yasmin, Riyadh",https://sa.aqar.fm/en/apartment-for-rent/riyadh/north-of-riyadh/al-yasmin/apartment-for-rent-6881576,46000,300.0,153.33333333333334,153.33333333333334
Dhahrat Laban,55000,129.0,"Apartment for Rent in Riyadh Dhahrat Laban  §55,000/annually129m²531**🏠 new apartment for rent | dhahrat laban**

✨ new and luxurious apartment for rent
📍 dhahrat laban – al sultan 72 project
🏢 apartment no. 9

🔹 apartment details:

* 🚪 smart entry
* 🛋️ men's sitting room (majlis)
* 🚿 bathroom + private washbasins for the majlis
* 🛋️ spacious living room
* 🍽️ open kitchen to the living room
* 👨‍🍳 fully fitted kitchen
* 🚿 bathroom serving the living room
🛏️ 3 interior bedrooms:
* 🛏️ two bedrooms with a shared bathroom
* 🛌 master bedroom with a private bathroom
* 🌿 private balcony in the master bedroom
* ❄️ fully installed air conditioning
* ✨ brand new and never occupied

📍 location:
https://maps.app.goo.gl/qfvhwmfhn55zxmhb7?g_st=com.google.maps.preview.copy

💰 annual price:
💵 50,000 sar – single payment
💵 55,000 sar – two installments

📞 for inquiries and contact:
```sawa'ed laban real estate office
((number appears when pressing call)) ((number appears when pressing call))```Dhahrat Laban, Riyadh",https://sa.aqar.fm/en/apartment-for-rent/riyadh/west-of-riyadh/dhahrat-laban/apartment-for-rent-6824563,55000,129.0,426.3565891472868,426.3565891472868
Al Qirawan,80000,170.0,"Apartment for Rent in Riyadh Al Qirawan  §80,000/annually170m²231luxurious and spacious apartment for rent – al qairawan district

📍 location: al qairawan district – al dar plan (al mousa)

prime location, close to major roads and services:

* 🕌 3-minute walk from sarah al mousa mosque
* 🚗 5 minutes from king salman road
* 🚗 3 minutes from king fahd road

🏠 apartment specifications

* area: approximately 170 m²
* 🛏️ two bedrooms
* 🛏️ master bedroom measuring 5 × 5 m
* 🛏️ second bedroom measuring 4.5 × 4.05 m
* 🛋️ large living room measuring approximately 8 × 6 m
* sitting room measuring 4 × 6 m
* 🍳 kitchen
* 🚿 3 bathrooms + a private master bathroom
* ❄️ built-in air conditioners
* ⚡ independent electricity meter
* 💧 water included for free
* 🔥 central gas included for free
* 🍽️ built-in kitchen
* 🛗 elevator (installation in progress)

✨ a spacious apartment suitable for families, in a prime location in north riyadh, close to major roads.Al Qirawan, Riyadh",https://sa.aqar.fm/en/apartment-for-rent/riyadh/north-of-riyadh/al-qirawan/apartment-for-rent-6837192,80000,170.0,470.5882352941176,470.5882352941176
Al Arid,69000,123.0,"Apartment for Rent in Riyadh Al Arid  §69,000/annually123m²3first-floor apartment for rent – al arid district 🏡

new ✅

🟠 **features:**
- independence and privacy • private parking • homeowners association • smart entry • security surveillance • elegant entrances • elevator • wide windows

🟠 **specifications:**
spacious living room • kitchen • laundry room
3 bedrooms consisting of:
- a master bedroom suite with a bathroom and private balcony
- two bedrooms served by a private bathroom

fully fitted kitchen ✅
fully installed air conditioning ✅

71,000 including homeowners association feesAl Arid, Riyadh",https://sa.aqar.fm/en/apartment-for-rent/riyadh/north-of-riyadh/al-arid/apartment-for-rent-6794832,69000,123.0,560.9756097560976,560.9756097560976
Al Yasmin,85000,147.0,"Apartment for Rent in Riyadh Al Yasmin  §85,000/annually147m²321new floor for rent in al-yasmin district

first occupant – brand new floor – luxury finishes
smart villa entrance – first floor + second floor only – quiet environment
the second floor is entirely yours ✅

* 3 bedrooms (one master)
* living room
* kitchen
* 2 bathrooms
* large balcony facing the living room
* built-in kitchen + electrical appliances + automatic washing machine
* lg split air conditioners – top tier 🥇
* smart home entry system with fingerprint access

features:
* private parking space
* independent electricity meter
* opposite a mosque
* near boys' and girls' schools
* prime location, close to services and main roads
* near al-habib hospital and metro station
* close to anas ibn malik road

annual rent – preferred in one payment: 85,000 sar
payment platforms such as riz are available

please read the full advertisement before contacting – all details are clearly stated.
compare between an apartment in a building versus a floor in a private, quiet villa.
may god bless us all.Al Yasmin, Riyadh",https://sa.aqar.fm/en/apartment-for-rent/riyadh/north-of-riyadh/al-yasmin/apartment-for-rent-6849999,85000,147.0,578.2312925170068,578.2312925170068
Ad Deerah,20000,207.0,"Apartment for Rent in Riyadh Ad Deerah  §20,000/annually207m²221fully renovated bachelor residential apartment, very clean.
two bedrooms, a living room, two bathrooms, and a kitchen.
prime location, 100 meters from king fahd road.
5 minutes walking distance from al-muaiqiliah.
5 minutes walking distance from al-tameer.
2 minutes from suwalem street.
2 minutes walking distance from al-atayef street.
water is always available, no interruptions.
very prime location.Ad Deerah, Riyadh",https://sa.aqar.fm/en/apartment-for-rent/riyadh/center-of-riyadh/ad-deerah/apartment-for-rent-6816122,20000,207.0,96.61835748792271,96.61835748792271
Okaz,45000,136.0,"Apartment for Rent in Riyadh Okaz  §45,000/annually136m²331apartment in okaz district
area: 136 sqm
first floor, apartment no. 9
3 bedrooms including one master bedroom
3 bathrooms
spacious open-plan living room connected to the kitchen
small dining room
the building has a garden and children's playground
separate electricity and separate water meters
private parking space
kitchen fitted (without air conditioners)
building age: 2 years, new – only one previous tenant
owners' association
annual rent required: 45,000 sar, one paymentOkaz, Riyadh",https://sa.aqar.fm/en/apartment-for-rent/riyadh/south-of-riyadh/okaz/apartment-for-rent-6898989,45000,136.0,330.88235294117646,330.88235294117646
Al Janadriyah,30000,356.0,"Apartment for Rent in Riyadh Al Janadriyah  §30,000/annually356m²3## apartments for rent in a villa

two apartments are available for rent, each featuring two separate entrances, a convenient location, and excellent privacy.

🔹 **apartment details:**
- two bedrooms
- sitting room (majlis)
- living room
- kitchen
- two bathrooms
- two separate entrances for each apartment

💰 **prices:**
▪️ first floor apartment: 2,300 sar per month
▪️ apartment with private rooftop: 2,500 sar per month

✨ a great option for those looking for a comfortable apartment with good privacy and two separate entrances.Al Janadriyah, Riyadh",https://sa.aqar.fm/en/apartment-for-rent/riyadh/east-of-riyadh/al-janadriyah/apartment-for-rent-6899937,30000,356.0,84.26966292134831,84.26966292134831
Al Maizilah,65000,122.0,"Apartment for Rent in Riyadh Al Maizilah  §65,000/annually122m²331🏷️ new luxury apartment for rent – 1st floor (above ground)

📍 location: al-muaither district – riyadh
📐 total area: 123 m²

located near the national guard hospital 🏥
near king fahd security college 👮🏻‍♂️
near king fahd sports city 🏟️

specifications:
🔶 3 bedrooms (one master bedroom)
🔶 spacious living room
🔶 3 bathrooms
🔶 storage room – laundry room
🔶 elevator
🔶 smart entry system
🚗 private parking
🔷 fitted kitchen
🔷 fitted split air conditioners

💰 rent:
65,000 – one installment
70,000 – two installmentsAl Maizilah, Riyadh",https://sa.aqar.fm/en/apartment-for-rent/riyadh/east-of-riyadh/al-maizilah/apartment-for-rent-6641534,65000,122.0,532.7868852459017,532.7868852459017
Al Arid,75000,105.0,"Apartment for Rent in Riyadh Al Arid  §75,000/annually105m²331🏡 **luxury apartment for rent – second floor with private rooftop – al arid district, abu bakr al-siddiq road**

experience a different living experience within an upscale, fully-serviced complex in one of the most prestigious locations in north riyadh.

✨ an apartment with a modern design and luxury finishes, suitable for families seeking tranquility, privacy, and quality of life.

🔹 **apartment details:**
- 3 spacious bedrooms
- elegant living room with a comfortable layout
- 3 bathrooms
- laundry room
- fully fitted kitchen
- private independent rooftop

🔹 **additional features:**
- all air conditioners installed
- fully fitted kitchen
- built-in microwave
- built-in grill
- built-in oven
- smart entry systems
- independent electricity meter
- smart lock
- fingerprint and face id entry system

🔹 **complex amenities:**
- landscaped internal garden
- basement parking
- men's gym
- women's gym
- guest lounge
- upscale lounge
- safe and organized residential environment

📍 **location:** al arid district
💰 **price:** 75,000 sar annually
inclusive of all fees including brokerage fees and owners' association fees

---

*luxury living with a modern concept within an upscale community that provides you with privacy and comfort at the same time.*Al Arid, RiyadhPromoted",https://sa.aqar.fm/en/apartment-for-rent/riyadh/north-of-riyadh/al-arid/apartment-for-rent-6899669,75000,105.0,714.2857142857143,714.2857142857143
Qurtubah,130000,158.0,"Apartment for Rent in Riyadh Qurtubah  §130,000/annually158m²331a fully furnished apartment with very luxurious furniture, located close to the roshan boulevard, park avenue, and king khalid international airport.
it contains 3 bedrooms, 3 bathrooms, an open-plan living room connected to the kitchen, and a balcony.
the complex features a men's club, women's club, swimming pool, and laundry facility.
the place is very quiet, clean, and suitable for everyone.Qurtubah, Riyadh",https://sa.aqar.fm/en/apartment-for-rent/riyadh/east-of-riyadh/qurtubah/apartment-for-rent-6879344,130000,158.0,822.7848101265823,822.7848101265823
An Nada,90000,138.0,"Apartment for Rent in Riyadh An Nada  §90,000/annually138m²331contact number ((the number appears when you press call))

for rent: apartment in al-nada district
the apartment is in the project
al-ajlan rivera
in a residential building
the apartment is on the ground floor
it consists of:
three bedrooms
including a master bedroom
a large living room
a fitted kitchen
four bathrooms
air conditioners installed
private parking space available
elevator available
independent electricity meter available
price: 95,000 in two installments
or one payment: 90,000An Nada, Riyadh",https://sa.aqar.fm/en/apartment-for-rent/riyadh/north-of-riyadh/an-nada/apartment-for-rent-6691932,90000,138.0,652.1739130434783,652.1739130434783
Qurtubah,80000,162.0,"Apartment for Rent in Riyadh Qurtubah  §80,000/annually162m²531✨ for rent | fully furnished luxury apartment – qurtubah district

📍 prime & strategic location
📐 apartment size: 162 m²

a sophisticated, fully furnished apartment with a practical layout and spacious rooms, ideal for families seeking privacy, comfort, and a move-in ready home. ✨

⸻

🔴 apartment details:

• ground floor
• private parking space 🚗
• independent electricity meter ⚡
• single entrance

🛋️ interior layout:

♦️ men's sitting room with bathroom
♦️ dining room
♦️ spacious living room
♦️ fully fitted kitchen with all electrical appliances
♦️ master bedroom with en-suite bathroom
♦️ second bedroom
♦️ third bedroom equipped with a washing machine and wardrobe
♦️ bathroom

✨ fully furnished and ready to move in

⸻

💰 annual rent:

• 85,000 sar – two installments
• 80,000 sar – one installment

🎥 a full video of the apartment is available

📞 for inquiries and viewing:

((number appears upon pressing call))
((number appears upon pressing call))Qurtubah, Riyadh",https://sa.aqar.fm/en/apartment-for-rent/riyadh/east-of-riyadh/qurtubah/apartment-for-rent-6857114,80000,162.0,493.82716049382714,493.82716049382714
An Nuzhah,125000,143.0,"Apartment for Rent in Riyadh An Nuzhah  §125,000/annually143m²331luxury smart apartment with smart entry in al-majidiyah, al-maghrazat district

3 bedrooms (including one master bedroom)

3 bathrooms

large living room

balcony overlooking an internal garden

open/american kitchen

private parking in the basement

fully furnished

for viewing — serious inquiries only. please coordinate in advance as the unit is not always accessible.

rent is inclusive of insurance and homeowners association subscription fees.
125,000 – one payment
130,000 – two payments
136,000 – four payments

https://maps.app.goo.gl/qqumdgtbcdbepr7m7?g_st=iwAn Nuzhah, Riyadh",https://sa.aqar.fm/en/apartment-for-rent/riyadh/north-of-riyadh/an-nuzhah/apartment-for-rent-6678837,125000,143.0,874.1258741258741,874.1258741258741
King Faisal,75000,150.0,"Apartment for Rent in Riyadh King Faisal  §75,000/annually150m²331peace be upon you and god's mercy and blessings.

apartment for rent in king faisal district.
3 bedrooms
3 bathrooms
living room
open lounge and sitting area combined
large american-style kitchen without appliances
all air conditioners are installed and new
curtains
area: 151 sqm
the apartment is brand new and has never been lived in before
price: 75,000 (one payment) / 80,000 (two payments)
indoor parking spot and outdoor parking spot

https://maps.app.goo.gl/7ptbrgcrumcelexy5?g_st=icKing Faisal, Riyadh",https://sa.aqar.fm/en/apartment-for-rent/riyadh/east-of-riyadh/king-faisal/apartment-for-rent-6886708,75000,150.0,500.0,500.0
An Narjis,75000,150.0,"Apartment for Rent in Riyadh An Narjis  §75,000/annually150m²331may allah bless your days with all goodness.

apartment for rent in al narjes district, south of king salman road.

the apartment is close to all services.
the apartment has an excellent location in nirvana 19 project.

the apartment is on the second floor and consists of:
- three bedrooms, one of which is a master bedroom
- large living room
- sitting room (majlis)
- large balcony
- three bathrooms
- kitchen and air conditioners included

rent: 75,000 sar per year (one payment) / 80,000 sar (two payments)

https://goo.gl/maps/kkm1tm28zgyjbmi4aAn Narjis, Riyadh",https://sa.aqar.fm/en/apartment-for-rent/riyadh/north-of-riyadh/an-narjis/apartment-for-rent-6773645,75000,150.0,500.0,500.0
Ar Rimal,45000,100.0,"Apartment for Rent in Riyadh Ar Rimal  §45,000/annually100m²222🇸🇦 makin project – al rimal district (tanal plan)

🏡 a brand-new apartment in a prime location, close to al thumamah road, king khalid international airport, and near schools, markets, and all essential services.

apartment specifications:
• 2 bedrooms
• 2 living rooms
• 2 rooftop terraces
• 2 bathrooms
• smart entry system
• modern and contemporary finishes

annual rent:
💰 45,000 sar (one payment)
💰 50,000 sar (two payments)

📞 for booking and inquiries:
((number appears when you press call))
((number appears when you press call))

haim qeem tabna

our services:
• buying & selling
• leasing
• real estate marketing
• property management
• facilities management
• elevator servicesAr Rimal, Riyadh",https://sa.aqar.fm/en/apartment-for-rent/riyadh/east-of-riyadh/ar-rimal/apartment-for-rent-6761534,45000,100.0,450.0,450.0
Dirab,30000,109.0,"Apartment for Rent in Riyadh Dirab  §30,000/annually109m²321🏡 for rent | modern ground floor apartment in the outskirts of al-hazm

brand new

📍 strategically located:
• near dirab road
• near al-nafud road
• near imam abdulrahman al-faisal hospital

⭐ key features:
✅ private entrance and public entrance
✅ 3 bedrooms (including a master bedroom)
✅ spacious living room
✅ spacious kitchen
✅ 2 bathrooms
✅ installed split air conditioners
✅ luxurious finishes

💵 rent: 30,000 sar annually

apartment location:
https://maps.app.goo.gl/8t37ktnxw3wk6xq48?g_st=icDirab, Riyadh",https://sa.aqar.fm/en/apartment-for-rent/riyadh/west-of-riyadh/dirab/apartment-for-rent-6758467,30000,109.0,275.22935779816515,275.22935779816515
Ash Sharq,70000,244.0,"Villa for Rent in Riyadh Ash Sharq  §70,000/annually244m²8🏡 **villa for sale (investment opportunity) – al bayan district**

✨ a luxurious, fully furnished villa with an internal staircase design, including an apartment in al bayan district. it features an excellent investment income and is only 4 years old.

📐 **area:** 245 m²
🧱 **facade:** west-facing (25-meter street)

🏠 **villa specifications:**
▪️ ground floor: majlis + entrance hall + living room + elderly room + women's sitting room + maid's room + storage room + car entrance.
▪️ first floor: 3 bedrooms (including 2 master bedrooms).

🏢 **apartment details:**
▪️ 2 bedrooms + living room + sitting room.

📈 **investment status:**
✅ the villa is fully furnished and currently rented for 60,000 sar.
✅ the apartment is currently rented for 30,000 sar annually.

💰 **asking price:** 1,500,000 sar
🏦 **note:** the property is mortgaged to the bank for an amount of 1,050,000 sar.

for inquiries, contact abu saeed: (0563787008)Ash Sharq, Riyadh",https://sa.aqar.fm/en/villa-for-rent/riyadh/east-of-riyadh/ash-sharq/villa-for-rent-6808002,70000,244.0,286.88524590163934,286.88524590163934
Al Arid,500000,495.0,"Building for Rent in Riyadh Al Arid  §500,000/annually495m²80m🏢 listing no. 4268

building for rent – long-term investment, al-arid district | rayhana street 80

📍 property details:
	•	the building will be completely vacant in 7 months, upon the expiry of all current contracts.
	•	includes 3 commercial units, among them a currency exchange and a pharmacy.
	•	includes two apartments.
	•	possibility of signing a long-term contract.
	•	possibility of rebuilding and development as agreed.

💰 annual rent: 500,000 sar

📞 contact: abu mishari
((the number appears when you tap call))
rukn al-ibra real estate company

our services: marketing – property management – real estate development – electronic contract writing – owners' association – off-plan sales services.

⏰ working hours: 4 pm to 10 pm
📱 whatsapp available 24 hours.Al Arid, Riyadh",https://sa.aqar.fm/en/building-for-rent/riyadh/north-of-riyadh/al-arid/building-for-rent-6851380,500000,495.0,1010.10101010101,1010.10101010101
Al Munsiyah,69000,143.0,"Apartment for Rent in Riyadh Al Munsiyah  §69,000/annually143m²331a apartment consisting of three rooms, one of which is a master bedroom, a living room, a fitted kitchen, and installed air conditioners, in a prime location.
smart entry.
a balcony overlooking the street.
parking spaces. amenities at the location include international schools in front of the apartment, a garden, and a mosque.
markets and shopping services are very close — 200 meters away.Al Munsiyah, Riyadh",https://sa.aqar.fm/en/apartment-for-rent/riyadh/east-of-riyadh/al-munsiyah/apartment-for-rent-6778052,69000,143.0,482.5174825174825,482.5174825174825
Tuwaiq,35000,102.0,"Apartment for Rent in Riyadh Tuwaiq  §35,000/annually102m²31for rent: two apartments – tuwaiq district
first floor

each apartment consists of:
- 3 bedrooms
- sitting room (majlis)
- living room (hall)
- kitchen
- 2 bathrooms
- 2 entrances
- shared water
- independent electricity
- private parking for each apartment

rent: 2 payments of 35,000 sar
or first payment for 6 months, then monthly payments

https://maps.google.com/?q=24.550808,46.535263Tuwaiq, Riyadh",https://sa.aqar.fm/en/apartment-for-rent/riyadh/west-of-riyadh/tuwaiq/apartment-for-rent-6884743,35000,102.0,343.1372549019608,343.1372549019608
As Sulimaniyah,22000,60.0,"Apartment for Rent in Riyadh As Sulimaniyah  §22,000/annually60m²11apartment for rent – king abdulaziz district
prime location and reasonable prices
it consists of:
one bedroom
bathroom
preparation kitchen
price: 22,000
all services are available, as well as all offers, and we always strive to put customer satisfaction first.As Sulimaniyah, Riyadh",https://sa.aqar.fm/en/apartment-for-rent/riyadh/north-of-riyadh/as-sulimaniyah/apartment-for-rent-6764755,22000,60.0,366.6666666666667,366.6666666666667
Al Yarmouk,65000,102.0,"Apartment for Rent in Riyadh Al Yarmouk  §65,000/annually102m²221🏠 for rent | tamkeen project

📍 al yarmouk district – abu jafar al mansour street
🏢 tamkeen project – apartment 25 b

✨ apartment features:
🔹 self-entry
🔹 elevator
🔹 distinctive, fully equipped apartment

🛏️ two bedrooms
• master bedroom equipped with wardrobes and a headboard with nightstands
• private balcony for the master bedroom

🚿 two bathrooms

🍽️ fully furnished kitchen, including:
• refrigerator
• washing machine
• oven
• microwave
• ceramic cooktop

❄️ 4 split air conditioners

🛋️ living room with sinks and wall shelves

🌿 roof + private yard for the apartment opening onto the corridor

📍 prime location:
close to atyaf mall
🚌 bus stop in front of the building gate

💰 rent: 65,000 sar per year
✅ includes owners' association fees
✅ includes water bill
❌ tenant is responsible only for the electricity bill for the apartment's meter

📞 for contact and inquiries:
((the number appears when you tap call))Al Yarmouk, Riyadh",https://sa.aqar.fm/en/apartment-for-rent/riyadh/east-of-riyadh/al-yarmouk/apartment-for-rent-6741261,65000,102.0,637.2549019607843,637.2549019607843
An Narjis,75000,98.0,"Apartment for Rent in Riyadh An Narjis  §75,000/annually98m²2apartment for annual rent
📍 location:
al-narjis district – al-majidiyah project (140)
📐 area:
256.91 m²
🏢 building details:
the building contains only 10 apartments (privacy and tranquility)
🏠 apartment details:
floor: second
bedrooms: 2
bathrooms: 3
spacious open-plan living room connected to the kitchen
built-in kitchen
air conditioners available
balcony
private outdoor parking space
independent electricity meter
💰 annual rent:
80,000 sar (including owners' association fees)An Narjis, Riyadh",https://sa.aqar.fm/en/apartment-for-rent/riyadh/north-of-riyadh/an-narjis/apartment-for-rent-6890504,75000,98.0,765.3061224489796,765.3061224489796
Al Maizilah,52000,116.0,"Apartment for Rent in Riyadh Al Maizilah  §52,000/annually116m²331🏷️ **new luxury apartment for rent – ground floor**

📍 **location:** al-muaither district – riyadh
📐 **total area:** 116.82 m²

located near the national guard hospital 🏥
near king fahd security college 👮🏻‍♂️
near king fahd sports city 🏟️

**specifications:**
🔶 3 bedrooms (one master bedroom)
🔶 spacious living room
🔶 3 bathrooms
🔶 kitchen
🔶 storage room – laundry room
🔶 smart entry system
🚗 private parking
🔷 fully installed split air conditioners

💰 **rent:**
55,000 – one installment
60,000 – two installmentsAl Maizilah, Riyadh",https://sa.aqar.fm/en/apartment-for-rent/riyadh/east-of-riyadh/al-maizilah/apartment-for-rent-6820375,52000,116.0,448.2758620689655,448.2758620689655
Dhahrat Laban,40000,126.0,"Apartment for Rent in Riyadh Dhahrat Laban  §40,000/annually126m²321for contact via whatsapp:
fatima um ziyad

✅✅✅✅✅✅✅✅✅✅

for rent: apartment in a villa
al laban district
third floor
quiet staircase
consists of:

2 bedrooms
living room
kitchen
sitting room (majlis)
multipurpose room (muqlat)
2 bathrooms
rent: 40 (thousand) paid in two installments
agent commission is on the tenantDhahrat Laban, Riyadh",https://sa.aqar.fm/en/apartment-for-rent/riyadh/west-of-riyadh/dhahrat-laban/apartment-for-rent-6789317,40000,126.0,317.46031746031747,317.46031746031747
King Faisal,55000,500.0,"Floor for Rent in Riyadh King Faisal  §55,000/annually500m²3🏠 fully renovated upper floor for rent
📍 king faisal district – east riyadh
located on a 20m street, facing a facility

✨ property specifications:
• 2 large bedrooms
• living room
• sitting room (saloon)
• maqlaт (multipurpose room)
• built-in kitchen
• 3 bathrooms
• independent men's entrance
• independent women's entrance
• independent electricity meter
• independent water meter
• full renovation

💰 annual rent:
• one payment: 50,000 sar
• two payments: 55,000 sar

other apartments and floors are also available for rent.

📞 7201136736King Faisal, Riyadh",https://sa.aqar.fm/en/big-flat-for-rent/riyadh/east-of-riyadh/king-faisal/big-flat-for-rent-6887102,55000,500.0,110.0,110.0
An Narjis,40000,125.0,"Apartment for Rent in Riyadh An Narjis  §40,000/annually125m²321**offer no. 4270**

in the name of allah, the most gracious, the most merciful
please read the advertisement carefully
peace, mercy, and blessings of allah be upon you

**apartment for rent in al-narjis district**

* close to:
abu bakr al-siddiq (may allah be pleased with him) road
king salman road

* located on the first floor

* consists of:
two bedrooms and a hall
sitting room
two bathrooms

* air conditioners installed
* kitchen installed
* water: 500 sar
* electricity: independent meter

* rental price:
40,000 sar for one payment
45,000 sar for two payments

* for contact:
abu abdul aziz: 059092-8680
abu rakan: 050339-0145
abu talal: 057005-5070

**rukn al-ibra real estate company**
our services: marketing – property management – real estate development – electronic contract writing – owners' association – off-plan sales services
working hours: 4:00 pm to 10:00 pm
whatsapp: available 24 hoursAn Narjis, Riyadh",https://sa.aqar.fm/en/apartment-for-rent/riyadh/north-of-riyadh/an-narjis/apartment-for-rent-6870457,40000,125.0,320.0,320.0
Dhahrat Laban,30000,85.0,"Apartment for Rent in Riyadh Dhahrat Laban  §30,000/annually85m²2apartment in a villa for rent in dhahrat laban district

city of riyadh:

it consists of:
- two bedrooms
- living room
- separate kitchen
- bathroom

first floor - apartment no. 203

building features:
strategic location, close to all services:
opposite the mosque and the park

rental price: 30,000Dhahrat Laban, Riyadh",https://sa.aqar.fm/en/apartment-for-rent/riyadh/west-of-riyadh/dhahrat-laban/apartment-for-rent-6872567,30000,85.0,352.94117647058823,352.94117647058823
Al Mughrizat,95000,111.0,"Apartment for Rent in Riyadh Al Mughrizat  §95,000/annually111m²3🌟 apartment for rent | al-majid residences 4 project – al-maghrazat district 🌟

a distinguished apartment with complete furnishings and an excellent location on prince muqrin bin abdulaziz street, opposite danube markets.

🏠 apartment details:
• 3 bedrooms 🛏️
• 3 bathrooms 🚿
• equipped kitchen 🍳
• elegant interior décor ✨

✨ features & furnishings:
• fully fitted built-in kitchen with oven and cooking stove
• water purification system
• built-in air conditioning units ❄️
• built-in curtains
• private parking space 🚗
• parking space equipped with a private lock for the tenant

📍 location:
al-maghrazat district – prince muqrin bin abdulaziz street
opposite danube markets

💰 annual rent: 95,000 sarAl Mughrizat, Riyadh",https://sa.aqar.fm/en/apartment-for-rent/riyadh/north-of-riyadh/al-mughrizat/apartment-for-rent-6886124,95000,111.0,855.8558558558559,855.8558558558559
Qurtubah,70000,150.0,"Apartment for Rent in Riyadh Qurtubah  §70,000/annually150m²331🏠 offer no. 4327

📍 apartment for rent – qurtuba district | rafah project

✨ prime and quiet location, close to schools and services

🔹 apartment details:
🏢 second floor
🛏️ 3 bedrooms
🛋️ large living room
🌿 internal balcony
🚿 3 bathrooms
🍽️ fully fitted kitchen with appliances
❄️ built-in air conditioners
🚗 private parking in the basement

✨ quiet apartment, suitable for families

💰 price:
💵 70,000 sar – single payment
💳 75,000 sar – two installments

📞 for contact and inquiries:
👤 abu mushari
📱 ((number appears when you press call))

🏢 rukn al-ibra real estate company

💼 our services:
📣 real estate marketing
🏠 property management
🏗️ real estate development
📝 electronic contract writing
🤝 owners' association
🏘️ off-plan sales services

🕓 working hours: 4 pm to 10 pm
💬 whatsapp available 24 hoursQurtubah, Riyadh",https://sa.aqar.fm/en/apartment-for-rent/riyadh/east-of-riyadh/qurtubah/apartment-for-rent-6894326,70000,150.0,466.6666666666667,466.6666666666667
Tuwaiq,42000,449.0,"Apartment for Rent in Riyadh Tuwaiq  §42,000/annually449m²331we have available two ground floor apartments, each consisting of (a sitting room, living room, kitchen, 3 bathrooms, and a courtyard) — 3,500 monthly.

also available, an upper floor apartment (2 entrances, sitting room, living room, kitchen, 2 bedrooms, and 3 bathrooms) — 2,666 monthly.

also available, an annex apartment (living room, 2 bedrooms, kitchen, 2 bathrooms, and a rooftop) — 2,200 monthly.

contact via whatsapp.Tuwaiq, Riyadh",https://sa.aqar.fm/en/apartment-for-rent/riyadh/west-of-riyadh/tuwaiq/apartment-for-rent-6882049,42000,449.0,93.54120267260579,93.54120267260579
Al Khaleej,35000,460.0,"Villa for Rent in Riyadh Al Khaleej  §35,000/annually460m²41ground floor apartment for rent, consisting of: a car entrance, an external fireplace, a rooftop/laundry area, a sitting room, a lounge, a kitchen, 2 bathrooms, and 3 bedrooms — located in al-nahda district.

apartment for rent in al-nahda district, in a residential building: 3 bedrooms, a lounge, 2 bathrooms, and a kitchen — ground floor.

apartment for rent: 3 bedrooms, a lounge, 2 bathrooms, and a kitchen — first floor, inside a villa, located in al-khalij district.

apartment for rent: 4 bedrooms, a lounge, a kitchen, and 2 bathrooms — first floor, with two entrances.Al Khaleej, Riyadh",https://sa.aqar.fm/en/villa-for-rent/riyadh/east-of-riyadh/al-khaleej/villa-for-rent-6798058,35000,460.0,76.08695652173913,76.08695652173913
Al Arid,55000,109.0,"Apartment for Rent in Riyadh Al Arid  §55,000/annually109m²321**for rent: 7 modern apartments with luxury finishing – families only**

**location:** al-arid district, north of king salman road, close to all services, approximately 15 minutes from the airport.

**apartment layout:**
- single entrance to the apartment
- men's sitting room or lounge with a bathroom
- luxury fitted kitchen
- 3 bedrooms, one of which is a master bedroom
- laundry room
- 3 bathrooms
- installed air conditioning units
- price varies depending on the floor and apartment size; available on the ground floor and with rooftop access. prices start from: **(55,000 sar per payment per apartment)** — pricing details available in the photos

---

**features:**
- modern luxury finishing
- elevator available
- private parking space for each apartment

---

**our specialties:** property management – sales – leasing

land, villas, and freehold apartments are available for sale.

we are pleased to welcome your offers and requests at **basmat al-munafithoun real estate.**

it is our honor to serve you.

**for contact and inquiries:**
*(number appears when pressing the call button)*Al Arid, Riyadh",https://sa.aqar.fm/en/apartment-for-rent/riyadh/north-of-riyadh/al-arid/apartment-for-rent-6839326,55000,109.0,504.58715596330273,504.58715596330273
Al Arid,78000,200.0,"Floor for Rent in Riyadh Al Arid  §78,000/annually200m²331upper floor, brand new apartment for rent, close to abu bakr al-siddiq road

* **area:** 200 m²
* **facade:** south-facing | **street width:** 15 m
* **floor:** upper floor | **property age:** new
* **category:** families

---

**unit details:**

* sitting room with balcony
* spacious family lounge with balcony
* 3 bedrooms (including a large master bedroom with private bathroom)
* maid's room with private bathroom
* **total rooms:** 5 | **bathrooms:** 4

---

**features & amenities:**

* built-in air conditioners
* passenger elevator
* private parking space
* smart entry system
* prime location, close to a park
* all utilities available and fully connected (electricity, water, sewage)Al Arid, Riyadh",https://sa.aqar.fm/en/big-flat-for-rent/riyadh/north-of-riyadh/al-arid/big-flat-for-rent-6838799,78000,200.0,390.0,390.0
An Narjis,47000,535.0,"Apartment for Rent in Riyadh An Narjis  §47,000/annually535m²2for rent - apartment in al narjis district, north of king salman road

consisting of:
- living room (majlis)
- bathroom
- bedroom
- hall
- decorated kitchen
- installed air conditioners

for contact:
wudouh al ruya real estate
((number appears when pressing call))An Narjis, Riyadh",https://sa.aqar.fm/en/apartment-for-rent/riyadh/north-of-riyadh/an-narjis/apartment-for-rent-6845471,47000,535.0,87.85046728971963,87.85046728971963
Al Arid,75000,150.0,"Apartment for Rent in Riyadh Al Arid  §75,000/annually150m²2apartment for rent – al aarid district
annual or monthly – luxurious and fully equipped in a prime location!

enjoy comfort and luxury in this spacious, fully furnished apartment, suitable for families or those seeking elegant and comfortable living.

apartment details:
- master bedroom with balcony
- bedroom with external bathroom
- living room with balcony
- fitted kitchen
- 3 bathrooms

features:
✔️ smart entry (pin code – fingerprint – card – key)
✔️ elevator
✔️ vibrant location close to all services

nearby locations:
🛒 panda supermarket: 2 minutes
☕ shahi & simsim: 2 minutes
🏥 al habib medical center: 4 minutes
🛣 king salman road: 5 minutes
🛣 anas ibn malik road: 8 minutes
🚆 al bank al awwal metro station: 7 minutes
🌆 kafd: 17 minutes
✈️ airport: 20 minutes

🎯 recommendation:
a not-to-be-missed opportunity for those seeking comfort, luxury, and the perfect location! whether you're looking for temporary accommodation or long-term residence, this apartment is your ideal choice. book your viewing appointment now!

contact: wudouh al-ruyah real estate
050 900 4360Al Arid, Riyadh",https://sa.aqar.fm/en/apartment-for-rent/riyadh/north-of-riyadh/al-arid/apartment-for-rent-6793499,75000,150.0,500.0,500.0
An Nahdah,35000,450.0,"Apartment for Rent in Riyadh An Nahdah  §35,000/annually450m²321an apartment consisting of 3 rooms and a hall in a villa
2 bathrooms
renovated (paint, sinks, lights)
shared electricity meter
2nd floor (upper)
close to a park
close to a mosque
all services are available in the areaAn Nahdah, Riyadh",https://sa.aqar.fm/en/apartment-for-rent/riyadh/east-of-riyadh/an-nahdah/apartment-for-rent-6793307,35000,450.0,77.77777777777777,77.77777777777777
Hittin,95000,157.0,"Apartment for Rent in Riyadh Hittin  §95,000/annually157m²321**offer no. 4224**

in the name of allah, the most gracious, the most merciful

please read the advertisement carefully.

peace, mercy, and blessings of allah be upon you.

**for rent: a luxurious fully furnished apartment** in one of the most prestigious neighborhoods in riyadh — hittin district, in the garden residence complex.

very close to the boulevard — only 5 minutes away.

**area:** 157.7 sqm

**the apartment consists of:**
- master bedroom with a fully furnished walk-in closet
- 1 spacious fully furnished bedroom
- laundry room with appliances
- 3 bathrooms
- fully furnished kitchen with appliances
- spacious living room with a fully furnished dining area
- balcony
- installed split air conditioners
- smart entry and smart lighting switches
- private covered underground parking

**the complex includes the following amenities:**
- men's gym
- women's gym
- children's play area
- meeting room
- barbershop
- cinema
- lounge
- garden

**notes:**
- air conditioners are installed
- kitchen is installed
- owners' association fee: 1,500 sar
- security deposit: 5,000 sar

**rental price:**
95,000 sar — payable in two installments

**contact:**
- abu rakan: 0145-050339
- abu talal: 5070-057005
- abu abdulaziz: 8680-059092
- abu othman: 6318-050000

**rukn al-ibra real estate company**
**our services:** marketing | property management | real estate development | electronic contract writing | owners' association | off-plan sales services
**working hours:** 4:00 pm – 10:00 pm | whatsapp: 24 hoursHittin, Riyadh",https://sa.aqar.fm/en/apartment-for-rent/riyadh/north-of-riyadh/hittin/apartment-for-rent-6816874,95000,157.0,605.0955414012739,605.0955414012739
As Suwaidi Al Gharabi,35000,60.0,"Apartment for Rent in Riyadh As Suwaidi Al Gharabi  §35,000/annually60m²32-bedroom and living room apartment (unfurnished) at a below-market price — only 3,100 sar/month including electricity and water!
**no commission for a limited period**

why is this a great opportunity?
* 🛏️ two spacious and comfortable bedrooms
* 🛋️ a suitable living room for families
* 🍽️ a practical kitchen
* 🚿 a clean bathroom
* ❄️ installed and ready-to-use air conditioners
* 🏢 a clean building with complete tranquility

📍 location: west riyadh – close to everything you need (markets, restaurants, services, and main roads)
⚡ the strongest feature: fixed rent + no utility bills = real comfort and savings every month
👨‍👩‍👧 suitable for small families or employees
🔑 ready for immediate occupancy
🚀 notice: this price won't last — first come, first served!
📞 contact us now and book before this opportunity is gone!As Suwaidi Al Gharabi, Riyadh",https://sa.aqar.fm/en/apartment-for-rent/riyadh/west-of-riyadh/as-suwaidi-al-gharabi/apartment-for-rent-6676352,35000,60.0,583.3333333333334,583.3333333333334
Al Mahdiyah,50000,96.0,"Apartment for Rent in Riyadh Al Mahdiyah  §50,000/annually96m²3apartment for rent in al mahdiyah district
3 rooms, a living room, a kitchen, and 3 bathrooms
equipped with air conditioners, kitchen, and a private parking space
the building and apartment are new – never been lived in before
one payment: 47,000 sar

contact: 0534759199Al Mahdiyah, Riyadh",https://sa.aqar.fm/en/apartment-for-rent/riyadh/west-of-riyadh/al-mahdiyah/apartment-for-rent-6884255,50000,96.0,520.8333333333334,520.8333333333334
At Taawon,65000,145.0,"Apartment for Rent in Riyadh At Taawon  §65,000/annually145m²431duplex apartment for rent in al-ta'awun district.
it consists of:

**ground floor:**
sitting room + living room + 2 bedrooms + kitchen + 2 bathrooms

**first floor:**
1 bedroom + 1 bathroom + large rooftop

fitted kitchen + split air conditioners included

**price:** 75,000 – negotiable

osoul al-khibra real estate company
((Advertiser's number appears upon contact))At Taawon, Riyadh",https://sa.aqar.fm/en/apartment-for-rent/riyadh/north-of-riyadh/at-taawon/apartment-for-rent-6831658,65000,145.0,448.2758620689655,448.2758620689655
Al Maizilah,35000,385.0,"Apartment for Rent in Riyadh Al Maizilah  §35,000/annually385m²321**apartment for rent | al-muaythir district – riyadh**

manazil al-yusr real estate announces the availability of a fully renovated apartment in a prime location in al-muaythir district.

✨ **apartment specifications:**
• second floor
• 2 bedrooms
• sitting room (majlis)
• spacious living room
• kitchen
• bathroom
• fully finished and renovated
• move-in ready

📍 **strategic location:**
✅ close to king fahd stadium metro station
✅ near a mosque
✅ adjacent to a park
✅ close to the national guard hospital
✅ close to king saud bin abdulaziz university for health sciences

💰 **annual rent:** 35,000 sar

📞 **for inquiries and contact:**
((Advertiser's number appears upon contact))
((Advertiser's number appears upon contact))

manazil al-yusr real estate
we help you find the right property with full confidence.Al Maizilah, Riyadh",https://sa.aqar.fm/en/apartment-for-rent/riyadh/east-of-riyadh/al-maizilah/apartment-for-rent-6782636,35000,385.0,90.9090909090909,90.9090909090909
Qurtubah,50000,385.0,"Apartment for Rent in Riyadh Qurtubah  §50,000/annually385m²3peace be upon you and god's mercy and blessings. dear amtar al baraka clients, i offer you an apartment in the qurtuba neighborhood, consisting of three rooms, a living room, and a kitchen. the kitchen is fitted, along with air conditioners and a fitted kitchen.Qurtubah, Riyadh",https://sa.aqar.fm/en/apartment-for-rent/riyadh/east-of-riyadh/qurtubah/apartment-for-rent-6777414,50000,385.0,129.87012987012986,129.87012987012986
Al Arid,70000,151.0,"Apartment for Rent in Riyadh Al Arid  §70,000/annually151m²331brand new apartment for rent with distinctive specifications ✨

completely new apartment on the first floor, with elegant finishing and comfortable spaces suitable for families 👌

▪️ 3 bedrooms  
▪️ 3 bathrooms  
▪️ spacious living room  
▪️ private parking  
▪️ air conditioning units installed  
▪️ the apartment is new and has never been occupied before  

excellent location close to all services and facilities  

one payment: 65,000Al Arid, Riyadh",https://sa.aqar.fm/en/apartment-for-rent/riyadh/north-of-riyadh/al-arid/apartment-for-rent-6702525,70000,151.0,463.57615894039736,463.57615894039736
